CustomerID,FullName,Age,City,JoinDate,Churn,OrderID,OrderDate,ShipMode,ProductID,ProductName,Category,Price,Cost,Quantity,Discount,Days_Since_Last_Order,Total_Orders
2126,CUSTOMER_0,35,Mansoura,02-08-2023,0,11420,02-08-2023,Same Day,135,Product_135,Home Appliances,712.82,334.36,1,,518,4
2459,  Customer_1  ,54,Cairo,08/16/2020,0,12597,08/16/2020,Express,119,Product_119,Home Appliances,148.6,76.56,2,0.05,661,6
1860,Customer_2,60,Mansoura,02/21/2020,1,10496,02/21/2020,Same Day,113,Product_113,Clothing,1039.74,640.86,1,0.05,1094,3
2294,  Customer_3  ,17,Cairo,07/17/2021,0,12220,07/17/2021,Same Day,105,Product_105,Electronics,117.63,57.56,3,,673,5
2130,Customer_4,32,Luxor,16-05-2021,0,10104,16-05-2021,Express,144,Product_144,Electronics,413.23,274.34,5,,349,4
2095,  Customer_5  ,73,Giza,04/02/2021,0,13623,04/02/2021,Express,114,Product_114,Sports,562.92,253.15,2,,598,3
2044,customer_6,35,Mansoura,10/12/2020,1,10478,10/12/2020,Same Day,138,Product_138,Clothing,1122.25,537.95,1,,1542,1
1121,Customer_7,-3,Cairo,07/28/2020,0,11422,07/28/2020,Express,122,Product_122,Clothing,766.64,339.98,4,,448,5
1466,  Customer_8  ,38,Aswan,17-10-2023,0,12481,17-10-2023,Express,109,Product_109,Home Appliances,91.54,39.48,1,0.1,442,4
2238,Customer_9,56,Cairo,01/21/2023,0,12689,01/21/2023,Same Day,149,Product_149,Sports,944.43,462.86,2,,356,3
1330,Customer_10,40,Aswan,27-06-2020,0,10692,27-06-2020,Standard,140,Product_140,Electronics,646.58,452.45,3,,463,6
2482,customer_11,50,Mansoura,24-04-2023,0,13038,24-04-2023,Standard,126,Product_126,Clothing,1386.66,593.9,5,0.2,618,5
1087,Customer_12,54,Alexandria,14-05-2022,0,12969,14-05-2022,Express,145,Product_145,Home Appliances,774.37,359.23,4,,460,3
2396,Customer_13,34,Aswan,03/06/2020,1,10193,03/06/2020,Same Day,105,Product_105,Elec,1078.01,519.05,1,,445,3
2123,Customer_14,32,Cairo,02-03-2020,1,12890,02-03-2020,Express,129,Product_129,Home Appliances,367.36,215.18,2,0.05,1257,5
1871,Customer_15,42,Mansoura,10-07-2020,0,12848,10-07-2020,Same Day,122,Product_122,Electronics,1153.41,719.27,2,0.05,346,4
1130,CUSTOMER_16,42,Cairo,03/23/2021,0,11489,03/23/2021,Standard,149,Product_149,Home Appliances,1095.39,685.25,5,0.05,398,4
2332,customer_17,40,Alexandria,21-04-2021,0,13412,21-04-2021,Standard,103,Product_103,Electronics,1360.92,,4,0.05,789,4
1769,Customer_18,41,Giza,31-10-2022,0,10058,31-10-2022,Standard,128,Product_128,Sports,99.04,58.98,1,,654,7
1343,Customer_19,200,Alexandria,17-05-2023,0,11886,17-05-2023,Express,138,Product_138,Elec,698.88,,1,,595,2
2437,CUSTOMER_20,51,Luxor,02/24/2020,0,13609,02/24/2020,Standard,114,Product_114,Electronics,1034.78,574.61,1,0.05,432,5
1805,  Customer_21  ,48,Mansoura,02/23/2023,0,10477,02/23/2023,Standard,147,Product_147,Electronics,187.99,96.58,5,,521,4
1385,  Customer_22  ,19,Alexandria,11-02-2021,0,11126,11-02-2021,Express,114,Product_114,Home Appliances,645.38,412.55,5,,378,6
2215,Customer_23,34,Giza,06-01-2024,0,12580,06-01-2024,Same Day,143,Product_143,Clothing,1416.11,712.54,4,0.1,361,3
1955,  Customer_24  ,41,Cairo,23-08-2023,0,11968,23-08-2023,Standard,111,Product_111,Electronics,682.11,319.91,1,0.05,371,6
1276,Customer_25,31,Mansoura,12/07/2023,0,10591,12/07/2023,Same Day,109,Product_109,Electronics,1478.84,729.11,1,,391,8
2184,customer_26,49,Aswan,21-01-2023,0,10838,21-01-2023,Same Day,138,Product_138,Sports,132.42,70.43,4,0.2,338,9
1459,CUSTOMER_27,38,Alexandria,09-05-2022,0,13782,09-05-2022,Express,147,Product_147,Electronics,1090.85,506.39,4,0.05,338,6
2337,customer_28,42,Giza,03/27/2021,0,11345,03/27/2021,Same Day,144,Product_144,Sports,892.47,519.66,4,0.2,388,7
1021,  Customer_29  ,33,Alexandria,07/08/2022,0,10548,07/08/2022,Same Day,106,Product_106,Electronics,775.78,516.1,2,0.2,908,6
1252,Customer_30,10,Luxor,04/21/2023,0,13085,04/21/2023,Express,101,Product_101,Home Appliances,1457.73,843.5,4,,621,4
1747,Customer_31,9,Mansoura,07/23/2021,1,13527,07/23/2021,Same Day,125,Product_125,Clothing,237.99,127.09,3,0.05,685,4
1856,Customer_32,48,Cairo,14-01-2020,1,10220,14-01-2020,Standard,116,Product_116,Clothing,1349.2,862.22,5,,1565,2
1474,customer_33,44,Giza,22-11-2020,1,10875,22-11-2020,Express,115,Product_115,Clothing,1052.3,657.07,4,0.1,1501,3
2082,Customer_34,46,Alexandria,11/30/2023,0,13462,11/30/2023,Express,134,Product_134,Home Appliances,425.54,217.08,2,0.05,398,8
1510,customer_35,42,Mansoura,05/15/2022,0,12725,05/15/2022,Express,117,Product_117,Sports,1357.42,789.0,3,,532,5
2499,Customer_36,43,Alexandria,27-11-2021,0,11196,27-11-2021,Standard,103,Product_103,Clothing,672.48,416.23,2,,440,4
1699,Customer_37,54,Mansoura,23-07-2021,0,12709,23-07-2021,Same Day,103,Product_103,Home Appliances,1230.63,582.87,2,,433,9
1975,CUSTOMER_38,46,Luxor,11/14/2020,1,12731,11/14/2020,Same Day,137,Product_137,Home Appliances,613.81,312.97,2,0.1,1509,2
1189,Customer_39,55,Alexandria,16-03-2021,0,13152,16-03-2021,Same Day,117,Product_117,Elec,1283.85,554.28,2,0.1,580,6
1957,Customer_40,42,Luxor,20-11-2021,0,10335,20-11-2021,Standard,149,Product_149,Sports,973.11,677.58,1,,390,7
1686,Customer_41,35,Aswan,07/28/2020,0,10224,07/28/2020,Same Day,138,Product_138,Home Appliances,254.52,108.37,5,,531,4
1957,Customer_42,42,Aswan,08-07-2020,0,12918,08-07-2020,Same Day,101,Product_101,Sports,992.01,446.98,1,0.1,390,7
1562,customer_43,27,Giza,17-02-2022,1,12082,17-02-2022,Standard,107,Product_107,Clothing,327.45,178.12,3,,1049,6
2267,Customer_44,34,Luxor,07/17/2020,1,13941,07/17/2020,Standard,126,Product_126,Clothing,647.29,426.94,1,,919,2
1831,CUSTOMER_45,42,Mansoura,05-01-2022,1,10187,05-01-2022,Same Day,147,Product_147,Clothing,296.93,150.47,3,,1092,2
2154,Customer_46,42,Giza,05-12-2021,1,11247,05-12-2021,Standard,139,Product_139,Electronics,81.92,51.66,4,0.2,1123,4
1646,Customer_47,38,Alexandria,21-05-2023,0,12690,21-05-2023,Standard,119,Product_119,Electronics,357.24,215.35,3,0.05,591,3
1020,  Customer_48  ,19,Alexandria,25-06-2021,0,13957,25-06-2021,Standard,130,Product_130,Sports,827.74,489.69,1,,534,7
1840,Customer_49,49,Mansoura,03/29/2020,1,10962,03/29/2020,Express,143,Product_143,Sports,748.26,488.99,1,,1047,2
1166,Customer_50,52,Cairo,03-02-2024,0,13015,03-02-2024,Express,114,Product_114,Electronics,777.17,314.17,3,,333,3
2297,Customer_51,64,Cairo,29-07-2022,0,10493,29-07-2022,Same Day,113,Product_113,Home Appliances,409.15,277.71,1,0.1,887,3
1387,Customer_52,46,Alexandria,03-01-2023,1,11886,03-01-2023,Same Day,120,Product_120,Sports,1043.48,676.98,3,,622,2
1600,Customer_53,40,Mansoura,12-09-2020,1,10310,12-09-2020,Standard,126,Product_126,Sports,1071.18,729.86,2,,1115,4
1315,CUSTOMER_54,24,Cairo,14-02-2022,1,12568,14-02-2022,Same Day,127,Product_127,Clothing,569.05,363.1,5,,1052,1
1013,Customer_55,62,Luxor,10-06-2020,0,11604,10-06-2020,Express,125,Product_125,Sports,1327.7,881.03,3,0.2,867,3
1241,customer_56,43,Alexandria,02/04/2023,0,11563,02/04/2023,Same Day,109,Product_109,Sports,983.83,453.47,2,,482,7
1776,Customer_57,42,Aswan,23-08-2021,1,13982,23-08-2021,Same Day,141,Product_141,Home Appliances,1083.91,537.37,2,,603,2
2369,CUSTOMER_58,36,Luxor,11-07-2023,1,10368,11-07-2023,Express,148,Product_148,Sports,452.14,223.61,2,0.1,540,4
1564,Customer_59,35,Mansoura,20-06-2023,0,13546,20-06-2023,Express,112,Product_112,Home Appliances,50.89,22.02,2,0.2,561,2
1897,Customer_60,50,Aswan,10-01-2022,1,10745,10-01-2022,Standard,110,Product_110,Clothing,1304.79,807.5,3,,1003,4
2363,Customer_61,24,Luxor,28-03-2023,0,12078,28-03-2023,Standard,106,Product_106,Electronics,1242.52,547.77,1,,645,4
1091,Customer_62,64,Cairo,28-01-2021,0,13898,28-01-2021,Standard,134,Product_134,Clothing,228.63,95.05,2,,551,6
2390,CUSTOMER_63,61,Cairo,13-12-2023,0,11255,13-12-2023,Same Day,141,Product_141,Home Appliances,592.45,374.8,4,,385,5
1955,Customer_64,34,Aswan,22-05-2020,0,13921,22-05-2020,Same Day,119,Product_119,Home Appliances,1008.94,677.4,2,,371,6
2478,Customer_65,27,Giza,03-04-2020,0,10997,03-04-2020,Same Day,106,Product_106,Sports,995.56,626.44,1,,653,5
2451,customer_66,9,Alexandria,16-09-2023,0,10496,16-09-2023,Express,102,Product_102,Sports,1297.51,840.27,1,,403,3
1508,Customer_67,21,Aswan,11-04-2021,0,11589,11-04-2021,Same Day,115,Product_115,elect,253.39,146.63,5,0.1,428,6
1775,Customer_68,50,Mansoura,08/15/2021,0,10963,08/15/2021,Express,117,Product_117,Home Appliances,673.41,448.71,5,,454,7
1034,Customer_69,44,Alexandria,06/12/2020,0,12004,06/12/2020,Same Day,116,Product_116,Home Appliances,190.98,104.85,2,,763,3
1205,CUSTOMER_70,47,Luxor,21-04-2021,0,11198,21-04-2021,Same Day,128,Product_128,Clothing,614.91,428.28,2,,417,5
2104,Customer_71,12,Mansoura,25-07-2020,1,12345,25-07-2020,Express,121,Product_121,Elec,71.91,30.99,5,,735,5
2411,CUSTOMER_72,34,Mansoura,17-02-2022,0,11814,17-02-2022,Express,108,Product_108,Clothing,1352.5,869.33,2,,1049,2
2025,Customer_73,60,Cairo,07/23/2021,1,11388,07/23/2021,Express,110,Product_110,Sports,814.21,482.35,4,0.1,1258,1
2021,customer_74,38,Luxor,07/17/2022,0,11109,07/17/2022,Standard,110,Product_110,Sports,1282.21,736.24,3,,457,4
2413,  Customer_75  ,20,Cairo,07/25/2023,0,10576,07/25/2023,Standard,110,Product_110,Clothing,136.86,84.54,5,0.05,526,4
1565,Customer_76,38,Cairo,01/17/2022,1,13160,01/17/2022,Same Day,109,Product_109,Sports,379.81,247.67,5,,914,4
2129,Customer_77,28,Giza,29-11-2020,0,10053,29-11-2020,Same Day,128,Product_128,Clothing,426.1,280.74,1,,459,4
1702,Customer_78,45,Cairo,01/28/2022,1,13701,01/28/2022,Same Day,124,Product_124,Home Appliances,610.7,276.41,2,,387,5
1401,Customer_79,40,Alexandria,28-12-2021,1,13432,28-12-2021,Standard,119,Product_119,Home Appliances,1214.16,557.43,5,,1100,3
1729,Customer_80,48,Mansoura,05-03-2021,0,13547,05-03-2021,Same Day,133,Product_133,Sports,610.51,247.16,5,0.1,592,3
1161,Customer_81,21,Cairo,10/04/2023,0,10228,10/04/2023,Express,104,Product_104,Electronics,346.75,152.41,4,0.1,455,6
1201,Customer_82,33,Aswan,06/30/2021,0,10778,06/30/2021,Express,103,Product_103,Home Appliances,144.24,69.11,2,,765,5
1995,Customer_83,56,Alexandria,12/08/2023,0,13902,12/08/2023,Standard,142,Product_142,Sports,165.26,101.85,3,,390,2
1269,Customer_84,19,Luxor,10/31/2023,0,11557,10/31/2023,Express,112,Product_112,Electronics,1152.07,625.26,4,,428,5
1815,Customer_85,24,Mansoura,20-08-2023,1,13830,20-08-2023,Express,118,Product_118,Sports,694.96,436.0,3,0.2,439,6
2294,Customer_86,42,Aswan,26-05-2020,0,10984,26-05-2020,Same Day,123,Product_123,Clothing,1102.96,602.17,1,,673,5
1455,customer_87,44,Aswan,06/01/2023,0,10372,06/01/2023,Express,120,Product_120,Sports,1039.32,588.96,5,,347,6
2485,Customer_88,32,Luxor,07/24/2023,0,10468,07/24/2023,Express,106,Product_106,Clothing,246.28,,4,,527,4
2275,  Customer_89  ,35,Aswan,16-12-2020,0,12467,16-12-2020,Standard,134,Product_134,Home Appliances,257.19,162.79,3,,552,5
2016,Customer_90,47,Alexandria,29-12-2022,0,11849,29-12-2022,Express,142,Product_142,Home Appliances,1145.25,718.57,2,,478,6
1295,Customer_91,52,Luxor,02-02-2024,0,10531,02-02-2024,Express,102,Product_102,Sports,1095.84,539.45,1,,334,5
1719,Customer_92,23,Aswan,05/16/2021,0,11423,05/16/2021,Same Day,130,Product_130,Electronics,598.14,298.22,1,,650,4
1337,Customer_93,45,Luxor,11/30/2020,0,13035,11/30/2020,Same Day,109,Product_109,Sports,162.26,75.6,5,,352,8
1878,Customer_94,62,Luxor,04-08-2022,1,11207,04-08-2022,Same Day,127,Product_127,Sports,67.54,43.51,5,,881,3
2076,Customer_95,38,Cairo,02/16/2022,0,13932,02/16/2022,Standard,142,Product_142,Home Appliances,467.83,291.97,3,,827,6
1791,customer_96,23,Cairo,07/06/2021,1,10561,07/06/2021,Same Day,134,Product_134,Home Appliances,63.37,36.93,3,,648,4
1216,Customer_97,23,Cairo,03-08-2023,0,10089,03-08-2023,Express,140,Product_140,Sports,383.61,180.93,1,,517,5
1763,CUSTOMER_98,37,Aswan,11/10/2023,0,11639,11/10/2023,Standard,124,Product_124,Home Appliances,658.28,,3,,403,5
1187,Customer_99,55,Mansoura,02/14/2023,0,13777,02/14/2023,Express,149,Product_149,Clothing,226.05,93.83,5,,346,6
1379,Customer_100,39,Alexandria,03/25/2021,1,11406,03/25/2021,Express,117,Product_117,Sports,201.2,83.23,1,,1120,2
1492,Customer_101,42,Aswan,03-11-2023,0,10368,03-11-2023,Same Day,129,Product_129,Home Appliances,1349.83,615.71,1,,425,4
2064,customer_102,25,Cairo,10/26/2021,0,13145,10/26/2021,Standard,136,Product_136,Sports,898.93,386.68,2,,400,5
2180,Customer_103,54,Luxor,04/24/2020,1,11292,04/24/2020,Standard,112,Product_112,Home Appliances,1404.96,796.38,2,,992,4
1014,  Customer_104  ,22,Aswan,04/14/2021,0,10014,04/14/2021,Same Day,131,Product_131,Clothing,551.45,,3,,699,3
1064,Customer_105,32,Luxor,03/06/2020,0,13400,03/06/2020,Standard,149,Product_149,Clothing,1031.86,550.48,3,0.2,471,3
1520,customer_106,49,Luxor,10/08/2021,0,13866,10/08/2021,Express,109,Product_109,Sports,346.8,200.53,5,,365,6
2367,  Customer_107  ,9,Luxor,01-04-2022,1,13463,01-04-2022,Standard,119,Product_119,Clothing,946.59,565.81,5,0.2,825,7
2152,Customer_108,42,Giza,07/02/2021,0,13781,07/02/2021,Express,146,Product_146,Clothing,237.9,141.42,2,0.1,442,6
1647,Customer_109,24,Mansoura,05/15/2020,0,13505,05/15/2020,Standard,146,Product_146,Home Appliances,53.02,25.36,1,,646,3
2495,  Customer_110  ,40,Alexandria,03/08/2021,1,12391,03/08/2021,Standard,117,Product_117,Sports,1400.72,900.51,4,0.2,1212,3
2086,Customer_111,34,Alexandria,03/07/2023,0,11218,03/07/2023,Same Day,102,Product_102,Home Appliances,854.6,577.12,4,,561,5
2162,Customer_112,71,Cairo,10-01-2024,1,11945,10-01-2024,Same Day,140,Product_140,Home Appliances,1394.06,689.76,3,,327,3
1592,Customer_113,34,Giza,10/06/2021,0,11059,10/06/2021,Standard,105,Product_105,Electronics,534.06,216.36,4,,569,6
1391,Customer_114,67,Aswan,03/11/2021,1,10916,03/11/2021,Express,139,Product_139,Clothing,525.29,351.81,4,,894,2
1418,Customer_115,48,Aswan,09/04/2023,0,12252,09/04/2023,Same Day,148,Product_148,Home Appliances,630.95,427.19,2,,485,4
1288,CUSTOMER_116,27,Alexandria,10/19/2022,0,13891,10/19/2022,Same Day,116,Product_116,Home Appliances,1073.76,445.92,1,,593,6
1378,Customer_117,44,Mansoura,03/21/2022,1,11674,03/21/2022,Same Day,117,Product_117,Home Appliances,870.42,349.46,5,,805,3
1230,Customer_118,35,Luxor,09-08-2023,0,10775,09-08-2023,Standard,127,Product_127,Clothing,1391.76,897.58,2,,511,4
2017,CUSTOMER_119,43,Cairo,07/28/2022,0,11080,07/28/2022,Express,107,Product_107,Clothing,86.89,42.61,5,,406,3
1040,Customer_120,29,Mansoura,10/19/2020,0,11133,10/19/2020,Express,108,Product_108,Clothing,1076.88,726.22,2,,451,6
2051,Customer_121,65,Alexandria,26-06-2021,1,10685,26-06-2021,Standard,108,Product_108,Sports,528.98,245.99,2,0.2,788,3
1134,customer_122,53,Giza,10/12/2020,0,13567,10/12/2020,Express,123,Product_123,Home Appliances,311.34,204.97,4,,623,2
1200,customer_123,40,Cairo,05/20/2021,0,12765,05/20/2021,Same Day,132,Product_132,Clothing,790.07,332.3,5,,673,5
1779,Customer_124,65,Alexandria,02/23/2023,0,10224,02/23/2023,Express,143,Product_143,Home Appliances,782.34,374.11,2,,678,3
1929,Customer_125,41,Aswan,01/08/2023,0,13457,01/08/2023,Same Day,147,Product_147,Sports,248.67,172.06,4,0.05,502,5
2056,Customer_126,56,Cairo,22-06-2021,0,10063,22-06-2021,Same Day,118,Product_118,Electronics,342.75,160.87,3,,1028,4
2071,Customer_127,40,Alexandria,04/12/2023,0,11787,04/12/2023,Standard,138,Product_138,Sports,641.84,282.35,5,0.2,578,4
1502,  Customer_128  ,45,Aswan,05/27/2022,0,12995,05/27/2022,Same Day,112,Product_112,Clothing,642.78,422.38,2,,542,3
1406,Customer_129,38,Aswan,04/10/2023,0,10960,04/10/2023,Express,115,Product_115,Clothing,510.46,222.22,3,,399,5
1804,Customer_130,41,Luxor,03/28/2022,0,13850,03/28/2022,Express,128,Product_128,Sports,265.39,113.92,4,0.2,375,6
1098,Customer_131,42,Giza,11-01-2022,0,13973,11-01-2022,Express,138,Product_138,Home Appliances,56.34,28.0,2,0.2,700,4
1683,customer_132,29,Luxor,25-03-2021,1,11375,25-03-2021,Express,131,Product_131,Clothing,1456.84,860.41,4,,1334,2
1725,  Customer_133  ,33,Alexandria,10/10/2020,0,13534,10/10/2020,Express,109,Product_109,Clothing,1418.07,869.59,4,,504,9
1960,Customer_134,36,Mansoura,11/09/2022,1,13915,11/09/2022,Same Day,108,Product_108,Sports,751.29,499.14,4,0.05,784,2
1612,Customer_135,43,Luxor,10/07/2022,0,12367,10/07/2022,Standard,146,Product_146,Home Appliances,1492.83,,5,,521,7
2485,Customer_136,39,Mansoura,05-07-2020,0,10356,05-07-2020,Standard,119,Product_119,Sports,1026.8,531.91,3,,527,4
1642,Customer_137,57,Aswan,04/06/2020,1,10092,04/06/2020,Express,108,Product_108,Sports,149.84,76.07,3,,1731,1
2028,Customer_138,52,Alexandria,08/12/2020,0,12742,08/12/2020,Same Day,134,Product_134,Home Appliances,220.69,144.35,1,,999,3
2241,Customer_139,37,Giza,09-11-2020,0,11323,09-11-2020,Standard,104,Product_104,Home Appliances,1378.36,850.65,2,0.05,478,5
1502,CUSTOMER_140,60,Mansoura,09-07-2023,0,13797,09-07-2023,Express,131,Product_131,Electronics,963.58,647.17,4,,542,3
1766,Customer_141,68,Alexandria,23-11-2020,1,11517,23-11-2020,Same Day,138,Product_138,Sports,1272.62,877.1,2,0.2,1174,5
1397,  Customer_142  ,9,Mansoura,10/25/2023,0,11677,10/25/2023,Standard,103,Product_103,Home Appliances,1352.49,662.74,3,,434,5
1870,Customer_143,53,Luxor,14-05-2022,0,13666,14-05-2022,Same Day,135,Product_135,Clothing,699.52,390.96,3,,694,4
1794,Customer_144,29,Alexandria,06-05-2023,1,11412,06-05-2023,Express,119,Product_119,Elec,120.36,70.96,4,,606,3
1392,Customer_145,52,Luxor,10-05-2020,0,11634,10-05-2020,Same Day,143,Product_143,Sports,323.01,145.08,5,0.1,350,4
1206,  Customer_146  ,58,Cairo,27-02-2022,1,13864,27-02-2022,Standard,129,Product_129,Home Appliances,146.53,60.96,4,0.2,966,2
2038,Customer_147,26,Alexandria,20-02-2022,1,12481,20-02-2022,Standard,110,Product_110,Electronics,323.67,213.73,4,0.05,881,3
1891,Customer_148,12,Mansoura,05/05/2023,0,11125,05/05/2023,Same Day,112,Product_112,Electronics,645.27,361.78,1,,431,5
2484,customer_149,52,Cairo,08/16/2022,1,10840,08/16/2022,Standard,146,Product_146,Clothing,221.39,126.47,5,0.2,869,2
1863,CUSTOMER_150,42,Luxor,12/19/2022,0,11401,12/19/2022,Same Day,130,Product_130,Elec,291.76,165.27,2,0.2,355,4
1742,CUSTOMER_151,14,Luxor,05/29/2021,1,11606,05/29/2021,Same Day,130,Product_130,Sports,696.44,436.31,5,,1313,2
2264,Customer_152,77,Mansoura,02/07/2023,0,13956,02/07/2023,Express,118,Product_118,Home Appliances,543.25,241.01,4,,694,3
1563,Customer_153,49,Cairo,24-01-2020,1,13409,24-01-2020,Express,124,Product_124,Electronics,728.1,425.37,4,,737,4
2020,CUSTOMER_154,50,Aswan,25-10-2023,0,13071,25-10-2023,Same Day,132,Product_132,Electronics,672.3,363.61,4,,434,3
1095,Customer_155,60,Giza,01/16/2024,1,10897,01/16/2024,Standard,109,Product_109,Sports,984.49,658.71,4,0.2,351,4
1484,CUSTOMER_156,31,Mansoura,22-08-2020,0,12931,22-08-2020,Express,147,Product_147,Clothing,1408.92,783.2,4,,440,8
2430,Customer_157,41,Luxor,10/28/2023,0,12825,10/28/2023,Standard,124,Product_124,Clothing,206.4,140.95,5,,399,4
1230,Customer_158,20,Alexandria,04-01-2023,0,10491,04-01-2023,Same Day,126,Product_126,Home Appliances,193.93,98.12,4,,511,4
1748,Customer_159,30,Cairo,30-06-2021,0,13713,30-06-2021,Standard,103,Product_103,Sports,1286.57,887.82,3,,792,3
2194,Customer_160,45,Aswan,08/05/2023,0,13131,08/05/2023,Standard,123,Product_123,Clothing,784.28,519.62,3,0.05,515,2
1540,Customer_161,15,Giza,11/27/2021,0,12860,11/27/2021,Same Day,111,Product_111,Home Appliances,1161.29,668.07,1,,502,4
2059,CUSTOMER_162,30,Alexandria,08/16/2020,1,11532,08/16/2020,Express,110,Product_110,Home Appliances,362.36,183.4,2,,1599,1
1524,Customer_163,26,Cairo,24-08-2021,0,12439,24-08-2021,Express,136,Product_136,Clothing,1251.85,641.92,3,0.2,1226,3
2183,Customer_164,42,Aswan,06/09/2022,0,11977,06/09/2022,Standard,113,Product_113,Sports,1389.58,877.97,1,0.05,448,3
2266,Customer_165,48,Mansoura,11/19/2020,1,13190,11/19/2020,Same Day,129,Product_129,Electronics,971.45,557.8,5,,1107,3
2109,Customer_166,51,Aswan,18-07-2022,0,11798,18-07-2022,Same Day,138,Product_138,Clothing,203.52,105.93,2,,622,5
1577,Customer_167,54,Mansoura,01/07/2020,1,11494,01/07/2020,Express,113,Product_113,Electronics,1348.18,796.53,4,,776,4
1681,Customer_168,60,Cairo,18-01-2024,0,11351,18-01-2024,Same Day,126,Product_126,Electronics,1199.11,743.41,4,0.05,349,4
1556,Customer_169,49,Aswan,13-01-2024,0,12068,13-01-2024,Same Day,120,Product_120,Sports,1138.77,463.33,5,0.1,354,5
2012,Customer_170,68,Giza,23-06-2021,0,11120,23-06-2021,Standard,105,Product_105,Sports,103.26,44.09,2,,682,5
1645,CUSTOMER_171,41,Aswan,10/22/2022,0,11838,10/22/2022,Standard,120,Product_120,Home Appliances,1208.5,517.66,3,,344,7
1795,Customer_172,37,Cairo,31-12-2020,1,12560,31-12-2020,Express,114,Product_114,Sports,250.03,117.41,2,,1462,3
2051,Customer_173,49,Alexandria,11/05/2022,1,12955,11/05/2022,Express,145,Product_145,Home Appliances,372.46,196.7,1,,788,3
2363,customer_174,36,Alexandria,05-08-2020,0,12762,05-08-2020,Standard,114,Product_114,Clothing,886.85,568.56,5,,645,4
2354,Customer_175,67,Aswan,04-07-2023,0,12991,04-07-2023,Same Day,108,Product_108,Electronics,434.22,219.42,3,,415,3
2371,Customer_176,56,Aswan,03-09-2021,1,11663,03-09-2021,Same Day,148,Product_148,Sports,1008.95,408.87,2,,870,3
2496,Customer_177,51,Mansoura,01-08-2023,0,12397,01-08-2023,Standard,113,Product_113,Clothing,931.7,507.78,2,0.05,519,3
2254,Customer_178,41,Cairo,11/05/2022,0,13203,11/05/2022,Standard,124,Product_124,Home Appliances,206.82,144.56,3,,788,5
1189,Customer_179,33,Mansoura,01-06-2023,0,10545,01-06-2023,Standard,115,Product_115,Sports,1001.22,505.32,1,0.05,580,6
2248,CUSTOMER_180,50,Giza,11-02-2021,0,10598,11-02-2021,Standard,101,Product_101,Electronics,1389.73,956.66,1,,333,4
2408,Customer_181,23,Alexandria,09-11-2020,0,12079,09-11-2020,Same Day,122,Product_122,Clothing,283.61,122.07,2,0.05,456,5
2400,Customer_182,63,Luxor,02/04/2022,1,12044,02/04/2022,Same Day,134,Product_134,Sports,915.74,413.85,4,,762,5
2306,CUSTOMER_183,37,Luxor,11/26/2020,0,10258,11/26/2020,Express,140,Product_140,Sports,545.7,336.83,3,,594,6
1632,Customer_184,44,Cairo,01/09/2023,0,10475,01/09/2023,Standard,103,Product_103,Clothing,716.44,394.3,1,,723,4
1627,Customer_185,26,Cairo,22-12-2022,0,13907,22-12-2022,Express,126,Product_126,Home Appliances,466.15,293.46,1,,729,5
1972,Customer_186,50,Luxor,02-01-2020,1,12872,02-01-2020,Same Day,114,Product_114,Home Appliances,563.49,371.38,1,0.1,1335,5
2282,Customer_187,33,Cairo,05/11/2023,1,11905,05/11/2023,Express,141,Product_141,Sports,91.92,43.69,5,,601,3
2382,Customer_188,49,Alexandria,25-10-2021,1,13019,25-10-2021,Same Day,108,Product_108,Home Appliances,1473.25,891.09,4,,907,6
1709,Customer_189,51,Giza,09/27/2022,0,10919,09/27/2022,Same Day,149,Product_149,Home Appliances,955.96,556.64,1,,677,5
2479,Customer_190,30,Giza,02/09/2020,0,12080,02/09/2020,Express,116,Product_116,Clothing,776.02,510.98,4,0.2,378,3
2434,Customer_191,23,Mansoura,08/17/2020,0,12946,08/17/2020,Express,142,Product_142,Home Appliances,606.39,320.8,2,,751,4
1648,  Customer_192  ,62,Alexandria,01/13/2022,0,10387,01/13/2022,Standard,121,Product_121,Home Appliances,832.09,345.78,2,,504,4
1317,Customer_193,37,Cairo,21-09-2021,0,13869,21-09-2021,Same Day,110,Product_110,Clothing,601.15,344.01,5,0.1,377,6
2248,Customer_194,43,Cairo,05/05/2021,0,11861,05/05/2021,Standard,125,Product_125,Sports,571.87,393.25,4,,333,4
2257,Customer_195,47,Mansoura,04/28/2020,1,13632,04/28/2020,Standard,138,Product_138,Sports,722.72,292.26,3,,625,3
1683,CUSTOMER_196,21,Mansoura,05/08/2021,1,10797,05/08/2021,Same Day,122,Product_122,Clothing,450.18,,5,,1334,2
1663,Customer_197,46,Cairo,07-03-2023,0,12503,07-03-2023,Express,149,Product_149,Elec,311.07,,1,,521,6
2397,Customer_198,41,Cairo,10-06-2020,0,11617,10-06-2020,Standard,148,Product_148,Clothing,857.08,539.75,2,,995,3
2495,Customer_199,30,Alexandria,06/24/2020,1,13215,06/24/2020,Standard,147,Product_147,Electronics,1272.01,632.17,2,,1212,3
2256,  Customer_200  ,22,Mansoura,02/07/2024,0,11925,02/07/2024,Same Day,146,Product_146,Home Appliances,271.6,128.12,3,0.2,329,8
2136,Customer_201,49,Alexandria,09/22/2022,0,11815,09/22/2022,Express,104,Product_104,Sports,97.46,57.95,5,0.05,428,7
1441,Customer_202,56,Aswan,05/21/2020,0,13954,05/21/2020,Express,104,Product_104,Electronics,407.88,168.83,4,0.2,686,5
1563,Customer_203,42,Cairo,12/26/2022,1,11627,12/26/2022,Standard,130,Product_130,Electronics,1470.59,663.5,2,,737,4
2291,Customer_204,18,Luxor,09/14/2020,0,12271,09/14/2020,Same Day,102,Product_102,Home Appliances,1251.7,,1,,586,6
2409,Customer_205,24,Luxor,09/19/2020,0,10216,09/19/2020,Standard,129,Product_129,Sports,914.01,463.11,3,0.2,541,4
2410,  Customer_206  ,33,Aswan,09/13/2023,1,12203,09/13/2023,Express,143,Product_143,Home Appliances,1397.41,704.5,3,,476,3
2136,Customer_207,63,Cairo,08/31/2022,0,10788,08/31/2022,Standard,136,Product_136,Sports,695.65,300.91,3,0.05,428,7
1951,  Customer_208  ,36,Mansoura,30-01-2023,0,11543,30-01-2023,Same Day,121,Product_121,Sports,1475.76,750.06,1,,702,5
2104,Customer_209,32,Luxor,12/04/2020,1,12083,12/04/2020,Standard,121,Product_121,Home Appliances,479.64,306.68,3,0.05,735,5
1698,Customer_210,14,Mansoura,06/26/2021,0,12683,06/26/2021,Express,148,Product_148,Electronics,398.44,208.84,4,0.2,487,3
1112,Customer_211,30,Luxor,16-12-2022,0,12056,16-12-2022,Same Day,121,Product_121,Clothing,975.17,561.55,4,,446,6
1001,Customer_212,21,Mansoura,05/27/2023,0,11063,05/27/2023,Same Day,104,Product_104,Sports,598.32,268.69,5,,585,5
1641,Customer_213,24,Luxor,05/16/2022,1,13540,05/16/2022,Same Day,101,Product_101,Sports,958.23,403.33,5,,961,2
1219,Customer_214,41,Mansoura,09-03-2021,1,12226,09-03-2021,Same Day,126,Product_126,Clothing,492.24,326.84,4,,1216,3
1854,Customer_215,33,Aswan,01/09/2023,0,11664,01/09/2023,Same Day,102,Product_102,Clothing,945.98,472.43,1,,723,2
2248,Customer_216,65,Alexandria,02/03/2024,0,13006,02/03/2024,Standard,109,Product_109,Home Appliances,449.83,227.21,5,,333,4
1384,CUSTOMER_217,56,Mansoura,11/13/2023,0,12548,11/13/2023,Same Day,145,Product_145,Sports,123.91,82.19,3,,395,2
2426,Customer_218,30,Alexandria,02/15/2021,0,10372,02/15/2021,Express,118,Product_118,Home Appliances,1372.6,840.49,4,,408,4
2153,Customer_219,26,Alexandria,31-12-2023,0,13139,31-12-2023,Same Day,148,Product_148,Clothing,1330.65,834.16,2,,367,5
2076,Customer_220,60,Cairo,30-09-2021,0,10969,30-09-2021,Express,148,Product_148,Home Appliances,1457.66,881.3,1,,827,6
1729,Customer_221,64,Aswan,03/28/2022,0,11689,03/28/2022,Express,142,Product_142,Sports,1088.96,470.15,1,,592,3
2439,Customer_222,7,Alexandria,07-10-2023,1,11447,07-10-2023,Express,141,Product_141,Electronics,1039.95,714.86,4,0.05,452,5
1246,Customer_223,41,Giza,08/23/2023,1,10514,08/23/2023,Express,111,Product_111,Electronics,860.55,578.93,2,0.1,497,4
1835,Customer_224,36,Alexandria,03-02-2022,0,10363,03-02-2022,Express,125,Product_125,Sports,232.62,109.53,1,,559,5
2462,  Customer_225  ,49,Mansoura,16-06-2022,1,11913,16-06-2022,Standard,126,Product_126,Home Appliances,324.39,208.0,5,,930,3
1202,Customer_226,69,Alexandria,11/25/2022,0,12824,11/25/2022,Express,136,Product_136,Clothing,469.73,245.58,2,0.05,420,4
2207,Customer_227,32,Mansoura,13-07-2022,0,11951,13-07-2022,Express,142,Product_142,Clothing,1340.73,811.32,3,,702,3
1122,Customer_228,9,Mansoura,09/04/2020,1,11474,09/04/2020,Express,135,Product_135,Electronics,300.81,,5,,697,2
1400,customer_229,48,Giza,05/22/2021,0,11539,05/22/2021,Standard,138,Product_138,Home Appliances,1388.17,779.55,2,,438,9
1766,CUSTOMER_230,60,Alexandria,05-04-2021,1,10773,05-04-2021,Same Day,103,Product_103,Clothing,808.04,353.91,4,,1174,5
1293,Customer_231,35,Alexandria,05/11/2020,1,10328,05/11/2020,Express,141,Product_141,Clothing,1087.58,609.97,1,,1682,2
1279,CUSTOMER_232,29,Luxor,23-11-2021,0,10793,23-11-2021,Standard,135,Product_135,Sports,209.85,99.28,5,0.2,661,2
1883,Customer_233,200,Luxor,02/13/2020,0,13969,02/13/2020,Standard,140,Product_140,Home Appliances,440.1,235.78,4,,348,5
1197,CUSTOMER_234,52,Cairo,19-04-2023,0,10961,19-04-2023,Standard,122,Product_122,Home Appliances,1439.85,864.47,2,0.2,623,6
1981,  Customer_235  ,33,Mansoura,08-02-2023,0,12417,08-02-2023,Same Day,108,Product_108,Clothing,435.92,289.07,3,,413,4
1751,  Customer_236  ,150,Giza,16-04-2021,1,10596,16-04-2021,Standard,115,Product_115,Home Appliances,479.96,215.78,1,0.1,1051,3
1143,Customer_237,40,Luxor,04/20/2023,1,11877,04/20/2023,Express,145,Product_145,Home Appliances,336.52,224.79,1,,468,3
1608,Customer_238,38,Alexandria,27-03-2021,0,11410,27-03-2021,Express,107,Product_107,Home Appliances,237.16,122.61,5,,754,2
2224,  Customer_239  ,50,Cairo,15-01-2020,0,13618,15-01-2020,Express,119,Product_119,Sports,388.22,253.56,4,0.05,878,5
2147,Customer_240,32,Giza,05/25/2020,0,11137,05/25/2020,Same Day,140,Product_140,Clothing,981.37,543.45,2,0.1,654,6
1186,customer_241,33,Aswan,20-12-2023,0,10570,20-12-2023,Standard,142,Product_142,Elec,710.28,467.83,2,,378,4
2349,Customer_242,51,Alexandria,07/16/2023,1,11061,07/16/2023,Express,117,Product_117,Home Appliances,852.95,510.79,4,0.05,535,5
1463,CUSTOMER_243,25,Alexandria,30-04-2020,0,11568,30-04-2020,Express,101,Product_101,Clothing,227.43,125.68,1,,390,2
2372,Customer_244,26,Aswan,13-04-2021,0,10376,13-04-2021,Express,145,Product_145,Electronics,1213.07,598.97,4,0.05,369,7
1659,Customer_245,21,Mansoura,05/18/2020,0,13470,05/18/2020,Same Day,129,Product_129,Sports,1186.94,819.79,2,0.05,1016,3
1763,Customer_246,52,Mansoura,05-03-2020,0,13274,05-03-2020,Express,113,Product_113,Clothing,81.31,52.06,4,,403,5
1954,Customer_247,38,Luxor,11/07/2021,0,13273,11/07/2021,Standard,148,Product_148,Sports,606.1,311.75,1,,741,5
1402,Customer_248,20,Luxor,05/25/2020,0,12147,05/25/2020,Standard,129,Product_129,Clothing,149.72,67.38,5,,571,3
2369,  Customer_249  ,52,Alexandria,18-11-2022,1,13469,18-11-2022,Same Day,141,Product_141,Sports,1198.55,759.71,1,0.2,540,4
1146,Customer_250,31,Alexandria,05/02/2021,0,13521,05/02/2021,Same Day,142,Product_142,Clothing,1119.04,779.95,3,,660,5
2171,Customer_251,26,Luxor,24-07-2021,1,11836,24-07-2021,Same Day,106,Product_106,Sports,1357.88,,3,,1069,4
1863,  Customer_252  ,37,Aswan,02-10-2023,0,12863,02-10-2023,Standard,105,Product_105,Electronics,392.79,265.04,4,,355,4
1488,Customer_253,62,Luxor,21-09-2022,1,11963,21-09-2022,Same Day,134,Product_134,Clothing,711.63,311.42,1,0.05,756,6
1928,Customer_254,34,Alexandria,14-03-2021,0,12165,14-03-2021,Same Day,111,Product_111,Elec,317.51,217.7,1,,381,6
1550,Customer_255,48,Giza,09-01-2023,1,12468,09-01-2023,Standard,109,Product_109,Home Appliances,588.29,,2,0.05,441,3
1337,Customer_256,50,Alexandria,09/27/2020,0,11266,09/27/2020,Express,138,Product_138,Electronics,807.25,406.84,5,0.2,352,8
1871,Customer_257,46,Giza,21-01-2024,0,10540,21-01-2024,Same Day,140,Product_140,Clothing,127.33,62.57,1,,346,4
1640,Customer_258,59,Giza,15-03-2023,0,11250,15-03-2023,Express,141,Product_141,Electronics,1086.56,644.36,4,,329,2
1472,Customer_259,29,Alexandria,03/26/2023,0,13572,03/26/2023,Express,109,Product_109,Clothing,837.78,484.28,2,0.2,467,2
1150,customer_260,24,Cairo,08/26/2022,0,11875,08/26/2022,Express,108,Product_108,Sports,1251.99,845.95,2,,459,4
2438,  Customer_261  ,24,Luxor,12-05-2021,0,11236,12-05-2021,Express,144,Product_144,Home Appliances,444.08,279.71,4,0.05,914,4
2321,Customer_262,37,Mansoura,26-08-2022,0,12977,26-08-2022,Same Day,140,Product_140,Elec,1359.82,764.37,4,0.05,859,2
1262,Customer_263,25,Alexandria,04/13/2022,1,12746,04/13/2022,Same Day,103,Product_103,Home Appliances,1498.11,1016.12,1,,735,3
1143,Customer_264,42,Giza,24-01-2021,1,10112,24-01-2021,Same Day,113,Product_113,Electronics,1382.98,799.11,1,,468,3
1345,Customer_265,41,Alexandria,12-07-2020,1,10372,12-07-2020,Standard,119,Product_119,Clothing,1177.94,771.44,2,,1042,3
1623,Customer_266,55,Luxor,07/17/2020,0,12346,07/17/2020,Standard,134,Product_134,Electronics,1227.93,800.96,2,,556,5
2016,Customer_267,44,Aswan,09/11/2023,0,11696,09/11/2023,Express,132,Product_132,Home Appliances,881.93,595.97,5,,478,6
1880,Customer_268,33,Giza,01-06-2022,0,11042,01-06-2022,Standard,149,Product_149,Electronics,325.72,136.89,2,,598,10
1001,Customer_269,46,Mansoura,26-12-2021,0,10775,26-12-2021,Express,116,Product_116,Home Appliances,1031.71,593.38,4,,585,5
1896,Customer_270,24,Mansoura,17-05-2022,1,10670,17-05-2022,Express,136,Product_136,Home Appliances,1083.49,585.65,4,,462,2
2327,Customer_271,39,Mansoura,21-04-2022,0,10010,21-04-2022,Same Day,118,Product_118,Clothing,1478.81,809.15,5,,365,7
1253,Customer_272,44,Aswan,08/14/2022,0,10007,08/14/2022,Same Day,114,Product_114,Sports,834.89,449.15,3,0.2,605,6
1452,Customer_273,41,Cairo,02-02-2024,0,13224,02-02-2024,Standard,130,Product_130,Sports,443.49,,3,,334,5
2060,  Customer_274  ,46,Giza,20-04-2020,1,13696,20-04-2020,Same Day,102,Product_102,Electronics,1041.33,516.01,4,,1582,2
2183,CUSTOMER_275,30,Aswan,11-10-2023,0,13731,11-10-2023,Standard,113,Product_113,Home Appliances,1470.09,792.12,3,0.2,448,3
2014,Customer_276,57,Giza,08/31/2023,0,11573,08/31/2023,Same Day,127,Product_127,Clothing,306.96,141.26,3,,434,8
1008,CUSTOMER_277,67,Aswan,16-08-2023,0,13206,16-08-2023,Same Day,117,Product_117,Sports,522.7,248.55,5,0.2,504,2
2256,CUSTOMER_278,15,Aswan,07/20/2020,0,11396,07/20/2020,Standard,131,Product_131,Clothing,835.73,499.87,2,,329,8
2122,Customer_279,21,Cairo,04-05-2020,0,10460,04-05-2020,Express,115,Product_115,Clothing,296.81,129.14,2,0.1,541,9
1815,Customer_280,40,Giza,04/04/2022,1,13306,04/04/2022,Standard,120,Product_120,Home Appliances,82.22,37.52,3,,439,6
1207,Customer_281,36,Aswan,01/31/2024,0,12302,01/31/2024,Same Day,105,Product_105,Electronics,538.63,300.78,1,0.1,336,5
2154,Customer_282,68,Cairo,11/25/2021,1,12633,11/25/2021,Express,107,Product_107,Home Appliances,1304.79,539.05,5,0.1,1123,4
1403,CUSTOMER_283,43,Alexandria,08/11/2020,1,11351,08/11/2020,Same Day,118,Product_118,Sports,113.03,49.52,3,,1302,5
1151,Customer_284,60,Luxor,05/24/2021,1,10361,05/24/2021,Same Day,111,Product_111,Sports,671.95,442.82,1,,771,3
1053,  Customer_285  ,9,Aswan,27-01-2021,0,11397,27-01-2021,Same Day,132,Product_132,Clothing,1155.19,755.31,1,0.05,535,5
2143,Customer_286,52,Mansoura,24-01-2021,0,13050,24-01-2021,Express,127,Product_127,Home Appliances,1432.11,722.26,5,,370,7
1627,Customer_287,29,Cairo,03-01-2023,0,10787,03-01-2023,Same Day,126,Product_126,Home Appliances,1478.94,745.97,2,0.05,729,5
1586,CUSTOMER_288,29,Cairo,07/07/2022,1,10208,07/07/2022,Standard,137,Product_137,Clothing,661.86,450.7,4,,909,2
2443,CUSTOMER_289,36,Aswan,14-10-2020,1,10266,14-10-2020,Standard,145,Product_145,Electronics,1428.06,582.29,1,0.2,1212,4
2445,Customer_290,18,Cairo,14-05-2022,0,10655,14-05-2022,Standard,128,Product_128,Clothing,101.36,58.19,4,,495,4
1103,customer_291,46,Alexandria,01/10/2021,0,10996,01/10/2021,Express,102,Product_102,Clothing,1131.58,655.43,4,,425,6
1253,Customer_292,42,Cairo,07/24/2021,0,10553,07/24/2021,Standard,120,Product_120,Sports,981.98,624.9,5,,605,6
2250,Customer_293,43,Luxor,05-08-2022,0,12783,05-08-2022,Same Day,104,Product_104,Home Appliances,411.81,282.31,2,,625,5
2135,Customer_294,53,Luxor,26-05-2021,0,13929,26-05-2021,Express,113,Product_113,Sports,785.61,398.11,5,,511,3
1509,Customer_295,62,Mansoura,06/03/2020,1,11529,06/03/2020,Same Day,124,Product_124,Clothing,237.85,126.38,1,,800,3
2496,Customer_296,34,Alexandria,06/26/2022,0,11587,06/26/2022,Same Day,148,Product_148,Home Appliances,1313.82,790.12,2,,519,3
1098,Customer_297,47,Luxor,02/01/2023,0,10420,02/01/2023,Same Day,138,Product_138,Clothing,568.95,392.68,3,0.1,700,4
1152,Customer_298,44,Aswan,07/19/2020,1,12355,07/19/2020,Standard,140,Product_140,Clothing,957.76,639.05,2,,1253,3
1913,Customer_299,45,Giza,04/13/2020,0,12184,04/13/2020,Standard,148,Product_148,Electronics,280.23,168.17,5,0.05,350,4
1877,  Customer_300  ,45,Giza,28-08-2023,0,11442,28-08-2023,Express,145,Product_145,Sports,348.94,229.26,5,,492,1
1337,CUSTOMER_301,63,Giza,12-01-2023,0,12242,12-01-2023,Express,129,Product_129,Sports,1488.34,633.38,4,,352,8
1821,customer_302,33,Aswan,01/31/2020,0,11118,01/31/2020,Standard,136,Product_136,Clothing,1141.98,585.99,3,,673,7
2186,Customer_303,17,Cairo,10-07-2020,0,11513,10-07-2020,Standard,102,Product_102,Electronics,1444.86,583.62,2,,338,5
1956,Customer_304,29,Aswan,29-04-2021,0,11926,29-04-2021,Same Day,141,Product_141,Clothing,478.98,217.09,3,,335,7
1160,Customer_305,51,Cairo,12/06/2020,0,13329,12/06/2020,Standard,118,Product_118,Clothing,288.62,,4,,959,4
1800,customer_306,40,Giza,12-04-2022,0,11048,12-04-2022,Same Day,149,Product_149,Clothing,779.45,518.86,3,,484,4
1397,  Customer_307  ,32,Mansoura,21-09-2022,0,11255,21-09-2022,Standard,108,Product_108,Elec,767.27,452.56,3,,434,5
2300,  Customer_308  ,23,Mansoura,09/12/2022,1,13403,09/12/2022,Same Day,115,Product_115,Home Appliances,303.67,181.97,2,,497,5
1815,Customer_309,43,Cairo,03/13/2021,1,12653,03/13/2021,Standard,141,Product_141,Electronics,1113.17,479.94,3,,439,6
2415,Customer_310,49,Giza,01-04-2022,0,13061,01-04-2022,Standard,117,Product_117,Clothing,574.58,344.44,4,,327,6
2158,  Customer_311  ,44,Aswan,04/30/2020,1,12909,04/30/2020,Express,123,Product_123,Home Appliances,320.23,171.74,1,,1707,1
2218,Customer_312,36,Mansoura,12/03/2020,0,10220,12/03/2020,Express,102,Product_102,Clothing,531.38,316.4,1,,505,4
1400,Customer_313,42,Cairo,15-02-2022,0,12344,15-02-2022,Same Day,106,Product_106,Electronics,867.31,431.79,5,,438,9
1639,Customer_314,42,Aswan,05-01-2020,1,11226,05-01-2020,Express,129,Product_129,Elec,1103.38,633.83,1,,1264,4
2056,Customer_315,42,Giza,10-03-2022,0,13058,10-03-2022,Express,127,Product_127,Home Appliances,748.74,394.75,2,,1028,4
1687,Customer_316,22,Alexandria,06/27/2021,0,11971,06/27/2021,Standard,137,Product_137,Electronics,812.11,460.95,5,,562,5
1459,customer_317,42,Giza,20-07-2022,0,10342,20-07-2022,Same Day,149,Product_149,Clothing,251.47,,1,,338,6
1954,Customer_318,-10,Giza,08/07/2021,0,10592,08/07/2021,Express,134,Product_134,Home Appliances,1376.3,713.95,1,0.05,741,5
1469,Customer_319,55,Aswan,05/16/2022,0,11228,05/16/2022,Express,118,Product_118,Sports,1396.65,715.48,5,,574,2
2398,Customer_320,41,Aswan,27-11-2023,1,11984,27-11-2023,Standard,142,Product_142,Clothing,1040.97,646.36,2,,367,2
2045,Customer_321,52,Luxor,05-02-2024,0,10891,05-02-2024,Standard,110,Product_110,Sports,75.57,46.24,5,,331,5
1749,Customer_322,35,Luxor,02/12/2023,0,12124,02/12/2023,Standard,138,Product_138,Home Appliances,828.76,557.47,2,,442,3
1037,Customer_323,36,Aswan,17-09-2023,0,11573,17-09-2023,Same Day,144,Product_144,Home Appliances,962.37,567.43,2,0.2,450,3
1229,Customer_324,62,Aswan,01/11/2024,0,10706,01/11/2024,Standard,117,Product_117,Clothing,1492.25,737.71,4,0.05,328,4
2388,Customer_325,46,Alexandria,23-09-2022,1,11999,23-09-2022,Same Day,113,Product_113,Electronics,1494.3,948.83,1,,740,3
1562,Customer_326,29,Alexandria,13-11-2020,1,11065,13-11-2020,Standard,148,Product_148,Clothing,1293.54,,1,0.2,1049,6
1437,Customer_327,53,Giza,23-01-2021,1,13526,23-01-2021,Express,142,Product_142,Electronics,142.55,65.29,3,,937,3
2306,Customer_328,32,Mansoura,30-08-2021,0,11205,30-08-2021,Same Day,127,Product_127,elect,1432.25,894.04,5,,594,6
1026,Customer_329,43,Alexandria,21-03-2021,1,10756,21-03-2021,Standard,102,Product_102,Clothing,938.36,412.65,4,,862,3
1225,  Customer_330  ,67,Giza,04/29/2020,1,11218,04/29/2020,Standard,134,Product_134,Home Appliances,1211.29,549.25,1,,961,3
2300,Customer_331,18,Cairo,01-04-2023,1,12637,01-04-2023,Express,131,Product_131,Clothing,640.43,401.95,3,0.1,497,5
1797,Customer_332,37,Luxor,01/15/2023,0,11855,01/15/2023,Express,123,Product_123,Sports,513.52,324.05,4,0.1,717,4
1283,Customer_333,46,Mansoura,04-05-2020,1,11999,04-05-2020,Express,107,Product_107,Home Appliances,721.7,459.89,2,,472,3
1878,Customer_334,51,Giza,04-10-2021,1,12435,04-10-2021,Standard,138,Product_138,Electronics,262.97,128.33,1,,881,3
1959,Customer_335,21,Aswan,27-04-2020,0,12974,27-04-2020,Express,133,Product_133,Home Appliances,567.75,374.7,5,,657,3
1452,customer_336,16,Cairo,12-04-2020,0,12684,12-04-2020,Express,112,Product_112,Clothing,1293.55,797.86,4,0.05,334,5
2019,Customer_337,56,Luxor,11-04-2023,1,12188,11-04-2023,Same Day,145,Product_145,Home Appliances,105.03,68.29,3,,355,5
1815,CUSTOMER_338,29,Cairo,09/03/2022,1,13098,09/03/2022,Same Day,112,Product_112,Elec,268.77,164.64,5,,439,6
1658,Customer_339,28,Giza,10/26/2022,0,13386,10/26/2022,Same Day,119,Product_119,Electronics,231.42,132.81,2,,768,4
1546,Customer_340,63,Alexandria,23-12-2022,1,11344,23-12-2022,Standard,109,Product_109,Home Appliances,634.46,274.61,5,0.1,740,4
2215,CUSTOMER_341,41,Luxor,18-11-2020,0,10447,18-11-2020,Same Day,110,Product_110,Sports,1495.63,917.24,3,0.05,361,3
2072,Customer_342,-5,Cairo,26-04-2020,0,11816,26-04-2020,Standard,117,Product_117,Electronics,301.37,182.97,2,,340,5
1016,Customer_343,37,Alexandria,11/06/2022,1,12340,11/06/2022,Express,140,Product_140,Sports,260.95,128.84,3,,683,6
2195,customer_344,21,Mansoura,06/13/2020,1,11777,06/13/2020,Standard,139,Product_139,Electronics,1376.83,854.66,1,0.1,1604,5
2243,customer_345,50,Giza,15-01-2021,0,13307,15-01-2021,Standard,141,Product_141,Home Appliances,1328.97,751.05,3,0.1,437,8
1157,Customer_346,46,Giza,05/20/2020,1,12762,05/20/2020,Express,110,Product_110,Elec,96.75,54.94,5,,1687,1
1476,Customer_347,42,Luxor,03-05-2023,0,12504,03-05-2023,Same Day,112,Product_112,Sports,1139.97,,1,,609,4
2069,Customer_348,38,Cairo,05/19/2020,0,12939,05/19/2020,Same Day,115,Product_115,Sports,1000.43,435.22,1,0.2,386,4
2396,Customer_349,35,Mansoura,10/14/2023,1,10838,10/14/2023,Same Day,131,Product_131,Home Appliances,1163.22,540.99,4,0.2,445,3
1517,CUSTOMER_350,53,Aswan,04/26/2021,0,12701,04/26/2021,Express,115,Product_115,Sports,767.03,483.73,5,0.05,970,4
1098,Customer_351,150,Luxor,06-04-2022,0,11629,06-04-2022,Standard,128,Product_128,Sports,1487.5,,5,,700,4
2060,Customer_352,39,Aswan,09/02/2020,1,10663,09/02/2020,Express,104,Product_104,Home Appliances,113.58,45.51,2,0.05,1582,2
1279,Customer_353,47,Luxor,03/12/2023,0,10764,03/12/2023,Express,136,Product_136,Electronics,389.84,272.54,3,,661,2
2372,Customer_354,43,Cairo,19-05-2021,0,13138,19-05-2021,Express,101,Product_101,Home Appliances,624.99,289.5,3,0.1,369,7
1496,Customer_355,64,Mansoura,31-03-2023,0,10175,31-03-2023,Express,144,Product_144,Electronics,702.18,418.93,5,,351,5
1301,Customer_356,13,Cairo,05/02/2023,0,10509,05/02/2023,Standard,134,Product_134,Electronics,1385.98,939.8,3,,434,6
1180,Customer_357,44,Giza,03/22/2020,1,13686,03/22/2020,Same Day,147,Product_147,Electronics,862.01,,5,,1388,2
1606,CUSTOMER_358,29,Aswan,06/22/2023,1,13162,06/22/2023,Same Day,117,Product_117,Clothing,115.41,73.83,1,0.05,559,2
2122,Customer_359,25,Alexandria,06/16/2020,0,12752,06/16/2020,Express,139,Product_139,Electronics,641.4,444.43,3,,541,9
1699,Customer_360,33,Giza,08-05-2022,0,11189,08-05-2022,Standard,138,Product_138,Home Appliances,653.91,430.34,3,,433,9
1992,customer_361,40,Giza,09/08/2023,0,10601,09/08/2023,Express,144,Product_144,Home Appliances,1449.96,822.67,5,0.05,385,6
2139,customer_362,41,Aswan,04/10/2023,1,10837,04/10/2023,Standard,133,Product_133,Home Appliances,918.84,467.79,5,,632,1
1190,Customer_363,17,Luxor,03/03/2023,0,13898,03/03/2023,Express,121,Product_121,Clothing,971.69,529.32,2,,670,3
1252,Customer_364,31,Giza,06-12-2022,0,11001,06-12-2022,Same Day,126,Product_126,Sports,1084.22,707.51,3,0.2,621,4
1980,Customer_365,44,Mansoura,09-10-2021,1,13851,09-10-2021,Same Day,146,Product_146,Clothing,1166.56,,4,,1055,4
1927,  Customer_366  ,26,Giza,06/18/2021,1,13509,06/18/2021,Express,136,Product_136,Home Appliances,970.82,634.68,5,0.05,1013,3
2184,  Customer_367  ,23,Mansoura,22-02-2021,0,12098,22-02-2021,Same Day,105,Product_105,Home Appliances,393.93,228.15,4,,338,9
2279,Customer_368,6,Cairo,03-10-2023,0,13749,03-10-2023,Express,133,Product_133,Sports,1317.37,715.45,1,0.05,456,4
2346,Customer_369,30,Luxor,06-01-2024,0,12733,06-01-2024,Standard,101,Product_101,Clothing,1111.57,548.45,1,0.05,361,5
1127,Customer_370,22,Mansoura,05-10-2021,1,13810,05-10-2021,Standard,106,Product_106,Home Appliances,1125.71,451.42,4,,740,5
1017,customer_371,25,Giza,05/03/2021,1,12313,05/03/2021,Standard,137,Product_137,Electronics,1495.01,940.88,1,0.2,668,2
1565,Customer_372,35,Luxor,06/27/2021,1,13592,06/27/2021,Standard,102,Product_102,Electronics,1213.66,586.32,4,,914,4
1569,Customer_373,31,Luxor,21-03-2022,0,11110,21-03-2022,Express,105,Product_105,Home Appliances,1252.27,624.76,2,0.05,594,4
2346,Customer_374,22,Mansoura,25-09-2020,0,12653,25-09-2020,Same Day,126,Product_126,Electronics,1429.54,933.55,2,0.05,361,5
1685,Customer_375,8,Mansoura,07-10-2023,0,12044,07-10-2023,Standard,141,Product_141,Sports,269.14,111.87,1,,452,4
1625,Customer_376,44,Alexandria,08/14/2023,0,13123,08/14/2023,Same Day,147,Product_147,Home Appliances,771.7,523.43,4,,506,1
2311,Customer_377,51,Alexandria,09/06/2021,0,13250,09/06/2021,Express,113,Product_113,Clothing,891.82,357.09,4,0.2,474,6
1853,Customer_378,34,Luxor,07/25/2022,1,13349,07/25/2022,Same Day,112,Product_112,Home Appliances,527.45,359.59,4,,891,4
1961,customer_379,36,Aswan,10/09/2021,0,13310,10/09/2021,Same Day,105,Product_105,Sports,1267.13,679.72,1,,347,4
1154,Customer_380,40,Aswan,28-05-2020,1,10584,28-05-2020,Same Day,102,Product_102,Clothing,1155.51,497.61,4,,1517,2
1489,CUSTOMER_381,63,Alexandria,01/20/2020,0,12386,01/20/2020,Express,104,Product_104,Sports,1095.28,659.63,5,,338,6
2409,Customer_382,16,Giza,27-07-2022,0,11095,27-07-2022,Express,127,Product_127,Electronics,1495.87,1000.37,4,0.1,541,4
1784,Customer_383,33,Cairo,26-06-2023,0,10373,26-06-2023,Express,110,Product_110,Electronics,426.1,226.44,5,,351,5
2127,customer_384,14,Luxor,02/27/2023,0,10579,02/27/2023,Same Day,113,Product_113,Electronics,1116.41,678.12,2,,674,6
2416,Customer_385,45,Cairo,23-07-2020,1,10516,23-07-2020,Standard,144,Product_144,Sports,849.54,589.42,5,0.1,876,4
1245,Customer_386,37,Alexandria,05/30/2020,1,13922,05/30/2020,Standard,102,Product_102,Sports,503.83,237.91,2,,1483,3
2199,Customer_387,43,Mansoura,06-01-2023,0,11261,06-01-2023,Same Day,126,Product_126,Home Appliances,282.85,182.76,1,,726,3
2062,Customer_388,42,Luxor,03/12/2021,0,13537,03/12/2021,Standard,115,Product_115,Clothing,1349.03,659.1,2,0.1,370,10
1758,Customer_389,54,Alexandria,11/02/2022,0,10120,11/02/2022,Standard,146,Product_146,Clothing,913.41,482.19,2,0.05,475,7
1537,Customer_390,48,Giza,27-06-2021,1,11436,27-06-2021,Same Day,110,Product_110,Sports,1246.15,603.8,4,0.05,1284,1
1920,CUSTOMER_391,52,Luxor,09/28/2020,0,11746,09/28/2020,Express,122,Product_122,Sports,840.75,,3,,547,7
1407,Customer_392,24,Luxor,12/15/2021,1,13845,12/15/2021,Standard,140,Product_140,Electronics,368.97,148.15,2,,485,3
1524,Customer_393,57,Aswan,05/20/2020,0,12884,05/20/2020,Express,125,Product_125,Sports,539.45,264.89,5,,1226,3
1827,Customer_394,29,Mansoura,05/15/2021,0,12617,05/15/2021,Standard,115,Product_115,elect,603.23,321.88,1,,518,6
1902,Customer_395,30,Luxor,01/26/2022,0,10042,01/26/2022,Same Day,113,Product_113,Sports,1460.76,861.37,5,,416,5
1035,CUSTOMER_396,44,Mansoura,06-08-2021,1,11527,06-08-2021,Same Day,108,Product_108,Clothing,58.17,34.39,1,,1244,3
1684,Customer_397,44,Alexandria,19-11-2020,0,13268,19-11-2020,Express,121,Product_121,Home Appliances,1479.22,850.75,5,,367,7
1019,Customer_398,23,Giza,06/16/2022,1,12042,06/16/2022,Express,121,Product_121,Sports,1471.67,718.04,2,,930,2
1320,Customer_399,37,Giza,17-01-2023,1,12119,17-01-2023,Express,122,Product_122,Electronics,1494.42,1022.51,3,,715,4
1511,Customer_400,62,Luxor,12/11/2023,0,12138,12/11/2023,Express,146,Product_146,Home Appliances,741.05,383.56,2,,387,2
1399,Customer_401,17,Luxor,09/11/2021,1,13620,09/11/2021,Same Day,133,Product_133,Electronics,1447.52,673.2,4,,844,2
1653,Customer_402,62,Alexandria,06-06-2023,0,10490,06-06-2023,Same Day,145,Product_145,Electronics,623.62,353.19,5,,575,2
1971,Customer_403,36,Aswan,01-09-2023,0,11849,01-09-2023,Same Day,127,Product_127,Home Appliances,88.13,55.05,3,,488,3
1470,Customer_404,4,Aswan,12/19/2022,0,10748,12/19/2022,Express,140,Product_140,Home Appliances,375.3,151.5,5,0.1,344,7
2166,CUSTOMER_405,19,Aswan,17-01-2020,1,13045,17-01-2020,Same Day,122,Product_122,Home Appliances,1420.68,686.05,4,0.1,542,3
2115,customer_406,25,Mansoura,09/29/2023,0,10382,09/29/2023,Same Day,130,Product_130,Sports,69.96,45.3,4,0.05,433,2
2377,Customer_407,30,Aswan,02/09/2023,0,10804,02/09/2023,Standard,109,Product_109,Home Appliances,841.69,464.7,4,,407,6
1833,Customer_408,38,Giza,09/05/2021,0,11489,09/05/2021,Standard,145,Product_145,Sports,159.62,83.41,2,,422,2
1726,Customer_409,0,Mansoura,20-09-2023,0,11177,20-09-2023,Standard,135,Product_135,Clothing,465.28,316.05,2,,417,7
1853,Customer_410,42,Alexandria,07/31/2020,1,12217,07/31/2020,Express,118,Product_118,Clothing,177.73,,3,0.1,891,4
1050,Customer_411,24,Giza,02-10-2020,0,11295,02-10-2020,Express,142,Product_142,Electronics,1296.32,757.92,4,,697,4
1574,Customer_412,60,Giza,06/25/2021,0,10917,06/25/2021,Same Day,105,Product_105,Electronics,907.05,455.93,2,,762,6
2213,Customer_413,35,Cairo,24-08-2020,1,13181,24-08-2020,Same Day,127,Product_127,Sports,1358.05,572.07,1,,1418,3
2148,Customer_414,54,Alexandria,07-08-2020,0,10150,07-08-2020,Express,106,Product_106,Elec,1048.11,486.45,1,,587,2
1149,Customer_415,56,Alexandria,02/07/2023,1,10430,02/07/2023,Standard,132,Product_132,Clothing,1457.99,857.85,2,0.05,694,1
1313,Customer_416,56,Cairo,11/14/2020,0,12498,11/14/2020,Same Day,108,Product_108,Sports,789.32,322.42,3,,742,5
1569,CUSTOMER_417,31,Mansoura,07/11/2021,0,12690,07/11/2021,Standard,139,Product_139,Sports,976.13,563.89,5,,594,4
2365,  Customer_418  ,31,Aswan,07/31/2021,1,12827,07/31/2021,Same Day,121,Product_121,Home Appliances,885.65,608.49,4,,640,4
1304,Customer_419,36,Aswan,23-05-2023,0,12070,23-05-2023,Standard,118,Product_118,Sports,752.18,480.29,2,,522,6
1681,CUSTOMER_420,49,Aswan,03/07/2021,0,12414,03/07/2021,Same Day,114,Product_114,Electronics,1276.64,643.02,3,0.05,349,4
1837,CUSTOMER_421,32,Aswan,09-01-2024,0,10650,09-01-2024,Standard,115,Product_115,Clothing,984.56,434.65,5,,358,5
2077,Customer_422,38,Aswan,12/03/2021,1,10819,12/03/2021,Standard,142,Product_142,Electronics,1211.9,653.84,3,0.05,414,3
2002,Customer_423,44,Cairo,20-02-2021,0,12286,20-02-2021,Express,126,Product_126,Clothing,1190.23,616.4,5,,544,2
1443,Customer_424,26,Alexandria,08-11-2023,0,12481,08-11-2023,Same Day,144,Product_144,Home Appliances,327.02,226.14,1,,420,1
1612,Customer_425,25,Mansoura,22-07-2023,0,12751,22-07-2023,Standard,132,Product_132,Clothing,992.74,691.9,5,0.05,521,7
1992,Customer_426,37,Giza,24-06-2021,0,13198,24-06-2021,Express,139,Product_139,Home Appliances,339.49,177.61,1,0.2,385,6
1263,Customer_427,39,Aswan,11/01/2022,0,10941,11/01/2022,Same Day,128,Product_128,Elec,895.81,398.31,4,,371,2
2076,Customer_428,46,Cairo,27-09-2022,0,10540,27-09-2022,Express,139,Product_139,Home Appliances,1032.28,694.91,2,,827,6
2003,  Customer_429  ,50,Mansoura,29-05-2021,0,12680,29-05-2021,Standard,143,Product_143,Sports,1495.99,954.54,1,,341,3
1004,customer_430,23,Mansoura,14-04-2020,0,12245,14-04-2020,Same Day,132,Product_132,Sports,94.29,52.18,3,,969,3
2126,customer_431,27,Mansoura,07/08/2020,0,11709,07/08/2020,Standard,113,Product_113,Clothing,182.3,92.9,5,,518,4
2219,Customer_432,25,Cairo,23-07-2023,0,13727,23-07-2023,Standard,115,Product_115,Electronics,161.69,86.42,3,,528,5
1773,Customer_433,61,Giza,05/17/2022,0,12529,05/17/2022,Express,118,Product_118,Electronics,627.62,420.86,1,,504,3
1876,Customer_434,38,Aswan,20-07-2021,0,11202,20-07-2021,Standard,139,Product_139,Clothing,1241.3,565.28,3,0.2,428,5
1991,CUSTOMER_435,40,Mansoura,03/31/2020,1,10868,03/31/2020,Same Day,106,Product_106,Sports,1273.88,817.88,5,,1243,3
1883,Customer_436,40,Cairo,01/08/2020,0,12570,01/08/2020,Express,111,Product_111,Home Appliances,1118.62,453.55,2,0.2,348,5
2373,CUSTOMER_437,29,Alexandria,14-11-2021,0,10650,14-11-2021,Standard,132,Product_132,Clothing,1350.47,913.15,3,0.1,579,4
1046,Customer_438,63,Cairo,24-09-2020,1,13006,24-09-2020,Standard,140,Product_140,Home Appliances,518.15,285.03,4,0.1,1273,5
1866,Customer_439,46,Cairo,28-07-2023,0,10436,28-07-2023,Standard,120,Product_120,Home Appliances,177.82,83.22,5,0.2,404,5
1822,Customer_440,40,Cairo,20-06-2021,1,11788,20-06-2021,Express,133,Product_133,Electronics,134.32,53.84,5,0.05,423,5
1935,Customer_441,23,Mansoura,26-11-2020,0,12904,26-11-2020,Same Day,140,Product_140,Sports,1285.59,,4,0.05,468,9
1655,Customer_442,22,Cairo,06/23/2022,0,10313,06/23/2022,Express,108,Product_108,Home Appliances,1109.13,525.0,1,,592,2
1268,Customer_443,35,Alexandria,02/03/2023,0,10018,02/03/2023,Standard,135,Product_135,Sports,1062.99,626.5,4,,348,2
1369,Customer_444,29,Mansoura,16-12-2023,0,11183,16-12-2023,Express,105,Product_105,Electronics,542.53,262.77,1,0.2,382,3
1635,Customer_445,23,Alexandria,05/25/2022,1,10817,05/25/2022,Standard,135,Product_135,Clothing,600.86,256.21,2,,952,1
2129,Customer_446,34,Luxor,22-02-2023,0,10121,22-02-2023,Express,147,Product_147,Clothing,1439.26,793.77,1,,459,4
1656,Customer_447,36,Cairo,01/20/2020,1,12119,01/20/2020,Standard,114,Product_114,Electronics,142.52,81.14,2,0.05,1285,4
1119,Customer_448,42,Aswan,08/17/2020,1,11078,08/17/2020,Express,121,Product_121,Electronics,1171.91,627.88,2,,1598,1
1830,customer_449,32,Aswan,03-06-2020,0,12507,03-06-2020,Standard,147,Product_147,Home Appliances,498.97,268.15,4,0.1,337,5
2081,  Customer_450  ,24,Mansoura,16-11-2023,0,10168,16-11-2023,Standard,124,Product_124,Electronics,106.63,61.51,2,,412,4
2369,  Customer_451  ,25,Aswan,11/01/2020,1,13682,11/01/2020,Express,117,Product_117,Clothing,1126.73,628.61,1,,540,4
1740,Customer_452,58,Mansoura,01/22/2023,1,12629,01/22/2023,Express,118,Product_118,Sports,529.82,233.0,3,,585,2
2497,Customer_453,21,Cairo,14-03-2020,0,11172,14-03-2020,Standard,134,Product_134,Sports,1097.11,503.71,5,0.2,644,5
1116,Customer_454,45,Giza,26-01-2022,0,10628,26-01-2022,Same Day,112,Product_112,Sports,1076.1,476.21,5,,1071,3
1790,CUSTOMER_455,47,Giza,04/07/2023,0,10025,04/07/2023,Standard,116,Product_116,Sports,825.44,501.86,1,0.1,635,3
2150,Customer_456,38,Alexandria,02/05/2023,0,11271,02/05/2023,Standard,104,Product_104,Electronics,1177.19,657.55,3,,696,7
2416,Customer_457,66,Cairo,30-10-2020,1,13968,30-10-2020,Same Day,125,Product_125,Electronics,892.51,472.1,2,,876,4
2012,Customer_458,47,Aswan,05/30/2022,0,12768,05/30/2022,Standard,134,Product_134,Sports,465.62,297.76,1,,682,5
2081,Customer_459,67,Cairo,09/18/2020,0,13298,09/18/2020,Express,128,Product_128,Electronics,1114.47,554.71,2,,412,4
1633,Customer_460,30,Luxor,03/26/2020,0,11946,03/26/2020,Express,146,Product_146,Home Appliances,904.25,515.81,4,,538,6
1512,Customer_461,30,Giza,09/23/2021,1,13697,09/23/2021,Same Day,111,Product_111,Electronics,68.45,28.91,3,,625,3
1801,CUSTOMER_462,47,Aswan,16-01-2022,0,11729,16-01-2022,Standard,113,Product_113,Home Appliances,1357.38,846.08,5,,365,6
2119,Customer_463,36,Giza,03/22/2020,1,13555,03/22/2020,Express,131,Product_131,Home Appliances,841.18,511.91,1,,849,3
2141,Customer_464,65,Cairo,02-01-2022,1,11856,02-01-2022,Standard,125,Product_125,Electronics,1309.51,839.02,5,0.1,681,7
1559,Customer_465,45,Aswan,03/06/2021,0,11033,03/06/2021,Same Day,139,Product_139,Sports,1329.97,884.89,2,,809,7
1487,CUSTOMER_466,24,Alexandria,28-10-2023,0,11118,28-10-2023,Express,110,Product_110,Home Appliances,695.2,436.17,2,,330,5
2260,Customer_467,13,Cairo,26-05-2021,1,12168,26-05-2021,Same Day,124,Product_124,Electronics,786.11,513.6,4,,799,4
1896,  Customer_468  ,38,Alexandria,09/27/2023,1,10125,09/27/2023,Standard,101,Product_101,Clothing,652.84,328.83,2,0.2,462,2
2295,Customer_469,38,Aswan,07/29/2020,1,12596,07/29/2020,Standard,125,Product_125,Sports,701.68,352.95,2,0.1,1617,1
2212,customer_470,44,Giza,12/25/2021,1,11092,12/25/2021,Standard,128,Product_128,Clothing,1347.96,921.05,5,0.1,1103,1
1703,customer_471,58,Luxor,20-02-2023,0,12344,20-02-2023,Same Day,136,Product_136,Home Appliances,1192.81,804.4,5,,681,6
2470,customer_472,56,Mansoura,12-04-2022,1,10685,12-04-2022,Express,118,Product_118,Clothing,233.46,131.8,1,0.1,995,1
1580,Customer_473,31,Giza,25-06-2023,0,13572,25-06-2023,Same Day,106,Product_106,Electronics,934.95,476.79,1,0.05,387,5
1789,customer_474,20,Alexandria,11/12/2020,0,10972,11/12/2020,Express,102,Product_102,Sports,1494.06,,2,0.2,356,3
1860,Customer_475,21,Cairo,29-04-2021,1,13116,29-04-2021,Standard,103,Product_103,Home Appliances,913.55,454.06,3,,1094,3
1246,Customer_476,28,Aswan,11/28/2020,1,10634,11/28/2020,Standard,146,Product_146,Electronics,1189.51,530.63,1,0.2,497,4
2099,Customer_477,150,Giza,28-12-2020,0,12429,28-12-2020,Same Day,108,Product_108,Sports,1165.14,689.59,2,,909,4
1153,Customer_478,44,Luxor,24-04-2022,0,12007,24-04-2022,Express,131,Product_131,Home Appliances,557.96,230.32,5,,423,8
2458,Customer_479,27,Aswan,20-02-2020,0,11050,20-02-2020,Standard,148,Product_148,Home Appliances,589.18,302.68,4,,547,5
1996,Customer_480,44,Alexandria,02-01-2021,0,10704,02-01-2021,Standard,119,Product_119,Home Appliances,1099.91,706.47,5,,1190,3
2109,Customer_481,45,Aswan,11/11/2021,0,12544,11/11/2021,Same Day,106,Product_106,Home Appliances,774.98,378.63,5,,622,5
1696,Customer_482,42,Aswan,04/23/2022,1,12899,04/23/2022,Same Day,114,Product_114,Clothing,877.33,596.05,4,,351,2
2308,Customer_483,23,Cairo,03-10-2023,1,13207,03-10-2023,Express,103,Product_103,Clothing,1083.71,,5,0.05,456,4
2243,Customer_484,47,Mansoura,05/23/2021,0,10706,05/23/2021,Standard,148,Product_148,Clothing,1177.48,759.17,1,,437,8
2092,  Customer_485  ,71,Alexandria,30-06-2021,0,13120,30-06-2021,Express,101,Product_101,Home Appliances,443.7,308.95,5,,410,5
2070,Customer_486,43,Cairo,22-11-2020,0,11631,22-11-2020,Express,144,Product_144,Clothing,262.85,146.99,4,,367,6
2008,Customer_487,-4,Mansoura,07-12-2023,1,13578,07-12-2023,Express,130,Product_130,Sports,473.1,270.03,2,0.2,391,5
1093,  Customer_488  ,58,Cairo,08/09/2020,1,12027,08/09/2020,Same Day,146,Product_146,Home Appliances,785.93,511.52,2,,1606,1
1957,Customer_489,29,Mansoura,02/22/2022,0,12168,02/22/2022,Express,119,Product_119,Sports,546.1,299.18,2,,390,7
2011,Customer_490,73,Mansoura,20-03-2020,1,13832,20-03-2020,Express,119,Product_119,Sports,874.13,456.31,4,0.05,1348,5
1452,Customer_491,41,Mansoura,21-08-2022,0,12008,21-08-2022,Express,109,Product_109,Clothing,127.53,74.53,4,,334,5
2227,Customer_492,14,Cairo,31-03-2021,0,13288,31-03-2021,Same Day,107,Product_107,Home Appliances,789.14,471.35,1,,568,5
1911,Customer_493,9,Aswan,02/12/2021,1,10625,02/12/2021,Same Day,146,Product_146,Clothing,583.58,364.89,4,,1332,2
1217,Customer_494,63,Mansoura,07/31/2022,0,10525,07/31/2022,Standard,137,Product_137,Clothing,825.27,495.54,2,,483,5
1473,Customer_495,56,Aswan,17-12-2021,1,11597,17-12-2021,Same Day,141,Product_141,Clothing,662.67,413.32,4,,1111,3
1431,Customer_496,73,Alexandria,17-09-2021,1,11066,17-09-2021,Same Day,107,Product_107,Home Appliances,462.13,278.37,3,,421,4
1340,CUSTOMER_497,40,Luxor,11-04-2021,0,11946,11-04-2021,Express,109,Product_109,Home Appliances,1360.96,740.54,5,0.2,338,4
1550,Customer_498,39,Aswan,04/01/2021,1,12799,04/01/2021,Standard,104,Product_104,Clothing,317.91,140.03,1,,441,3
2312,Customer_499,34,Luxor,18-02-2020,0,10095,18-02-2020,Same Day,125,Product_125,Sports,1037.98,659.77,2,,622,7
2277,CUSTOMER_500,30,Mansoura,09/13/2023,0,12074,09/13/2023,Standard,149,Product_149,Sports,1390.73,569.13,2,0.2,476,5
1356,Customer_501,34,Luxor,01/30/2021,0,10835,01/30/2021,Express,112,Product_112,Home Appliances,831.07,579.88,3,,708,2
1022,Customer_502,43,Luxor,27-03-2022,0,11918,27-03-2022,Same Day,106,Product_106,Electronics,1320.79,856.58,1,,414,5
1521,Customer_503,27,Mansoura,03-11-2021,0,11265,03-11-2021,Express,118,Product_118,Clothing,231.03,138.91,5,,869,2
2123,Customer_504,14,Aswan,07/24/2021,1,12534,07/24/2021,Express,140,Product_140,Clothing,765.99,528.52,1,,1257,5
1801,Customer_505,42,Mansoura,05/22/2020,0,11994,05/22/2020,Standard,121,Product_121,Elec,712.69,416.03,1,,365,6
2203,Customer_506,27,Alexandria,25-07-2021,1,10239,25-07-2021,Same Day,115,Product_115,Home Appliances,61.77,25.75,2,0.2,1251,3
2246,  Customer_507  ,-8,Giza,12/20/2021,0,11327,12/20/2021,Standard,103,Product_103,Sports,692.72,,4,,492,8
1761,Customer_508,48,Cairo,06-08-2023,0,12114,06-08-2023,Express,102,Product_102,Home Appliances,585.09,282.69,5,,514,3
1441,customer_509,23,Mansoura,09-11-2022,0,13352,09-11-2022,Same Day,141,Product_141,Sports,1021.21,521.68,1,0.2,686,5
1768,Customer_510,49,Mansoura,03/29/2022,1,13263,03/29/2022,Express,140,Product_140,Sports,1410.58,758.72,3,0.2,337,3
2015,customer_511,49,Luxor,23-10-2023,0,11142,23-10-2023,Standard,104,Product_104,Home Appliances,174.4,110.29,2,,436,3
2348,  Customer_512  ,44,Alexandria,03-01-2023,1,13223,03-01-2023,Standard,132,Product_132,Clothing,524.84,289.12,4,0.1,729,4
1515,Customer_513,77,Luxor,11/09/2021,0,13848,11/09/2021,Express,102,Product_102,Clothing,693.89,376.37,4,,514,7
2039,Customer_514,37,Aswan,02/26/2020,0,11415,02/26/2020,Standard,146,Product_146,Clothing,710.02,348.33,2,,738,4
1791,Customer_515,35,Mansoura,08/24/2020,1,12278,08/24/2020,Standard,129,Product_129,Sports,1173.47,659.45,1,,648,4
1335,Customer_516,50,Mansoura,06/18/2021,0,12398,06/18/2021,Express,102,Product_102,Clothing,692.92,328.8,2,,516,6
1257,customer_517,39,Luxor,31-12-2020,0,10760,31-12-2020,Same Day,134,Product_134,Sports,89.38,42.75,4,,333,3
1496,Customer_518,57,Mansoura,04-04-2023,0,13642,04-04-2023,Same Day,127,Product_127,Clothing,1079.65,677.13,4,,351,5
1895,Customer_519,20,Aswan,06/27/2021,0,11552,06/27/2021,Same Day,139,Product_139,Home Appliances,1333.0,670.18,3,,507,3
1159,Customer_520,21,Giza,03/19/2020,0,13242,03/19/2020,Express,144,Product_144,Elec,795.16,330.33,3,,546,6
2498,Customer_521,51,Cairo,10-08-2020,1,10862,10-08-2020,Express,138,Product_138,Sports,892.61,449.07,4,,1605,2
1851,Customer_522,22,Cairo,06-05-2023,1,11155,06-05-2023,Standard,118,Product_118,Home Appliances,286.26,169.34,3,0.2,606,1
1689,Customer_523,49,Cairo,08-06-2022,0,10356,08-06-2022,Same Day,136,Product_136,Sports,369.94,238.31,3,0.05,679,7
1379,  Customer_524  ,-10,Giza,12/08/2021,1,11671,12/08/2021,Standard,119,Product_119,Sports,391.0,269.24,3,,1120,2
1956,Customer_525,29,Mansoura,02/01/2024,0,13113,02/01/2024,Express,127,Product_127,Home Appliances,674.58,420.85,4,0.2,335,7
1690,CUSTOMER_526,45,Luxor,10/04/2021,1,11328,10/04/2021,Same Day,145,Product_145,Clothing,1395.81,737.9,1,,1108,4
2450,Customer_527,21,Alexandria,12-06-2022,0,11029,12-06-2022,Express,120,Product_120,Sports,806.59,395.02,1,,487,4
2291,Customer_528,25,Mansoura,26-05-2023,0,12376,26-05-2023,Standard,121,Product_121,Electronics,328.54,144.19,5,,586,6
2440,Customer_529,36,Giza,11/13/2022,0,13241,11/13/2022,Standard,123,Product_123,Electronics,435.83,256.4,3,,453,4
2191,Customer_530,41,Aswan,08/24/2020,0,11991,08/24/2020,Express,130,Product_130,Home Appliances,606.82,335.55,1,0.05,402,6
2066,Customer_531,35,Giza,27-02-2022,1,13871,27-02-2022,Express,125,Product_125,Electronics,953.73,575.4,5,0.2,1039,1
1284,Customer_532,46,Cairo,03/26/2023,0,12958,03/26/2023,Same Day,131,Product_131,Home Appliances,688.05,324.17,2,,647,4
1396,Customer_533,45,Mansoura,24-01-2021,0,12385,24-01-2021,Express,127,Product_127,Home Appliances,619.05,307.73,3,,384,7
1011,Customer_534,62,Cairo,05-06-2021,0,13798,05-06-2021,Standard,134,Product_134,Sports,868.86,423.68,1,,588,5
2325,Customer_535,38,Alexandria,03/31/2020,0,13140,03/31/2020,Standard,108,Product_108,Home Appliances,400.66,256.14,1,,603,5
2276,Customer_536,57,Aswan,22-12-2023,0,10881,22-12-2023,Express,119,Product_119,Home Appliances,164.41,74.21,1,0.05,342,5
1498,Customer_537,53,Cairo,12-06-2022,0,10538,12-06-2022,Express,141,Product_141,Clothing,85.4,49.75,5,,914,6
1753,Customer_538,74,Alexandria,04-01-2020,0,10736,04-01-2020,Same Day,126,Product_126,Sports,414.33,172.12,2,,392,4
1034,Customer_539,38,Giza,30-11-2022,0,11857,30-11-2022,Standard,128,Product_128,Electronics,182.81,103.26,3,0.1,763,3
1726,Customer_540,33,Cairo,07-01-2023,0,11530,07-01-2023,Standard,104,Product_104,Clothing,537.69,,1,,417,7
1848,CUSTOMER_541,58,Cairo,07-11-2023,0,11769,07-11-2023,Standard,131,Product_131,Clothing,1170.75,530.07,4,0.2,421,3
1089,CUSTOMER_542,45,Luxor,13-01-2024,0,13557,13-01-2024,Express,116,Product_116,Sports,1088.63,472.36,3,,354,5
1775,customer_543,59,Aswan,05-10-2023,0,10442,05-10-2023,Standard,110,Product_110,Sports,935.85,471.68,4,,454,7
1604,Customer_544,50,Aswan,02/07/2021,0,10923,02/07/2021,Express,138,Product_138,Clothing,1286.13,647.08,5,,630,4
1969,  Customer_545  ,8,Giza,01/15/2022,1,12967,01/15/2022,Same Day,148,Product_148,Sports,459.0,297.4,1,,1082,1
2021,CUSTOMER_546,45,Luxor,02-06-2022,0,12098,02-06-2022,Express,110,Product_110,Sports,1333.33,623.61,3,0.1,457,4
1417,Customer_547,44,Alexandria,23-05-2020,1,12196,23-05-2020,Same Day,145,Product_145,Home Appliances,628.9,267.86,3,,988,2
1114,Customer_548,41,Alexandria,22-09-2023,0,11950,22-09-2023,Same Day,109,Product_109,Sports,631.3,366.82,1,0.2,467,3
1616,CUSTOMER_549,38,Giza,11/07/2021,1,11610,11/07/2021,Express,139,Product_139,Home Appliances,637.76,386.63,2,,1151,1
2219,  Customer_550  ,16,Aswan,06/30/2023,0,11841,06/30/2023,Same Day,136,Product_136,Clothing,192.24,93.9,5,0.2,528,5
1825,Customer_551,53,Alexandria,04-10-2021,1,13163,04-10-2021,Express,136,Product_136,Clothing,1464.46,850.62,1,0.2,1185,3
2098,Customer_552,45,Giza,09/20/2023,0,10367,09/20/2023,Standard,119,Product_119,elect,250.83,158.73,3,,469,6
1412,Customer_553,56,Alexandria,09/12/2020,0,10579,09/12/2020,Express,119,Product_119,Sports,544.28,274.46,2,,721,3
2399,Customer_554,16,Mansoura,14-01-2024,0,11770,14-01-2024,Same Day,112,Product_112,Clothing,512.99,286.05,3,0.1,353,5
2443,  Customer_555  ,47,Cairo,07-09-2021,1,13945,07-09-2021,Same Day,113,Product_113,Home Appliances,158.29,70.28,4,,1212,4
1728,CUSTOMER_556,36,Aswan,04-11-2022,0,10655,04-11-2022,Standard,125,Product_125,Clothing,270.78,110.23,3,0.1,789,4
2300,Customer_557,42,Mansoura,25-09-2021,1,12123,25-09-2021,Express,136,Product_136,Sports,115.04,79.88,5,,497,5
2020,customer_558,36,Giza,09/27/2023,0,13157,09/27/2023,Standard,125,Product_125,Electronics,473.99,232.22,1,0.05,434,3
1760,customer_559,48,Giza,04/16/2022,0,10226,04/16/2022,Same Day,128,Product_128,Electronics,1306.65,631.99,3,,633,6
1675,Customer_560,37,Mansoura,30-10-2021,0,13434,30-10-2021,Express,142,Product_142,Clothing,542.19,375.18,4,0.05,1030,4
2417,CUSTOMER_561,24,Cairo,04-04-2022,0,10958,04-04-2022,Same Day,139,Product_139,Electronics,229.35,141.85,4,,1003,4
1456,Customer_562,41,Cairo,11/28/2023,0,13639,11/28/2023,Express,130,Product_130,Sports,986.26,567.68,1,0.1,400,6
1919,customer_563,36,Luxor,28-08-2021,0,10591,28-08-2021,Standard,105,Product_105,Sports,1495.07,911.69,4,,404,3
1191,Customer_564,38,Alexandria,09-02-2023,0,10023,09-02-2023,Standard,117,Product_117,Electronics,386.87,237.14,1,,692,4
1738,customer_565,-7,Luxor,09/17/2020,0,11762,09/17/2020,Same Day,118,Product_118,Home Appliances,455.38,286.43,5,0.2,704,3
2122,  Customer_566  ,50,Cairo,01/27/2021,0,12075,01/27/2021,Standard,143,Product_143,Electronics,1459.18,613.08,1,0.05,541,9
1977,CUSTOMER_567,35,Mansoura,05/11/2022,1,12168,05/11/2022,Standard,147,Product_147,Electronics,309.23,161.99,2,0.2,966,3
2008,Customer_568,19,Alexandria,23-09-2023,1,11513,23-09-2023,Same Day,121,Product_121,Clothing,791.26,386.56,4,,391,5
1095,Customer_569,53,Mansoura,15-02-2022,1,13676,15-02-2022,Same Day,122,Product_122,Home Appliances,397.5,167.42,4,,351,4
1662,Customer_570,49,Luxor,10/19/2023,0,10852,10/19/2023,Same Day,139,Product_139,Electronics,1401.91,734.29,3,,440,3
2213,customer_571,35,Giza,12/22/2020,1,12671,12/22/2020,Express,106,Product_106,Clothing,1473.21,861.61,2,,1418,3
1036,Customer_572,22,Mansoura,14-06-2023,1,12937,14-06-2023,Same Day,116,Product_116,Clothing,1231.31,558.46,3,,567,3
2392,Customer_573,42,Luxor,03/11/2023,0,11368,03/11/2023,Express,102,Product_102,Clothing,506.44,248.92,1,,543,5
1278,  Customer_574  ,41,Luxor,08-09-2021,1,12022,08-09-2021,Same Day,101,Product_101,Sports,635.06,375.8,5,0.2,804,3
1216,customer_575,53,Luxor,11-04-2022,0,12078,11-04-2022,Express,130,Product_130,Clothing,401.34,230.29,4,,517,5
1866,Customer_576,33,Giza,01/27/2023,0,11678,01/27/2023,Same Day,143,Product_143,Clothing,1341.6,886.31,5,0.2,404,5
1872,Customer_577,57,Giza,01-01-2020,0,13950,01-01-2020,Express,137,Product_137,Sports,1376.11,877.09,1,,403,5
2296,Customer_578,31,Giza,14-09-2021,0,13881,14-09-2021,Standard,148,Product_148,Sports,657.36,453.37,1,0.2,481,5
1061,CUSTOMER_579,19,Alexandria,08/10/2021,0,13298,08/10/2021,Same Day,123,Product_123,Clothing,1001.97,580.3,2,,331,3
1595,Customer_580,23,Giza,03/06/2021,1,12917,03/06/2021,Same Day,101,Product_101,Electronics,290.05,176.8,3,0.05,839,4
1728,Customer_581,39,Giza,30-05-2022,0,13321,30-05-2022,Express,119,Product_119,Home Appliances,680.66,447.98,4,,789,4
2365,Customer_582,39,Giza,02-04-2023,1,10049,02-04-2023,Standard,146,Product_146,Sports,965.67,629.61,4,0.2,640,4
1396,Customer_583,44,Mansoura,27-05-2023,0,12773,27-05-2023,Standard,103,Product_103,Home Appliances,608.83,374.81,5,,384,7
1698,CUSTOMER_584,38,Giza,02-09-2023,0,11915,02-09-2023,Express,102,Product_102,Sports,568.52,312.73,2,,487,3
2042,Customer_585,54,Alexandria,10/21/2021,0,12436,10/21/2021,Same Day,137,Product_137,Clothing,51.45,24.8,1,,984,3
1176,  Customer_586  ,36,Luxor,08/10/2022,1,12991,08/10/2022,Standard,117,Product_117,Sports,1216.23,806.56,2,,496,5
1395,Customer_587,10,Mansoura,23-06-2022,0,11804,23-06-2022,Same Day,128,Product_128,Clothing,1339.54,847.92,4,0.1,787,5
1444,Customer_588,38,Cairo,06/24/2022,0,13359,06/24/2022,Express,118,Product_118,Home Appliances,1455.72,948.22,3,,688,7
2256,Customer_589,9,Giza,10/15/2023,0,11730,10/15/2023,Same Day,133,Product_133,Elec,1092.94,,5,0.05,329,8
1075,Customer_590,-10,Luxor,03/13/2021,0,11789,03/13/2021,Standard,115,Product_115,Clothing,845.75,418.18,1,,374,3
1264,  Customer_591  ,55,Luxor,11/12/2022,1,13662,11/12/2022,Express,122,Product_122,Home Appliances,440.46,232.33,1,0.2,558,3
1454,Customer_592,25,Mansoura,08/27/2022,0,11014,08/27/2022,Standard,141,Product_141,Home Appliances,1498.98,976.59,1,0.2,561,7
1717,CUSTOMER_593,61,Cairo,13-12-2020,1,12522,13-12-2020,Same Day,127,Product_127,Sports,905.14,604.51,3,,873,3
1734,  Customer_594  ,52,Aswan,11-09-2023,1,12803,11-09-2023,Same Day,137,Product_137,Clothing,1037.67,503.76,4,,478,2
2407,Customer_595,58,Alexandria,22-06-2020,1,12650,22-06-2020,Express,132,Product_132,Home Appliances,1039.49,629.86,4,,1654,2
1850,Customer_596,42,Aswan,04-08-2021,1,12973,04-08-2021,Standard,145,Product_145,Electronics,1275.62,540.03,2,,629,4
2390,Customer_597,25,Luxor,11/21/2022,0,11029,11/21/2022,Standard,119,Product_119,Sports,64.03,33.48,2,,385,5
1143,CUSTOMER_598,51,Aswan,09/21/2023,1,12840,09/21/2023,Standard,128,Product_128,Sports,369.36,201.67,4,,468,3
1884,customer_599,30,Luxor,20-07-2023,0,10411,20-07-2023,Express,128,Product_128,Home Appliances,1015.02,639.15,1,,531,2
2092,Customer_600,41,Aswan,06/22/2023,0,11981,06/22/2023,Same Day,110,Product_110,Clothing,1347.96,899.89,3,,410,5
2122,Customer_601,37,Luxor,17-11-2021,0,10661,17-11-2021,Same Day,120,Product_120,Sports,1043.74,523.11,4,,541,9
1395,customer_602,56,Luxor,07/10/2020,0,11347,07/10/2020,Same Day,125,Product_125,Clothing,649.56,362.66,3,,787,5
2048,Customer_603,50,Mansoura,26-04-2021,1,13470,26-04-2021,Standard,121,Product_121,Home Appliances,574.26,341.25,5,,1145,3
1947,Customer_604,38,Cairo,10/09/2023,1,11305,10/09/2023,Express,114,Product_114,Home Appliances,1120.02,558.45,1,,450,4
1890,CUSTOMER_605,10,Luxor,27-09-2021,0,10190,27-09-2021,Standard,122,Product_122,Clothing,1124.79,782.47,5,,830,6
2492,Customer_606,30,Alexandria,05-04-2021,1,12833,05-04-2021,Express,126,Product_126,Electronics,930.23,616.49,4,,892,4
2174,CUSTOMER_607,50,Alexandria,02/11/2021,0,10584,02/11/2021,Standard,144,Product_144,Sports,472.63,231.08,2,0.1,407,2
2167,Customer_608,44,Giza,10/28/2020,0,10958,10/28/2020,Express,111,Product_111,Home Appliances,1391.47,768.63,4,,367,5
1568,Customer_609,17,Luxor,02/20/2020,0,11853,02/20/2020,Standard,107,Product_107,Electronics,850.23,398.97,5,0.1,930,3
2062,Customer_610,12,Luxor,04-04-2020,0,10499,04-04-2020,Standard,117,Product_117,Electronics,1196.21,663.12,3,,370,10
1108,Customer_611,42,Luxor,05/16/2021,0,10579,05/16/2021,Express,118,Product_118,Clothing,360.75,218.25,4,,407,5
2065,Customer_612,24,Aswan,31-08-2022,1,10815,31-08-2022,Same Day,107,Product_107,Clothing,548.86,233.63,2,,854,2
2209,Customer_613,25,Luxor,05-06-2023,0,13505,05-06-2023,Same Day,120,Product_120,Clothing,1318.14,871.34,5,,576,2
1934,Customer_614,50,Luxor,29-05-2020,1,13134,29-05-2020,Express,138,Product_138,Electronics,122.66,70.91,4,0.05,776,2
1397,customer_615,58,Alexandria,21-07-2022,0,11476,21-07-2022,Express,111,Product_111,Sports,792.86,552.53,5,,434,5
2246,Customer_616,28,Cairo,28-04-2022,0,11516,28-04-2022,Same Day,144,Product_144,Clothing,748.47,305.13,5,0.2,492,8
1633,  Customer_617  ,39,Cairo,07/13/2023,0,11669,07/13/2023,Standard,116,Product_116,Sports,1139.28,739.9,1,,538,6
2156,Customer_618,200,Giza,24-03-2023,0,13513,24-03-2023,Same Day,127,Product_127,Clothing,458.75,292.49,3,,476,3
2186,Customer_619,37,Alexandria,02-02-2021,0,12037,02-02-2021,Express,111,Product_111,Electronics,367.65,161.71,1,,338,5
2238,Customer_620,40,Luxor,11-01-2024,0,11330,11-01-2024,Standard,116,Product_116,Sports,1392.89,697.27,5,,356,3
1732,Customer_621,51,Cairo,27-11-2023,0,10779,27-11-2023,Express,123,Product_123,Sports,878.98,584.91,2,,371,3
1234,Customer_622,29,Mansoura,25-02-2022,1,13806,25-02-2022,Same Day,112,Product_112,Electronics,201.8,112.11,2,,1041,6
1657,Customer_623,17,Mansoura,10/09/2022,0,12990,10/09/2022,Standard,140,Product_140,Sports,329.9,171.67,1,0.05,350,3
1750,Customer_624,65,Mansoura,29-03-2022,0,11149,29-03-2022,Same Day,103,Product_103,Electronics,1498.3,1006.33,2,0.05,414,5
1587,customer_625,56,Luxor,05/14/2021,0,12312,05/14/2021,Same Day,102,Product_102,Electronics,333.63,142.79,5,,427,8
2032,CUSTOMER_626,23,Luxor,10/29/2020,1,10006,10/29/2020,Same Day,138,Product_138,Home Appliances,935.19,506.81,4,,1525,1
2097,Customer_627,42,Giza,05-09-2023,0,11436,05-09-2023,Standard,148,Product_148,Clothing,659.19,392.69,5,,484,3
1953,  Customer_628  ,55,Giza,11/09/2023,0,13277,11/09/2023,Same Day,124,Product_124,Home Appliances,1334.12,777.21,4,,344,2
1491,Customer_629,51,Giza,12-01-2020,1,13250,12-01-2020,Standard,129,Product_129,Electronics,1144.99,548.77,2,0.05,1670,3
1912,  Customer_630  ,46,Aswan,06-08-2020,0,13539,06-08-2020,Same Day,147,Product_147,Electronics,915.58,520.96,3,,507,3
2276,Customer_631,-5,Mansoura,05/20/2022,0,13567,05/20/2022,Same Day,146,Product_146,Sports,65.57,40.17,3,0.1,342,5
2253,Customer_632,65,Luxor,03/24/2021,1,10694,03/24/2021,Express,134,Product_134,Electronics,1325.7,762.89,5,0.2,1209,2
2197,CUSTOMER_633,43,Mansoura,26-12-2020,1,10991,26-12-2020,Same Day,120,Product_120,Electronics,694.77,420.57,5,,1467,1
2191,Customer_634,32,Giza,11/26/2023,0,11466,11/26/2023,Standard,118,Product_118,Electronics,1400.79,667.93,2,,402,6
1169,Customer_635,53,Luxor,11/26/2022,0,11975,11/26/2022,Express,114,Product_114,Clothing,768.53,499.43,3,,767,5
2416,Customer_636,41,Alexandria,09-08-2022,1,12965,09-08-2022,Standard,118,Product_118,Home Appliances,1056.63,565.2,3,,876,4
1945,CUSTOMER_637,45,Cairo,04/12/2020,0,13299,04/12/2020,Same Day,102,Product_102,Home Appliances,150.47,104.75,5,,430,5
1794,customer_638,43,Cairo,15-02-2023,1,10747,15-02-2023,Express,101,Product_101,Clothing,1130.47,460.09,3,0.1,606,3
1633,Customer_639,47,Giza,05/25/2021,0,10145,05/25/2021,Express,120,Product_120,Clothing,540.09,277.66,5,,538,6
2217,Customer_640,25,Mansoura,05-09-2020,1,13641,05-09-2020,Express,134,Product_134,Clothing,559.47,254.08,1,0.05,1032,2
1028,Customer_641,18,Alexandria,23-07-2022,0,13367,23-07-2022,Standard,141,Product_141,Home Appliances,222.05,125.83,3,0.05,442,6
2188,Customer_642,61,Luxor,30-09-2020,0,12288,30-09-2020,Express,141,Product_141,Home Appliances,262.94,124.36,4,0.1,606,3
2445,CUSTOMER_643,43,Mansoura,09-08-2022,0,10856,09-08-2022,Express,148,Product_148,Electronics,319.35,198.39,2,,495,4
1338,Customer_644,51,Giza,09/29/2023,0,10286,09/29/2023,Standard,111,Product_111,Home Appliances,525.9,349.49,5,0.1,460,5
2388,  Customer_645  ,13,Mansoura,12/23/2022,1,10951,12/23/2022,Standard,127,Product_127,Sports,1343.36,622.33,3,,740,3
2365,Customer_646,56,Giza,02/18/2023,1,13746,02/18/2023,Standard,123,Product_123,Home Appliances,583.98,261.74,3,,640,4
1499,Customer_647,32,Aswan,04-05-2023,0,10025,04-05-2023,Same Day,138,Product_138,Clothing,1100.33,,5,0.2,608,5
1510,Customer_648,-10,Cairo,10/11/2021,0,10451,10/11/2021,Standard,144,Product_144,Home Appliances,169.98,86.41,4,0.2,532,5
2350,  Customer_649  ,39,Cairo,06/25/2022,0,12153,06/25/2022,Standard,103,Product_103,Elec,907.09,481.1,3,,443,3
1216,Customer_650,25,Mansoura,06/08/2023,0,10239,06/08/2023,Express,112,Product_112,Home Appliances,748.74,349.13,1,0.1,517,5
2324,Customer_651,39,Alexandria,01/13/2024,0,13923,01/13/2024,Same Day,130,Product_130,Clothing,1468.04,,2,,354,7
2155,Customer_652,37,Luxor,10/30/2022,1,13489,10/30/2022,Express,131,Product_131,Sports,1277.0,599.41,5,,794,2
2093,Customer_653,55,Giza,23-05-2022,0,10331,23-05-2022,Standard,123,Product_123,Clothing,709.5,425.54,3,,494,5
2275,Customer_654,62,Luxor,01/27/2023,0,12959,01/27/2023,Standard,101,Product_101,Sports,1173.96,645.28,2,,552,5
2438,Customer_655,62,Cairo,07/02/2022,0,11914,07/02/2022,Express,141,Product_141,Electronics,329.91,209.96,5,,914,4
1444,Customer_656,6,Alexandria,11/21/2020,0,11065,11/21/2020,Same Day,120,Product_120,Electronics,865.39,427.35,5,,688,7
1875,  Customer_657  ,25,Alexandria,30-08-2022,1,10644,30-08-2022,Same Day,106,Product_106,Home Appliances,158.2,87.28,5,,855,3
2205,Customer_658,5,Luxor,10-07-2022,0,11852,10-07-2022,Express,111,Product_111,Electronics,554.73,265.08,4,,409,7
1166,Customer_659,22,Cairo,06/14/2021,0,13627,06/14/2021,Standard,135,Product_135,Electronics,377.5,256.83,1,,333,3
1090,Customer_660,30,Luxor,05/21/2021,1,10034,05/21/2021,Same Day,104,Product_104,Clothing,1092.42,608.02,5,,1321,1
1713,Customer_661,46,Mansoura,29-07-2023,0,12923,29-07-2023,Same Day,129,Product_129,Clothing,760.63,343.83,4,,522,8
1038,Customer_662,32,Alexandria,07/21/2021,0,13418,07/21/2021,Express,110,Product_110,Home Appliances,1139.05,548.83,5,,461,5
2149,Customer_663,32,Alexandria,03-12-2022,0,12431,03-12-2022,Same Day,129,Product_129,Home Appliances,797.18,338.7,5,,760,2
2474,Customer_664,42,Mansoura,09/19/2022,0,13584,09/19/2022,Standard,138,Product_138,Home Appliances,175.4,71.62,4,,551,6
1172,Customer_665,14,Cairo,07-07-2023,0,13809,07-07-2023,Express,101,Product_101,Home Appliances,1116.28,622.63,1,,544,5
1652,Customer_666,27,Alexandria,04-05-2021,1,10810,04-05-2021,Same Day,140,Product_140,Clothing,1258.18,630.52,2,,1057,3
1753,CUSTOMER_667,32,Aswan,07/16/2021,0,11311,07/16/2021,Standard,108,Product_108,Home Appliances,1360.12,937.3,3,0.2,392,4
2243,  Customer_668  ,36,Aswan,06/19/2022,0,12795,06/19/2022,Standard,138,Product_138,Home Appliances,879.39,396.96,5,,437,8
2081,Customer_669,41,Aswan,07-06-2020,0,11894,07-06-2020,Express,117,Product_117,Electronics,1142.7,,1,,412,4
1475,Customer_670,62,Giza,01-01-2024,0,13006,01-01-2024,Express,119,Product_119,Home Appliances,1140.46,564.29,3,,366,7
1455,Customer_671,53,Giza,08/08/2021,0,11056,08/08/2021,Standard,133,Product_133,Sports,275.84,128.83,5,,347,6
1828,Customer_672,28,Cairo,25-04-2021,1,12142,25-04-2021,Standard,115,Product_115,Elec,288.12,199.06,3,,505,2
1894,Customer_673,36,Mansoura,10-07-2021,0,13067,10-07-2021,Same Day,145,Product_145,Clothing,152.78,97.9,4,0.2,742,6
2384,CUSTOMER_674,35,Luxor,11/18/2021,0,10204,11/18/2021,Same Day,131,Product_131,Sports,513.87,302.77,1,,426,4
2024,Customer_675,32,Cairo,16-10-2021,0,13692,16-10-2021,Same Day,121,Product_121,Home Appliances,736.59,448.68,1,,614,5
1386,customer_676,44,Luxor,11-01-2023,0,12881,11-01-2023,Same Day,103,Product_103,Elec,1496.95,1043.99,2,,721,7
1347,customer_677,12,Cairo,14-06-2020,0,12077,14-06-2020,Same Day,102,Product_102,Home Appliances,674.94,390.09,2,,890,4
1189,CUSTOMER_678,53,Giza,10-10-2020,0,12313,10-10-2020,Express,135,Product_135,Electronics,1103.05,474.94,3,0.2,580,6
1504,Customer_679,65,Aswan,04-11-2020,0,12070,04-11-2020,Same Day,141,Product_141,Home Appliances,1055.43,442.71,4,,812,5
2214,Customer_680,35,Mansoura,04/18/2021,0,12656,04/18/2021,Same Day,116,Product_116,Sports,346.5,207.89,3,,1012,3
2392,customer_681,35,Giza,23-02-2022,0,10038,23-02-2022,Same Day,145,Product_145,Clothing,134.84,80.54,5,,543,5
2432,  Customer_682  ,42,Mansoura,11/22/2023,0,10172,11/22/2023,Standard,121,Product_121,Sports,841.71,525.61,1,,406,3
1823,customer_683,55,Luxor,08-11-2020,0,10759,08-11-2020,Same Day,112,Product_112,Sports,1065.44,,3,,776,3
1928,customer_684,35,Cairo,12/17/2023,0,11914,12/17/2023,Express,128,Product_128,Clothing,1497.47,1023.48,3,,381,6
1933,Customer_685,54,Alexandria,03/14/2021,0,13484,03/14/2021,Standard,112,Product_112,Electronics,569.99,322.24,1,,529,6
2140,Customer_686,47,Alexandria,05/11/2020,0,10413,05/11/2020,Standard,133,Product_133,Electronics,1349.73,802.91,1,,429,6
1133,Customer_687,75,Mansoura,04/29/2022,1,13745,04/29/2022,Same Day,120,Product_120,Clothing,603.8,247.83,2,,694,2
1057,Customer_688,35,Aswan,04/14/2022,1,10691,04/14/2022,Standard,140,Product_140,Home Appliances,1049.65,722.47,2,0.2,993,3
1684,Customer_689,10,Aswan,11/08/2021,0,12662,11/08/2021,Same Day,149,Product_149,Electronics,917.47,521.84,1,,367,7
1671,Customer_690,18,Mansoura,01/16/2023,0,12256,01/16/2023,Same Day,121,Product_121,Sports,126.82,72.16,3,,716,8
1172,Customer_691,40,Giza,08/12/2022,0,10021,08/12/2022,Same Day,139,Product_139,Clothing,163.66,111.79,5,0.05,544,5
1814,Customer_692,55,Alexandria,01-05-2022,0,12052,01-05-2022,Express,141,Product_141,Sports,80.11,54.38,3,,351,4
2172,Customer_693,30,Giza,07-05-2020,1,12698,07-05-2020,Standard,149,Product_149,Electronics,587.71,273.93,5,,1035,2
1079,Customer_694,36,Luxor,02/27/2021,1,10213,02/27/2021,Standard,142,Product_142,Clothing,1131.41,768.6,1,,1404,1
1885,  Customer_695  ,50,Alexandria,05/10/2022,1,11695,05/10/2022,Standard,136,Product_136,Clothing,300.5,186.61,5,,356,4
2236,Customer_696,25,Luxor,08-03-2022,0,10919,08-03-2022,Standard,122,Product_122,Elec,928.49,376.66,2,,589,4
1202,Customer_697,30,Cairo,11-04-2023,0,10906,11-04-2023,Standard,126,Product_126,Electronics,468.8,221.25,1,,420,4
1763,  Customer_698  ,22,Giza,25-11-2023,0,13210,25-11-2023,Same Day,107,Product_107,Clothing,1205.64,631.63,4,,403,5
2252,customer_699,57,Mansoura,10-02-2020,0,13728,10-02-2020,Same Day,107,Product_107,Home Appliances,1207.67,694.23,5,,581,7
2250,Customer_700,63,Alexandria,03/25/2023,0,12719,03/25/2023,Same Day,108,Product_108,Clothing,1174.35,716.82,5,,625,5
2464,Customer_701,16,Giza,02/18/2022,0,13666,02/18/2022,Express,126,Product_126,Home Appliances,811.01,375.55,4,0.1,388,6
2425,  Customer_702  ,37,Mansoura,09/03/2022,1,12714,09/03/2022,Express,124,Product_124,Sports,462.62,301.17,4,,851,2
1046,CUSTOMER_703,61,Cairo,13-01-2020,1,10799,13-01-2020,Express,124,Product_124,Home Appliances,1223.69,799.94,1,,1273,5
2256,customer_704,45,Alexandria,12/21/2021,0,12364,12/21/2021,Express,140,Product_140,Home Appliances,319.85,188.87,3,,329,8
2328,  Customer_705  ,32,Luxor,03-09-2021,0,10792,03-09-2021,Standard,148,Product_148,Electronics,470.15,,4,,388,3
2166,customer_706,16,Cairo,03/09/2022,1,10575,03/09/2022,Express,112,Product_112,Clothing,316.72,203.93,5,,542,3
2438,CUSTOMER_707,57,Aswan,05/08/2022,0,11727,05/08/2022,Standard,147,Product_147,Sports,1027.6,479.36,4,,914,4
2396,Customer_708,45,Mansoura,01/07/2023,1,13227,01/07/2023,Standard,108,Product_108,Clothing,1045.04,668.41,1,,445,3
2282,Customer_709,17,Alexandria,01/23/2023,1,11447,01/23/2023,Standard,109,Product_109,Home Appliances,996.14,683.31,1,,601,3
1655,Customer_710,57,Alexandria,05/20/2023,0,13571,05/20/2023,Same Day,103,Product_103,Home Appliances,652.62,287.99,5,0.2,592,2
1470,Customer_711,15,Cairo,27-03-2021,0,10090,27-03-2021,Same Day,121,Product_121,Home Appliances,195.25,135.43,5,,344,7
1970,Customer_712,36,Alexandria,09/26/2022,0,13725,09/26/2022,Standard,131,Product_131,Clothing,1371.2,558.76,5,,448,4
2035,Customer_713,36,Mansoura,03/25/2021,0,11065,03/25/2021,Express,148,Product_148,Home Appliances,786.21,437.64,3,,548,8
2353,Customer_714,64,Cairo,12-07-2021,1,10760,12-07-2021,Standard,147,Product_147,Clothing,640.11,404.66,5,,644,3
1735,customer_715,36,Luxor,06/11/2022,0,13366,06/11/2022,Same Day,124,Product_124,Sports,903.8,575.84,1,,800,5
1783,customer_716,36,Cairo,21-09-2022,1,10769,21-09-2022,Express,104,Product_104,Sports,329.55,204.45,1,,806,3
1967,  Customer_717  ,19,Cairo,02/29/2020,0,11360,02/29/2020,Same Day,120,Product_120,Clothing,242.2,135.34,4,,1460,3
1357,Customer_718,30,Luxor,03/07/2022,1,12048,03/07/2022,Express,116,Product_116,Sports,638.01,379.8,5,,1031,2
1971,Customer_719,27,Aswan,11/19/2021,0,12156,11/19/2021,Same Day,110,Product_110,Electronics,379.47,231.47,3,0.1,488,3
2431,Customer_720,28,Mansoura,10/01/2023,0,12975,10/01/2023,Standard,143,Product_143,Home Appliances,404.22,221.66,2,0.2,458,3
1667,Customer_721,40,Aswan,22-10-2023,1,12002,22-10-2023,Same Day,126,Product_126,Home Appliances,1344.14,777.86,4,,437,3
1372,  Customer_722  ,3,Aswan,08-04-2022,1,13196,08-04-2022,Express,129,Product_129,Home Appliances,819.6,535.94,3,0.1,999,3
2031,Customer_723,17,Aswan,23-01-2024,1,11087,23-01-2024,Same Day,105,Product_105,Electronics,751.03,,5,0.1,344,5
2145,CUSTOMER_724,38,Giza,12/04/2020,1,10205,12/04/2020,Express,111,Product_111,Home Appliances,1049.75,584.67,3,0.2,1298,3
2371,Customer_725,41,Aswan,15-08-2022,1,13486,15-08-2022,Same Day,129,Product_129,Clothing,1429.74,575.53,2,,870,3
1675,Customer_726,36,Giza,09/18/2020,0,12897,09/18/2020,Same Day,145,Product_145,Home Appliances,212.69,128.94,3,0.05,1030,4
1089,  Customer_727  ,39,Luxor,06/28/2023,0,13315,06/28/2023,Standard,115,Product_115,Clothing,1258.63,577.23,2,,354,5
1697,Customer_728,33,Mansoura,12/29/2022,0,12637,12/29/2022,Express,106,Product_106,Sports,896.83,488.14,2,,393,5
2339,CUSTOMER_729,39,Aswan,02/25/2020,0,10622,02/25/2020,Express,148,Product_148,Clothing,261.94,121.29,2,0.05,606,3
2201,customer_730,46,Alexandria,17-03-2022,0,11677,17-03-2022,Standard,115,Product_115,Clothing,480.87,195.74,3,0.05,341,7
1539,  Customer_731  ,46,Luxor,27-04-2023,0,13287,27-04-2023,Same Day,143,Product_143,Clothing,749.42,408.41,5,,597,6
1731,Customer_732,29,Giza,01-03-2023,0,13012,01-03-2023,Express,120,Product_120,Home Appliances,1052.21,,1,0.1,656,4
1868,Customer_733,53,Mansoura,19-09-2023,0,11551,19-09-2023,Express,134,Product_134,Electronics,401.78,211.96,1,,470,4
1040,Customer_734,42,Cairo,02/25/2020,0,13012,02/25/2020,Express,102,Product_102,Electronics,825.57,381.94,3,,451,6
1739,Customer_735,58,Mansoura,20-06-2020,1,13637,20-06-2020,Standard,144,Product_144,Clothing,1042.77,713.42,5,,1115,4
1501,Customer_736,61,Mansoura,08/09/2023,0,12700,08/09/2023,Standard,116,Product_116,Home Appliances,700.67,281.01,1,0.1,511,2
1958,Customer_737,18,Aswan,27-05-2022,0,13451,27-05-2022,Express,119,Product_119,Electronics,1301.39,868.63,2,0.2,521,3
2168,Customer_738,27,Aswan,10/04/2020,0,11871,10/04/2020,Same Day,134,Product_134,Sports,1310.72,814.05,3,0.05,445,5
2224,Customer_739,52,Giza,03-08-2022,0,10078,03-08-2022,Same Day,149,Product_149,Sports,732.5,330.81,3,,878,5
1928,Customer_740,15,Giza,01/07/2021,0,12462,01/07/2021,Standard,114,Product_114,Home Appliances,1460.74,791.22,4,,381,6
1460,Customer_741,61,Aswan,04/12/2020,0,11476,04/12/2020,Same Day,124,Product_124,Sports,159.6,111.19,4,,447,3
1731,Customer_742,34,Aswan,06/16/2021,0,11172,06/16/2021,Standard,128,Product_128,Sports,54.88,32.55,4,,656,4
1751,Customer_743,48,Alexandria,02/15/2022,1,10638,02/15/2022,Express,148,Product_148,Sports,601.97,263.79,5,,1051,3
1924,Customer_744,38,Alexandria,01-11-2021,0,11693,01-11-2021,Express,132,Product_132,Electronics,921.59,495.16,3,,375,6
1908,Customer_745,19,Luxor,03/09/2021,0,12838,03/09/2021,Express,137,Product_137,Sports,962.34,520.11,4,,351,4
2276,Customer_746,55,Aswan,20-07-2022,0,11061,20-07-2022,Standard,110,Product_110,Clothing,740.85,474.65,3,0.1,342,5
1389,customer_747,81,Cairo,10/31/2021,0,13228,10/31/2021,Same Day,149,Product_149,Clothing,231.08,155.94,2,,789,5
1882,CUSTOMER_748,32,Alexandria,22-11-2021,0,12380,22-11-2021,Express,145,Product_145,Sports,297.22,126.22,4,0.05,350,7
1255,customer_749,35,Giza,02/15/2022,1,12335,02/15/2022,Same Day,148,Product_148,Clothing,1285.61,,3,,667,3
1708,Customer_750,0,Mansoura,07/23/2021,0,13183,07/23/2021,Same Day,109,Product_109,Elec,1308.47,640.54,5,,425,6
1449,Customer_751,60,Luxor,13-05-2022,0,11725,13-05-2022,Standard,124,Product_124,Home Appliances,1027.15,717.79,5,,644,5
1009,Customer_752,53,Alexandria,31-05-2021,0,11641,31-05-2021,Standard,136,Product_136,Clothing,1013.12,575.22,5,,359,5
1823,  Customer_753  ,13,Mansoura,06/16/2020,0,11114,06/16/2020,Same Day,129,Product_129,Sports,916.64,,4,,776,3
1797,Customer_754,9,Mansoura,21-08-2022,0,11889,21-08-2022,Same Day,129,Product_129,Home Appliances,344.24,,5,,717,4
2265,Customer_755,10,Alexandria,09-02-2020,1,13884,09-02-2020,Express,148,Product_148,Home Appliances,670.96,413.86,1,0.1,365,3
2274,Customer_756,49,Cairo,01/09/2023,0,13120,01/09/2023,Express,123,Product_123,Sports,1059.05,514.67,2,0.2,467,5
1876,customer_757,51,Cairo,16-04-2020,0,10160,16-04-2020,Express,127,Product_127,Clothing,829.02,558.37,3,,428,5
2028,Customer_758,26,Luxor,17-12-2021,0,13587,17-12-2021,Same Day,131,Product_131,Elec,76.94,41.28,1,,999,3
2142,  Customer_759  ,47,Cairo,04-04-2021,0,11425,04-04-2021,Standard,143,Product_143,Clothing,1432.66,918.5,4,0.2,504,4
2015,customer_760,42,Luxor,24-08-2023,0,11733,24-08-2023,Same Day,107,Product_107,Clothing,1274.98,607.84,3,0.05,436,3
1373,Customer_761,34,Giza,05/20/2020,1,10319,05/20/2020,Express,149,Product_149,Elec,427.79,260.13,3,,607,3
2088,Customer_762,54,Alexandria,08/27/2023,0,12971,08/27/2023,Express,145,Product_145,Home Appliances,943.87,492.27,5,0.05,339,6
1145,customer_763,21,Mansoura,03/23/2020,0,12411,03/23/2020,Standard,104,Product_104,Electronics,1388.7,568.58,3,,698,3
1223,Customer_764,57,Luxor,03/04/2020,1,13960,03/04/2020,Same Day,114,Product_114,Elec,189.22,99.13,3,,1660,2
2262,Customer_765,29,Cairo,21-05-2021,1,13513,21-05-2021,Express,142,Product_142,Sports,779.39,440.36,2,,892,5
1176,Customer_766,66,Luxor,02/12/2021,1,12522,02/12/2021,Standard,142,Product_142,Sports,711.55,317.02,4,,496,5
1852,Customer_767,24,Aswan,11-02-2020,1,13070,11-02-2020,Express,110,Product_110,Clothing,644.8,293.5,1,,379,5
2305,  Customer_768  ,34,Luxor,06/26/2023,1,10765,06/26/2023,Standard,144,Product_144,Sports,1261.6,680.58,5,,555,3
1062,Customer_769,40,Cairo,08-11-2020,1,10601,08-11-2020,Same Day,134,Product_134,Elec,601.94,302.67,2,0.1,624,3
2240,Customer_770,40,Aswan,05/03/2021,1,12359,05/03/2021,Standard,126,Product_126,Elec,142.31,75.74,1,,1012,3
1826,Customer_771,47,Aswan,09/15/2020,0,11555,09/15/2020,Same Day,123,Product_123,Sports,145.46,78.29,1,,750,2
1794,Customer_772,20,Cairo,27-08-2022,1,10588,27-08-2022,Same Day,109,Product_109,Sports,111.98,49.5,2,,606,3
1688,CUSTOMER_773,39,Aswan,10/03/2023,0,11243,10/03/2023,Express,137,Product_137,Sports,643.26,292.27,5,,456,3
2484,Customer_774,42,Alexandria,08/22/2020,1,11697,08/22/2020,Same Day,108,Product_108,Elec,1091.69,714.46,4,,869,2
1104,Customer_775,32,Mansoura,01-03-2023,0,11520,01-03-2023,Express,114,Product_114,Home Appliances,345.4,155.02,2,0.05,592,4
2122,  Customer_776  ,46,Alexandria,03/22/2021,0,12390,03/22/2021,Express,107,Product_107,Home Appliances,987.38,592.21,2,0.1,541,9
1510,  Customer_777  ,19,Alexandria,08/10/2022,0,10905,08/10/2022,Same Day,107,Product_107,Sports,1046.28,,2,,532,5
1384,  Customer_778  ,35,Cairo,03-12-2023,0,11650,03-12-2023,Standard,109,Product_109,Clothing,420.04,290.03,5,,395,2
1404,Customer_779,28,Cairo,06/08/2021,0,11117,06/08/2021,Same Day,103,Product_103,Clothing,920.81,386.58,2,0.05,338,5
1822,CUSTOMER_780,35,Mansoura,25-01-2022,1,13989,25-01-2022,Same Day,114,Product_114,Home Appliances,1043.06,677.07,2,,423,5
1517,CUSTOMER_781,61,Luxor,12/09/2020,0,13204,12/09/2020,Standard,117,Product_117,Sports,726.59,397.76,3,,970,4
1475,Customer_782,61,Alexandria,05/25/2023,0,11524,05/25/2023,Express,144,Product_144,Elec,538.24,216.16,3,,366,7
1708,Customer_783,59,Aswan,05/28/2023,0,10171,05/28/2023,Express,122,Product_122,Clothing,947.77,454.07,3,0.2,425,6
1770,Customer_784,33,Mansoura,11-01-2024,0,10625,11-01-2024,Same Day,146,Product_146,Clothing,1467.88,766.69,3,,356,3
2460,Customer_785,53,Alexandria,22-08-2020,0,12045,22-08-2020,Standard,126,Product_126,Electronics,668.92,330.62,2,0.2,949,6
2046,Customer_786,41,Luxor,01-12-2020,0,13080,01-12-2020,Standard,128,Product_128,Electronics,618.02,314.41,3,,407,3
1996,Customer_787,40,Aswan,09/29/2021,0,13882,09/29/2021,Standard,145,Product_145,Sports,723.19,488.15,1,,1190,3
1676,customer_788,38,Alexandria,09-08-2020,1,13843,09-08-2020,Standard,114,Product_114,Electronics,160.52,81.59,4,,1606,1
1713,Customer_789,66,Giza,03/31/2023,0,10681,03/31/2023,Same Day,109,Product_109,Electronics,852.09,447.9,3,,522,8
2481,Customer_790,60,Mansoura,22-02-2020,1,11344,22-02-2020,Same Day,126,Product_126,Electronics,526.61,330.89,5,,498,3
1082,Customer_791,51,Cairo,30-09-2021,0,13169,30-09-2021,Express,102,Product_102,Home Appliances,226.06,144.26,4,,520,5
2168,Customer_792,37,Alexandria,25-03-2023,0,13240,25-03-2023,Standard,111,Product_111,Electronics,726.07,308.74,1,,445,5
2108,Customer_793,40,Aswan,19-10-2023,0,11983,19-10-2023,Same Day,117,Product_117,Clothing,54.91,33.56,4,,440,3
2101,Customer_794,47,Aswan,07-02-2022,1,10310,07-02-2022,Same Day,134,Product_134,Sports,632.59,344.62,4,0.05,1059,3
1456,Customer_795,32,Mansoura,03/23/2022,0,13801,03/23/2022,Standard,119,Product_119,Sports,203.32,89.49,1,0.05,400,6
1000,Customer_796,54,Mansoura,01/04/2024,0,12961,01/04/2024,Standard,139,Product_139,Sports,85.22,40.86,3,0.2,363,5
1050,Customer_797,26,Aswan,02/10/2021,0,11935,02/10/2021,Express,118,Product_118,Home Appliances,1245.49,515.02,1,0.05,697,4
1684,  Customer_798  ,45,Aswan,04-06-2020,0,13414,04-06-2020,Standard,113,Product_113,Clothing,1378.56,700.41,5,,367,7
1716,  Customer_799  ,5,Aswan,27-04-2023,0,12477,27-04-2023,Express,105,Product_105,Electronics,351.13,167.36,1,,615,1
2469,Customer_800,31,Alexandria,15-11-2023,0,12905,15-11-2023,Express,123,Product_123,Clothing,831.98,428.16,2,0.1,413,3
1448,customer_801,71,Aswan,07/08/2023,0,11985,07/08/2023,Standard,124,Product_124,Sports,453.04,260.09,2,,390,5
1880,Customer_802,55,Cairo,05/12/2021,0,13627,05/12/2021,Standard,129,Product_129,Electronics,765.69,474.5,4,,598,10
1487,Customer_803,63,Aswan,07/27/2020,0,11523,07/27/2020,Same Day,148,Product_148,Sports,683.12,397.31,3,0.05,330,5
1033,Customer_804,29,Cairo,11/28/2023,0,13844,11/28/2023,Standard,147,Product_147,Sports,440.12,265.62,3,,400,3
2371,Customer_805,41,Alexandria,09-09-2021,1,10284,09-09-2021,Standard,108,Product_108,Sports,1065.57,702.95,2,0.2,870,3
1094,Customer_806,59,Mansoura,02-11-2023,0,13709,02-11-2023,Express,126,Product_126,Clothing,233.41,154.55,5,,353,4
2095,Customer_807,49,Cairo,05/14/2023,0,11283,05/14/2023,Standard,115,Product_115,Clothing,126.96,83.57,1,,598,3
1153,CUSTOMER_808,47,Alexandria,04-09-2020,0,12542,04-09-2020,Same Day,101,Product_101,Sports,1163.13,518.7,1,0.05,423,8
1249,Customer_809,64,Aswan,05-03-2023,0,10354,05-03-2023,Same Day,128,Product_128,Sports,1015.6,482.74,1,,401,4
1673,Customer_810,24,Alexandria,03/25/2020,0,12261,03/25/2020,Standard,149,Product_149,Electronics,772.86,425.61,5,0.2,626,4
1437,Customer_811,37,Aswan,12/12/2021,1,12864,12/12/2021,Standard,147,Product_147,Sports,728.3,369.7,5,0.2,937,3
1117,Customer_812,13,Alexandria,27-12-2022,0,10199,27-12-2022,Express,146,Product_146,Sports,771.25,338.96,1,,736,5
1770,customer_813,-5,Mansoura,27-05-2022,0,13307,27-05-2022,Standard,114,Product_114,Sports,683.68,332.49,1,,356,3
2329,  Customer_814  ,56,Cairo,16-09-2023,0,12900,16-09-2023,Express,142,Product_142,Sports,619.69,429.22,5,,473,3
1267,Customer_815,-5,Mansoura,28-01-2022,0,12183,28-01-2022,Standard,134,Product_134,Clothing,774.55,390.43,1,,346,5
2077,Customer_816,51,Giza,21-05-2020,1,11913,21-05-2020,Express,131,Product_131,Sports,816.35,429.13,5,0.1,414,3
1235,Customer_817,64,Aswan,11/02/2022,1,10947,11/02/2022,Same Day,106,Product_106,Home Appliances,1053.26,423.33,4,,791,3
1388,  Customer_818  ,37,Cairo,19-08-2023,1,12675,19-08-2023,Standard,149,Product_149,Sports,1081.25,665.86,2,,333,2
1989,Customer_819,47,Mansoura,29-11-2021,0,10916,29-11-2021,Standard,105,Product_105,Clothing,597.56,313.16,2,,565,7
1762,  Customer_820  ,51,Cairo,01/26/2020,1,13738,01/26/2020,Express,131,Product_131,Home Appliances,649.63,279.95,5,,783,7
1400,Customer_821,21,Giza,05/10/2022,0,13493,05/10/2022,Express,137,Product_137,Home Appliances,591.86,408.72,1,0.1,438,9
1623,Customer_822,30,Luxor,30-09-2022,0,13972,30-09-2022,Standard,115,Product_115,Sports,827.98,524.3,2,,556,5
1766,Customer_823,24,Aswan,04-08-2020,1,11364,04-08-2020,Express,115,Product_115,Sports,707.36,437.04,3,,1174,5
2326,Customer_824,31,Aswan,06/06/2022,0,11852,06/06/2022,Standard,143,Product_143,Clothing,1339.91,921.0,1,,391,7
1918,  Customer_825  ,50,Alexandria,01/11/2022,0,13975,01/11/2022,Same Day,105,Product_105,Home Appliances,1059.72,553.43,5,0.1,694,4
2230,Customer_826,31,Aswan,25-07-2023,0,10341,25-07-2023,Express,128,Product_128,Home Appliances,1353.05,832.88,3,0.1,526,7
2252,Customer_827,39,Aswan,07/30/2022,0,13601,07/30/2022,Standard,133,Product_133,Clothing,1078.25,498.0,5,0.05,581,7
1852,Customer_828,24,Mansoura,12/19/2023,1,10387,12/19/2023,Same Day,111,Product_111,Sports,1457.94,888.08,1,,379,5
1577,  Customer_829  ,58,Aswan,11/09/2020,1,10003,11/09/2020,Standard,143,Product_143,Electronics,971.82,392.83,4,,776,4
1074,CUSTOMER_830,31,Aswan,06/10/2022,0,10676,06/10/2022,Standard,106,Product_106,Electronics,1447.15,633.69,4,0.2,519,6
1434,CUSTOMER_831,62,Giza,12/26/2020,0,11662,12/26/2020,Same Day,123,Product_123,Home Appliances,279.35,147.38,4,0.2,792,6
1102,Customer_832,40,Giza,12/04/2022,0,12446,12/04/2022,Express,140,Product_140,Home Appliances,126.09,50.89,1,,759,2
2445,  Customer_833  ,18,Cairo,08/25/2023,0,13493,08/25/2023,Same Day,102,Product_102,Sports,889.73,479.2,1,0.05,495,4
1763,customer_834,37,Cairo,07/07/2021,0,12458,07/07/2021,Standard,115,Product_115,Elec,1476.07,821.93,3,0.2,403,5
1737,  Customer_835  ,24,Aswan,06/15/2023,0,10212,06/15/2023,Same Day,123,Product_123,Home Appliances,655.53,384.46,1,,485,4
1805,  Customer_836  ,48,Aswan,07-01-2023,0,10559,07-01-2023,Standard,122,Product_122,Sports,357.46,153.75,1,,521,4
2329,Customer_837,36,Alexandria,17-09-2022,0,10557,17-09-2022,Same Day,109,Product_109,Electronics,806.24,366.28,3,,473,3
1097,Customer_838,42,Cairo,08/10/2022,0,12605,08/10/2022,Express,147,Product_147,Clothing,990.76,578.59,3,0.2,590,4
1797,CUSTOMER_839,34,Mansoura,11-06-2022,0,13119,11-06-2022,Same Day,140,Product_140,Home Appliances,507.01,302.92,5,,717,4
2358,Customer_840,200,Aswan,06-02-2024,0,13258,06-02-2024,Same Day,130,Product_130,Clothing,1086.42,443.01,2,0.1,330,4
1858,CUSTOMER_841,25,Mansoura,28-04-2023,0,12549,28-04-2023,Express,116,Product_116,Electronics,1463.92,822.88,2,,551,5
1434,Customer_842,52,Aswan,07/03/2021,0,13703,07/03/2021,Standard,146,Product_146,Sports,1350.6,858.3,5,,792,6
1446,CUSTOMER_843,37,Mansoura,10/22/2021,0,12691,10/22/2021,Same Day,147,Product_147,Sports,472.8,198.92,4,,641,3
2331,Customer_844,35,Luxor,05/17/2021,1,11994,05/17/2021,Standard,130,Product_130,Electronics,523.75,274.42,1,0.2,1195,2
1248,Customer_845,37,Mansoura,06/26/2020,0,12578,06/26/2020,Same Day,145,Product_145,Clothing,588.73,293.16,3,,898,2
1165,Customer_846,29,Cairo,25-07-2021,0,10952,25-07-2021,Express,109,Product_109,Sports,622.1,419.36,3,,390,4
1983,Customer_847,35,Aswan,07/12/2022,0,12834,07/12/2022,Same Day,101,Product_101,Home Appliances,195.46,89.08,4,0.2,355,5
2358,Customer_848,43,Cairo,14-05-2021,0,10474,14-05-2021,Standard,138,Product_138,Clothing,1154.85,572.24,3,,330,4
2019,Customer_849,24,Mansoura,09-08-2022,1,11767,09-08-2022,Standard,108,Product_108,Clothing,579.74,388.16,4,0.1,355,5
1541,Customer_850,26,Giza,03/13/2023,0,10041,03/13/2023,Express,118,Product_118,Home Appliances,1325.74,661.8,5,,563,5
1758,Customer_851,60,Giza,06/03/2023,0,12651,06/03/2023,Standard,127,Product_127,Electronics,1394.06,779.84,4,,475,7
2129,Customer_852,34,Giza,30-09-2023,0,13332,30-09-2023,Express,118,Product_118,Sports,85.43,,2,,459,4
1080,Customer_853,31,Aswan,02/15/2022,1,12095,02/15/2022,Express,132,Product_132,Clothing,1483.33,1031.61,4,0.2,1051,1
1132,Customer_854,19,Alexandria,11/19/2021,0,13992,11/19/2021,Standard,149,Product_149,Sports,1079.53,698.98,5,,730,3
1796,customer_855,52,Luxor,02/28/2020,0,11986,02/28/2020,Standard,132,Product_132,Sports,804.57,474.95,4,0.1,788,5
1899,Customer_856,24,Mansoura,10/09/2022,0,13865,10/09/2022,Express,148,Product_148,Clothing,614.82,257.13,5,,788,5
1137,Customer_857,39,Alexandria,27-10-2021,0,13657,27-10-2021,Standard,145,Product_145,Elec,801.85,338.75,2,,392,4
1183,Customer_858,14,Giza,07-01-2021,0,10727,07-01-2021,Express,136,Product_136,Clothing,520.71,293.42,1,,834,2
2424,Customer_859,52,Mansoura,25-09-2022,0,13517,25-09-2022,Same Day,136,Product_136,Electronics,952.9,462.65,5,0.1,575,6
2353,Customer_860,57,Alexandria,03/10/2021,1,12268,03/10/2021,Standard,121,Product_121,Home Appliances,184.82,108.46,1,,644,3
1784,Customer_861,47,Cairo,27-12-2021,0,11644,27-12-2021,Standard,146,Product_146,Electronics,950.63,550.85,5,,351,5
1983,Customer_862,16,Giza,13-06-2021,0,13718,13-06-2021,Express,132,Product_132,Elec,449.25,292.73,4,0.1,355,5
1068,Customer_863,52,Alexandria,11/28/2021,0,10939,11/28/2021,Same Day,131,Product_131,Clothing,75.57,36.61,1,,383,5
1545,  Customer_864  ,27,Aswan,26-07-2021,0,10342,26-07-2021,Same Day,137,Product_137,Sports,851.42,488.17,5,,696,6
1052,customer_865,22,Cairo,05/05/2023,1,13309,05/05/2023,Standard,116,Product_116,Sports,888.75,562.76,5,,607,3
2473,CUSTOMER_866,34,Giza,07-12-2023,0,12202,07-12-2023,Express,146,Product_146,elect,668.53,365.84,1,,391,7
1204,Customer_867,33,Luxor,19-07-2021,0,12985,19-07-2021,Express,146,Product_146,Electronics,154.82,100.51,5,,510,3
1125,Customer_868,32,Giza,12-02-2023,0,10840,12-02-2023,Standard,114,Product_114,Clothing,1345.35,591.12,1,0.1,384,5
1042,CUSTOMER_869,59,Aswan,21-01-2020,0,12027,21-01-2020,Same Day,124,Product_124,Electronics,936.57,580.83,2,,359,7
1110,Customer_870,70,Luxor,11/24/2022,0,13127,11/24/2022,Express,125,Product_125,Clothing,217.78,148.72,3,,675,6
1760,Customer_871,19,Luxor,26-01-2021,0,12434,26-01-2021,Express,146,Product_146,Home Appliances,790.85,395.08,2,0.1,633,6
2206,CUSTOMER_872,29,Luxor,24-06-2020,0,10893,24-06-2020,Standard,135,Product_135,Electronics,771.02,393.14,1,,575,3
1847,Customer_873,42,Mansoura,05/09/2021,0,11932,05/09/2021,Standard,117,Product_117,Home Appliances,137.58,58.48,4,0.2,1198,4
1094,Customer_874,34,Mansoura,14-01-2024,0,13781,14-01-2024,Same Day,146,Product_146,Electronics,929.95,550.95,4,,353,4
2397,Customer_875,45,Luxor,12-04-2022,0,11338,12-04-2022,Same Day,142,Product_142,Elec,1222.07,691.37,3,,995,3
1899,Customer_876,53,Cairo,09/27/2022,0,10037,09/27/2022,Express,145,Product_145,Home Appliances,1136.06,468.17,1,,788,5
1359,Customer_877,51,Luxor,02/11/2023,0,11364,02/11/2023,Standard,104,Product_104,Home Appliances,344.31,215.42,5,,459,4
1899,Customer_878,49,Alexandria,07-05-2021,0,10850,07-05-2021,Standard,111,Product_111,Clothing,1300.32,843.63,2,,788,5
1280,Customer_879,64,Luxor,15-11-2023,0,12776,15-11-2023,Standard,147,Product_147,Clothing,546.69,367.45,2,,413,2
2218,  Customer_880  ,16,Mansoura,02-09-2022,0,10230,02-09-2022,Same Day,115,Product_115,Home Appliances,1422.44,801.86,3,,505,4
2218,Customer_881,62,Mansoura,15-08-2023,0,12499,15-08-2023,Same Day,130,Product_130,Elec,154.03,82.53,3,,505,4
1666,CUSTOMER_882,33,Alexandria,28-12-2023,0,11365,28-12-2023,Express,124,Product_124,Clothing,755.0,500.45,3,,370,3
1092,CUSTOMER_883,200,Alexandria,02-10-2022,1,13524,02-10-2022,Standard,102,Product_102,Electronics,915.83,,3,,822,5
1671,Customer_884,24,Giza,07/06/2022,0,12304,07/06/2022,Same Day,143,Product_143,Sports,409.09,,3,,716,8
1060,Customer_885,26,Cairo,05-02-2020,0,12481,05-02-2020,Standard,134,Product_134,Clothing,1168.5,683.12,3,,688,6
1633,Customer_886,49,Cairo,09-07-2020,0,10208,09-07-2020,Same Day,123,Product_123,Clothing,959.0,490.67,5,,538,6
2074,Customer_887,11,Cairo,08/25/2021,1,11224,08/25/2021,Standard,131,Product_131,Clothing,76.26,32.49,5,0.05,1040,2
2426,Customer_888,54,Aswan,03/29/2021,0,12184,03/29/2021,Express,137,Product_137,Sports,932.13,378.84,2,,408,4
2028,customer_889,58,Mansoura,04/08/2022,0,13711,04/08/2022,Same Day,113,Product_113,Home Appliances,762.64,403.03,2,,999,3
2489,CUSTOMER_890,42,Cairo,17-11-2023,1,12612,17-11-2023,Same Day,133,Product_133,Electronics,334.24,181.95,3,,347,5
1603,  Customer_891  ,42,Giza,13-05-2021,1,12903,13-05-2021,Express,107,Product_107,Sports,1493.83,966.21,2,,836,4
1681,Customer_892,27,Giza,09/19/2021,0,13465,09/19/2021,Express,132,Product_132,Home Appliances,1350.89,708.3,3,0.1,349,4
1533,  Customer_893  ,50,Cairo,21-09-2023,0,13667,21-09-2023,Standard,107,Product_107,Clothing,474.14,229.65,5,,468,4
2428,  Customer_894  ,45,Alexandria,06-04-2023,1,12768,06-04-2023,Same Day,142,Product_142,Home Appliances,834.55,449.51,4,,636,4
1837,Customer_895,26,Giza,01/25/2022,0,12892,01/25/2022,Standard,138,Product_138,Home Appliances,508.93,239.91,5,,358,5
1644,  Customer_896  ,34,Alexandria,08/27/2022,0,13868,08/27/2022,Standard,144,Product_144,Home Appliances,1174.47,501.98,1,0.2,754,3
1232,Customer_897,37,Mansoura,07-02-2023,0,12083,07-02-2023,Standard,113,Product_113,Electronics,1398.98,607.04,5,0.05,409,4
1523,Customer_898,150,Aswan,12/23/2022,0,11238,12/23/2022,Same Day,124,Product_124,Home Appliances,570.3,282.72,1,,621,3
1345,Customer_899,19,Giza,12/05/2021,1,12074,12/05/2021,Express,128,Product_128,Home Appliances,1218.1,491.87,2,,1042,3
2069,Customer_900,50,Alexandria,21-05-2022,0,13729,21-05-2022,Standard,132,Product_132,Home Appliances,772.69,360.12,5,0.1,386,4
1545,Customer_901,36,Cairo,02/01/2023,0,12065,02/01/2023,Same Day,143,Product_143,Home Appliances,625.04,397.69,4,,696,6
2101,Customer_902,40,Mansoura,11/08/2021,1,10629,11/08/2021,Standard,118,Product_118,Sports,1410.71,663.58,5,,1059,3
2096,CUSTOMER_903,31,Luxor,21-12-2021,0,13208,21-12-2021,Express,134,Product_134,Sports,790.09,,5,0.05,454,6
1793,customer_904,47,Luxor,12/10/2023,0,10578,12/10/2023,Express,148,Product_148,Home Appliances,727.75,498.31,5,,388,7
1248,Customer_905,42,Cairo,18-07-2022,0,10902,18-07-2022,Same Day,134,Product_134,Home Appliances,1025.03,601.43,3,,898,2
1046,Customer_906,58,Mansoura,07/08/2021,1,11849,07/08/2021,Same Day,138,Product_138,Home Appliances,428.79,179.24,5,,1273,5
2144,Customer_907,47,Mansoura,19-09-2021,1,13022,19-09-2021,Express,101,Product_101,Clothing,520.95,218.11,5,0.2,1200,2
1213,Customer_908,36,Mansoura,29-05-2021,0,11053,29-05-2021,Same Day,143,Product_143,Home Appliances,1401.47,817.95,4,,610,4
1238,customer_909,28,Mansoura,17-04-2021,0,13144,17-04-2021,Express,142,Product_142,Home Appliances,1033.87,581.07,1,0.1,596,3
2079,CUSTOMER_910,52,Luxor,04-09-2020,1,10122,04-09-2020,Standard,131,Product_131,Sports,1248.62,525.06,1,,418,2
1349,CUSTOMER_911,35,Alexandria,01/17/2024,0,10956,01/17/2024,Express,101,Product_101,Sports,443.11,207.06,4,0.2,350,4
1106,customer_912,37,Mansoura,29-01-2021,1,11000,29-01-2021,Standard,116,Product_116,Sports,838.5,569.1,2,0.2,1433,1
1830,Customer_913,37,Alexandria,08-10-2021,0,10986,08-10-2021,Same Day,139,Product_139,Electronics,1458.52,833.69,5,,337,5
1047,Customer_914,33,Mansoura,01-09-2020,1,11251,01-09-2020,Standard,115,Product_115,Clothing,512.12,272.5,2,,1583,1
1336,customer_915,37,Giza,02-01-2023,1,10337,02-01-2023,Express,133,Product_133,Home Appliances,282.69,134.29,4,,730,3
2049,Customer_916,68,Aswan,11/14/2023,0,10990,11/14/2023,Same Day,123,Product_123,Sports,790.78,348.03,2,,414,4
1803,Customer_917,24,Giza,01/14/2021,1,12320,01/14/2021,Same Day,141,Product_141,Electronics,612.34,318.9,1,,890,2
2280,customer_918,27,Aswan,27-01-2021,1,13829,27-01-2021,Express,134,Product_134,Home Appliances,281.39,190.42,3,0.1,605,3
1007,  Customer_919  ,60,Giza,03/19/2021,0,11460,03/19/2021,Same Day,117,Product_117,Home Appliances,1338.4,554.92,2,,513,3
1624,CUSTOMER_920,34,Mansoura,09/18/2022,1,10901,09/18/2022,Express,125,Product_125,Sports,1486.55,1036.56,3,,826,2
2276,Customer_921,33,Alexandria,20-07-2021,0,12086,20-07-2021,Standard,142,Product_142,Home Appliances,874.44,404.29,2,,342,5
1718,Customer_922,55,Aswan,01/23/2024,0,13992,01/23/2024,Standard,106,Product_106,Home Appliances,1173.28,613.19,4,,344,2
1302,Customer_923,18,Luxor,04/22/2023,0,12729,04/22/2023,Same Day,131,Product_131,Home Appliances,1295.61,535.75,3,,407,4
1638,  Customer_924  ,52,Cairo,12/10/2022,0,10425,12/10/2022,Express,105,Product_105,Sports,1066.42,613.66,2,0.2,753,4
1055,  Customer_925  ,40,Aswan,07-05-2023,0,12362,07-05-2023,Express,140,Product_140,Elec,114.03,62.15,4,,605,2
1725,Customer_926,46,Aswan,08/02/2021,0,10613,08/02/2021,Standard,140,Product_140,Home Appliances,278.57,167.15,1,0.2,504,9
1525,CUSTOMER_927,46,Luxor,07/24/2020,0,13877,07/24/2020,Standard,130,Product_130,Elec,152.93,86.07,5,0.05,377,5
1473,Customer_928,30,Mansoura,02/01/2021,1,13580,02/01/2021,Same Day,105,Product_105,Home Appliances,64.33,33.42,4,0.05,1111,3
1027,customer_929,55,Giza,08/29/2021,0,13998,08/29/2021,Express,112,Product_112,Sports,493.69,306.74,4,,624,4
1077,Customer_930,31,Giza,10-04-2021,0,12802,10-04-2021,Same Day,107,Product_107,Electronics,618.92,252.21,1,,527,4
2239,Customer_931,46,Alexandria,01/09/2022,0,12204,01/09/2022,Same Day,145,Product_145,Sports,399.49,224.64,3,,541,4
2409,Customer_932,58,Mansoura,02-01-2021,0,10871,02-01-2021,Same Day,113,Product_113,Clothing,143.68,62.38,2,,541,4
1364,Customer_933,60,Luxor,09/11/2021,0,12824,09/11/2021,Express,149,Product_149,Home Appliances,818.3,434.36,3,0.2,1042,6
1665,Customer_934,35,Mansoura,01/29/2020,0,12304,01/29/2020,Standard,104,Product_104,Clothing,446.31,284.45,4,,715,4
1525,Customer_935,46,Mansoura,21-12-2023,0,11999,21-12-2023,Express,142,Product_142,Clothing,1204.25,533.17,2,,377,5
1698,  Customer_936  ,34,Giza,29-12-2022,0,11893,29-12-2022,Express,103,Product_103,Clothing,61.68,41.99,5,,487,3
2335,Customer_937,-10,Luxor,09/16/2020,1,12902,09/16/2020,Express,112,Product_112,Home Appliances,1271.66,847.63,5,,1255,2
1882,Customer_938,51,Cairo,07/15/2021,0,10634,07/15/2021,Same Day,101,Product_101,Sports,1434.39,752.3,2,,350,7
2030,Customer_939,41,Aswan,04/03/2020,0,12503,04/03/2020,Same Day,127,Product_127,Clothing,1088.4,437.31,4,,441,5
2026,CUSTOMER_940,44,Giza,21-04-2020,1,12094,21-04-2020,Express,143,Product_143,Electronics,1113.78,709.39,1,0.1,1123,4
1918,Customer_941,46,Luxor,07-02-2023,0,13403,07-02-2023,Same Day,113,Product_113,Home Appliances,1403.67,932.41,3,,694,4
1749,Customer_942,46,Alexandria,08/21/2021,0,12057,08/21/2021,Same Day,117,Product_117,Sports,353.15,159.77,3,,442,3
1362,Customer_943,36,Aswan,29-11-2023,1,12191,29-11-2023,Standard,108,Product_108,Sports,1492.12,,1,,399,7
2297,Customer_944,34,Aswan,15-09-2020,0,11454,15-09-2020,Express,132,Product_132,Clothing,1171.55,789.89,1,,887,3
1805,Customer_945,37,Giza,07/30/2023,0,13882,07/30/2023,Express,120,Product_120,Home Appliances,1103.53,597.44,5,,521,4
1738,Customer_946,22,Alexandria,02-10-2022,0,13223,02-10-2022,Same Day,117,Product_117,Clothing,573.58,366.75,1,0.2,704,3
2038,Customer_947,50,Giza,29-07-2020,1,10486,29-07-2020,Express,134,Product_134,Electronics,841.38,448.86,2,,881,3
2215,Customer_948,27,Mansoura,01/26/2020,0,13207,01/26/2020,Express,135,Product_135,Sports,998.18,568.18,5,,361,3
1484,Customer_949,24,Luxor,21-03-2023,0,13658,21-03-2023,Express,135,Product_135,Sports,949.5,470.91,4,0.2,440,8
1027,Customer_950,39,Alexandria,05-08-2021,0,11896,05-08-2021,Express,138,Product_138,Home Appliances,1072.23,480.19,5,0.05,624,4
1713,Customer_951,38,Aswan,08/19/2022,0,13097,08/19/2022,Same Day,142,Product_142,Sports,169.45,105.73,5,,522,8
2062,Customer_952,43,Giza,09/07/2022,0,13078,09/07/2022,Standard,124,Product_124,Home Appliances,565.69,226.51,3,,370,10
2296,  Customer_953  ,31,Aswan,06/21/2022,0,12638,06/21/2022,Same Day,118,Product_118,Clothing,679.3,389.83,1,0.1,481,5
2254,Customer_954,34,Alexandria,28-11-2021,0,13086,28-11-2021,Standard,146,Product_146,Electronics,427.91,282.17,2,,788,5
1085,customer_955,50,Aswan,01/12/2021,1,11455,01/12/2021,Express,148,Product_148,Home Appliances,300.31,140.06,1,,889,3
2497,Customer_956,49,Giza,15-04-2020,0,12946,15-04-2020,Express,139,Product_139,Clothing,251.44,,3,,644,5
1125,Customer_957,48,Giza,06/01/2021,0,13471,06/01/2021,Express,133,Product_133,Electronics,581.26,334.95,1,,384,5
1811,Customer_958,40,Cairo,09/05/2022,1,10206,09/05/2022,Express,149,Product_149,Sports,765.49,362.89,2,,849,1
1536,Customer_959,42,Aswan,08/21/2020,1,11624,08/21/2020,Express,123,Product_123,Electronics,141.32,92.46,1,,750,5
1144,customer_960,43,Cairo,05/13/2020,0,13680,05/13/2020,Express,125,Product_125,Electronics,1422.36,725.38,3,,701,2
2235,Customer_961,30,Cairo,31-03-2022,1,12957,31-03-2022,Express,137,Product_137,Electronics,1159.6,666.17,2,0.1,1007,1
1024,Customer_962,62,Aswan,04-10-2022,0,13287,04-10-2022,Standard,127,Product_127,Sports,1109.74,519.18,1,,426,6
2417,Customer_963,59,Alexandria,05/31/2020,0,11525,05/31/2020,Same Day,101,Product_101,Home Appliances,300.65,123.99,3,,1003,4
1066,customer_964,51,Mansoura,03/27/2023,0,11482,03/27/2023,Express,121,Product_121,Home Appliances,925.51,418.43,3,,646,2
1232,Customer_965,33,Giza,13-07-2023,0,10258,13-07-2023,Express,149,Product_149,Electronics,818.1,338.58,5,0.05,409,4
1108,  Customer_966  ,48,Luxor,11/06/2023,0,11352,11/06/2023,Express,110,Product_110,Clothing,1474.58,797.13,2,,407,5
2169,  Customer_967  ,-10,Cairo,19-04-2020,1,10453,19-04-2020,Standard,131,Product_131,Clothing,1134.12,653.24,2,0.05,1567,3
1110,customer_968,21,Alexandria,11/06/2020,0,10798,11/06/2020,Express,144,Product_144,Elec,884.85,365.8,1,,675,6
1227,Customer_969,65,Aswan,01-11-2020,1,10374,01-11-2020,Same Day,125,Product_125,Electronics,1283.68,548.32,5,,374,2
1110,Customer_970,13,Alexandria,02/26/2023,0,12511,02/26/2023,Standard,120,Product_120,Clothing,274.89,150.0,2,0.1,675,6
2493,Customer_971,50,Alexandria,14-09-2021,0,10074,14-09-2021,Standard,102,Product_102,Electronics,72.06,46.1,3,0.1,1180,2
1033,Customer_972,61,Aswan,06/23/2020,0,10241,06/23/2020,Express,148,Product_148,Electronics,1050.84,618.32,2,,400,3
1622,CUSTOMER_973,150,Luxor,05/23/2021,0,11040,05/23/2021,Standard,115,Product_115,Home Appliances,192.55,83.07,5,,486,3
2392,Customer_974,37,Aswan,08/30/2020,0,11712,08/30/2020,Express,128,Product_128,Home Appliances,217.38,144.83,4,,543,5
1747,Customer_975,50,Luxor,16-02-2023,1,13330,16-02-2023,Same Day,113,Product_113,Electronics,1129.79,762.87,3,,685,4
1594,Customer_976,67,Aswan,02-05-2022,0,10122,02-05-2022,Same Day,114,Product_114,Electronics,442.28,220.03,2,,975,3
1424,  Customer_977  ,35,Cairo,05/26/2023,0,12002,05/26/2023,Standard,102,Product_102,Sports,961.52,562.3,3,,420,7
1612,Customer_978,28,Luxor,05/05/2023,0,13382,05/05/2023,Standard,134,Product_134,Home Appliances,1380.24,755.95,1,0.2,521,7
1691,  Customer_979  ,33,Cairo,20-06-2023,0,12158,20-06-2023,Express,135,Product_135,Electronics,508.89,347.37,3,0.1,561,1
2305,Customer_980,16,Luxor,07-04-2021,1,13327,07-04-2021,Standard,137,Product_137,Sports,364.86,201.63,2,,555,3
2343,Customer_981,53,Luxor,12/06/2022,0,12281,12/06/2022,Same Day,125,Product_125,Sports,204.52,140.71,1,,451,5
2466,Customer_982,32,Aswan,18-02-2022,0,13015,18-02-2022,Standard,148,Product_148,Sports,239.17,109.97,1,0.05,657,5
1314,Customer_983,36,Luxor,11-07-2022,0,10496,11-07-2022,Same Day,115,Product_115,Sports,140.22,70.62,1,,384,2
1876,  Customer_984  ,-10,Cairo,06/25/2022,0,13939,06/25/2022,Express,112,Product_112,Home Appliances,177.08,112.34,4,,428,5
2400,Customer_985,34,Aswan,31-08-2021,1,13111,31-08-2021,Same Day,109,Product_109,Sports,676.41,429.58,4,,762,5
2312,Customer_986,51,Giza,04/20/2023,0,11145,04/20/2023,Standard,131,Product_131,Home Appliances,515.25,319.28,1,,622,7
2460,Customer_987,24,Cairo,28-05-2022,0,11473,28-05-2022,Same Day,114,Product_114,Sports,1074.51,706.9,2,,949,6
1661,Customer_988,54,Giza,17-09-2021,0,10726,17-09-2021,Same Day,129,Product_129,Sports,1311.85,801.23,1,0.2,356,10
1276,CUSTOMER_989,45,Alexandria,10-03-2023,0,11831,10-03-2023,Standard,148,Product_148,Clothing,1187.92,701.85,1,,391,8
1623,  Customer_990  ,38,Aswan,25-06-2023,0,11821,25-06-2023,Express,143,Product_143,Home Appliances,819.42,440.58,3,,556,5
1515,Customer_991,41,Alexandria,05/03/2020,0,11816,05/03/2020,Same Day,138,Product_138,Clothing,198.54,107.24,3,,514,7
2373,Customer_992,20,Aswan,02-06-2023,0,13590,02-06-2023,Standard,142,Product_142,Clothing,1079.16,563.16,3,0.1,579,4
1842,  Customer_993  ,41,Aswan,07/22/2020,1,10091,07/22/2020,Same Day,108,Product_108,Sports,576.1,337.63,5,0.1,1565,2
2469,Customer_994,37,Cairo,01-03-2021,0,13432,01-03-2021,Same Day,148,Product_148,Home Appliances,174.19,90.93,3,,413,3
1349,CUSTOMER_995,21,Giza,07/05/2023,0,11969,07/05/2023,Same Day,103,Product_103,Electronics,1271.58,564.9,3,0.1,350,4
1822,customer_996,29,Aswan,03/08/2021,1,13194,03/08/2021,Express,102,Product_102,Sports,540.41,233.43,2,,423,5
2160,customer_997,38,Giza,06/25/2021,0,12384,06/25/2021,Same Day,116,Product_116,Home Appliances,366.46,248.22,4,,447,4
1758,Customer_998,30,Aswan,14-09-2023,0,13679,14-09-2023,Standard,119,Product_119,Clothing,1313.61,535.19,4,,475,7
1898,CUSTOMER_999,3,Giza,15-06-2020,0,10512,15-06-2020,Standard,130,Product_130,Home Appliances,1358.09,586.21,4,,599,7
1242,CUSTOMER_1000,56,Alexandria,11/17/2020,0,10602,11/17/2020,Same Day,141,Product_141,Sports,541.51,288.95,5,,735,2
1542,  Customer_1001  ,37,Cairo,06-05-2021,1,10427,06-05-2021,Express,116,Product_116,Home Appliances,564.46,270.31,1,,565,2
2063,Customer_1002,5,Aswan,21-12-2020,0,12019,21-12-2020,Standard,131,Product_131,Clothing,890.46,464.6,3,,584,4
1228,Customer_1003,72,Mansoura,04-02-2023,0,11456,04-02-2023,Express,128,Product_128,Home Appliances,1113.49,484.63,2,,697,1
1547,  Customer_1004  ,58,Giza,06/02/2020,0,10006,06/02/2020,Express,104,Product_104,Home Appliances,141.57,62.19,5,,475,2
1919,CUSTOMER_1005,34,Giza,11/16/2020,0,12167,11/16/2020,Standard,110,Product_110,Clothing,910.35,582.8,4,,404,3
2246,Customer_1006,27,Mansoura,01/06/2020,0,12434,01/06/2020,Standard,145,Product_145,Sports,1431.59,898.66,5,,492,8
1005,Customer_1007,46,Cairo,04/16/2022,1,11373,04/16/2022,Express,118,Product_118,Electronics,430.04,185.47,2,,991,1
2345,Customer_1008,43,Giza,11-07-2022,0,10640,11-07-2022,Same Day,147,Product_147,Clothing,1367.8,821.14,5,0.1,905,1
1467,Customer_1009,48,Cairo,11/12/2023,0,13762,11/12/2023,Express,132,Product_132,Clothing,1427.74,832.08,4,0.2,416,2
1074,Customer_1010,27,Giza,05/01/2023,0,11121,05/01/2023,Standard,130,Product_130,Sports,440.27,270.33,1,,519,6
1003,Customer_1011,56,Luxor,20-08-2022,0,11066,20-08-2022,Express,136,Product_136,Sports,1143.59,620.21,4,,446,2
1645,Customer_1012,32,Giza,08/19/2021,0,12230,08/19/2021,Standard,109,Product_109,Home Appliances,396.22,190.58,4,,344,7
1117,Customer_1013,50,Luxor,07-03-2020,0,12744,07-03-2020,Same Day,136,Product_136,Clothing,1119.54,670.72,4,0.2,736,5
1880,Customer_1014,28,Aswan,04/19/2021,0,10564,04/19/2021,Same Day,129,Product_129,Home Appliances,1206.26,616.89,5,,598,10
1503,Customer_1015,79,Cairo,08/13/2021,1,13811,08/13/2021,Same Day,116,Product_116,Home Appliances,408.45,190.21,2,0.1,827,5
1946,customer_1016,50,Giza,12/18/2023,0,11696,12/18/2023,Same Day,128,Product_128,Sports,1088.01,568.58,4,,380,9
1573,Customer_1017,83,Alexandria,08/02/2021,1,13306,08/02/2021,Same Day,121,Product_121,Sports,1227.55,772.11,5,0.2,1189,4
2464,customer_1018,52,Alexandria,12/10/2023,0,10445,12/10/2023,Standard,147,Product_147,Home Appliances,569.94,309.33,2,,388,6
1193,Customer_1019,31,Mansoura,18-07-2022,0,13941,18-07-2022,Express,102,Product_102,Clothing,293.17,143.64,1,0.2,405,7
1846,CUSTOMER_1020,52,Alexandria,25-05-2020,0,11930,25-05-2020,Same Day,146,Product_146,Clothing,183.35,119.1,4,,441,3
1714,Customer_1021,53,Luxor,08-11-2023,0,10199,08-11-2023,Standard,135,Product_135,Home Appliances,884.3,587.61,3,0.2,420,4
2415,Customer_1022,45,Alexandria,04/23/2021,0,12995,04/23/2021,Express,128,Product_128,Electronics,1468.24,778.13,5,,327,6
2049,Customer_1023,49,Alexandria,25-06-2021,0,10512,25-06-2021,Express,136,Product_136,Electronics,1243.28,637.06,1,,414,4
2458,CUSTOMER_1024,51,Alexandria,04-07-2023,0,13597,04-07-2023,Same Day,131,Product_131,Sports,681.97,398.14,1,0.1,547,5
1172,Customer_1025,25,Giza,04/22/2023,0,10989,04/22/2023,Same Day,133,Product_133,Clothing,828.1,345.64,1,0.05,544,5
2323,  Customer_1026  ,24,Mansoura,09/16/2023,1,12260,09/16/2023,Express,123,Product_123,Home Appliances,455.32,276.56,5,,473,2
1325,Customer_1027,28,Cairo,09-02-2021,0,11401,09-02-2021,Express,141,Product_141,Home Appliances,286.45,181.81,2,,1179,2
2433,Customer_1028,41,Mansoura,20-05-2022,0,11812,20-05-2022,Standard,117,Product_117,Clothing,749.02,388.92,3,0.05,820,2
2141,Customer_1029,36,Luxor,23-08-2020,1,10545,23-08-2020,Same Day,146,Product_146,Sports,722.08,326.66,2,0.2,681,7
1835,customer_1030,25,Giza,01/20/2023,0,12533,01/20/2023,Express,149,Product_149,Sports,806.8,329.7,4,,559,5
1723,Customer_1031,51,Aswan,05-04-2021,1,12009,05-04-2021,Express,101,Product_101,Electronics,1431.57,846.31,3,,1367,2
1224,Customer_1032,44,Giza,08/19/2023,0,13432,08/19/2023,Same Day,142,Product_142,Clothing,925.65,444.96,2,0.1,501,3
1531,Customer_1033,42,Alexandria,01-11-2020,0,11805,01-11-2020,Standard,123,Product_123,Clothing,928.37,500.55,4,,452,4
1112,Customer_1034,36,Alexandria,06/28/2021,0,12215,06/28/2021,Standard,148,Product_148,Home Appliances,235.64,,3,0.1,446,6
1139,Customer_1035,34,Luxor,10/18/2020,1,10889,10/18/2020,Same Day,127,Product_127,Clothing,1494.91,676.4,5,0.1,1176,3
1558,Customer_1036,27,Aswan,05/26/2020,0,10930,05/26/2020,Standard,125,Product_125,Electronics,1170.63,646.79,4,0.05,519,7
1000,Customer_1037,54,Giza,02-05-2020,0,13753,02-05-2020,Standard,132,Product_132,Clothing,1321.94,711.04,2,0.05,363,5
1089,Customer_1038,29,Aswan,12/05/2020,0,13665,12/05/2020,Standard,119,Product_119,Home Appliances,650.74,382.14,3,0.2,354,5
1653,Customer_1039,43,Cairo,21-09-2021,0,13475,21-09-2021,Express,124,Product_124,Electronics,778.09,370.03,4,0.1,575,2
1319,customer_1040,64,Mansoura,05/03/2023,0,10827,05/03/2023,Express,103,Product_103,Home Appliances,807.02,374.77,4,0.1,436,3
1138,Customer_1041,35,Giza,03/11/2023,0,12184,03/11/2023,Standard,112,Product_112,Clothing,331.44,213.55,5,,662,4
1844,Customer_1042,-10,Aswan,08/14/2021,0,13304,08/14/2021,Same Day,135,Product_135,Sports,1049.76,641.04,4,,626,3
1258,  Customer_1043  ,48,Cairo,06/18/2022,0,12162,06/18/2022,Same Day,115,Product_115,Clothing,1359.32,858.63,3,,536,3
1901,Customer_1044,44,Cairo,09/11/2020,0,11275,09/11/2020,Same Day,117,Product_117,Clothing,287.37,125.58,1,0.05,366,5
1689,CUSTOMER_1045,46,Mansoura,17-08-2022,0,11516,17-08-2022,Standard,132,Product_132,Home Appliances,175.16,81.84,3,,679,7
1009,Customer_1046,38,Cairo,11/11/2023,0,11312,11/11/2023,Same Day,107,Product_107,Sports,1120.42,641.62,3,,359,5
1260,Customer_1047,40,Luxor,14-09-2021,1,11072,14-09-2021,Express,119,Product_119,Clothing,446.14,293.19,5,,747,5
1171,  Customer_1048  ,31,Cairo,04-12-2023,0,13523,04-12-2023,Same Day,107,Product_107,Electronics,954.6,637.32,5,0.05,394,2
1897,CUSTOMER_1049,40,Aswan,04-04-2022,1,10515,04-04-2022,Same Day,105,Product_105,Electronics,1058.85,687.8,4,0.1,1003,4
1012,Customer_1050,31,Luxor,11-07-2021,1,11914,11-07-2021,Express,140,Product_140,Home Appliances,516.77,213.44,5,0.2,1270,1
2191,Customer_1051,55,Cairo,10/21/2022,0,10687,10/21/2022,Express,121,Product_121,Home Appliances,1231.96,796.17,4,,402,6
1320,CUSTOMER_1052,14,Alexandria,10-01-2023,1,11019,10-01-2023,Standard,148,Product_148,Sports,847.48,567.58,1,,715,4
2342,  Customer_1053  ,47,Cairo,10/08/2022,0,11295,10/08/2022,Standard,148,Product_148,Home Appliances,1310.05,546.32,2,,334,4
1328,CUSTOMER_1054,45,Luxor,15-06-2022,0,13502,15-06-2022,Standard,147,Product_147,Sports,1156.78,607.18,5,,732,4
1784,Customer_1055,43,Cairo,13-06-2020,0,11049,13-06-2020,Standard,107,Product_107,Clothing,1309.43,734.57,5,,351,5
1776,customer_1056,55,Cairo,05/09/2023,1,11093,05/09/2023,Standard,137,Product_137,Electronics,79.23,37.22,1,,603,2
1910,customer_1057,35,Cairo,22-03-2020,0,12340,22-03-2020,Express,123,Product_123,Electronics,403.08,223.71,5,,741,5
2442,Customer_1058,43,Luxor,06/03/2022,0,13477,06/03/2022,Express,111,Product_111,Electronics,180.51,120.18,1,,615,5
2118,Customer_1059,14,Cairo,10/22/2021,1,11257,10/22/2021,Express,110,Product_110,Home Appliances,691.02,456.13,4,,1167,2
1317,Customer_1060,33,Mansoura,21-05-2023,0,12278,21-05-2023,Same Day,121,Product_121,Home Appliances,1340.44,914.11,5,,377,6
1235,Customer_1061,52,Aswan,27-05-2021,1,13334,27-05-2021,Same Day,141,Product_141,Clothing,727.93,396.89,5,,791,3
1333,customer_1062,19,Mansoura,02/22/2020,1,12985,02/22/2020,Same Day,133,Product_133,Home Appliances,1282.08,670.75,4,,1141,4
1375,CUSTOMER_1063,42,Luxor,06-07-2020,0,13869,06-07-2020,Standard,120,Product_120,Sports,524.41,314.51,5,,465,3
2482,customer_1064,29,Alexandria,04/13/2021,0,11609,04/13/2021,Same Day,133,Product_133,Electronics,542.38,284.76,3,,618,5
2160,Customer_1065,38,Mansoura,12-10-2023,0,11144,12-10-2023,Standard,140,Product_140,Clothing,1348.56,556.39,1,,447,4
1587,Customer_1066,30,Aswan,03/24/2023,0,13534,03/24/2023,Standard,135,Product_135,Sports,667.43,411.12,2,0.2,427,8
1512,Customer_1067,21,Giza,17-04-2023,1,10517,17-04-2023,Standard,134,Product_134,Sports,1195.16,578.81,3,,625,3
2319,Customer_1068,45,Aswan,02/12/2020,1,13095,02/12/2020,Standard,136,Product_136,Home Appliances,393.13,163.04,2,,895,3
2343,customer_1069,39,Mansoura,08-10-2023,0,10705,08-10-2023,Same Day,127,Product_127,Home Appliances,1425.76,579.12,3,0.2,451,5
1917,Customer_1070,49,Giza,07/05/2021,0,13751,07/05/2021,Express,119,Product_119,Electronics,883.14,600.01,3,,1007,4
2372,Customer_1071,51,Luxor,26-03-2023,0,12424,26-03-2023,Standard,143,Product_143,Clothing,1151.02,547.45,3,,369,7
1872,Customer_1072,58,Aswan,23-03-2020,0,13571,23-03-2020,Same Day,105,Product_105,Sports,179.8,96.08,1,,403,5
2252,CUSTOMER_1073,42,Alexandria,12/24/2020,0,11934,12/24/2020,Standard,129,Product_129,Home Appliances,764.36,523.72,2,,581,7
1269,  Customer_1074  ,59,Giza,08/21/2022,0,12484,08/21/2022,Standard,110,Product_110,Home Appliances,1356.51,732.86,4,,428,5
1797,Customer_1075,25,Giza,28-11-2022,0,12900,28-11-2022,Express,140,Product_140,Clothing,1321.71,559.85,4,,717,4
2314,Customer_1076,53,Aswan,08/27/2023,0,11745,08/27/2023,Standard,113,Product_113,Clothing,117.88,66.67,5,0.1,493,2
1724,Customer_1077,46,Mansoura,06/24/2022,0,11668,06/24/2022,Express,129,Product_129,Home Appliances,490.36,209.12,1,,760,4
2188,Customer_1078,43,Giza,07/23/2021,0,13928,07/23/2021,Same Day,105,Product_105,Home Appliances,692.81,296.89,1,0.2,606,3
1004,Customer_1079,46,Luxor,01/06/2021,0,13875,01/06/2021,Standard,112,Product_112,Electronics,299.78,196.49,1,0.2,969,3
1850,CUSTOMER_1080,25,Aswan,04/13/2023,1,10969,04/13/2023,Express,113,Product_113,Clothing,1108.5,539.65,3,0.2,629,4
2402,Customer_1081,22,Luxor,11-06-2022,1,12546,11-06-2022,Standard,122,Product_122,Sports,317.54,191.67,1,0.1,935,3
1077,Customer_1082,65,Aswan,07/24/2023,0,11197,07/24/2023,Standard,140,Product_140,Home Appliances,552.63,305.43,4,,527,4
2433,CUSTOMER_1083,37,Luxor,10/04/2022,0,11686,10/04/2022,Standard,115,Product_115,Home Appliances,1011.76,472.19,1,0.05,820,2
1573,Customer_1084,37,Mansoura,07/05/2020,1,12647,07/05/2020,Express,113,Product_113,Home Appliances,749.03,415.97,3,,1189,4
1131,Customer_1085,23,Aswan,20-08-2022,0,13884,20-08-2022,Same Day,101,Product_101,Home Appliances,1120.93,471.57,2,0.1,565,4
1600,Customer_1086,17,Alexandria,12/13/2021,1,11532,12/13/2021,Express,138,Product_138,Electronics,1443.75,,1,,1115,4
2065,  Customer_1087  ,38,Mansoura,16-04-2022,1,10777,16-04-2022,Same Day,143,Product_143,Clothing,218.99,121.94,2,,854,2
1088,Customer_1088,34,Luxor,13-11-2021,1,11333,13-11-2021,Express,145,Product_145,Home Appliances,1078.87,505.47,5,0.2,1145,2
1401,CUSTOMER_1089,40,Aswan,19-10-2021,1,12117,19-10-2021,Express,101,Product_101,Clothing,384.0,229.65,3,,1100,3
1295,CUSTOMER_1090,41,Mansoura,04-10-2023,0,12252,04-10-2023,Same Day,111,Product_111,Sports,650.99,270.51,1,,334,5
2318,Customer_1091,77,Luxor,08/02/2020,1,12388,08/02/2020,Same Day,143,Product_143,Sports,97.65,53.26,5,,796,3
1615,Customer_1092,34,Cairo,25-11-2020,1,13103,25-11-2020,Same Day,140,Product_140,Sports,247.07,151.82,5,0.05,811,3
1799,  Customer_1093  ,63,Cairo,11/06/2021,1,13114,11/06/2021,Express,122,Product_122,Sports,513.68,271.73,2,,807,3
1421,Customer_1094,64,Giza,23-04-2022,0,10117,23-04-2022,Same Day,135,Product_135,Clothing,545.88,361.58,4,,352,4
2046,Customer_1095,51,Alexandria,11/21/2023,0,12936,11/21/2023,Standard,144,Product_144,Sports,1354.4,798.63,4,0.1,407,3
1574,Customer_1096,36,Cairo,10/11/2022,0,10014,10/11/2022,Standard,106,Product_106,Sports,1125.63,773.92,4,,762,6
1142,customer_1097,19,Luxor,13-08-2021,0,11345,13-08-2021,Standard,128,Product_128,Home Appliances,1459.67,708.29,4,,368,5
1992,CUSTOMER_1098,47,Mansoura,18-09-2023,0,12041,18-09-2023,Standard,131,Product_131,Home Appliances,918.65,626.19,3,0.05,385,6
1664,  Customer_1099  ,55,Aswan,03/31/2022,1,12042,03/31/2022,Same Day,108,Product_108,Home Appliances,400.48,233.1,1,,1007,3
1144,  Customer_1100  ,66,Mansoura,01/31/2023,0,10910,01/31/2023,Same Day,105,Product_105,Electronics,525.1,327.43,1,,701,2
2248,Customer_1101,25,Giza,03/16/2020,0,12674,03/16/2020,Standard,142,Product_142,Home Appliances,513.76,344.55,3,,333,4
2006,customer_1102,36,Mansoura,07/20/2022,1,13408,07/20/2022,Same Day,148,Product_148,Sports,523.42,295.92,2,,785,5
1502,Customer_1103,25,Cairo,06/29/2020,0,11555,06/29/2020,Standard,144,Product_144,Clothing,1025.8,675.65,1,,542,3
1820,Customer_1104,30,Mansoura,06-10-2021,0,10689,06-10-2021,Express,117,Product_117,Sports,819.67,461.07,5,,501,6
1103,CUSTOMER_1105,49,Cairo,31-05-2021,0,10773,31-05-2021,Same Day,138,Product_138,Clothing,608.87,353.0,1,,425,6
2062,customer_1106,29,Cairo,24-10-2021,0,11614,24-10-2021,Express,109,Product_109,Sports,266.18,142.01,3,,370,10
1197,Customer_1107,27,Alexandria,25-08-2020,0,13452,25-08-2020,Same Day,110,Product_110,Electronics,82.1,36.43,2,,623,6
1578,Customer_1108,51,Giza,04/07/2022,0,11534,04/07/2022,Same Day,120,Product_120,Home Appliances,367.31,207.92,1,0.05,1000,4
1390,  Customer_1109  ,46,Luxor,11/19/2022,0,12960,11/19/2022,Same Day,114,Product_114,Sports,205.83,142.69,3,0.1,559,5
2202,Customer_1110,45,Cairo,01/03/2020,1,10119,01/03/2020,Express,114,Product_114,Home Appliances,1188.9,756.33,5,,551,3
1553,Customer_1111,30,Aswan,08-09-2023,0,12073,08-09-2023,Express,126,Product_126,Electronics,213.12,133.04,4,,352,5
2471,Customer_1112,59,Giza,16-01-2023,1,13605,16-01-2023,Standard,129,Product_129,Electronics,1100.13,652.37,5,0.2,716,1
2038,Customer_1113,40,Luxor,04-08-2022,1,11736,04-08-2022,Express,149,Product_149,Home Appliances,609.21,307.27,5,,881,3
2312,Customer_1114,75,Aswan,26-04-2022,0,10063,26-04-2022,Express,127,Product_127,Home Appliances,156.4,70.52,2,0.2,622,7
1477,Customer_1115,42,Mansoura,04/21/2020,0,10459,04/21/2020,Standard,125,Product_125,Clothing,1228.46,574.14,1,,1175,3
2254,Customer_1116,4,Giza,19-01-2021,0,11749,19-01-2021,Express,116,Product_116,Home Appliances,890.46,357.87,4,0.1,788,5
1922,Customer_1117,4,Aswan,11/27/2022,0,12361,11/27/2022,Express,136,Product_136,Home Appliances,391.85,235.91,3,,407,3
1419,Customer_1118,49,Giza,01/10/2022,0,12852,01/10/2022,Standard,134,Product_134,Clothing,1347.29,867.07,4,,401,8
1156,Customer_1119,59,Giza,06/29/2023,0,11613,06/29/2023,Express,116,Product_116,Sports,115.62,55.58,1,0.2,433,3
1549,CUSTOMER_1120,-5,Mansoura,10/17/2022,1,13287,10/17/2022,Standard,133,Product_133,Clothing,342.64,146.5,2,0.2,807,3
2464,Customer_1121,71,Mansoura,04-07-2023,0,13527,04-07-2023,Same Day,103,Product_103,Sports,1140.47,571.05,1,,388,6
2120,customer_1122,64,Giza,24-06-2022,1,13033,24-06-2022,Same Day,123,Product_123,Sports,1078.6,525.94,3,0.2,518,4
2020,Customer_1123,43,Aswan,15-04-2020,0,12783,15-04-2020,Express,111,Product_111,Sports,469.44,251.27,4,,434,3
1996,CUSTOMER_1124,48,Alexandria,20-02-2021,0,12936,20-02-2021,Same Day,148,Product_148,Clothing,139.94,67.06,5,,1190,3
2434,Customer_1125,53,Cairo,06/30/2021,0,11563,06/30/2021,Express,118,Product_118,Clothing,1294.21,649.59,1,,751,4
1950,  Customer_1126  ,68,Mansoura,01/29/2023,0,10981,01/29/2023,Standard,147,Product_147,Electronics,504.86,339.4,2,,421,4
1288,Customer_1127,50,Alexandria,25-09-2020,0,13888,25-09-2020,Standard,141,Product_141,Sports,333.78,167.04,2,0.05,593,6
2277,customer_1128,42,Mansoura,08/12/2021,0,13784,08/12/2021,Standard,144,Product_144,Clothing,798.29,507.44,4,,476,5
1195,Customer_1129,50,Giza,06/16/2022,0,12626,06/16/2022,Same Day,129,Product_129,Electronics,1369.83,805.12,5,,413,4
1597,Customer_1130,48,Alexandria,12/01/2023,0,13544,12/01/2023,Standard,105,Product_105,Sports,113.14,56.71,3,,397,7
1516,Customer_1131,53,Aswan,19-09-2022,0,13430,19-09-2022,Standard,124,Product_124,Clothing,1160.42,748.86,5,,669,5
1864,Customer_1132,16,Aswan,09/05/2020,0,11149,09/05/2020,Express,129,Product_129,Clothing,880.09,509.15,4,,609,3
2141,Customer_1133,44,Luxor,02/29/2020,1,10971,02/29/2020,Express,129,Product_129,Clothing,666.9,268.48,5,,681,7
1805,  Customer_1134  ,46,Cairo,07/14/2023,0,12908,07/14/2023,Express,126,Product_126,Home Appliances,1128.92,474.84,4,0.1,521,4
2182,Customer_1135,38,Cairo,31-05-2023,1,10706,31-05-2023,Express,140,Product_140,Electronics,1450.45,907.68,5,,568,3
1814,Customer_1136,51,Mansoura,05-05-2021,0,11709,05-05-2021,Standard,103,Product_103,Clothing,382.35,204.16,1,,351,4
1227,customer_1137,68,Cairo,24-12-2023,1,13158,24-12-2023,Express,102,Product_102,Home Appliances,258.29,134.74,2,,374,2
1215,Customer_1138,42,Luxor,20-11-2020,0,11366,20-11-2020,Same Day,125,Product_125,Electronics,1373.68,609.57,4,,511,5
1947,  Customer_1139  ,50,Aswan,09/28/2021,1,11846,09/28/2021,Same Day,119,Product_119,Electronics,1019.98,456.13,4,,450,4
1014,Customer_1140,64,Alexandria,02/02/2023,0,10394,02/02/2023,Same Day,140,Product_140,Home Appliances,685.08,437.99,2,,699,3
2180,Customer_1141,42,Alexandria,01/29/2020,1,10483,01/29/2020,Express,102,Product_102,Electronics,881.23,571.66,3,,992,4
2284,customer_1142,26,Aswan,05-02-2023,0,10665,05-02-2023,Standard,119,Product_119,Home Appliances,1131.14,642.49,4,0.1,490,4
2180,Customer_1143,49,Giza,15-04-2022,1,10455,15-04-2022,Express,101,Product_101,Sports,1170.9,572.03,1,,992,4
1046,customer_1144,6,Aswan,07/09/2020,1,13547,07/09/2020,Same Day,127,Product_127,Clothing,1383.85,940.76,5,0.1,1273,5
1323,Customer_1145,5,Alexandria,04/05/2021,0,10209,04/05/2021,Express,145,Product_145,Home Appliances,668.92,392.78,1,,386,4
1843,Customer_1146,44,Mansoura,20-08-2020,1,10524,20-08-2020,Same Day,149,Product_149,Elec,475.45,303.81,4,,984,4
1129,Customer_1147,4,Luxor,03-08-2022,0,10675,03-08-2022,Standard,135,Product_135,Electronics,977.51,391.97,3,,434,4
2434,Customer_1148,20,Aswan,28-08-2020,0,11001,28-08-2020,Standard,141,Product_141,Sports,652.81,349.32,4,,751,4
1094,Customer_1149,34,Giza,19-08-2023,0,13838,19-08-2023,Standard,105,Product_105,Sports,912.17,603.2,3,,353,4
1626,Customer_1150,29,Mansoura,11/11/2020,1,10895,11/11/2020,Standard,138,Product_138,Sports,658.98,330.46,2,0.2,1233,2
1754,  Customer_1151  ,37,Aswan,10/17/2022,0,11003,10/17/2022,Standard,104,Product_104,Sports,271.84,167.99,5,,659,3
2315,customer_1152,56,Mansoura,01/07/2024,0,11599,01/07/2024,Express,117,Product_117,Sports,730.67,,1,,360,3
1793,customer_1153,43,Aswan,08/20/2021,0,12354,08/20/2021,Standard,121,Product_121,Clothing,1051.83,468.76,3,,388,7
2306,Customer_1154,27,Mansoura,08-11-2022,0,13147,08-11-2022,Express,148,Product_148,Home Appliances,1208.96,764.63,1,,594,6
1068,Customer_1155,60,Cairo,15-12-2023,0,13093,15-12-2023,Same Day,131,Product_131,Sports,765.32,331.96,2,,383,5
1010,Customer_1156,18,Mansoura,07/13/2021,0,10059,07/13/2021,Same Day,148,Product_148,Sports,289.59,179.07,4,0.1,437,4
2277,customer_1157,43,Cairo,30-04-2022,0,10385,30-04-2022,Standard,122,Product_122,Clothing,651.3,454.15,3,,476,5
1871,Customer_1158,16,Alexandria,15-09-2022,0,12103,15-09-2022,Express,111,Product_111,Home Appliances,1190.13,818.09,5,0.05,346,4
1549,Customer_1159,43,Cairo,08/25/2022,1,12215,08/25/2022,Standard,134,Product_134,Sports,648.65,415.18,3,,807,3
2157,CUSTOMER_1160,35,Mansoura,14-05-2021,0,11435,14-05-2021,Same Day,149,Product_149,Home Appliances,1059.97,593.96,4,,433,3
1711,Customer_1161,56,Luxor,07/24/2022,1,12764,07/24/2022,Express,115,Product_115,Home Appliances,785.46,473.2,4,,892,1
1022,  Customer_1162  ,50,Luxor,02/02/2023,0,12912,02/02/2023,Same Day,110,Product_110,Clothing,399.77,247.23,5,,414,5
1814,Customer_1163,31,Alexandria,23-10-2020,0,11794,23-10-2020,Express,138,Product_138,Clothing,1204.42,484.8,5,,351,4
1345,CUSTOMER_1164,28,Mansoura,02/24/2022,1,13262,02/24/2022,Same Day,132,Product_132,Sports,172.11,74.13,2,,1042,3
1301,Customer_1165,35,Cairo,01/25/2021,0,12529,01/25/2021,Standard,148,Product_148,Electronics,811.09,469.72,1,,434,6
1362,Customer_1166,200,Luxor,12-05-2023,1,11942,12-05-2023,Standard,131,Product_131,Clothing,352.89,141.85,3,0.1,399,7
1395,CUSTOMER_1167,64,Aswan,11/06/2022,0,11590,11/06/2022,Standard,137,Product_137,Home Appliances,147.25,99.05,2,,787,5
1217,Customer_1168,25,Giza,10/06/2020,0,13487,10/06/2020,Same Day,144,Product_144,Home Appliances,779.25,426.17,1,0.05,483,5
1140,Customer_1169,52,Mansoura,05/22/2020,0,12387,05/22/2020,Same Day,128,Product_128,Sports,774.37,369.63,2,,857,6
1957,Customer_1170,14,Aswan,19-07-2021,0,10795,19-07-2021,Same Day,131,Product_131,Sports,1075.01,557.01,5,0.1,390,7
2233,Customer_1171,33,Aswan,29-04-2022,0,10891,29-04-2022,Standard,106,Product_106,Sports,1129.89,740.34,5,,335,4
1984,Customer_1172,26,Mansoura,11/27/2021,0,12823,11/27/2021,Same Day,114,Product_114,Home Appliances,1105.3,749.57,4,,611,4
1992,CUSTOMER_1173,56,Giza,11/05/2022,0,11282,11/05/2022,Same Day,123,Product_123,Clothing,643.86,280.0,3,0.2,385,6
1827,CUSTOMER_1174,20,Luxor,07/01/2021,0,13421,07/01/2021,Standard,116,Product_116,Electronics,965.95,611.82,3,,518,6
1682,Customer_1175,46,Giza,06-01-2020,0,10600,06-01-2020,Same Day,125,Product_125,Clothing,886.57,508.42,3,,562,3
2483,Customer_1176,40,Alexandria,02-08-2021,1,12484,02-08-2021,Express,139,Product_139,Electronics,661.26,380.65,2,,1248,1
2003,CUSTOMER_1177,37,Cairo,01/26/2024,0,11245,01/26/2024,Same Day,102,Product_102,Clothing,915.96,580.57,2,,341,3
1355,Customer_1178,65,Cairo,09/03/2021,0,11436,09/03/2021,Standard,138,Product_138,Sports,1423.51,664.57,3,0.2,722,5
2007,Customer_1179,66,Aswan,04/17/2023,0,11373,04/17/2023,Express,141,Product_141,Home Appliances,329.7,184.41,4,0.1,580,5
2347,Customer_1180,-5,Luxor,02-04-2023,0,13553,02-04-2023,Standard,139,Product_139,Electronics,1363.37,675.97,1,0.1,502,5
2156,Customer_1181,34,Giza,13-09-2023,0,13672,13-09-2023,Standard,134,Product_134,Clothing,127.51,54.62,2,0.2,476,3
1887,Customer_1182,17,Aswan,09/29/2022,1,11082,09/29/2022,Standard,140,Product_140,Home Appliances,497.16,214.54,3,,825,4
1126,Customer_1183,39,Mansoura,10/31/2020,1,10151,10/31/2020,Express,143,Product_143,Electronics,467.81,206.28,5,,363,2
2129,Customer_1184,69,Aswan,03-07-2022,0,10933,03-07-2022,Express,125,Product_125,Elec,958.23,560.06,2,0.05,459,4
2008,Customer_1185,38,Mansoura,08-01-2023,1,12587,08-01-2023,Standard,136,Product_136,Home Appliances,240.28,103.74,1,,391,5
1603,Customer_1186,50,Mansoura,18-09-2022,1,12272,18-09-2022,Same Day,116,Product_116,Sports,1329.4,759.13,2,,836,4
2401,Customer_1187,19,Alexandria,12/07/2021,1,11341,12/07/2021,Express,118,Product_118,Home Appliances,1251.4,721.42,1,,1093,6
2013,Customer_1188,33,Alexandria,11/11/2021,0,12610,11/11/2021,Standard,113,Product_113,Sports,995.5,668.15,1,0.2,409,5
1050,Customer_1189,46,Mansoura,02/04/2023,0,13846,02/04/2023,Same Day,137,Product_137,Clothing,714.7,420.18,2,,697,4
2052,  Customer_1190  ,41,Luxor,01/17/2023,1,13350,01/17/2023,Standard,127,Product_127,Clothing,1402.79,975.89,1,0.1,715,2
2485,Customer_1191,52,Alexandria,02/11/2022,0,10557,02/11/2022,Express,134,Product_134,Home Appliances,1254.58,513.5,2,,527,4
2319,Customer_1192,30,Alexandria,07/21/2022,1,11497,07/21/2022,Express,111,Product_111,Sports,774.01,473.11,2,,895,3
2320,  Customer_1193  ,13,Cairo,10/21/2021,1,11869,10/21/2021,Same Day,101,Product_101,Clothing,1067.72,435.57,4,0.1,1168,2
1778,Customer_1194,56,Aswan,21-01-2021,1,10617,21-01-2021,Express,113,Product_113,Sports,872.05,539.64,5,0.2,1039,5
2430,Customer_1195,-10,Cairo,29-11-2023,0,11819,29-11-2023,Standard,130,Product_130,Sports,902.52,465.48,1,,399,4
1813,Customer_1196,47,Luxor,05/04/2021,0,10023,05/04/2021,Standard,105,Product_105,Sports,529.92,309.15,2,,395,5
2428,Customer_1197,46,Alexandria,03/17/2023,1,11542,03/17/2023,Same Day,118,Product_118,Home Appliances,720.02,354.87,1,,636,4
2369,Customer_1198,15,Alexandria,23-02-2022,1,12415,23-02-2022,Same Day,114,Product_114,Sports,163.28,73.11,2,0.1,540,4
1419,Customer_1199,55,Giza,23-04-2021,0,12019,23-04-2021,Same Day,113,Product_113,Home Appliances,568.16,350.59,2,,401,8
2205,Customer_1200,31,Luxor,04/21/2022,0,10998,04/21/2022,Same Day,132,Product_132,Clothing,1058.95,710.96,2,,409,7
1982,Customer_1201,40,Aswan,03/30/2020,1,12382,03/30/2020,Standard,107,Product_107,Clothing,1432.16,651.74,5,0.05,605,4
1824,Customer_1202,34,Aswan,13-10-2021,1,11456,13-10-2021,Standard,108,Product_108,Electronics,1446.44,978.1,1,,1125,5
2024,Customer_1203,64,Aswan,08/26/2022,0,10002,08/26/2022,Standard,107,Product_107,Electronics,855.8,378.31,5,,614,5
1566,  Customer_1204  ,60,Luxor,12/15/2023,0,11007,12/15/2023,Standard,149,Product_149,Clothing,929.6,577.0,5,0.1,383,3
1370,Customer_1205,12,Giza,19-02-2022,0,11281,19-02-2022,Same Day,116,Product_116,Sports,319.3,219.63,5,0.2,1001,3
1935,customer_1206,73,Giza,01-03-2022,0,10262,01-03-2022,Express,143,Product_143,Sports,1058.2,470.06,5,0.2,468,9
1660,Customer_1207,29,Cairo,09/21/2023,0,10120,09/21/2023,Standard,131,Product_131,Clothing,152.46,80.88,4,,441,8
2454,Customer_1208,71,Luxor,28-08-2023,1,11743,28-08-2023,Express,127,Product_127,Clothing,462.79,231.97,1,0.2,492,2
1968,  Customer_1209  ,36,Luxor,07-11-2020,1,10020,07-11-2020,Same Day,133,Product_133,Electronics,1019.13,526.42,1,0.05,755,4
2332,Customer_1210,34,Giza,10/11/2022,0,10904,10/11/2022,Same Day,129,Product_129,Sports,499.95,312.94,2,,789,4
2160,Customer_1211,36,Mansoura,03/16/2020,0,10139,03/16/2020,Express,108,Product_108,Clothing,122.28,73.17,1,,447,4
1201,Customer_1212,33,Mansoura,15-09-2020,0,13548,15-09-2020,Same Day,133,Product_133,Elec,1256.21,867.55,5,,765,5
2459,CUSTOMER_1213,77,Cairo,10/25/2022,0,11815,10/25/2022,Express,141,Product_141,Electronics,499.98,,3,0.05,661,6
1312,customer_1214,38,Mansoura,04/23/2023,0,11312,04/23/2023,Standard,119,Product_119,Sports,141.5,79.66,1,0.05,387,5
1116,Customer_1215,35,Mansoura,11/10/2021,0,10205,11/10/2021,Same Day,121,Product_121,Electronics,158.44,84.72,3,0.05,1071,3
1936,CUSTOMER_1216,41,Mansoura,07/24/2020,0,10042,07/24/2020,Same Day,141,Product_141,Elec,415.05,280.43,4,,840,3
1574,Customer_1217,25,Alexandria,20-06-2022,0,12897,20-06-2022,Express,121,Product_121,Home Appliances,308.12,124.23,2,,762,6
1243,Customer_1218,-10,Cairo,07/23/2020,1,13189,07/23/2020,Express,125,Product_125,Clothing,1172.74,817.11,2,,1286,2
1536,  Customer_1219  ,17,Giza,12/13/2022,1,11028,12/13/2022,Express,142,Product_142,Sports,516.44,280.9,2,0.2,750,5
1074,Customer_1220,30,Mansoura,07/24/2022,0,12254,07/24/2022,Express,123,Product_123,Clothing,1216.81,715.07,4,,519,6
1385,customer_1221,54,Aswan,02/01/2020,0,12682,02/01/2020,Express,111,Product_111,Home Appliances,302.08,153.46,5,,378,6
2233,Customer_1222,40,Alexandria,01/19/2024,0,11862,01/19/2024,Same Day,133,Product_133,Sports,764.67,501.44,3,,335,4
1474,Customer_1223,48,Mansoura,10/22/2020,1,10344,10/22/2020,Express,120,Product_120,Clothing,1047.65,595.69,1,,1501,3
1417,Customer_1224,62,Alexandria,04/19/2022,1,11165,04/19/2022,Standard,125,Product_125,Electronics,995.39,596.08,5,,988,2
1346,Customer_1225,55,Cairo,02-09-2023,0,12419,02-09-2023,Express,126,Product_126,Sports,921.64,548.07,2,0.05,487,2
1639,Customer_1226,42,Aswan,12-11-2020,1,13303,12-11-2020,Same Day,140,Product_140,Home Appliances,1390.99,708.28,2,,1264,4
1938,CUSTOMER_1227,71,Aswan,02-06-2020,1,13235,02-06-2020,Standard,112,Product_112,Electronics,381.36,161.24,5,,1439,4
1954,Customer_1228,30,Aswan,19-08-2022,0,12594,19-08-2022,Same Day,132,Product_132,Home Appliances,765.89,491.94,3,,741,5
1875,Customer_1229,38,Mansoura,26-06-2021,1,11387,26-06-2021,Express,133,Product_133,Electronics,1331.79,648.47,5,,855,3
1762,Customer_1230,39,Alexandria,11/24/2021,1,10983,11/24/2021,Same Day,110,Product_110,Clothing,162.95,106.68,4,0.2,783,7
2202,Customer_1231,38,Aswan,06/30/2023,1,10334,06/30/2023,Same Day,104,Product_104,Clothing,131.04,76.34,2,,551,3
2205,Customer_1232,23,Luxor,11/19/2023,0,12058,11/19/2023,Express,115,Product_115,Clothing,388.29,196.52,3,,409,7
1663,Customer_1233,16,Luxor,25-03-2022,0,13479,25-03-2022,Same Day,106,Product_106,Home Appliances,967.88,559.7,1,0.2,521,6
1024,Customer_1234,46,Alexandria,23-08-2023,0,12122,23-08-2023,Same Day,127,Product_127,Sports,426.83,253.39,2,,426,6
2203,Customer_1235,30,Mansoura,13-06-2020,1,11323,13-06-2020,Same Day,105,Product_105,Clothing,325.85,199.42,5,0.05,1251,3
1709,customer_1236,68,Mansoura,03-11-2021,0,12994,03-11-2021,Standard,105,Product_105,Home Appliances,715.26,462.56,3,,677,5
2184,customer_1237,38,Cairo,13-10-2023,0,12960,13-10-2023,Same Day,118,Product_118,Electronics,939.72,420.93,2,,338,9
1176,Customer_1238,36,Cairo,12/28/2022,1,13452,12/28/2022,Express,128,Product_128,Clothing,410.41,280.41,1,,496,5
1284,Customer_1239,56,Aswan,02/17/2022,0,12757,02/17/2022,Express,135,Product_135,Electronics,486.0,254.3,1,,647,4
1062,Customer_1240,46,Giza,10/10/2021,1,12900,10/10/2021,Same Day,122,Product_122,Clothing,939.66,618.42,5,0.1,624,3
2002,Customer_1241,37,Cairo,07/07/2023,0,10775,07/07/2023,Express,134,Product_134,Electronics,1421.32,662.54,4,0.1,544,2
1661,Customer_1242,30,Mansoura,11-01-2024,0,13918,11-01-2024,Standard,104,Product_104,Home Appliances,1028.38,420.31,5,,356,10
1665,Customer_1243,94,Giza,09/26/2022,0,10885,09/26/2022,Express,118,Product_118,Clothing,1185.21,677.94,3,,715,4
1155,  Customer_1244  ,45,Cairo,13-01-2023,0,12035,13-01-2023,Express,141,Product_141,Home Appliances,581.87,,5,0.1,426,5
2492,Customer_1245,56,Alexandria,14-03-2020,1,10735,14-03-2020,Same Day,126,Product_126,Home Appliances,444.77,309.27,3,,892,4
2072,Customer_1246,150,Luxor,06/18/2023,0,12681,06/18/2023,Standard,142,Product_142,Electronics,708.69,305.68,4,,340,5
1966,customer_1247,31,Cairo,05/20/2020,1,13657,05/20/2020,Standard,122,Product_122,Clothing,1220.34,,5,,1687,1
1848,Customer_1248,71,Cairo,04/25/2021,0,11051,04/25/2021,Express,147,Product_147,Sports,711.63,294.26,1,,421,3
2107,Customer_1249,60,Alexandria,07/16/2023,0,11486,07/16/2023,Express,133,Product_133,Sports,1277.75,594.23,3,,351,10
2384,Customer_1250,46,Mansoura,11/02/2023,0,10395,11/02/2023,Same Day,143,Product_143,Home Appliances,1483.72,851.3,3,,426,4
1688,customer_1251,34,Aswan,11-08-2021,0,10682,11-08-2021,Same Day,114,Product_114,Electronics,154.44,85.2,1,,456,3
1147,Customer_1252,36,Alexandria,10-04-2021,0,12001,10-04-2021,Standard,131,Product_131,Electronics,115.84,58.5,5,0.1,1135,3
1341,CUSTOMER_1253,29,Aswan,04-07-2020,0,13447,04-07-2020,Same Day,110,Product_110,Elec,266.91,113.87,4,,806,5
1475,Customer_1254,22,Cairo,07-06-2022,0,12468,07-06-2022,Standard,124,Product_124,Clothing,607.34,285.52,2,,366,7
2086,  Customer_1255  ,53,Mansoura,20-07-2020,0,10363,20-07-2020,Standard,121,Product_121,Clothing,240.01,109.26,5,,561,5
2383,customer_1256,48,Giza,21-07-2023,0,13966,21-07-2023,Express,148,Product_148,Electronics,1312.46,818.58,5,0.05,530,3
1560,Customer_1257,51,Cairo,12/12/2023,0,13287,12/12/2023,Standard,108,Product_108,Sports,83.56,,3,,386,6
1326,Customer_1258,34,Alexandria,24-07-2020,1,11854,24-07-2020,Standard,132,Product_132,Sports,507.9,,3,,1055,4
2164,Customer_1259,43,Giza,27-06-2022,0,13172,27-06-2022,Standard,131,Product_131,Clothing,317.81,219.52,4,0.1,674,5
1989,Customer_1260,33,Luxor,12/06/2020,0,11781,12/06/2020,Standard,134,Product_134,Electronics,1400.73,931.87,4,,565,7
1214,Customer_1261,29,Giza,22-11-2023,1,10092,22-11-2023,Express,123,Product_123,Sports,1020.75,560.74,4,,406,3
1434,  Customer_1262  ,65,Alexandria,05-09-2021,0,11598,05-09-2021,Same Day,125,Product_125,Sports,1372.44,,1,0.2,792,6
1951,  Customer_1263  ,41,Giza,29-02-2020,0,10265,29-02-2020,Same Day,107,Product_107,Clothing,1459.88,985.03,2,,702,5
1722,Customer_1264,47,Alexandria,04/04/2020,1,12253,04/04/2020,Standard,119,Product_119,Clothing,770.79,449.65,2,,1733,1
2341,CUSTOMER_1265,52,Cairo,10/26/2021,0,13151,10/26/2021,Same Day,107,Product_107,Sports,389.76,190.33,4,,627,7
1031,customer_1266,42,Mansoura,04/24/2020,1,12084,04/24/2020,Same Day,147,Product_147,Electronics,330.91,,3,0.1,1196,3
1669,Customer_1267,43,Luxor,23-08-2021,0,11034,23-08-2021,Standard,108,Product_108,Sports,373.23,260.38,2,,431,4
1284,customer_1268,23,Mansoura,04-01-2022,0,13698,04-01-2022,Standard,114,Product_114,Sports,1077.46,705.57,5,0.05,647,4
2328,Customer_1269,26,Mansoura,02/06/2022,0,11113,02/06/2022,Same Day,101,Product_101,Electronics,108.65,52.63,1,0.05,388,3
1428,customer_1270,25,Mansoura,01-06-2022,0,10743,01-06-2022,Express,113,Product_113,Clothing,124.47,85.37,3,,945,2
1285,Customer_1271,49,Alexandria,10/25/2020,1,12066,10/25/2020,Same Day,103,Product_103,Electronics,931.81,647.08,1,0.05,1157,3
2167,Customer_1272,41,Alexandria,15-05-2021,0,13635,15-05-2021,Standard,128,Product_128,Electronics,980.98,460.42,5,,367,5
2447,CUSTOMER_1273,26,Luxor,23-12-2022,0,10373,23-12-2022,Same Day,138,Product_138,Electronics,1014.63,678.46,2,,531,4
2042,CUSTOMER_1274,48,Alexandria,23-04-2022,0,11809,23-04-2022,Same Day,115,Product_115,Electronics,589.23,391.81,1,,984,3
1017,Customer_1275,48,Aswan,05-03-2023,1,10093,05-03-2023,Express,136,Product_136,Clothing,1218.62,501.98,1,,668,2
1768,Customer_1276,29,Alexandria,28-10-2023,1,10031,28-10-2023,Same Day,103,Product_103,Sports,823.76,495.0,1,,337,3
1589,Customer_1277,39,Alexandria,03-01-2021,1,13734,03-01-2021,Same Day,104,Product_104,Home Appliances,202.93,99.76,5,,1425,2
2394,CUSTOMER_1278,48,Alexandria,12/14/2020,1,10139,12/14/2020,Standard,105,Product_105,Clothing,1205.79,726.35,3,,1112,3
2198,Customer_1279,27,Cairo,24-12-2020,0,11593,24-12-2020,Express,126,Product_126,Electronics,1431.95,965.23,3,,502,3
2009,Customer_1280,48,Luxor,10-06-2020,0,13020,10-06-2020,Same Day,125,Product_125,Sports,137.05,75.33,5,0.05,764,3
1193,  Customer_1281  ,44,Aswan,06/02/2023,0,13092,06/02/2023,Same Day,110,Product_110,Sports,617.46,323.75,1,,405,7
1501,customer_1282,25,Alexandria,22-02-2022,0,13220,22-02-2022,Standard,108,Product_108,Electronics,756.9,512.01,1,0.1,511,2
1987,Customer_1283,43,Luxor,23-06-2023,0,13292,23-06-2023,Standard,112,Product_112,Clothing,262.38,,4,0.05,558,6
2136,Customer_1284,45,Giza,10/31/2023,0,12780,10/31/2023,Express,103,Product_103,Electronics,1308.18,547.7,2,,428,7
1113,Customer_1285,30,Cairo,05/08/2021,0,12801,05/08/2021,Express,127,Product_127,Sports,462.02,312.72,2,,423,5
2245,customer_1286,31,Alexandria,16-10-2022,1,11242,16-10-2022,Express,123,Product_123,Sports,1185.36,503.58,3,,576,4
1946,Customer_1287,24,Aswan,04/09/2023,0,11564,04/09/2023,Standard,140,Product_140,Clothing,1022.94,512.68,5,0.1,380,9
1830,Customer_1288,33,Cairo,10/20/2020,0,11582,10/20/2020,Standard,133,Product_133,Home Appliances,917.17,576.69,1,,337,5
2287,Customer_1289,39,Aswan,20-04-2021,1,11931,20-04-2021,Standard,114,Product_114,Electronics,328.61,208.05,2,,1131,5
1924,Customer_1290,31,Cairo,08/02/2022,0,10057,08/02/2022,Standard,123,Product_123,Home Appliances,370.02,,5,,375,6
1054,Customer_1291,17,Giza,30-07-2023,0,13496,30-07-2023,Express,131,Product_131,Sports,118.66,48.86,5,,397,5
1799,customer_1292,29,Luxor,06/04/2021,1,11298,06/04/2021,Express,113,Product_113,Home Appliances,399.03,175.53,1,,807,3
1777,Customer_1293,33,Cairo,07/30/2022,0,12187,07/30/2022,Express,112,Product_112,Electronics,550.89,375.08,5,,448,4
2481,Customer_1294,52,Mansoura,06-06-2021,1,11046,06-06-2021,Standard,135,Product_135,elect,1258.06,533.97,2,,498,3
1161,Customer_1295,48,Giza,27-09-2023,0,12948,27-09-2023,Standard,118,Product_118,Sports,581.27,246.2,4,0.2,455,6
2403,Customer_1296,52,Mansoura,01/20/2020,0,10377,01/20/2020,Standard,121,Product_121,Clothing,1144.2,744.52,2,0.2,626,7
1086,Customer_1297,28,Giza,10-08-2022,0,10921,10-08-2022,Standard,145,Product_145,Clothing,687.19,407.08,4,,875,5
1054,CUSTOMER_1298,42,Mansoura,08/12/2021,0,10372,08/12/2021,Same Day,147,Product_147,Sports,1188.06,600.56,5,0.05,397,5
2499,customer_1299,3,Mansoura,19-10-2023,0,13134,19-10-2023,Express,142,Product_142,Electronics,1465.59,659.1,2,0.2,440,4
2201,Customer_1300,46,Aswan,01/24/2023,0,11587,01/24/2023,Express,101,Product_101,Clothing,397.77,264.62,1,,341,7
2414,CUSTOMER_1301,49,Cairo,11/19/2020,0,10777,11/19/2020,Same Day,138,Product_138,Home Appliances,1300.4,905.81,5,,510,3
2372,Customer_1302,34,Cairo,31-05-2020,0,11365,31-05-2020,Express,141,Product_141,Sports,951.64,394.92,1,0.2,369,7
2031,Customer_1303,44,Giza,23-06-2022,1,10166,23-06-2022,Standard,142,Product_142,Home Appliances,1235.08,699.34,4,,344,5
1832,Customer_1304,17,Luxor,08-12-2021,0,13222,08-12-2021,Express,147,Product_147,Electronics,994.8,475.9,3,0.2,481,6
1312,CUSTOMER_1305,27,Aswan,04/18/2023,0,12570,04/18/2023,Standard,109,Product_109,Clothing,664.73,431.89,3,,387,5
1758,customer_1306,51,Cairo,09/04/2021,0,12011,09/04/2021,Standard,123,Product_123,Electronics,380.71,191.81,4,,475,7
1442,Customer_1307,47,Cairo,01-08-2023,0,13678,01-08-2023,Standard,114,Product_114,Home Appliances,151.55,93.11,3,,519,4
1327,Customer_1308,33,Aswan,05/18/2022,0,10583,05/18/2022,Same Day,111,Product_111,Electronics,826.5,464.37,5,,959,3
2077,Customer_1309,52,Alexandria,11/14/2023,1,12548,11/14/2023,Express,107,Product_107,Elec,1485.97,835.79,5,,414,3
1760,Customer_1310,42,Aswan,05/27/2021,0,12943,05/27/2021,Standard,131,Product_131,Sports,1120.16,736.39,2,,633,6
2262,customer_1311,32,Cairo,24-07-2022,1,10998,24-07-2022,Express,124,Product_124,Sports,524.65,283.9,5,,892,5
2252,Customer_1312,37,Luxor,09/10/2021,0,10559,09/10/2021,Same Day,126,Product_126,Elec,1249.45,816.74,3,,581,7
1578,CUSTOMER_1313,33,Alexandria,02/11/2021,0,13419,02/11/2021,Express,130,Product_130,Sports,1165.03,593.03,1,,1000,4
2074,Customer_1314,22,Mansoura,02/26/2022,1,13343,02/26/2022,Express,134,Product_134,Electronics,458.37,207.38,2,0.1,1040,2
2006,customer_1315,58,Aswan,16-09-2022,1,13501,16-09-2022,Express,146,Product_146,Home Appliances,70.75,37.97,1,,785,5
2287,  Customer_1316  ,31,Mansoura,08/06/2020,1,11011,08/06/2020,Express,138,Product_138,Sports,221.34,121.63,3,0.1,1131,5
2441,Customer_1317,27,Alexandria,04/30/2021,0,13678,04/30/2021,Same Day,105,Product_105,Elec,1322.09,718.58,1,0.1,393,4
1095,  Customer_1318  ,17,Alexandria,02/20/2022,1,10232,02/20/2022,Express,105,Product_105,Sports,1263.02,811.49,3,,351,4
2111,Customer_1319,0,Alexandria,03/17/2023,0,10559,03/17/2023,Standard,119,Product_119,Electronics,478.05,272.2,5,,648,4
2101,  Customer_1320  ,50,Giza,05-01-2022,1,11231,05-01-2022,Same Day,138,Product_138,Sports,463.53,308.96,2,0.2,1059,3
2311,Customer_1321,51,Aswan,23-03-2023,0,13524,23-03-2023,Express,128,Product_128,Clothing,1199.65,664.91,4,0.05,474,6
2143,Customer_1322,57,Luxor,28-08-2021,0,11762,28-08-2021,Express,126,Product_126,Electronics,1409.72,658.92,3,,370,7
1813,CUSTOMER_1323,37,Luxor,12/03/2023,0,11524,12/03/2023,Standard,142,Product_142,Clothing,1179.75,517.73,5,0.05,395,5
1490,Customer_1324,-5,Mansoura,08/27/2021,1,10920,08/27/2021,Same Day,123,Product_123,Electronics,928.09,613.01,1,,1223,2
1451,customer_1325,32,Mansoura,02/14/2020,0,13660,02/14/2020,Same Day,146,Product_146,Clothing,401.87,167.52,5,,334,3
1164,Customer_1326,33,Mansoura,10-09-2023,0,12908,10-09-2023,Standard,149,Product_149,Electronics,812.33,353.59,1,,479,4
1181,Customer_1327,56,Aswan,03/21/2022,1,11242,03/21/2022,Express,130,Product_130,Sports,388.59,162.86,1,,1017,1
1468,customer_1328,39,Cairo,16-07-2021,1,12919,16-07-2021,Express,103,Product_103,Clothing,1221.62,643.94,1,0.2,1265,1
1909,CUSTOMER_1329,45,Mansoura,01/17/2020,1,10080,01/17/2020,Same Day,128,Product_128,Sports,611.09,342.08,1,0.1,419,3
1734,  Customer_1330  ,33,Alexandria,03/05/2023,1,13620,03/05/2023,Same Day,133,Product_133,Electronics,1258.86,511.05,2,,478,2
1822,Customer_1331,59,Mansoura,11/05/2023,1,12661,11/05/2023,Express,142,Product_142,Sports,603.33,334.65,1,,423,5
1943,Customer_1332,11,Alexandria,04/10/2020,0,10702,04/10/2020,Standard,103,Product_103,Elec,1245.02,645.08,2,,378,5
1006,customer_1333,21,Giza,26-05-2023,1,10540,26-05-2023,Standard,105,Product_105,Sports,533.31,337.1,4,,586,4
1329,Customer_1334,45,Cairo,14-10-2022,0,11849,14-10-2022,Express,119,Product_119,Clothing,688.19,446.63,2,,493,3
1774,customer_1335,66,Cairo,08/09/2021,1,12812,08/09/2021,Standard,142,Product_142,Electronics,942.46,570.65,1,,1241,2
1150,Customer_1336,36,Aswan,16-04-2021,0,11274,16-04-2021,Same Day,148,Product_148,Sports,151.92,82.35,4,,459,4
2108,  Customer_1337  ,27,Aswan,05/28/2023,0,12785,05/28/2023,Express,101,Product_101,Electronics,1424.9,662.36,5,,440,3
1146,Customer_1338,55,Luxor,12/22/2021,0,12653,12/22/2021,Standard,138,Product_138,Electronics,881.73,576.77,2,0.2,660,5
2404,Customer_1339,44,Giza,03/24/2021,0,13486,03/24/2021,Standard,109,Product_109,Electronics,786.34,395.14,5,0.2,782,4
1914,Customer_1340,59,Aswan,07/27/2023,1,13157,07/27/2023,Same Day,105,Product_105,Home Appliances,1267.12,642.29,4,,514,4
2308,customer_1341,20,Alexandria,24-01-2021,1,10621,24-01-2021,Same Day,146,Product_146,Electronics,1305.36,880.86,2,,456,4
1699,Customer_1342,58,Giza,25-06-2023,0,11240,25-06-2023,Express,142,Product_142,Sports,807.28,559.19,1,,433,9
1081,Customer_1343,16,Cairo,05/28/2021,1,13069,05/28/2021,Same Day,134,Product_134,Home Appliances,1394.53,933.55,2,,809,4
1513,  Customer_1344  ,35,Alexandria,20-10-2023,0,12243,20-10-2023,Same Day,137,Product_137,Sports,143.87,100.63,1,0.2,439,3
1814,Customer_1345,46,Giza,16-01-2024,0,13042,16-01-2024,Express,133,Product_133,Home Appliances,214.18,141.5,3,,351,4
1708,Customer_1346,42,Cairo,09/12/2023,0,11320,09/12/2023,Standard,125,Product_125,Elec,915.34,559.55,2,,425,6
1745,customer_1347,55,Aswan,10/26/2023,0,12993,10/26/2023,Same Day,142,Product_142,Clothing,563.4,275.02,2,,361,3
2022,Customer_1348,12,Alexandria,07-10-2020,0,12091,07-10-2020,Express,129,Product_129,Clothing,723.13,495.99,5,0.2,709,2
2409,Customer_1349,42,Alexandria,07/10/2023,0,12440,07/10/2023,Same Day,125,Product_125,Electronics,525.71,348.54,5,,541,4
1706,Customer_1350,57,Cairo,07/17/2020,1,11466,07/17/2020,Same Day,109,Product_109,Home Appliances,636.85,300.74,4,,505,2
1470,CUSTOMER_1351,40,Alexandria,09-07-2023,0,11113,09-07-2023,Standard,103,Product_103,Sports,1242.84,679.52,1,0.2,344,7
2142,Customer_1352,22,Aswan,16-08-2023,0,12202,16-08-2023,Same Day,115,Product_115,Clothing,910.54,383.35,5,,504,4
1395,Customer_1353,55,Aswan,21-03-2020,0,13025,21-03-2020,Same Day,104,Product_104,Electronics,1496.15,1026.35,4,,787,5
1260,Customer_1354,30,Aswan,09/24/2021,1,13549,09/24/2021,Same Day,145,Product_145,Electronics,1190.97,681.03,1,,747,5
1804,customer_1355,27,Cairo,21-06-2022,0,11644,21-06-2022,Standard,138,Product_138,Home Appliances,446.82,211.6,1,0.1,375,6
1933,  Customer_1356  ,25,Mansoura,03/09/2020,0,10058,03/09/2020,Same Day,120,Product_120,Clothing,433.3,211.33,1,0.1,529,6
2279,Customer_1357,37,Mansoura,04/01/2023,0,12157,04/01/2023,Express,149,Product_149,Electronics,537.05,372.82,3,,456,4
1904,Customer_1358,42,Alexandria,01/17/2022,0,10478,01/17/2022,Express,123,Product_123,Clothing,1272.73,744.15,1,,352,3
2249,Customer_1359,20,Aswan,02/08/2024,0,12665,02/08/2024,Standard,137,Product_137,Sports,89.57,47.13,4,,328,6
2076,CUSTOMER_1360,24,Alexandria,26-09-2020,0,11922,26-09-2020,Standard,147,Product_147,Electronics,383.76,211.05,1,,827,6
1939,Customer_1361,29,Cairo,03-07-2020,0,11756,03-07-2020,Standard,108,Product_108,Elec,1362.13,585.12,1,,364,5
1853,Customer_1362,25,Alexandria,08/27/2021,1,11798,08/27/2021,Same Day,137,Product_137,Sports,977.85,413.15,4,,891,4
2387,Customer_1363,40,Luxor,10/31/2021,1,11617,10/31/2021,Standard,145,Product_145,Elec,378.93,218.95,2,,887,6
2303,  Customer_1364  ,45,Mansoura,04/30/2022,0,10783,04/30/2022,Express,133,Product_133,Home Appliances,367.76,203.59,1,0.2,638,4
1592,Customer_1365,43,Alexandria,12/25/2020,0,13120,12/25/2020,Express,133,Product_133,Sports,1300.8,660.48,4,,569,6
1713,Customer_1366,43,Alexandria,02/15/2021,0,11400,02/15/2021,Same Day,107,Product_107,Home Appliances,1345.95,766.97,5,,522,8
2181,Customer_1367,65,Giza,27-09-2020,1,11055,27-09-2020,Same Day,122,Product_122,Sports,421.39,177.74,4,,677,2
1631,Customer_1368,46,Alexandria,09-01-2023,0,11509,09-01-2023,Same Day,105,Product_105,Sports,659.74,450.73,3,,566,5
1058,Customer_1369,51,Luxor,01/19/2022,1,12648,01/19/2022,Same Day,146,Product_146,Home Appliances,1260.16,615.1,5,,1078,3
1127,Customer_1370,33,Mansoura,23-12-2022,1,12987,23-12-2022,Express,115,Product_115,Sports,1167.96,492.33,2,,740,5
1735,Customer_1371,54,Giza,24-10-2022,0,13039,24-10-2022,Express,121,Product_121,Clothing,1230.18,,2,0.05,800,5
1720,customer_1372,33,Cairo,07/12/2021,0,12578,07/12/2021,Standard,125,Product_125,Home Appliances,801.68,343.63,4,0.2,579,4
2138,Customer_1373,46,Cairo,12/02/2020,0,11026,12/02/2020,Same Day,117,Product_117,Sports,1371.75,622.2,4,,416,2
2232,  Customer_1374  ,19,Mansoura,10-06-2021,0,10377,10-06-2021,Express,107,Product_107,Home Appliances,522.63,274.39,1,,976,2
1525,CUSTOMER_1375,42,Cairo,09/13/2022,0,10571,09/13/2022,Express,119,Product_119,Sports,277.17,172.24,1,,377,5
1520,Customer_1376,25,Luxor,27-08-2021,0,11954,27-08-2021,Standard,107,Product_107,Sports,1077.66,,3,0.05,365,6
1551,Customer_1377,54,Alexandria,24-11-2021,1,13313,24-11-2021,Express,140,Product_140,Clothing,832.06,441.64,1,,881,2
1236,customer_1378,53,Mansoura,08/23/2020,1,11564,08/23/2020,Express,145,Product_145,Clothing,1289.15,874.85,4,,1539,2
2304,Customer_1379,33,Giza,17-08-2022,0,10586,17-08-2022,Same Day,124,Product_124,Clothing,167.68,81.95,4,0.2,569,3
2382,Customer_1380,70,Alexandria,06/03/2020,1,13653,06/03/2020,Standard,111,Product_111,Sports,1273.35,812.93,1,0.1,907,6
2224,Customer_1381,35,Cairo,10/15/2020,0,11618,10/15/2020,Same Day,141,Product_141,Clothing,475.28,212.61,3,0.1,878,5
2301,Customer_1382,15,Cairo,04/07/2021,1,10356,04/07/2021,Same Day,101,Product_101,Home Appliances,999.54,453.29,4,0.1,781,3
2258,  Customer_1383  ,28,Giza,17-10-2023,1,10684,17-10-2023,Standard,132,Product_132,Sports,108.19,58.08,3,,435,4
1493,  Customer_1384  ,24,Luxor,23-01-2024,0,11946,23-01-2024,Standard,140,Product_140,Home Appliances,933.89,439.14,4,0.05,344,5
1003,CUSTOMER_1385,45,Giza,10/13/2023,0,13268,10/13/2023,Same Day,144,Product_144,Clothing,1090.04,731.32,3,,446,2
1665,Customer_1386,21,Mansoura,03/24/2022,0,12905,03/24/2022,Same Day,102,Product_102,Sports,584.69,242.78,3,0.2,715,4
1441,Customer_1387,31,Giza,02/15/2023,0,13490,02/15/2023,Same Day,115,Product_115,Home Appliances,362.35,209.87,3,,686,5
1028,Customer_1388,150,Cairo,19-01-2022,0,10658,19-01-2022,Same Day,121,Product_121,Electronics,829.56,482.2,1,,442,6
2132,Customer_1389,42,Luxor,03-07-2020,0,11296,03-07-2020,Standard,124,Product_124,Home Appliances,1258.13,528.17,2,,999,7
1609,  Customer_1390  ,39,Luxor,03/19/2022,0,11525,03/19/2022,Express,117,Product_117,Sports,519.14,321.75,3,,351,5
1804,CUSTOMER_1391,41,Aswan,01/29/2020,0,12082,01/29/2020,Standard,147,Product_147,Electronics,416.08,224.96,3,,375,6
1074,Customer_1392,34,Giza,06/25/2021,0,13054,06/25/2021,Express,109,Product_109,Clothing,454.46,280.37,4,,519,6
1837,Customer_1393,15,Mansoura,01/03/2023,0,13696,01/03/2023,Standard,135,Product_135,Clothing,1426.24,924.31,2,,358,5
2169,Customer_1394,34,Cairo,09/10/2020,1,12508,09/10/2020,Same Day,120,Product_120,Home Appliances,570.95,283.69,4,,1567,3
1127,Customer_1395,47,Alexandria,07/20/2022,1,12765,07/20/2022,Express,119,Product_119,Clothing,55.23,,4,,740,5
1041,Customer_1396,37,Luxor,24-01-2022,1,11693,24-01-2022,Standard,118,Product_118,Home Appliances,1183.44,,3,,1073,3
2379,Customer_1397,45,Giza,09-10-2023,0,13324,09-10-2023,Standard,120,Product_120,Home Appliances,1063.95,489.9,5,,354,3
1040,CUSTOMER_1398,31,Aswan,08-10-2023,0,11657,08-10-2023,Standard,130,Product_130,Home Appliances,236.42,94.61,2,0.1,451,6
1933,Customer_1399,54,Mansoura,06/20/2021,0,10511,06/20/2021,Same Day,140,Product_140,Home Appliances,1478.11,1018.55,4,,529,6
1033,Customer_1400,1,Mansoura,04/12/2023,0,11071,04/12/2023,Standard,101,Product_101,Sports,931.69,495.92,5,,400,3
2040,CUSTOMER_1401,42,Cairo,02/19/2022,1,13256,02/19/2022,Standard,124,Product_124,Sports,776.13,313.5,5,,935,5
2176,Customer_1402,60,Luxor,31-07-2023,0,12538,31-07-2023,Same Day,124,Product_124,Electronics,604.22,243.31,4,0.1,351,4
1997,Customer_1403,62,Cairo,01/30/2022,1,12320,01/30/2022,Express,147,Product_147,Electronics,1353.08,658.28,3,,1023,3
2401,Customer_1404,36,Aswan,08/09/2020,1,11636,08/09/2020,Express,119,Product_119,Clothing,403.75,163.19,1,,1093,6
1587,Customer_1405,20,Alexandria,14-10-2023,0,11012,14-10-2023,Same Day,130,Product_130,Sports,464.36,237.92,4,0.1,427,8
1341,Customer_1406,60,Alexandria,23-04-2021,0,12574,23-04-2021,Express,126,Product_126,Electronics,227.5,95.3,3,0.1,806,5
1026,CUSTOMER_1407,39,Alexandria,08/23/2022,1,11151,08/23/2022,Standard,142,Product_142,Sports,1150.72,473.84,2,0.05,862,3
2310,Customer_1408,37,Mansoura,02/21/2020,1,10209,02/21/2020,Standard,144,Product_144,Sports,913.55,548.87,3,,1133,2
1645,Customer_1409,26,Luxor,22-06-2023,0,10623,22-06-2023,Express,138,Product_138,Clothing,933.15,627.13,5,0.05,344,7
1730,Customer_1410,21,Cairo,02/23/2023,1,11805,02/23/2023,Express,129,Product_129,Clothing,366.78,191.76,2,,678,2
1167,Customer_1411,48,Cairo,11/02/2021,1,11165,11/02/2021,Express,113,Product_113,Home Appliances,994.19,647.25,2,0.05,1156,1
1609,Customer_1412,50,Aswan,03-06-2023,0,10172,03-06-2023,Same Day,104,Product_104,Sports,1159.91,474.15,1,0.1,351,5
1267,Customer_1413,43,Alexandria,03/29/2021,0,11888,03/29/2021,Express,145,Product_145,Home Appliances,568.94,360.31,1,0.1,346,5
1820,Customer_1414,28,Luxor,08/19/2023,0,13749,08/19/2023,Same Day,117,Product_117,Home Appliances,1211.95,507.61,4,,501,6
1454,Customer_1415,24,Luxor,09-05-2020,0,10446,09-05-2020,Express,133,Product_133,Home Appliances,555.75,362.09,3,0.1,561,7
1905,Customer_1416,18,Aswan,07/25/2023,0,13190,07/25/2023,Same Day,105,Product_105,Sports,1149.3,763.95,4,,526,4
2424,Customer_1417,31,Giza,08/08/2022,0,13786,08/08/2022,Same Day,128,Product_128,Sports,98.91,62.89,1,,575,6
1921,Customer_1418,24,Luxor,12/06/2023,0,10010,12/06/2023,Standard,124,Product_124,Home Appliances,849.19,548.77,5,,392,2
1980,  Customer_1419  ,14,Luxor,09/10/2021,1,10760,09/10/2021,Express,117,Product_117,Sports,1455.81,827.55,1,,1055,4
2499,Customer_1420,49,Cairo,22-08-2023,0,11327,22-08-2023,Standard,139,Product_139,Home Appliances,1472.8,706.16,3,,440,4
1701,CUSTOMER_1421,-10,Aswan,04/16/2022,1,11783,04/16/2022,Standard,148,Product_148,Electronics,458.54,271.9,5,,991,3
1633,CUSTOMER_1422,54,Luxor,08/26/2020,0,11177,08/26/2020,Same Day,140,Product_140,Sports,690.03,367.0,4,,538,6
1129,Customer_1423,45,Luxor,10/13/2020,0,12370,10/13/2020,Same Day,144,Product_144,Clothing,141.32,56.75,4,,434,4
2019,Customer_1424,44,Cairo,04/02/2020,1,13608,04/02/2020,Same Day,146,Product_146,Clothing,1316.34,714.84,1,0.1,355,5
2386,  Customer_1425  ,64,Luxor,17-03-2020,0,10976,17-03-2020,Same Day,111,Product_111,Home Appliances,874.43,520.6,1,0.05,930,2
1818,Customer_1426,20,Cairo,15-09-2021,1,12492,15-09-2021,Standard,112,Product_112,Elec,608.4,245.89,4,,674,3
1692,  Customer_1427  ,53,Giza,05-10-2022,0,12389,05-10-2022,Same Day,113,Product_113,Sports,213.52,125.21,4,0.2,493,4
2315,  Customer_1428  ,35,Mansoura,25-08-2020,0,12268,25-08-2020,Standard,108,Product_108,Home Appliances,1422.81,,2,,360,3
2394,Customer_1429,78,Cairo,18-07-2020,1,12157,18-07-2020,Standard,101,Product_101,Electronics,818.82,366.37,3,0.1,1112,3
1793,Customer_1430,34,Cairo,25-04-2021,0,12457,25-04-2021,Express,109,Product_109,Electronics,460.25,243.62,2,,388,7
1028,Customer_1431,31,Luxor,05-01-2023,0,13489,05-01-2023,Express,128,Product_128,Sports,557.81,384.5,2,0.2,442,6
1148,Customer_1432,46,Cairo,04-10-2020,0,13673,04-10-2020,Same Day,102,Product_102,Clothing,442.51,294.38,4,0.1,485,6
2319,Customer_1433,36,Aswan,03/06/2022,1,12552,03/06/2022,Standard,114,Product_114,Clothing,922.62,482.76,3,,895,3
1010,Customer_1434,28,Alexandria,18-07-2022,0,11800,18-07-2022,Standard,113,Product_113,Electronics,1398.45,706.15,4,,437,4
1675,Customer_1435,25,Alexandria,01/29/2022,0,10039,01/29/2022,Standard,148,Product_148,Clothing,1292.21,564.99,2,,1030,4
2136,Customer_1436,61,Giza,05-10-2023,0,13580,05-10-2023,Express,102,Product_102,Electronics,717.55,294.59,2,,428,7
1186,Customer_1437,22,Cairo,27-11-2023,0,11482,27-11-2023,Standard,104,Product_104,Elec,1248.42,610.78,4,,378,4
1806,Customer_1438,43,Aswan,01/11/2023,0,12310,01/11/2023,Standard,112,Product_112,Electronics,663.5,452.56,1,,632,4
1743,CUSTOMER_1439,55,Luxor,08-05-2022,1,13741,08-05-2022,Standard,148,Product_148,Clothing,415.85,285.93,1,,969,5
2250,CUSTOMER_1440,56,Luxor,17-04-2023,0,13189,17-04-2023,Express,110,Product_110,Home Appliances,1475.95,950.15,4,,625,5
2333,customer_1441,30,Mansoura,01/28/2024,0,13521,01/28/2024,Same Day,103,Product_103,Clothing,490.64,247.89,5,0.1,339,3
1097,Customer_1442,36,Giza,11/12/2020,0,13839,11/12/2020,Same Day,104,Product_104,Home Appliances,519.4,230.14,5,0.05,590,4
1054,customer_1443,33,Aswan,29-04-2022,0,13485,29-04-2022,Same Day,106,Product_106,Clothing,1485.05,859.34,1,,397,5
1622,  Customer_1444  ,16,Aswan,03-09-2023,0,12755,03-09-2023,Express,123,Product_123,Sports,244.19,145.04,3,,486,3
1663,Customer_1445,48,Luxor,07/21/2020,0,11849,07/21/2020,Express,105,Product_105,Sports,1152.77,607.94,2,,521,6
1757,Customer_1446,40,Mansoura,29-09-2022,1,10822,29-09-2022,Same Day,103,Product_103,Clothing,1406.93,854.7,3,,526,4
1405,Customer_1447,61,Luxor,06/14/2023,1,13597,06/14/2023,Same Day,110,Product_110,Sports,792.1,,1,,567,5
1068,Customer_1448,27,Mansoura,15-04-2022,0,10460,15-04-2022,Express,143,Product_143,Sports,53.66,34.07,4,0.05,383,5
2335,customer_1449,56,Alexandria,07/26/2021,1,11141,07/26/2021,Same Day,119,Product_119,Sports,593.84,327.02,5,0.2,1255,2
2312,Customer_1450,57,Aswan,03/08/2020,0,10216,03/08/2020,Standard,114,Product_114,Sports,211.78,135.01,1,,622,7
1750,Customer_1451,40,Alexandria,11/14/2023,0,11740,11/14/2023,Express,121,Product_121,Home Appliances,653.47,266.38,3,,414,5
2171,Customer_1452,7,Luxor,01/28/2022,1,12124,01/28/2022,Same Day,143,Product_143,Electronics,1195.54,722.25,3,0.05,1069,4
2490,Customer_1453,32,Giza,03/20/2021,1,11444,03/20/2021,Same Day,128,Product_128,Home Appliances,686.13,322.95,1,0.2,1149,3
2267,Customer_1454,66,Cairo,27-06-2022,1,12939,27-06-2022,Express,121,Product_121,Electronics,676.29,325.4,2,0.2,919,2
1957,Customer_1455,44,Giza,06/29/2022,0,11195,06/29/2022,Express,136,Product_136,Electronics,857.34,366.42,3,,390,7
1364,  Customer_1456  ,50,Giza,04/28/2021,0,12437,04/28/2021,Standard,124,Product_124,Clothing,893.45,408.95,2,,1042,6
1481,Customer_1457,38,Cairo,12-01-2022,0,13097,12-01-2022,Express,138,Product_138,Clothing,1291.63,901.04,2,,764,3
1200,customer_1458,36,Aswan,22-07-2020,0,11151,22-07-2020,Express,117,Product_117,Clothing,497.12,260.8,4,,673,5
1153,Customer_1459,11,Alexandria,05-11-2023,0,10373,05-11-2023,Standard,122,Product_122,Clothing,1241.42,842.09,1,0.05,423,8
2473,Customer_1460,51,Alexandria,01/22/2022,0,10653,01/22/2022,Same Day,119,Product_119,Clothing,870.6,390.79,1,,391,7
1072,Customer_1461,56,Aswan,20-01-2023,0,10903,20-01-2023,Express,145,Product_145,Home Appliances,485.77,224.05,2,0.1,514,7
1712,Customer_1462,25,Cairo,13-08-2023,0,13095,13-08-2023,Same Day,110,Product_110,Home Appliances,477.93,271.15,4,,507,2
1295,Customer_1463,37,Mansoura,01/04/2022,0,13541,01/04/2022,Standard,111,Product_111,Sports,573.65,289.61,3,0.2,334,5
2040,Customer_1464,35,Giza,04-05-2020,1,10743,04-05-2020,Express,138,Product_138,Home Appliances,952.91,565.24,3,,935,5
2240,Customer_1465,46,Luxor,03/26/2022,1,12470,03/26/2022,Standard,102,Product_102,Home Appliances,384.68,202.58,1,,1012,3
1060,Customer_1466,31,Alexandria,19-07-2021,0,13248,19-07-2021,Same Day,133,Product_133,Clothing,1384.48,890.88,2,,688,6
1938,Customer_1467,53,Aswan,01/23/2021,1,10852,01/23/2021,Standard,143,Product_143,Sports,883.62,467.85,4,,1439,4
1041,Customer_1468,41,Luxor,07-09-2020,1,11770,07-09-2020,Express,131,Product_131,Home Appliances,1384.02,791.25,4,0.05,1073,3
1024,Customer_1469,1,Cairo,20-07-2022,0,10830,20-07-2022,Express,148,Product_148,Home Appliances,117.29,58.21,3,,426,6
2062,Customer_1470,46,Luxor,07/06/2020,0,11561,07/06/2020,Same Day,135,Product_135,Sports,546.79,334.2,3,0.05,370,10
1130,customer_1471,54,Luxor,19-09-2023,0,13337,19-09-2023,Same Day,137,Product_137,Electronics,83.07,49.54,5,,398,4
2252,Customer_1472,22,Giza,03/10/2021,0,10972,03/10/2021,Same Day,147,Product_147,Clothing,444.77,230.88,5,,581,7
1107,Customer_1473,46,Cairo,08/07/2023,0,13945,08/07/2023,Same Day,147,Product_147,Home Appliances,1299.91,,2,0.1,513,2
1171,Customer_1474,67,Luxor,02-08-2023,0,12676,02-08-2023,Express,136,Product_136,Home Appliances,103.08,60.22,5,0.2,394,2
2458,Customer_1475,41,Alexandria,05/07/2023,0,12617,05/07/2023,Express,123,Product_123,Sports,682.41,466.05,4,,547,5
1101,Customer_1476,57,Cairo,13-02-2020,0,11293,13-02-2020,Express,136,Product_136,Home Appliances,220.47,96.96,5,0.2,502,3
1865,Customer_1477,33,Alexandria,04/13/2020,1,11352,04/13/2020,Standard,140,Product_140,Clothing,654.42,418.66,1,,907,4
1523,Customer_1478,39,Aswan,14-11-2021,0,13526,14-11-2021,Standard,139,Product_139,Home Appliances,1266.33,712.81,1,,621,3
1274,customer_1479,36,Aswan,13-05-2021,1,11318,13-05-2021,Same Day,126,Product_126,Electronics,953.45,531.71,3,0.1,658,2
2067,  Customer_1480  ,34,Mansoura,09/14/2020,1,10121,09/14/2020,Same Day,125,Product_125,Clothing,1118.3,769.96,3,,1223,5
1816,Customer_1481,37,Aswan,02-03-2023,0,10158,02-03-2023,Same Day,117,Product_117,Electronics,556.2,323.58,2,,550,6
1956,Customer_1482,15,Luxor,02/24/2021,0,13249,02/24/2021,Express,115,Product_115,Sports,1419.38,921.4,1,,335,7
2040,Customer_1483,35,Cairo,05/20/2020,1,13727,05/20/2020,Standard,137,Product_137,Clothing,1078.43,597.82,2,,935,5
1329,Customer_1484,60,Aswan,09-02-2023,0,13399,09-02-2023,Same Day,145,Product_145,Home Appliances,661.61,314.24,2,,493,3
1011,Customer_1485,25,Alexandria,28-02-2021,0,13951,28-02-2021,Same Day,104,Product_104,Clothing,668.37,406.6,5,,588,5
2341,Customer_1486,24,Luxor,04/15/2023,0,10306,04/15/2023,Express,122,Product_122,Clothing,1382.09,935.61,3,0.05,627,7
1215,customer_1487,40,Aswan,03/18/2021,0,13982,03/18/2021,Standard,117,Product_117,Clothing,885.79,577.86,2,,511,5
1338,Customer_1488,41,Giza,22-04-2021,0,11112,22-04-2021,Same Day,122,Product_122,Electronics,1074.25,493.63,2,,460,5
1660,CUSTOMER_1489,45,Alexandria,03-11-2021,0,10750,03-11-2021,Same Day,117,Product_117,Sports,654.7,324.12,3,0.1,441,8
2104,Customer_1490,38,Alexandria,29-10-2020,1,11061,29-10-2020,Same Day,114,Product_114,Clothing,374.35,207.79,3,,735,5
1373,Customer_1491,-5,Mansoura,05-05-2023,1,11896,05-05-2023,Same Day,114,Product_114,Home Appliances,1099.16,628.15,1,0.05,607,3
1975,Customer_1492,34,Giza,06-01-2020,1,10590,06-01-2020,Standard,117,Product_117,Clothing,931.34,,3,0.2,1509,2
1709,CUSTOMER_1493,20,Mansoura,07/21/2021,0,11880,07/21/2021,Standard,108,Product_108,Clothing,776.95,364.39,5,0.1,677,5
2223,Customer_1494,38,Aswan,10/23/2020,1,13910,10/23/2020,Same Day,134,Product_134,Sports,954.83,599.3,1,,1337,2
1465,Customer_1495,50,Giza,23-09-2020,1,10345,23-09-2020,Express,126,Product_126,Home Appliances,352.01,217.93,2,,1561,1
2112,Customer_1496,47,Alexandria,01/11/2023,0,13323,01/11/2023,Same Day,145,Product_145,Home Appliances,1201.21,782.9,5,,721,4
2291,CUSTOMER_1497,13,Mansoura,28-05-2021,0,13911,28-05-2021,Express,130,Product_130,elect,1424.84,,5,,586,6
1488,Customer_1498,43,Luxor,12/23/2020,1,10148,12/23/2020,Same Day,122,Product_122,Home Appliances,1342.1,660.96,1,,756,6
1046,Customer_1499,26,Giza,08/13/2020,1,11039,08/13/2020,Same Day,116,Product_116,Home Appliances,516.08,339.52,2,,1273,5
2311,CUSTOMER_1500,60,Alexandria,15-09-2023,0,11390,15-09-2023,Express,130,Product_130,Home Appliances,638.71,383.1,1,,474,6
1777,Customer_1501,44,Cairo,02/22/2020,0,12882,02/22/2020,Same Day,116,Product_116,Clothing,1222.18,840.04,4,,448,4
2039,Customer_1502,53,Giza,09/26/2020,0,13904,09/26/2020,Standard,138,Product_138,Electronics,912.92,439.68,4,,738,4
1710,  Customer_1503  ,40,Giza,01/31/2020,1,10780,01/31/2020,Express,124,Product_124,Home Appliances,844.48,406.11,1,0.1,568,2
1400,Customer_1504,39,Aswan,03-01-2022,0,10117,03-01-2022,Standard,136,Product_136,Home Appliances,1393.63,851.91,2,,438,9
1980,  Customer_1505  ,62,Luxor,05/02/2021,1,10703,05/02/2021,Express,135,Product_135,Home Appliances,827.24,561.3,2,,1055,4
2109,Customer_1506,54,Aswan,20-04-2023,0,12364,20-04-2023,Standard,106,Product_106,Clothing,796.66,515.73,3,,622,5
1249,Customer_1507,41,Giza,25-10-2021,0,10287,25-10-2021,Same Day,104,Product_104,Clothing,110.93,68.57,5,,401,4
1390,Customer_1508,37,Giza,02-02-2020,0,12955,02-02-2020,Same Day,118,Product_118,Electronics,150.65,77.76,1,,559,5
1334,Customer_1509,14,Luxor,22-12-2020,0,11374,22-12-2020,Express,106,Product_106,Sports,60.76,37.39,5,,853,4
1628,CUSTOMER_1510,44,Luxor,06/27/2021,0,12344,06/27/2021,Standard,126,Product_126,Elec,1374.2,879.94,5,,344,6
1136,CUSTOMER_1511,38,Mansoura,17-04-2020,0,13265,17-04-2020,Same Day,137,Product_137,Clothing,642.16,401.98,4,0.1,343,6
1882,Customer_1512,48,Alexandria,09/16/2020,0,12024,09/16/2020,Standard,127,Product_127,Home Appliances,729.41,439.87,4,,350,7
1687,Customer_1513,52,Alexandria,12-05-2022,0,13463,12-05-2022,Standard,141,Product_141,Home Appliances,1275.81,528.36,1,,562,5
1826,Customer_1514,58,Mansoura,13-12-2022,0,10442,13-12-2022,Express,111,Product_111,Elec,933.41,558.1,1,,750,2
1726,Customer_1515,45,Alexandria,08/20/2020,0,13352,08/20/2020,Same Day,138,Product_138,Home Appliances,933.78,507.5,2,,417,7
1593,Customer_1516,24,Giza,05/10/2020,0,10900,05/10/2020,Express,116,Product_116,Clothing,479.97,330.45,1,,506,5
2246,Customer_1517,7,Mansoura,02-09-2022,0,10300,02-09-2022,Express,119,Product_119,Electronics,1259.17,733.03,2,,492,8
1989,Customer_1518,27,Mansoura,07/07/2022,0,12945,07/07/2022,Same Day,143,Product_143,Sports,290.45,169.18,2,0.2,565,7
1371,Customer_1519,60,Alexandria,11-01-2022,1,12473,11-01-2022,Standard,115,Product_115,Clothing,127.07,88.72,1,,1086,1
1934,Customer_1520,67,Cairo,11/17/2022,1,10249,11/17/2022,Express,126,Product_126,Clothing,327.82,140.33,2,,776,2
1994,Customer_1521,36,Alexandria,30-04-2023,0,11957,30-04-2023,Same Day,141,Product_141,Home Appliances,438.22,211.61,5,,338,3
1401,Customer_1522,18,Aswan,11-08-2020,1,11766,11-08-2020,Standard,131,Product_131,Clothing,459.35,274.15,2,0.1,1100,3
2466,Customer_1523,30,Cairo,14-07-2022,0,11538,14-07-2022,Standard,119,Product_119,Clothing,1022.24,505.57,5,,657,5
1614,Customer_1524,57,Mansoura,28-10-2022,0,10685,28-10-2022,Standard,124,Product_124,Sports,365.85,,5,,627,2
2296,CUSTOMER_1525,31,Cairo,03/29/2021,0,12799,03/29/2021,Express,109,Product_109,Home Appliances,1031.15,688.6,5,0.1,481,5
2182,Customer_1526,48,Giza,13-06-2023,1,10997,13-06-2023,Express,123,Product_123,Clothing,182.14,104.51,3,0.2,568,3
2175,CUSTOMER_1527,42,Luxor,03/29/2020,1,10405,03/29/2020,Same Day,104,Product_104,Home Appliances,263.44,113.51,3,,1739,1
1994,Customer_1528,50,Cairo,29-01-2024,0,13687,29-01-2024,Standard,110,Product_110,Clothing,787.79,388.58,2,,338,3
1619,Customer_1529,67,Aswan,11-09-2023,0,12848,11-09-2023,Standard,109,Product_109,Sports,1386.75,586.34,1,,478,7
1187,Customer_1530,48,Luxor,12/03/2022,0,10243,12/03/2022,Same Day,119,Product_119,Home Appliances,1296.37,734.83,2,,346,6
2121,Customer_1531,42,Giza,09/09/2021,1,13871,09/09/2021,Standard,115,Product_115,Home Appliances,1454.69,657.49,3,,1210,1
1130,Customer_1532,68,Aswan,07/27/2022,0,12414,07/27/2022,Standard,134,Product_134,Sports,993.19,652.66,4,0.05,398,4
1804,Customer_1533,45,Luxor,08/10/2023,0,13856,08/10/2023,Same Day,142,Product_142,Electronics,1029.93,590.35,4,0.1,375,6
2194,CUSTOMER_1534,28,Giza,03/04/2020,0,12167,03/04/2020,Same Day,119,Product_119,Clothing,956.28,399.55,2,,515,2
1935,CUSTOMER_1535,50,Luxor,05/04/2020,0,12897,05/04/2020,Express,149,Product_149,Clothing,953.09,467.26,3,0.05,468,9
1985,  Customer_1536  ,46,Luxor,07-09-2022,0,13511,07-09-2022,Express,121,Product_121,Elec,263.32,154.02,5,0.2,332,3
1182,Customer_1537,35,Alexandria,02-04-2022,0,13842,02-04-2022,Express,134,Product_134,Home Appliances,838.42,419.75,3,0.2,530,7
1982,  Customer_1538  ,32,Aswan,05/23/2022,1,13575,05/23/2022,Same Day,117,Product_117,Home Appliances,609.8,337.8,2,0.05,605,4
1363,Customer_1539,35,Aswan,06-11-2023,1,11605,06-11-2023,Express,118,Product_118,Sports,691.68,465.37,3,,422,3
1038,Customer_1540,32,Cairo,09-08-2020,0,10432,09-08-2020,Standard,117,Product_117,Sports,809.22,408.66,4,,461,5
1496,Customer_1541,36,Aswan,01-10-2022,0,10182,01-10-2022,Express,102,Product_102,Sports,236.17,118.26,5,,351,5
2372,customer_1542,27,Aswan,12/29/2023,0,11484,12/29/2023,Express,101,Product_101,Electronics,571.26,368.99,2,,369,7
1981,Customer_1543,45,Luxor,27-06-2022,0,12806,27-06-2022,Express,143,Product_143,Electronics,142.0,,2,,413,4
1920,  Customer_1544  ,44,Mansoura,30-05-2020,0,11141,30-05-2020,Same Day,110,Product_110,Home Appliances,1470.52,622.6,1,,547,7
2420,Customer_1545,45,Alexandria,06/14/2020,0,10030,06/14/2020,Standard,137,Product_137,Sports,221.87,,5,,1007,2
1721,Customer_1546,39,Cairo,10/21/2021,1,13024,10/21/2021,Same Day,148,Product_148,Home Appliances,424.86,290.88,2,,1168,1
2184,Customer_1547,37,Alexandria,30-05-2023,0,11172,30-05-2023,Standard,105,Product_105,Electronics,1342.37,912.8,3,,338,9
1015,customer_1548,61,Cairo,10/30/2020,1,12575,10/30/2020,Express,112,Product_112,Clothing,749.93,350.55,3,,1524,1
1492,Customer_1549,41,Giza,05/14/2020,0,11296,05/14/2020,Express,136,Product_136,Home Appliances,246.67,139.63,3,,425,4
2449,  Customer_1550  ,58,Luxor,15-09-2020,1,12911,15-09-2020,Standard,131,Product_131,Electronics,607.13,267.87,3,,879,5
2131,Customer_1551,25,Aswan,17-07-2021,0,13456,17-07-2021,Same Day,138,Product_138,Sports,218.01,131.33,2,,611,4
1893,Customer_1552,48,Aswan,02-07-2023,0,11903,02-07-2023,Same Day,109,Product_109,Clothing,340.31,155.04,4,0.2,549,1
2473,Customer_1553,28,Mansoura,07/20/2023,0,10101,07/20/2023,Express,144,Product_144,Clothing,125.44,52.05,5,,391,7
1310,Customer_1554,150,Alexandria,13-04-2023,0,11095,13-04-2023,Standard,126,Product_126,Clothing,685.43,443.79,3,,450,5
1738,customer_1555,33,Alexandria,28-01-2023,0,11728,28-01-2023,Standard,115,Product_115,Sports,1219.62,606.91,2,,704,3
2193,CUSTOMER_1556,32,Alexandria,12/29/2023,1,13905,12/29/2023,Standard,116,Product_116,Clothing,899.66,389.15,2,,369,2
1545,Customer_1557,32,Aswan,10/27/2021,0,12670,10/27/2021,Standard,113,Product_113,Electronics,929.2,604.14,3,,696,6
1413,customer_1558,58,Alexandria,19-02-2022,0,12852,19-02-2022,Express,125,Product_125,Home Appliances,340.85,214.3,1,,948,7
1250,Customer_1559,40,Luxor,08-05-2023,0,12455,08-05-2023,Same Day,130,Product_130,Clothing,548.65,332.0,2,0.2,471,3
1758,Customer_1560,150,Cairo,12/22/2022,0,13418,12/22/2022,Express,107,Product_107,Clothing,1275.6,858.96,5,0.1,475,7
2164,Customer_1561,33,Aswan,08/26/2021,0,13923,08/26/2021,Standard,104,Product_104,Electronics,177.39,96.99,5,,674,5
2297,  Customer_1562  ,52,Luxor,07/18/2022,0,11390,07/18/2022,Same Day,143,Product_143,Sports,1294.0,567.31,1,,887,3
2439,Customer_1563,45,Giza,11/01/2022,1,10829,11/01/2022,Express,140,Product_140,Clothing,751.35,314.37,2,,452,5
2062,customer_1564,35,Luxor,05/24/2023,0,12836,05/24/2023,Standard,138,Product_138,Elec,1263.86,626.28,1,,370,10
1813,Customer_1565,16,Luxor,05/31/2022,0,10617,05/31/2022,Express,130,Product_130,Electronics,511.11,217.76,2,0.1,395,5
1028,CUSTOMER_1566,43,Giza,22-07-2020,0,12596,22-07-2020,Standard,110,Product_110,Sports,541.32,303.49,2,,442,6
1957,Customer_1567,48,Luxor,12/08/2023,0,10290,12/08/2023,Express,130,Product_130,Sports,1139.83,460.89,1,,390,7
1476,Customer_1568,25,Cairo,08/22/2020,0,12469,08/22/2020,Express,139,Product_139,Home Appliances,1188.24,633.49,4,,609,4
1317,Customer_1569,35,Aswan,09/02/2023,0,10180,09/02/2023,Express,107,Product_107,Clothing,382.98,173.7,3,,377,6
1244,Customer_1570,200,Mansoura,26-08-2023,0,12702,26-08-2023,Standard,136,Product_136,Home Appliances,1460.66,745.64,3,0.1,338,5
1747,Customer_1571,16,Giza,02/03/2023,1,12161,02/03/2023,Same Day,135,Product_135,Electronics,172.51,103.94,3,,685,4
1696,CUSTOMER_1572,30,Aswan,01/16/2024,1,11261,01/16/2024,Same Day,124,Product_124,Clothing,149.33,,1,,351,2
1271,Customer_1573,45,Alexandria,16-03-2021,0,13165,16-03-2021,Standard,139,Product_139,Electronics,913.48,458.93,2,,667,4
2463,Customer_1574,56,Cairo,30-05-2022,1,10259,30-05-2022,Same Day,136,Product_136,Electronics,1097.97,765.53,2,,728,4
2262,Customer_1575,72,Mansoura,07/13/2022,1,13178,07/13/2022,Same Day,145,Product_145,Electronics,1443.28,888.55,5,,892,5
1376,customer_1576,69,Cairo,12-04-2021,1,12291,12-04-2021,Express,120,Product_120,Sports,637.17,353.09,2,,672,2
1265,  Customer_1577  ,42,Cairo,04/27/2022,1,12470,04/27/2022,Express,149,Product_149,Sports,86.67,49.73,4,,980,3
1925,Customer_1578,32,Alexandria,25-11-2021,1,10334,25-11-2021,Standard,132,Product_132,Clothing,924.2,541.63,3,,1133,3
1920,Customer_1579,53,Mansoura,17-07-2022,0,11046,17-07-2022,Standard,139,Product_139,Electronics,470.06,191.49,4,,547,7
2382,customer_1580,31,Cairo,03/27/2022,1,11896,03/27/2022,Express,149,Product_149,Electronics,677.77,287.43,3,,907,6
1339,Customer_1581,28,Alexandria,01-05-2022,0,10270,01-05-2022,Standard,126,Product_126,Clothing,758.28,450.99,1,,976,2
1388,Customer_1582,35,Giza,03-02-2024,1,13211,03-02-2024,Standard,126,Product_126,Home Appliances,143.54,73.11,4,,333,2
1576,  Customer_1583  ,33,Alexandria,13-07-2020,1,13537,13-07-2020,Same Day,136,Product_136,Electronics,754.67,314.42,2,0.2,1555,2
1002,CUSTOMER_1584,46,Luxor,02-10-2021,1,12501,02-10-2021,Standard,143,Product_143,Sports,668.16,326.9,3,,687,4
2452,Customer_1585,30,Aswan,05/24/2022,1,11407,05/24/2022,Standard,135,Product_135,Home Appliances,1083.19,475.61,5,,528,4
2165,  Customer_1586  ,41,Alexandria,10/02/2021,1,12641,10/02/2021,Express,143,Product_143,Home Appliances,986.22,665.59,4,0.1,1187,1
1375,Customer_1587,63,Alexandria,24-09-2023,0,11400,24-09-2023,Standard,135,Product_135,Home Appliances,318.56,146.82,1,,465,3
1323,Customer_1588,41,Alexandria,06/06/2021,0,11009,06/06/2021,Express,112,Product_112,Home Appliances,348.9,154.6,5,0.05,386,4
1145,Customer_1589,62,Cairo,02/05/2022,0,11461,02/05/2022,Standard,133,Product_133,Home Appliances,413.96,,1,0.1,698,3
1292,Customer_1590,58,Mansoura,08-11-2020,1,12903,08-11-2020,Same Day,136,Product_136,Home Appliances,309.48,172.25,3,,1515,2
1431,CUSTOMER_1591,48,Alexandria,11/07/2023,1,13493,11/07/2023,Express,114,Product_114,Clothing,1002.96,574.48,4,0.2,421,4
1704,Customer_1592,34,Alexandria,08/29/2022,0,13227,08/29/2022,Standard,133,Product_133,Clothing,1491.92,791.89,1,,856,2
1948,Customer_1593,55,Luxor,05/17/2020,1,13406,05/17/2020,Standard,146,Product_146,Home Appliances,995.56,,5,,673,2
1584,Customer_1594,36,Luxor,07/05/2020,0,13602,07/05/2020,Same Day,145,Product_145,Sports,929.69,,5,0.05,594,2
1398,Customer_1595,39,Giza,06/23/2020,0,11604,06/23/2020,Standard,145,Product_145,Clothing,644.4,300.28,2,,677,6
1816,Customer_1596,44,Giza,09-07-2020,0,10131,09-07-2020,Same Day,124,Product_124,Clothing,503.24,261.16,1,,550,6
2367,Customer_1597,-10,Luxor,06/03/2022,1,12815,06/03/2022,Express,115,Product_115,Home Appliances,1371.06,942.39,4,0.1,825,7
1963,Customer_1598,29,Mansoura,16-07-2020,0,11744,16-07-2020,Express,131,Product_131,Sports,1455.05,664.95,4,0.2,772,4
2163,  Customer_1599  ,17,Giza,02-02-2022,0,12548,02-02-2022,Standard,117,Product_117,Home Appliances,770.33,376.02,2,,1064,2
1186,Customer_1600,54,Aswan,23-09-2020,0,11545,23-09-2020,Express,112,Product_112,Sports,470.79,215.37,5,0.2,378,4
1060,Customer_1601,48,Aswan,13-02-2023,0,13211,13-02-2023,Same Day,122,Product_122,Sports,1166.68,473.85,1,,688,6
1938,Customer_1602,14,Mansoura,02-05-2020,1,10134,02-05-2020,Same Day,123,Product_123,Elec,242.06,116.42,5,,1439,4
2403,Customer_1603,28,Luxor,04/16/2023,0,10766,04/16/2023,Standard,126,Product_126,Clothing,1160.1,480.21,1,,626,7
1709,Customer_1604,42,Giza,02/24/2023,0,12859,02/24/2023,Same Day,114,Product_114,Home Appliances,1237.48,552.42,1,,677,5
1806,CUSTOMER_1605,46,Alexandria,24-02-2023,0,13478,24-02-2023,Same Day,112,Product_112,Clothing,231.11,117.59,1,,632,4
2463,Customer_1606,17,Luxor,06-11-2021,1,10769,06-11-2021,Same Day,104,Product_104,Clothing,1466.45,595.7,5,,728,4
2342,Customer_1607,38,Giza,04-10-2023,0,12141,04-10-2023,Standard,146,Product_146,Sports,1478.99,925.68,5,,334,4
2325,Customer_1608,48,Mansoura,07-09-2020,0,11907,07-09-2020,Express,113,Product_113,Clothing,1408.24,899.41,5,,603,5
2367,Customer_1609,34,Aswan,04/21/2022,1,11264,04/21/2022,Same Day,118,Product_118,Electronics,769.25,402.64,3,0.2,825,7
1010,CUSTOMER_1610,43,Mansoura,25-12-2021,0,11772,25-12-2021,Express,143,Product_143,Home Appliances,406.81,282.9,5,,437,4
2085,Customer_1611,32,Giza,24-09-2023,0,10164,24-09-2023,Express,128,Product_128,Clothing,893.91,539.65,2,,465,3
1225,Customer_1612,53,Mansoura,16-05-2022,1,10324,16-05-2022,Standard,138,Product_138,Home Appliances,658.9,410.57,3,0.05,961,3
2176,Customer_1613,28,Giza,16-01-2024,0,13731,16-01-2024,Standard,141,Product_141,Clothing,348.63,159.56,1,,351,4
1563,customer_1614,22,Giza,04/15/2020,1,13289,04/15/2020,Express,144,Product_144,Home Appliances,664.33,432.63,4,0.1,737,4
1771,customer_1615,40,Mansoura,12-08-2021,0,12987,12-08-2021,Standard,119,Product_119,Home Appliances,1012.64,692.15,3,,623,4
2333,Customer_1616,18,Cairo,14-05-2023,0,10619,14-05-2023,Express,146,Product_146,Home Appliances,152.82,71.96,3,,339,3
1884,CUSTOMER_1617,8,Alexandria,10/01/2021,0,10230,10/01/2021,Same Day,147,Product_147,Clothing,533.46,323.24,1,,531,2
2266,Customer_1618,56,Luxor,12/21/2021,1,12629,12/21/2021,Express,143,Product_143,Electronics,75.8,47.31,5,,1107,3
2389,Customer_1619,25,Aswan,07/31/2020,0,12780,07/31/2020,Express,138,Product_138,Home Appliances,1136.77,558.78,5,,694,3
2353,Customer_1620,19,Alexandria,29-03-2023,1,13657,29-03-2023,Same Day,146,Product_146,Sports,979.0,531.11,3,,644,3
2130,Customer_1621,27,Luxor,05-11-2022,0,11202,05-11-2022,Standard,103,Product_103,Sports,140.87,60.47,5,0.1,349,4
1225,Customer_1622,27,Luxor,03/11/2021,1,13151,03/11/2021,Express,119,Product_119,Sports,1448.87,654.79,3,,961,3
1824,Customer_1623,37,Aswan,11/12/2020,1,11377,11/12/2020,Standard,120,Product_120,Elec,82.8,34.65,4,,1125,5
1217,Customer_1624,23,Alexandria,06-09-2023,0,12718,06-09-2023,Same Day,125,Product_125,Home Appliances,905.44,514.33,4,0.05,483,5
1936,customer_1625,47,Aswan,14-09-2022,0,11891,14-09-2022,Express,111,Product_111,Electronics,1175.73,690.83,1,,840,3
1752,  Customer_1626  ,49,Giza,04/04/2021,1,13752,04/04/2021,Express,117,Product_117,Home Appliances,1192.45,804.71,2,0.05,482,4
1505,  Customer_1627  ,20,Aswan,08/09/2020,1,13897,08/09/2020,Express,149,Product_149,Electronics,99.71,56.1,2,,1606,1
1258,Customer_1628,30,Mansoura,18-12-2021,0,13972,18-12-2021,Express,135,Product_135,Home Appliances,1364.3,,5,,536,3
1053,Customer_1629,32,Cairo,13-02-2023,0,13232,13-02-2023,Standard,114,Product_114,Sports,1381.75,577.35,2,,535,5
2070,Customer_1630,150,Cairo,22-01-2022,0,13498,22-01-2022,Standard,139,Product_139,Home Appliances,864.02,574.99,4,,367,6
1726,Customer_1631,56,Cairo,23-08-2020,0,10402,23-08-2020,Same Day,119,Product_119,Electronics,749.02,407.21,1,,417,7
1688,customer_1632,57,Alexandria,24-07-2021,0,13103,24-07-2021,Standard,103,Product_103,Home Appliances,115.06,71.47,4,0.2,456,3
2122,Customer_1633,77,Alexandria,21-03-2023,0,12168,21-03-2023,Express,134,Product_134,Clothing,864.83,349.73,3,,541,9
2043,Customer_1634,5,Giza,08-04-2021,0,12774,08-04-2021,Same Day,149,Product_149,Home Appliances,643.6,351.69,5,,750,6
1418,Customer_1635,26,Cairo,05/28/2022,0,13586,05/28/2022,Express,141,Product_141,Sports,1170.57,582.61,5,,485,4
1689,Customer_1636,67,Giza,22-02-2023,0,10384,22-02-2023,Express,122,Product_122,Home Appliances,635.63,260.04,2,,679,7
1849,customer_1637,12,Cairo,27-06-2023,0,11763,27-06-2023,Same Day,138,Product_138,Clothing,1041.19,658.76,3,,554,3
1061,CUSTOMER_1638,66,Alexandria,06/10/2023,0,11448,06/10/2023,Express,127,Product_127,Clothing,197.04,109.13,2,,331,3
2168,Customer_1639,42,Mansoura,10/14/2023,0,12523,10/14/2023,Express,121,Product_121,Clothing,242.78,,2,,445,5
1215,Customer_1640,42,Mansoura,08/09/2023,0,12607,08/09/2023,Same Day,141,Product_141,Electronics,252.58,162.09,2,,511,5
1002,Customer_1641,20,Mansoura,02/14/2023,1,11190,02/14/2023,Standard,131,Product_131,Clothing,116.01,61.96,3,0.1,687,4
1159,Customer_1642,33,Aswan,23-02-2020,0,10388,23-02-2020,Same Day,127,Product_127,Electronics,834.93,334.85,2,,546,6
1780,Customer_1643,66,Mansoura,01-06-2023,0,13404,01-06-2023,Same Day,137,Product_137,Clothing,1201.25,820.86,5,,438,6
2143,Customer_1644,39,Luxor,09/09/2023,0,11546,09/09/2023,Same Day,102,Product_102,Electronics,935.1,445.77,2,0.1,370,7
1892,Customer_1645,33,Cairo,11/21/2023,0,11773,11/21/2023,Standard,147,Product_147,Clothing,883.68,573.66,3,0.2,407,4
2112,Customer_1646,46,Mansoura,07/01/2021,0,10789,07/01/2021,Same Day,109,Product_109,Clothing,1036.9,668.72,3,,721,4
1328,Customer_1647,37,Luxor,02/29/2020,0,12800,02/29/2020,Standard,119,Product_119,Home Appliances,542.49,243.42,4,0.1,732,4
1579,Customer_1648,45,Luxor,01/04/2021,1,11494,01/04/2021,Express,142,Product_142,Clothing,574.83,311.67,2,,1205,2
2380,Customer_1649,27,Luxor,13-07-2021,1,12751,13-07-2021,Same Day,136,Product_136,Home Appliances,505.69,208.37,3,,1268,3
2290,Customer_1650,38,Giza,12/10/2023,0,11547,12/10/2023,Express,110,Product_110,Clothing,1082.56,548.17,2,0.1,388,2
1951,Customer_1651,30,Giza,24-09-2021,0,12100,24-09-2021,Express,140,Product_140,Clothing,284.38,176.11,1,0.2,702,5
2346,Customer_1652,12,Luxor,26-11-2021,0,12614,26-11-2021,Standard,145,Product_145,Home Appliances,68.89,32.46,5,,361,5
1634,Customer_1653,47,Aswan,19-12-2021,0,10820,19-12-2021,Express,139,Product_139,Home Appliances,914.48,397.93,5,,749,3
1987,  Customer_1654  ,21,Mansoura,13-01-2020,0,11044,13-01-2020,Express,107,Product_107,Electronics,1416.45,,2,,558,6
2218,Customer_1655,37,Cairo,06-01-2021,0,11042,06-01-2021,Same Day,104,Product_104,Sports,933.64,,5,,505,4
1920,Customer_1656,53,Aswan,10/20/2020,0,11879,10/20/2020,Express,115,Product_115,Home Appliances,1185.24,714.4,5,0.05,547,7
1737,Customer_1657,17,Alexandria,05-03-2023,0,10861,05-03-2023,Same Day,112,Product_112,elect,1025.55,643.78,1,,485,4
2355,  Customer_1658  ,49,Giza,08-09-2023,0,11479,08-09-2023,Express,148,Product_148,Clothing,771.28,469.51,5,,481,4
1169,Customer_1659,35,Mansoura,03/31/2022,0,12369,03/31/2022,Standard,106,Product_106,Home Appliances,1091.67,713.54,5,,767,5
1520,Customer_1660,25,Mansoura,05/22/2020,0,12874,05/22/2020,Express,109,Product_109,Home Appliances,1244.95,581.23,3,0.1,365,6
2486,Customer_1661,70,Alexandria,10/17/2020,0,12480,10/17/2020,Standard,135,Product_135,Clothing,375.86,214.59,5,,345,4
1039,Customer_1662,39,Alexandria,07/20/2023,0,13130,07/20/2023,Same Day,108,Product_108,Clothing,537.39,273.01,2,,531,5
2284,Customer_1663,31,Mansoura,03/03/2020,0,13222,03/03/2020,Same Day,107,Product_107,Clothing,374.4,257.82,5,0.2,490,4
2418,  Customer_1664  ,28,Alexandria,06-07-2020,1,11794,06-07-2020,Express,104,Product_104,Clothing,705.65,375.46,2,,1339,3
1954,customer_1665,53,Mansoura,12/22/2022,0,11463,12/22/2022,Express,113,Product_113,Sports,1333.34,917.22,5,0.1,741,5
2249,Customer_1666,30,Aswan,03/16/2021,0,11907,03/16/2021,Same Day,119,Product_119,Home Appliances,550.55,347.24,2,,328,6
1983,Customer_1667,51,Alexandria,09-02-2022,0,12105,09-02-2022,Same Day,107,Product_107,Clothing,592.98,365.0,5,,355,5
2147,Customer_1668,39,Aswan,05/09/2022,0,13065,05/09/2022,Same Day,110,Product_110,Clothing,1297.53,710.36,2,,654,6
1974,Customer_1669,56,Aswan,07/18/2022,0,13799,07/18/2022,Standard,125,Product_125,Sports,797.29,424.97,5,,898,3
1037,Customer_1670,24,Alexandria,11/29/2021,0,13645,11/29/2021,Express,144,Product_144,Home Appliances,826.4,461.1,1,,450,3
1327,Customer_1671,26,Mansoura,11/18/2020,0,13729,11/18/2020,Same Day,135,Product_135,Electronics,1298.16,633.62,3,,959,3
2274,Customer_1672,35,Luxor,27-01-2022,0,13965,27-01-2022,Same Day,125,Product_125,Home Appliances,761.26,511.07,3,,467,5
2199,Customer_1673,37,Mansoura,09/30/2021,0,10750,09/30/2021,Express,129,Product_129,Electronics,1038.26,662.72,3,,726,3
1913,Customer_1674,34,Cairo,17-01-2024,0,11316,17-01-2024,Express,112,Product_112,Sports,174.18,111.55,3,,350,4
1453,Customer_1675,79,Alexandria,10/26/2021,0,10181,10/26/2021,Standard,147,Product_147,Clothing,309.02,163.76,1,,622,4
1036,customer_1676,70,Giza,08-03-2023,1,11904,08-03-2023,Same Day,140,Product_140,Sports,636.35,268.11,1,,567,3
2339,Customer_1677,44,Alexandria,05/06/2023,0,12654,05/06/2023,Express,112,Product_112,Home Appliances,767.52,464.29,5,,606,3
1972,Customer_1678,46,Cairo,22-06-2020,1,13149,22-06-2020,Standard,106,Product_106,Clothing,1450.31,743.03,1,,1335,5
1795,  Customer_1679  ,36,Aswan,17-04-2020,1,10960,17-04-2020,Same Day,110,Product_110,Home Appliances,1457.44,963.56,3,,1462,3
1972,Customer_1680,24,Giza,14-11-2020,1,13725,14-11-2020,Standard,102,Product_102,Electronics,1284.24,814.34,4,,1335,5
1592,Customer_1681,37,Giza,11/18/2020,0,10104,11/18/2020,Express,145,Product_145,Home Appliances,507.62,,5,,569,6
2137,  Customer_1682  ,51,Mansoura,19-06-2023,0,11284,19-06-2023,Standard,125,Product_125,Sports,1447.84,840.49,2,,386,2
2063,Customer_1683,59,Luxor,11-04-2020,0,12654,11-04-2020,Same Day,107,Product_107,Sports,1049.54,637.77,3,,584,4
2324,CUSTOMER_1684,54,Mansoura,10/12/2023,0,13294,10/12/2023,Express,140,Product_140,Sports,619.76,353.54,3,0.05,354,7
1223,Customer_1685,17,Giza,16-06-2020,1,10989,16-06-2020,Same Day,123,Product_123,Clothing,1067.43,591.58,3,,1660,2
1317,Customer_1686,35,Giza,11-07-2021,0,10483,11-07-2021,Standard,148,Product_148,Home Appliances,73.96,34.64,1,,377,6
1348,Customer_1687,17,Luxor,06/26/2022,1,11725,06/26/2022,Standard,111,Product_111,Clothing,261.92,,2,,906,3
1114,Customer_1688,150,Alexandria,17-09-2023,0,12176,17-09-2023,Standard,136,Product_136,Home Appliances,1253.04,789.92,5,0.2,467,3
1697,customer_1689,33,Luxor,18-05-2022,0,12366,18-05-2022,Express,149,Product_149,Electronics,986.08,399.96,3,,393,5
2346,Customer_1690,39,Aswan,21-09-2022,0,10706,21-09-2022,Standard,148,Product_148,Home Appliances,578.08,366.31,2,,361,5
2063,Customer_1691,47,Mansoura,05/28/2023,0,12556,05/28/2023,Express,123,Product_123,Home Appliances,775.97,,4,0.2,584,4
1039,CUSTOMER_1692,81,Alexandria,06/24/2022,0,10019,06/24/2022,Standard,143,Product_143,Home Appliances,1362.46,927.65,1,,531,5
2312,Customer_1693,44,Mansoura,04/28/2022,0,13882,04/28/2022,Standard,107,Product_107,Home Appliances,965.79,675.28,3,,622,7
2285,Customer_1694,36,Luxor,13-07-2021,1,10751,13-07-2021,Express,127,Product_127,Electronics,627.32,375.79,2,,494,2
1215,Customer_1695,21,Alexandria,03/17/2021,0,10234,03/17/2021,Express,113,Product_113,Clothing,224.47,117.55,2,,511,5
2170,Customer_1696,61,Luxor,15-11-2022,0,11620,15-11-2022,Express,117,Product_117,Sports,475.93,258.2,3,,778,4
1335,CUSTOMER_1697,37,Aswan,08/21/2020,0,10605,08/21/2020,Same Day,132,Product_132,Home Appliances,1468.59,677.41,2,,516,6
2191,Customer_1698,64,Cairo,12/07/2021,0,10553,12/07/2021,Standard,126,Product_126,Sports,684.18,294.04,2,0.05,402,6
1091,Customer_1699,56,Giza,30-05-2022,0,11899,30-05-2022,Same Day,122,Product_122,Sports,734.17,421.14,5,,551,6
1352,Customer_1700,33,Alexandria,08/15/2020,1,13421,08/15/2020,Standard,113,Product_113,Sports,772.97,495.98,1,0.1,447,4
1570,Customer_1701,19,Giza,03-08-2021,0,12500,03-08-2021,Standard,112,Product_112,Sports,1331.95,637.38,5,0.05,803,3
1815,CUSTOMER_1702,44,Cairo,20-10-2023,1,10585,20-10-2023,Standard,107,Product_107,Home Appliances,925.7,486.82,1,,439,6
1780,Customer_1703,30,Alexandria,21-10-2023,0,10983,21-10-2023,Standard,101,Product_101,Sports,1055.83,598.06,1,,438,6
1362,Customer_1704,40,Giza,04/29/2023,1,13948,04/29/2023,Same Day,133,Product_133,Home Appliances,614.65,,5,,399,7
1556,Customer_1705,55,Giza,09/23/2022,0,13580,09/23/2022,Standard,114,Product_114,Electronics,92.18,40.71,3,,354,5
2368,Customer_1706,15,Alexandria,12/15/2022,0,11650,12/15/2022,Same Day,147,Product_147,Clothing,1399.91,659.45,2,,748,4
2193,customer_1707,43,Giza,09/28/2023,1,10422,09/28/2023,Express,143,Product_143,Clothing,1426.24,963.51,4,,369,2
1355,Customer_1708,51,Giza,09/23/2021,0,13261,09/23/2021,Same Day,141,Product_141,Home Appliances,1426.27,587.42,5,0.05,722,5
1190,Customer_1709,52,Alexandria,04/03/2020,0,13196,04/03/2020,Standard,117,Product_117,Home Appliances,1418.35,846.52,5,,670,3
1421,Customer_1710,19,Giza,27-03-2021,0,12053,27-03-2021,Same Day,104,Product_104,Clothing,1232.1,729.23,3,,352,4
1699,customer_1711,46,Giza,03/20/2022,0,10457,03/20/2022,Same Day,139,Product_139,Sports,1042.66,536.95,2,0.1,433,9
1006,Customer_1712,58,Mansoura,05/12/2023,1,11914,05/12/2023,Express,101,Product_101,Home Appliances,1274.54,688.82,5,,586,4
1132,customer_1713,45,Aswan,22-04-2020,0,12601,22-04-2020,Express,141,Product_141,Sports,920.79,604.48,4,,730,3
1556,Customer_1714,38,Mansoura,01/16/2020,0,13641,01/16/2020,Express,145,Product_145,Home Appliances,244.84,110.05,2,,354,5
1825,Customer_1715,57,Cairo,22-02-2021,1,12569,22-02-2021,Standard,124,Product_124,Home Appliances,617.27,289.79,5,,1185,3
1760,Customer_1716,29,Mansoura,09/09/2021,0,13160,09/09/2021,Same Day,134,Product_134,Electronics,1458.38,807.51,5,,633,6
2054,Customer_1717,150,Mansoura,03/08/2021,1,10845,03/08/2021,Same Day,134,Product_134,Electronics,559.15,292.39,1,0.2,1160,2
1534,Customer_1718,36,Cairo,10/08/2020,1,13182,10/08/2020,Express,124,Product_124,Clothing,1308.35,748.78,1,,1546,1
1425,Customer_1719,48,Giza,06/07/2021,1,10550,06/07/2021,Standard,115,Product_115,Electronics,185.16,125.21,5,,1304,1
2417,Customer_1720,55,Giza,08/15/2021,0,11420,08/15/2021,Standard,117,Product_117,Electronics,534.57,360.9,3,,1003,4
1671,CUSTOMER_1721,47,Mansoura,11/02/2021,0,11994,11/02/2021,Standard,113,Product_113,Clothing,558.88,262.12,1,,716,8
1362,  Customer_1722  ,52,Cairo,09/02/2020,1,13750,09/02/2020,Express,107,Product_107,Sports,124.82,61.24,5,,399,7
2460,Customer_1723,55,Giza,16-01-2020,0,12058,16-01-2020,Standard,109,Product_109,Electronics,222.69,99.9,2,,949,6
1081,Customer_1724,34,Luxor,10/15/2022,1,11645,10/15/2022,Standard,144,Product_144,Sports,330.09,223.91,4,,809,4
1355,CUSTOMER_1725,37,Alexandria,05/31/2022,0,10496,05/31/2022,Standard,135,Product_135,Clothing,1264.83,656.9,1,,722,5
2281,CUSTOMER_1726,59,Alexandria,25-12-2020,1,13087,25-12-2020,Express,123,Product_123,Home Appliances,141.93,75.92,5,,1468,2
1588,  Customer_1727  ,21,Aswan,21-09-2020,0,13104,21-09-2020,Express,147,Product_147,Sports,483.12,309.58,1,0.2,397,5
1294,customer_1728,46,Alexandria,17-02-2022,0,12792,17-02-2022,Same Day,139,Product_139,Clothing,64.75,,2,,511,5
2247,Customer_1729,29,Mansoura,26-12-2022,0,12536,26-12-2022,Same Day,123,Product_123,Sports,1058.66,461.5,3,,516,3
2069,Customer_1730,56,Alexandria,12-12-2023,0,13259,12-12-2023,Same Day,126,Product_126,Clothing,949.44,504.49,5,,386,4
2136,  Customer_1731  ,39,Alexandria,16-04-2021,0,12783,16-04-2021,Express,101,Product_101,Clothing,985.22,580.45,2,,428,7
2256,Customer_1732,40,Luxor,21-10-2022,0,13642,21-10-2022,Same Day,114,Product_114,Home Appliances,592.86,365.06,4,0.05,329,8
1016,Customer_1733,65,Giza,02/18/2023,1,12505,02/18/2023,Standard,132,Product_132,Sports,351.99,208.94,5,,683,6
1359,CUSTOMER_1734,23,Luxor,30-09-2023,0,13122,30-09-2023,Express,148,Product_148,Home Appliances,1094.46,476.92,4,0.2,459,4
2246,Customer_1735,43,Mansoura,12/26/2021,0,13342,12/26/2021,Express,110,Product_110,Home Appliances,1226.12,602.4,3,0.05,492,8
1865,  Customer_1736  ,37,Alexandria,05/27/2020,1,12511,05/27/2020,Same Day,101,Product_101,Sports,250.97,,5,,907,4
1699,  Customer_1737  ,47,Giza,24-03-2022,0,12090,24-03-2022,Standard,105,Product_105,Sports,755.9,501.96,5,0.1,433,9
1447,customer_1738,68,Aswan,27-03-2020,1,10538,27-03-2020,Standard,103,Product_103,Clothing,410.64,170.07,2,0.05,1024,2
1855,Customer_1739,30,Aswan,06/12/2022,0,10567,06/12/2022,Express,149,Product_149,Sports,293.75,121.22,1,,805,5
1364,Customer_1740,22,Alexandria,02/08/2020,0,10120,02/08/2020,Express,127,Product_127,Clothing,1114.77,661.08,5,,1042,6
1674,Customer_1741,27,Alexandria,07/30/2022,1,12672,07/30/2022,Same Day,122,Product_122,Clothing,830.24,468.6,3,,801,2
2007,CUSTOMER_1742,36,Aswan,08-06-2020,0,10315,08-06-2020,Standard,118,Product_118,Clothing,363.47,162.33,5,,580,5
2349,Customer_1743,40,Aswan,03-10-2021,1,13069,03-10-2021,Express,116,Product_116,Clothing,499.5,281.96,5,,535,5
1466,Customer_1744,41,Mansoura,25-03-2023,0,11138,25-03-2023,Standard,102,Product_102,Clothing,1451.65,1005.04,5,,442,4
1413,CUSTOMER_1745,67,Alexandria,29-05-2022,0,10620,29-05-2022,Express,147,Product_147,Clothing,1280.59,754.61,5,,948,7
2478,customer_1746,64,Aswan,03/20/2023,0,10453,03/20/2023,Same Day,113,Product_113,Sports,1325.92,709.03,3,,653,5
1585,Customer_1747,59,Cairo,08-04-2022,1,12734,08-04-2022,Express,145,Product_145,Sports,717.02,464.82,2,0.2,999,2
2256,CUSTOMER_1748,77,Aswan,24-12-2023,0,12671,24-12-2023,Express,116,Product_116,Electronics,954.52,,1,,329,8
2247,Customer_1749,52,Giza,04-08-2023,0,10611,04-08-2023,Express,108,Product_108,Sports,596.31,312.64,3,,516,3
1993,Customer_1750,56,Giza,05/05/2022,0,11543,05/05/2022,Same Day,143,Product_143,Home Appliances,162.68,90.83,3,,510,4
2435,Customer_1751,52,Cairo,08/15/2021,0,10958,08/15/2021,Same Day,108,Product_108,Elec,631.55,348.21,4,,709,3
1571,Customer_1752,49,Mansoura,23-08-2020,0,12008,23-08-2020,Same Day,110,Product_110,Sports,911.27,616.28,1,0.2,653,2
1334,Customer_1753,45,Alexandria,09-04-2022,0,10646,09-04-2022,Express,133,Product_133,Home Appliances,466.36,227.49,2,,853,4
2245,Customer_1754,34,Alexandria,02/12/2020,1,10762,02/12/2020,Express,131,Product_131,Sports,1279.53,533.5,2,0.05,576,4
1036,Customer_1755,21,Aswan,10/27/2021,1,11360,10/27/2021,Standard,112,Product_112,Clothing,269.1,181.62,4,,567,3
1988,Customer_1756,38,Giza,17-12-2020,1,10239,17-12-2020,Same Day,109,Product_109,Elec,582.34,270.86,4,0.1,612,3
1277,Customer_1757,48,Mansoura,19-06-2023,0,12781,19-06-2023,Same Day,137,Product_137,Clothing,231.11,118.72,3,0.1,562,3
2219,Customer_1758,41,Mansoura,07/31/2022,0,11409,07/31/2022,Express,109,Product_109,Elec,637.01,356.26,2,0.2,528,5
1915,Customer_1759,24,Mansoura,11/13/2023,0,11168,11/13/2023,Same Day,148,Product_148,elect,107.51,74.48,2,,415,2
1483,Customer_1760,37,Aswan,11-01-2022,1,12424,11-01-2022,Standard,118,Product_118,Clothing,445.2,249.57,2,,938,2
2265,Customer_1761,36,Alexandria,06/29/2020,1,12051,06/29/2020,Same Day,130,Product_130,Electronics,631.07,337.2,3,,365,3
2347,CUSTOMER_1762,39,Mansoura,06/13/2022,0,12841,06/13/2022,Same Day,132,Product_132,Electronics,743.34,,2,,502,5
1730,Customer_1763,47,Aswan,04-08-2020,1,12893,04-08-2020,Same Day,140,Product_140,Sports,838.36,579.51,5,,678,2
1191,Customer_1764,50,Aswan,05/13/2021,0,13399,05/13/2021,Standard,123,Product_123,Home Appliances,448.74,289.61,4,,692,4
2040,Customer_1765,32,Cairo,11-06-2022,1,10196,11-06-2022,Standard,111,Product_111,Clothing,808.41,364.34,4,0.05,935,5
1523,Customer_1766,54,Luxor,21-04-2023,0,12436,21-04-2023,Same Day,120,Product_120,Sports,788.06,505.13,4,,621,3
1917,Customer_1767,56,Mansoura,31-03-2022,0,13711,31-03-2022,Standard,119,Product_119,Sports,508.46,331.68,4,0.1,1007,4
1400,Customer_1768,44,Luxor,09-12-2022,0,10260,09-12-2022,Express,136,Product_136,Clothing,1253.79,761.31,5,,438,9
1885,Customer_1769,49,Alexandria,06/10/2020,1,12650,06/10/2020,Same Day,126,Product_126,Electronics,841.18,502.33,1,,356,4
1704,  Customer_1770  ,54,Aswan,21-03-2022,0,13908,21-03-2022,Standard,110,Product_110,Clothing,531.79,283.05,2,,856,2
1021,  Customer_1771  ,23,Mansoura,09/27/2021,0,11794,09/27/2021,Standard,124,Product_124,Home Appliances,1423.64,843.52,4,,908,6
1473,Customer_1772,55,Giza,11/26/2021,1,11957,11/26/2021,Standard,113,Product_113,Home Appliances,1275.41,792.38,2,,1111,3
2143,Customer_1773,28,Alexandria,03/29/2021,0,10093,03/29/2021,Express,146,Product_146,Clothing,1474.75,644.24,2,0.1,370,7
1209,Customer_1774,29,Cairo,11/13/2021,0,11280,11/13/2021,Standard,134,Product_134,Sports,1053.74,502.84,5,,649,5
1305,Customer_1775,42,Cairo,12/10/2020,1,10135,12/10/2020,Express,129,Product_129,Clothing,598.42,274.21,2,0.1,1043,2
2293,Customer_1776,7,Luxor,06/05/2020,1,12572,06/05/2020,Express,136,Product_136,Home Appliances,457.25,298.29,4,0.1,1525,2
1703,Customer_1777,42,Aswan,11-11-2022,0,12003,11-11-2022,Standard,107,Product_107,Clothing,1011.81,611.13,2,,681,6
1686,Customer_1778,54,Luxor,07/20/2023,0,13781,07/20/2023,Express,130,Product_130,Electronics,1472.18,787.96,5,0.2,531,4
1284,Customer_1779,15,Giza,21-08-2020,0,12545,21-08-2020,Standard,117,Product_117,Clothing,958.74,621.09,4,0.1,647,4
1715,Customer_1780,56,Giza,12/22/2022,0,11201,12/22/2022,Standard,148,Product_148,Sports,1328.34,816.97,5,0.2,518,5
1762,customer_1781,29,Cairo,11/10/2022,1,12159,11/10/2022,Standard,113,Product_113,Electronics,527.2,355.37,3,0.1,783,7
2250,Customer_1782,43,Mansoura,01-02-2021,0,11287,01-02-2021,Same Day,124,Product_124,Home Appliances,640.08,270.78,1,0.1,625,5
1947,Customer_1783,31,Cairo,12/16/2021,1,13485,12/16/2021,Express,131,Product_131,Clothing,1364.1,754.0,2,,450,4
1380,Customer_1784,48,Cairo,20-12-2021,1,10368,20-12-2021,Express,127,Product_127,Sports,1147.46,702.27,2,,383,4
1459,CUSTOMER_1785,55,Giza,01/29/2024,0,10935,01/29/2024,Standard,121,Product_121,Sports,1473.04,680.91,2,0.2,338,6
2030,Customer_1786,49,Luxor,08/14/2023,0,13662,08/14/2023,Express,144,Product_144,Home Appliances,1173.41,584.52,3,0.05,441,5
1028,Customer_1787,39,Giza,10/29/2020,0,13449,10/29/2020,Standard,101,Product_101,Clothing,700.35,368.17,1,,442,6
1906,CUSTOMER_1788,32,Aswan,28-04-2021,0,10767,28-04-2021,Express,115,Product_115,Sports,820.05,523.44,5,,479,2
2056,CUSTOMER_1789,38,Giza,07/29/2020,0,12633,07/29/2020,Express,103,Product_103,Electronics,1355.75,743.05,3,,1028,4
1878,Customer_1790,49,Giza,26-10-2020,1,13454,26-10-2020,Standard,106,Product_106,Clothing,849.89,465.62,3,,881,3
1078,Customer_1791,50,Cairo,06/08/2021,1,10672,06/08/2021,Standard,114,Product_114,Home Appliances,420.33,222.47,4,,1187,3
1946,Customer_1792,48,Mansoura,08-02-2021,0,10510,08-02-2021,Standard,138,Product_138,Electronics,681.65,319.41,3,,380,9
1458,Customer_1793,20,Cairo,12/21/2020,1,10712,12/21/2020,Express,133,Product_133,Clothing,798.66,540.63,3,0.05,415,5
1569,Customer_1794,39,Alexandria,18-05-2023,0,13952,18-05-2023,Same Day,138,Product_138,Sports,190.24,94.23,2,,594,4
2453,Customer_1795,30,Giza,11/09/2020,1,10819,11/09/2020,Same Day,108,Product_108,Home Appliances,1128.46,643.49,4,,1032,2
1737,Customer_1796,49,Giza,09/04/2023,0,12424,09/04/2023,Express,126,Product_126,Home Appliances,208.56,92.73,5,0.05,485,4
2308,Customer_1797,28,Alexandria,06/03/2020,1,10544,06/03/2020,Express,115,Product_115,Clothing,637.13,337.85,1,0.05,456,4
1515,Customer_1798,46,Giza,28-12-2020,0,12120,28-12-2020,Standard,114,Product_114,Home Appliances,1216.7,816.58,5,,514,7
2122,Customer_1799,35,Giza,10-07-2023,0,13021,10-07-2023,Standard,148,Product_148,Electronics,727.98,508.6,4,,541,9
1396,Customer_1800,11,Aswan,08-10-2022,0,10503,08-10-2022,Standard,120,Product_120,Clothing,1270.92,646.3,2,,384,7
1038,Customer_1801,53,Giza,08/08/2022,0,13423,08/08/2022,Express,148,Product_148,Electronics,545.73,243.5,1,0.05,461,5
2294,Customer_1802,39,Alexandria,28-02-2023,0,10804,28-02-2023,Standard,119,Product_119,Home Appliances,1438.57,711.14,5,,673,5
1886,Customer_1803,59,Cairo,04/01/2023,1,10709,04/01/2023,Standard,133,Product_133,Home Appliances,353.73,176.22,1,,641,4
1796,Customer_1804,15,Giza,08-07-2022,0,12372,08-07-2022,Express,136,Product_136,Home Appliances,105.48,62.59,1,0.1,788,5
1156,Customer_1805,-10,Mansoura,10/26/2023,0,10387,10/26/2023,Same Day,124,Product_124,Elec,1315.02,721.74,1,0.2,433,3
2098,Customer_1806,36,Alexandria,03/02/2023,0,12875,03/02/2023,Standard,110,Product_110,Home Appliances,1140.69,719.25,3,,469,6
1883,Customer_1807,44,Luxor,09-08-2023,0,10239,09-08-2023,Same Day,134,Product_134,Clothing,386.38,235.84,4,,348,5
2153,Customer_1808,20,Aswan,25-07-2023,0,13023,25-07-2023,Standard,136,Product_136,Sports,1477.88,702.57,4,,367,5
1973,  Customer_1809  ,48,Alexandria,07/03/2023,0,11097,07/03/2023,Standard,147,Product_147,Clothing,778.31,494.44,2,,548,6
2107,Customer_1810,68,Cairo,23-10-2021,0,12078,23-10-2021,Standard,136,Product_136,Sports,1429.04,934.93,5,,351,10
2045,customer_1811,47,Alexandria,08-07-2023,0,12526,08-07-2023,Express,116,Product_116,Home Appliances,782.29,453.35,2,,331,5
2482,Customer_1812,41,Luxor,10/09/2021,0,13085,10/09/2021,Express,115,Product_115,Clothing,734.22,,5,,618,5
1848,Customer_1813,19,Aswan,11/05/2020,0,12764,11/05/2020,Standard,118,Product_118,Electronics,701.25,445.21,1,,421,3
2405,Customer_1814,28,Mansoura,06/19/2022,0,11339,06/19/2022,Standard,107,Product_107,Sports,535.57,309.89,5,0.1,692,6
1747,Customer_1815,39,Luxor,19-05-2020,1,10067,19-05-2020,Express,147,Product_147,Elec,823.87,553.52,5,,685,4
2463,Customer_1816,32,Alexandria,08/18/2022,1,13711,08/18/2022,Express,122,Product_122,Sports,706.2,409.67,1,,728,4
1988,Customer_1817,55,Luxor,06/24/2022,1,13053,06/24/2022,Same Day,132,Product_132,Home Appliances,103.28,57.46,2,0.2,612,3
1020,Customer_1818,48,Alexandria,07/17/2023,0,12585,07/17/2023,Express,143,Product_143,Clothing,427.63,216.76,5,,534,7
1302,CUSTOMER_1819,80,Mansoura,12-09-2021,0,11943,12-09-2021,Standard,119,Product_119,Sports,359.03,238.7,2,0.2,407,4
1868,Customer_1820,25,Mansoura,07/16/2021,0,11719,07/16/2021,Express,140,Product_140,Clothing,1307.78,571.26,2,,470,4
1083,customer_1821,40,Cairo,26-04-2023,1,11672,26-04-2023,Same Day,101,Product_101,Sports,918.36,,4,,616,2
2476,CUSTOMER_1822,19,Mansoura,25-04-2020,0,10290,25-04-2020,Same Day,135,Product_135,Sports,1157.34,649.53,1,,728,3
2410,Customer_1823,6,Giza,12/21/2021,1,13689,12/21/2021,Standard,105,Product_105,Home Appliances,1437.4,814.18,1,,476,3
2280,Customer_1824,50,Luxor,11/05/2022,1,10974,11/05/2022,Express,112,Product_112,Sports,983.86,585.95,3,,605,3
1569,Customer_1825,47,Luxor,31-05-2020,0,12071,31-05-2020,Same Day,112,Product_112,Electronics,1474.78,813.69,2,,594,4
1933,Customer_1826,27,Alexandria,09/27/2021,0,10414,09/27/2021,Same Day,121,Product_121,Sports,502.06,239.51,3,,529,6
2185,Customer_1827,41,Mansoura,08/03/2022,1,10850,08/03/2022,Same Day,119,Product_119,Sports,320.09,210.33,1,,882,3
2186,customer_1828,30,Cairo,14-07-2022,0,13009,14-07-2022,Standard,109,Product_109,Sports,634.8,379.14,1,,338,5
2008,Customer_1829,32,Cairo,03/18/2020,1,13777,03/18/2020,Same Day,143,Product_143,Home Appliances,732.66,481.69,3,,391,5
1792,Customer_1830,35,Cairo,26-04-2020,1,12728,26-04-2020,Express,149,Product_149,Clothing,1348.27,650.96,1,,948,4
1791,Customer_1831,26,Aswan,25-01-2022,1,13107,25-01-2022,Standard,148,Product_148,Clothing,861.91,509.49,1,0.2,648,4
2294,Customer_1832,29,Giza,08/10/2021,0,12148,08/10/2021,Express,136,Product_136,Home Appliances,473.66,290.95,4,,673,5
1491,customer_1833,29,Mansoura,06/06/2020,1,10545,06/06/2020,Express,142,Product_142,Electronics,1126.82,580.34,5,0.2,1670,3
1207,CUSTOMER_1834,46,Cairo,13-08-2023,0,13960,13-08-2023,Same Day,147,Product_147,Electronics,783.46,504.29,4,,336,5
2083,CUSTOMER_1835,-1,Giza,03-07-2020,0,12086,03-07-2020,Standard,132,Product_132,Home Appliances,285.09,114.25,5,,435,3
1429,Customer_1836,36,Luxor,06/13/2023,0,12258,06/13/2023,Standard,135,Product_135,Clothing,886.39,512.76,4,,568,1
1984,Customer_1837,23,Alexandria,01-05-2023,0,10741,01-05-2023,Express,131,Product_131,Electronics,1371.52,801.06,4,0.1,611,4
2332,Customer_1838,24,Mansoura,04-11-2022,0,11814,04-11-2022,Standard,132,Product_132,Home Appliances,1271.8,712.4,2,0.05,789,4
1519,CUSTOMER_1839,32,Mansoura,26-02-2022,0,10591,26-02-2022,Standard,137,Product_137,Clothing,900.87,530.63,3,0.1,611,6
1590,Customer_1840,39,Aswan,05-08-2022,1,10749,05-08-2022,Standard,132,Product_132,elect,596.77,268.65,4,,880,1
2050,Customer_1841,36,Luxor,03-04-2023,1,12219,03-04-2023,Standard,143,Product_143,Electronics,176.12,,2,0.1,639,2
1198,Customer_1842,24,Mansoura,09-02-2023,1,10837,09-02-2023,Same Day,137,Product_137,Home Appliances,730.99,366.03,4,,689,3
1386,Customer_1843,50,Aswan,03/25/2020,0,12489,03/25/2020,Express,139,Product_139,Clothing,1140.52,610.88,3,,721,7
1348,Customer_1844,26,Aswan,07/10/2022,1,13130,07/10/2022,Express,138,Product_138,Electronics,572.4,286.16,2,,906,3
1959,Customer_1845,28,Aswan,16-03-2023,0,13481,16-03-2023,Standard,130,Product_130,Home Appliances,391.4,212.21,5,,657,3
1692,Customer_1846,44,Mansoura,08/27/2023,0,10533,08/27/2023,Standard,132,Product_132,Electronics,1400.5,821.35,3,0.05,493,4
1377,Customer_1847,44,Mansoura,20-01-2021,1,10364,20-01-2021,Express,145,Product_145,Clothing,1241.26,808.68,1,,847,3
1898,Customer_1848,30,Mansoura,10/20/2021,0,10366,10/20/2021,Express,102,Product_102,Sports,975.5,531.68,2,,599,7
1915,customer_1849,-4,Giza,24-05-2023,0,13415,24-05-2023,Same Day,111,Product_111,Electronics,248.34,123.42,1,,415,2
1526,customer_1850,26,Aswan,09/01/2022,1,11773,09/01/2022,Standard,120,Product_120,Clothing,260.12,142.13,2,0.2,853,2
2176,Customer_1851,42,Giza,10/23/2022,0,12343,10/23/2022,Express,137,Product_137,elect,199.67,121.13,5,,351,4
1733,Customer_1852,50,Alexandria,04-11-2020,1,13412,04-11-2020,Same Day,109,Product_109,Sports,943.63,475.6,2,,1399,2
1205,CUSTOMER_1853,38,Mansoura,05/06/2020,0,12653,05/06/2020,Same Day,138,Product_138,Sports,217.57,114.07,4,,417,5
1454,  Customer_1854  ,32,Luxor,11-07-2022,0,12803,11-07-2022,Standard,149,Product_149,Electronics,1271.81,723.47,1,0.05,561,7
2296,Customer_1855,74,Cairo,30-07-2020,0,12570,30-07-2020,Same Day,119,Product_119,Home Appliances,1489.8,727.32,1,0.2,481,5
2259,Customer_1856,34,Alexandria,04-12-2021,0,11652,04-12-2021,Same Day,140,Product_140,Electronics,581.2,268.94,2,,413,2
1520,customer_1857,49,Cairo,01/02/2024,0,10264,01/02/2024,Same Day,107,Product_107,Clothing,707.82,312.94,4,,365,6
2016,Customer_1858,19,Cairo,21-06-2020,0,13595,21-06-2020,Same Day,105,Product_105,Home Appliances,1081.92,547.22,4,0.1,478,6
1955,Customer_1859,23,Mansoura,30-10-2022,0,13737,30-10-2022,Same Day,147,Product_147,Clothing,1408.87,583.98,2,0.2,371,6
1725,Customer_1860,49,Luxor,16-08-2023,0,11061,16-08-2023,Standard,142,Product_142,Clothing,1346.44,774.26,3,,504,9
2013,Customer_1861,55,Cairo,12/19/2020,0,12034,12/19/2020,Standard,124,Product_124,Home Appliances,133.51,60.45,5,,409,5
1500,Customer_1862,34,Aswan,03/21/2020,0,13202,03/21/2020,Standard,148,Product_148,Sports,295.15,151.48,2,0.05,570,3
1116,  Customer_1863  ,12,Cairo,22-05-2021,0,10381,22-05-2021,Standard,141,Product_141,Clothing,1144.17,550.08,4,,1071,3
1385,Customer_1864,37,Alexandria,12/20/2023,0,13296,12/20/2023,Express,107,Product_107,Electronics,1048.9,617.92,5,,378,6
2367,Customer_1865,42,Luxor,06/15/2022,1,11166,06/15/2022,Standard,111,Product_111,Sports,243.17,159.3,2,,825,7
1583,Customer_1866,41,Luxor,18-06-2022,1,12478,18-06-2022,Standard,109,Product_109,Sports,777.99,459.01,5,,603,3
1394,Customer_1867,31,Cairo,12/09/2022,0,10388,12/09/2022,Standard,149,Product_149,Home Appliances,1182.18,665.27,3,,510,5
2087,Customer_1868,37,Luxor,12/06/2022,0,12101,12/06/2022,Same Day,130,Product_130,Electronics,367.23,220.6,4,0.2,757,1
1720,Customer_1869,28,Alexandria,06/02/2023,0,12071,06/02/2023,Same Day,141,Product_141,Electronics,1313.37,537.16,3,,579,4
1071,Customer_1870,23,Alexandria,21-11-2020,1,10394,21-11-2020,Same Day,103,Product_103,Sports,126.81,55.4,3,0.1,1502,1
1273,Customer_1871,51,Alexandria,01/15/2022,0,12680,01/15/2022,Standard,122,Product_122,Clothing,1184.18,507.4,4,0.1,746,4
2343,CUSTOMER_1872,41,Aswan,02/02/2022,0,12166,02/02/2022,Express,140,Product_140,Clothing,942.94,404.95,3,,451,5
1337,Customer_1873,37,Mansoura,02-08-2021,0,13744,02-08-2021,Express,120,Product_120,Electronics,507.04,242.44,2,0.1,352,8
2389,Customer_1874,32,Cairo,03/04/2022,0,10982,03/04/2022,Standard,132,Product_132,Sports,1095.35,612.98,2,,694,3
1606,Customer_1875,200,Luxor,04/17/2022,1,13657,04/17/2022,Express,148,Product_148,Sports,1184.43,514.52,5,,559,2
1165,CUSTOMER_1876,42,Alexandria,23-11-2021,0,13256,23-11-2021,Express,107,Product_107,Sports,1404.15,955.57,2,,390,4
1010,Customer_1877,65,Cairo,22-10-2023,0,12239,22-10-2023,Standard,107,Product_107,Home Appliances,583.27,382.79,2,,437,4
2324,Customer_1878,49,Cairo,05/09/2023,0,11962,05/09/2023,Same Day,120,Product_120,Electronics,1044.72,722.42,5,,354,7
1728,CUSTOMER_1879,30,Mansoura,04/17/2020,0,13803,04/17/2020,Express,125,Product_125,Electronics,923.79,381.29,1,,789,4
1800,customer_1880,30,Aswan,16-07-2023,0,12534,16-07-2023,Same Day,145,Product_145,Clothing,811.55,531.91,4,,484,4
1101,customer_1881,27,Luxor,18-08-2023,0,12680,18-08-2023,Standard,135,Product_135,Clothing,1341.1,859.81,2,,502,3
2448,Customer_1882,36,Aswan,16-11-2021,1,10720,16-11-2021,Same Day,144,Product_144,Electronics,54.59,36.61,5,0.2,1142,1
2415,Customer_1883,27,Luxor,14-05-2020,0,12431,14-05-2020,Express,124,Product_124,Electronics,459.06,256.33,3,0.2,327,6
1778,Customer_1884,47,Alexandria,11/06/2021,1,12859,11/06/2021,Same Day,140,Product_140,Clothing,830.5,528.5,3,,1039,5
1213,Customer_1885,0,Alexandria,07/12/2020,0,12393,07/12/2020,Same Day,113,Product_113,Electronics,308.53,128.16,2,,610,4
2111,customer_1886,48,Cairo,16-02-2023,0,10472,16-02-2023,Same Day,148,Product_148,Clothing,1366.41,577.67,4,,648,4
1400,Customer_1887,44,Luxor,21-10-2023,0,12723,21-10-2023,Standard,139,Product_139,Electronics,989.01,430.77,5,,438,9
1587,Customer_1888,58,Luxor,03/02/2022,0,11803,03/02/2022,Standard,104,Product_104,Home Appliances,742.93,501.06,5,0.1,427,8
1888,Customer_1889,53,Aswan,04-08-2021,1,11975,04-08-2021,Standard,112,Product_112,Home Appliances,1231.32,515.12,5,0.2,1062,4
2069,Customer_1890,29,Alexandria,31-05-2021,0,12050,31-05-2021,Standard,117,Product_117,Sports,703.78,302.66,5,,386,4
2486,Customer_1891,51,Giza,01/22/2024,0,13121,01/22/2024,Same Day,101,Product_101,Electronics,860.05,584.08,5,,345,4
1591,Customer_1892,37,Cairo,06-09-2023,0,10924,06-09-2023,Express,117,Product_117,Clothing,53.99,23.34,4,,483,2
2333,CUSTOMER_1893,10,Luxor,05/19/2023,0,10875,05/19/2023,Same Day,102,Product_102,Electronics,580.27,383.52,5,,339,3
2109,Customer_1894,200,Mansoura,11/03/2020,0,13575,11/03/2020,Same Day,106,Product_106,Electronics,251.25,159.99,4,0.1,622,5
1091,Customer_1895,30,Mansoura,11/13/2021,0,13031,11/13/2021,Same Day,144,Product_144,Sports,1050.05,432.71,4,,551,6
1672,Customer_1896,40,Giza,06/15/2020,1,13282,06/15/2020,Express,111,Product_111,Clothing,744.59,302.72,4,0.05,1196,3
1713,Customer_1897,64,Alexandria,04/08/2023,0,10972,04/08/2023,Express,143,Product_143,Electronics,487.55,273.18,3,,522,8
1935,CUSTOMER_1898,43,Alexandria,09/21/2023,0,13599,09/21/2023,Express,118,Product_118,Clothing,728.36,509.23,1,,468,9
1241,Customer_1899,24,Alexandria,16-10-2020,0,13751,16-10-2020,Same Day,140,Product_140,Electronics,353.96,234.91,2,,482,7
1001,Customer_1900,54,Aswan,17-12-2021,0,13354,17-12-2021,Standard,125,Product_125,Sports,1391.38,685.96,3,,585,5
1224,Customer_1901,45,Mansoura,27-09-2021,0,10378,27-09-2021,Standard,139,Product_139,Clothing,128.26,66.17,1,0.05,501,3
1800,  Customer_1902  ,22,Alexandria,05-09-2023,0,13397,05-09-2023,Same Day,128,Product_128,Electronics,1304.85,673.79,3,0.1,484,4
1588,Customer_1903,15,Mansoura,01-12-2023,0,11321,01-12-2023,Standard,146,Product_146,Home Appliances,791.47,490.91,4,0.05,397,5
1115,Customer_1904,200,Giza,18-09-2023,0,13768,18-09-2023,Standard,116,Product_116,Clothing,947.47,475.95,4,,471,5
1917,Customer_1905,52,Cairo,03/13/2022,0,12185,03/13/2022,Same Day,112,Product_112,Sports,488.78,217.18,5,0.05,1007,4
2126,Customer_1906,35,Aswan,09/21/2020,0,10124,09/21/2020,Same Day,141,Product_141,Home Appliances,1451.71,906.06,4,,518,4
1193,Customer_1907,41,Luxor,05/03/2023,0,12981,05/03/2023,Standard,129,Product_129,Clothing,458.68,246.5,3,,405,7
2189,Customer_1908,19,Giza,22-12-2023,0,13463,22-12-2023,Same Day,123,Product_123,Clothing,903.87,382.37,2,,376,3
1870,Customer_1909,52,Mansoura,22-06-2020,0,11425,22-06-2020,Standard,121,Product_121,Clothing,1490.45,949.44,4,,694,4
1089,CUSTOMER_1910,-10,Giza,26-09-2021,0,10479,26-09-2021,Express,116,Product_116,Clothing,1327.59,764.15,1,0.1,354,5
1121,Customer_1911,30,Luxor,02/18/2023,0,13472,02/18/2023,Express,148,Product_148,Electronics,827.68,452.58,3,,448,5
1142,Customer_1912,46,Aswan,02/10/2022,0,12617,02/10/2022,Same Day,141,Product_141,Electronics,1486.04,894.6,1,,368,5
1993,CUSTOMER_1913,200,Cairo,08/10/2023,0,11385,08/10/2023,Standard,145,Product_145,Clothing,1066.99,588.56,5,,510,4
1105,Customer_1914,49,Luxor,03-11-2021,1,12113,03-11-2021,Express,126,Product_126,Sports,352.62,209.64,5,,916,2
1886,Customer_1915,26,Aswan,18-09-2020,1,13499,18-09-2020,Same Day,137,Product_137,Electronics,638.11,421.31,2,,641,4
1427,Customer_1916,21,Mansoura,10/04/2023,0,12899,10/04/2023,Express,122,Product_122,Clothing,535.02,312.48,3,,441,4
2328,Customer_1917,-5,Luxor,10-12-2023,0,13785,10-12-2023,Express,110,Product_110,Clothing,548.82,328.13,2,0.05,388,3
1316,Customer_1918,42,Giza,04-11-2023,1,13592,04-11-2023,Same Day,107,Product_107,Sports,1152.66,673.33,1,,424,2
1634,customer_1919,47,Alexandria,14-12-2022,0,10431,14-12-2022,Express,109,Product_109,Sports,897.18,501.84,2,0.1,749,3
1008,Customer_1920,55,Giza,07/10/2020,0,11958,07/10/2020,Same Day,125,Product_125,Sports,105.23,47.52,1,,504,2
1773,customer_1921,0,Mansoura,08/16/2023,0,13176,08/16/2023,Same Day,146,Product_146,Home Appliances,1322.3,662.08,2,,504,3
2096,Customer_1922,49,Cairo,05-10-2023,0,11112,05-10-2023,Express,115,Product_115,Clothing,480.35,292.02,5,,454,6
2382,Customer_1923,28,Luxor,17-05-2022,1,10600,17-05-2022,Express,113,Product_113,Sports,1495.76,789.23,3,0.05,907,6
1222,Customer_1924,30,Cairo,11/07/2022,1,10855,11/07/2022,Standard,142,Product_142,Clothing,1433.58,748.1,2,,786,2
2439,customer_1925,46,Mansoura,11-01-2022,1,12053,11-01-2022,Express,146,Product_146,Electronics,1413.77,887.54,1,,452,5
1552,Customer_1926,34,Luxor,07-02-2020,0,10157,07-02-2020,Standard,126,Product_126,Clothing,1226.14,492.5,3,0.2,402,5
2393,Customer_1927,48,Aswan,12-01-2022,1,13450,12-01-2022,Same Day,121,Product_121,Clothing,369.89,223.3,5,,1085,2
1715,Customer_1928,39,Aswan,24-09-2021,0,12377,24-09-2021,Express,123,Product_123,Home Appliances,822.32,449.62,5,0.2,518,5
2287,customer_1929,42,Giza,04-01-2021,1,11126,04-01-2021,Express,144,Product_144,Electronics,375.24,,4,,1131,5
2341,Customer_1930,32,Giza,03/14/2021,0,10222,03/14/2021,Same Day,128,Product_128,Elec,426.53,214.19,3,0.05,627,7
2107,Customer_1931,24,Mansoura,30-11-2021,0,12449,30-11-2021,Express,138,Product_138,Home Appliances,935.88,422.89,2,,351,10
2341,Customer_1932,28,Aswan,09/22/2022,0,11706,09/22/2022,Standard,112,Product_112,Sports,109.21,54.64,5,,627,7
1110,Customer_1933,38,Luxor,01/28/2021,0,10544,01/28/2021,Express,124,Product_124,Sports,1455.71,753.22,2,,675,6
1250,Customer_1934,67,Aswan,04/08/2021,0,12556,04/08/2021,Standard,113,Product_113,Clothing,1382.08,734.21,2,,471,3
1382,Customer_1935,62,Giza,10/08/2020,0,13764,10/08/2020,Express,140,Product_140,Home Appliances,602.11,362.28,1,0.05,780,4
1006,Customer_1936,30,Mansoura,13-11-2020,1,12231,13-11-2020,Express,148,Product_148,Sports,797.36,427.44,2,0.1,586,4
1458,Customer_1937,40,Aswan,06/07/2020,1,12962,06/07/2020,Same Day,102,Product_102,elect,725.87,,4,,415,5
2107,Customer_1938,35,Mansoura,08/28/2021,0,13158,08/28/2021,Standard,139,Product_139,Home Appliances,1329.19,786.78,3,,351,10
1207,  Customer_1939  ,41,Aswan,07/26/2020,0,12628,07/26/2020,Same Day,112,Product_112,Sports,1048.47,479.02,3,,336,5
1899,customer_1940,43,Cairo,11/05/2022,0,13451,11/05/2022,Same Day,139,Product_139,Electronics,453.26,218.99,1,,788,5
2413,Customer_1941,47,Aswan,10-01-2023,0,10537,10-01-2023,Same Day,114,Product_114,Home Appliances,697.92,295.76,4,,526,4
2337,Customer_1942,-3,Giza,14-12-2022,0,11436,14-12-2022,Standard,130,Product_130,Clothing,672.0,459.46,4,,388,7
1021,Customer_1943,45,Luxor,18-03-2020,0,13991,18-03-2020,Same Day,141,Product_141,Clothing,1441.04,959.68,3,,908,6
1409,Customer_1944,34,Giza,09/17/2023,0,12565,09/17/2023,Standard,143,Product_143,Electronics,304.2,129.42,4,,472,1
1894,customer_1945,29,Giza,20-11-2021,0,12815,20-11-2021,Standard,148,Product_148,Sports,179.89,102.94,5,,742,6
1514,Customer_1946,51,Giza,19-06-2023,0,13765,19-06-2023,Express,119,Product_119,Sports,1326.9,913.07,2,,562,5
2150,CUSTOMER_1947,62,Mansoura,09/25/2020,0,12342,09/25/2020,Standard,131,Product_131,Home Appliances,1350.19,842.71,2,,696,7
1808,customer_1948,50,Alexandria,08-05-2023,0,13062,08-05-2023,Standard,143,Product_143,Electronics,1314.02,719.48,3,,603,2
1873,Customer_1949,32,Alexandria,02/10/2022,1,10259,02/10/2022,Express,143,Product_143,Sports,790.92,373.58,3,0.1,727,3
1013,Customer_1950,23,Cairo,11/11/2020,0,13455,11/11/2020,Same Day,125,Product_125,Clothing,1006.63,486.92,4,,867,3
1970,Customer_1951,-5,Giza,28-11-2020,0,10825,28-11-2020,Express,104,Product_104,Electronics,866.88,538.22,1,,448,4
1977,  Customer_1952  ,42,Alexandria,05-01-2021,1,13375,05-01-2021,Express,113,Product_113,Clothing,150.7,95.57,3,0.05,966,3
2013,customer_1953,48,Cairo,19-11-2023,0,10315,19-11-2023,Express,136,Product_136,Electronics,913.96,510.55,3,,409,5
2035,Customer_1954,38,Mansoura,07/03/2023,0,10745,07/03/2023,Standard,142,Product_142,Home Appliances,69.74,30.43,3,,548,8
1086,Customer_1955,54,Giza,12/05/2020,0,13865,12/05/2020,Express,137,Product_137,Sports,521.23,354.52,4,,875,5
1908,  Customer_1956  ,20,Luxor,01/16/2024,0,10718,01/16/2024,Standard,103,Product_103,Sports,1401.82,915.99,5,,351,4
2324,CUSTOMER_1957,37,Mansoura,15-06-2022,0,11100,15-06-2022,Standard,116,Product_116,Sports,490.87,217.04,3,,354,7
2266,  Customer_1958  ,-10,Cairo,30-03-2020,1,12727,30-03-2020,Standard,126,Product_126,Clothing,1412.75,589.14,5,,1107,3
1121,Customer_1959,38,Mansoura,21-04-2022,0,12901,21-04-2022,Standard,140,Product_140,Sports,412.69,231.42,4,0.05,448,5
2170,customer_1960,57,Luxor,16-01-2022,0,13450,16-01-2022,Same Day,139,Product_139,Elec,506.12,245.59,1,,778,4
1749,CUSTOMER_1961,38,Mansoura,10/17/2023,0,10460,10/17/2023,Standard,119,Product_119,Clothing,961.19,466.15,2,,442,3
2379,CUSTOMER_1962,35,Cairo,01/13/2024,0,13127,01/13/2024,Standard,146,Product_146,Home Appliances,1154.36,491.95,2,0.05,354,3
1684,Customer_1963,25,Luxor,05/01/2021,0,12854,05/01/2021,Express,115,Product_115,Clothing,777.01,533.04,2,,367,7
1308,CUSTOMER_1964,59,Luxor,06/28/2022,0,11104,06/28/2022,Express,132,Product_132,Home Appliances,1329.07,862.63,2,,918,1
1694,Customer_1965,18,Mansoura,06/04/2023,0,11702,06/04/2023,Standard,149,Product_149,Clothing,108.35,47.04,4,,577,3
1287,Customer_1966,31,Luxor,06-08-2021,1,13247,06-08-2021,Same Day,121,Product_121,Sports,1387.18,919.67,2,,588,2
1306,  Customer_1967  ,65,Mansoura,08-07-2022,0,12840,08-07-2022,Same Day,101,Product_101,Home Appliances,334.65,202.43,4,0.05,581,4
1913,Customer_1968,47,Giza,24-04-2021,0,12977,24-04-2021,Express,106,Product_106,Sports,1332.15,662.92,1,0.05,350,4
1661,Customer_1969,39,Luxor,12/29/2022,0,11406,12/29/2022,Same Day,127,Product_127,Clothing,631.25,,3,,356,10
1548,Customer_1970,40,Mansoura,04-05-2021,1,12196,04-05-2021,Express,123,Product_123,Home Appliances,1257.5,728.6,3,0.1,1299,2
2375,Customer_1971,25,Giza,25-09-2021,0,12815,25-09-2021,Same Day,147,Product_147,Electronics,1023.92,670.26,3,,370,5
1311,Customer_1972,38,Luxor,18-08-2022,0,13352,18-08-2022,Same Day,131,Product_131,Electronics,305.12,165.0,4,,867,3
1872,customer_1973,34,Giza,02/01/2021,0,12392,02/01/2021,Same Day,112,Product_112,Clothing,1381.17,759.91,4,,403,5
2082,CUSTOMER_1974,42,Aswan,01/23/2022,0,11813,01/23/2022,Express,121,Product_121,Home Appliances,406.0,197.85,4,,398,8
1923,Customer_1975,17,Luxor,10/21/2023,1,11814,10/21/2023,Express,102,Product_102,Electronics,404.0,208.59,1,,438,3
1754,CUSTOMER_1976,45,Aswan,03/14/2023,0,13480,03/14/2023,Standard,105,Product_105,Sports,1230.56,701.82,5,,659,3
1034,Customer_1977,55,Cairo,06/21/2022,0,11741,06/21/2022,Standard,109,Product_109,Sports,203.52,139.23,4,,763,3
1444,Customer_1978,36,Cairo,03-08-2022,0,10973,03-08-2022,Same Day,120,Product_120,Clothing,371.95,215.74,4,0.2,688,7
1092,Customer_1979,49,Mansoura,07/31/2021,1,10921,07/31/2021,Same Day,146,Product_146,Sports,780.33,346.63,3,0.05,822,5
2230,  Customer_1980  ,44,Alexandria,21-02-2022,0,10029,21-02-2022,Same Day,118,Product_118,Sports,1254.19,504.31,2,,526,7
1352,Customer_1981,30,Aswan,26-10-2022,1,12777,26-10-2022,Express,122,Product_122,Sports,263.85,172.9,2,,447,4
1902,Customer_1982,24,Aswan,16-12-2022,0,13493,16-12-2022,Same Day,108,Product_108,Electronics,844.12,,1,,416,5
2355,  Customer_1983  ,26,Cairo,07-05-2022,0,10981,07-05-2022,Standard,134,Product_134,Home Appliances,1081.3,534.69,2,0.2,481,4
1861,Customer_1984,44,Aswan,27-11-2020,0,10230,27-11-2020,Same Day,109,Product_109,Clothing,1297.86,830.92,5,0.2,746,3
1158,Customer_1985,39,Alexandria,02/12/2021,0,13430,02/12/2021,Standard,107,Product_107,Home Appliances,1406.57,961.54,3,,393,4
1956,Customer_1986,59,Giza,05/23/2023,0,11185,05/23/2023,Same Day,130,Product_130,Home Appliances,1187.73,741.63,1,,335,7
1023,Customer_1987,51,Giza,10-10-2020,1,12776,10-10-2020,Same Day,118,Product_118,Home Appliances,996.6,450.62,2,,1544,1
1403,CUSTOMER_1988,51,Alexandria,27-05-2021,1,11251,27-05-2021,Same Day,127,Product_127,Electronics,678.75,351.19,2,,1302,5
1804,CUSTOMER_1989,43,Aswan,04/16/2020,0,13916,04/16/2020,Standard,116,Product_116,Sports,212.56,133.45,3,,375,6
1515,Customer_1990,25,Aswan,06-08-2023,0,11244,06-08-2023,Standard,121,Product_121,Clothing,1079.12,725.25,1,,514,7
1731,Customer_1991,44,Aswan,11-09-2022,0,12793,11-09-2022,Express,105,Product_105,Home Appliances,1489.47,1042.0,3,,656,4
2387,Customer_1992,40,Mansoura,30-01-2022,1,11096,30-01-2022,Standard,129,Product_129,Sports,1118.3,618.94,1,,887,6
2405,Customer_1993,22,Luxor,09-02-2023,0,10398,09-02-2023,Same Day,147,Product_147,Elec,74.23,48.01,2,,692,6
1531,Customer_1994,58,Alexandria,07/29/2020,0,10094,07/29/2020,Standard,137,Product_137,Home Appliances,769.58,318.6,3,0.05,452,4
1955,Customer_1995,56,Alexandria,27-12-2023,0,11963,27-12-2023,Same Day,143,Product_143,Sports,941.24,457.2,3,,371,6
1151,Customer_1996,150,Alexandria,11/22/2022,1,10474,11/22/2022,Same Day,122,Product_122,Electronics,1050.03,537.04,5,0.1,771,3
1946,Customer_1997,30,Alexandria,09/12/2020,0,13166,09/12/2020,Standard,114,Product_114,Sports,1093.6,757.49,3,,380,9
1607,CUSTOMER_1998,31,Alexandria,06-08-2021,0,11929,06-08-2021,Express,119,Product_119,Clothing,859.26,344.58,1,,421,3
1419,Customer_1999,49,Aswan,20-06-2020,0,11778,20-06-2020,Standard,135,Product_135,Sports,373.87,184.1,5,,401,8
2273,customer_2000,47,Mansoura,24-11-2020,0,13956,24-11-2020,Standard,124,Product_124,Sports,1416.19,961.77,3,0.2,391,2
2140,Customer_2001,40,Cairo,12-07-2021,0,13876,12-07-2021,Same Day,142,Product_142,Clothing,1060.17,521.61,3,,429,6
1865,Customer_2002,44,Aswan,09-07-2022,1,10774,09-07-2022,Standard,106,Product_106,Clothing,393.42,183.93,5,,907,4
1577,Customer_2003,20,Aswan,11/17/2022,1,11147,11/17/2022,Express,103,Product_103,Sports,517.37,320.27,2,,776,4
1334,Customer_2004,45,Luxor,10/28/2020,0,12847,10/28/2020,Same Day,134,Product_134,Clothing,1386.8,864.81,3,,853,4
2441,Customer_2005,38,Cairo,14-06-2022,0,11523,14-06-2022,Standard,145,Product_145,Sports,1336.85,724.11,4,,393,4
1931,customer_2006,29,Alexandria,06-07-2020,0,13850,06-07-2020,Express,102,Product_102,Home Appliances,637.46,436.07,2,0.2,672,3
1294,Customer_2007,17,Cairo,03/30/2021,0,12991,03/30/2021,Same Day,115,Product_115,Sports,105.55,48.64,3,0.2,511,5
1754,Customer_2008,40,Mansoura,07/12/2022,0,13070,07/12/2022,Express,137,Product_137,Electronics,120.32,81.1,2,0.05,659,3
2394,Customer_2009,45,Giza,12/16/2021,1,10620,12/16/2021,Express,115,Product_115,Clothing,461.68,289.31,1,0.2,1112,3
1185,Customer_2010,14,Aswan,24-02-2020,1,12907,24-02-2020,Same Day,132,Product_132,Home Appliances,962.23,491.18,2,,1773,1
2269,Customer_2011,40,Cairo,29-04-2022,0,10963,29-04-2022,Standard,121,Product_121,Clothing,897.08,575.99,5,,978,1
1636,Customer_2012,41,Luxor,19-04-2020,1,13119,19-04-2020,Express,117,Product_117,Clothing,969.05,426.34,3,,798,3
2291,Customer_2013,31,Mansoura,03/22/2022,0,12860,03/22/2022,Same Day,134,Product_134,Clothing,1090.06,478.86,2,,586,6
2260,  Customer_2014  ,45,Giza,10/25/2022,1,12142,10/25/2022,Standard,132,Product_132,Electronics,77.6,52.69,4,0.2,799,4
1529,customer_2015,38,Mansoura,02/04/2022,1,11500,02/04/2022,Express,147,Product_147,Elec,202.37,86.7,1,,1062,1
1020,Customer_2016,44,Alexandria,27-04-2021,0,12080,27-04-2021,Same Day,123,Product_123,Sports,571.25,,1,0.1,534,7
1910,Customer_2017,48,Giza,01-03-2022,0,13189,01-03-2022,Express,135,Product_135,Electronics,274.55,141.86,2,0.05,741,5
1866,Customer_2018,48,Luxor,06/16/2020,0,13715,06/16/2020,Standard,137,Product_137,Clothing,159.21,68.64,5,,404,5
1793,Customer_2019,55,Giza,06-02-2022,0,13322,06-02-2022,Standard,143,Product_143,Home Appliances,979.4,645.34,1,,388,7
1099,Customer_2020,45,Luxor,04/04/2021,0,11326,04/04/2021,Standard,141,Product_141,Home Appliances,1232.24,833.99,2,,400,2
1751,Customer_2021,32,Alexandria,27-02-2020,1,10121,27-02-2020,Same Day,137,Product_137,Home Appliances,1141.31,621.7,2,,1051,3
1477,CUSTOMER_2022,30,Luxor,14-10-2021,0,10217,14-10-2021,Standard,133,Product_133,Clothing,1234.71,651.48,1,,1175,3
2321,Customer_2023,24,Mansoura,21-07-2020,0,11076,21-07-2020,Standard,125,Product_125,Electronics,1015.49,570.41,2,,859,2
1939,Customer_2024,42,Cairo,03-01-2024,0,13197,03-01-2024,Same Day,146,Product_146,Home Appliances,1116.25,522.25,2,,364,5
1525,CUSTOMER_2025,59,Mansoura,08/24/2023,0,11182,08/24/2023,Standard,137,Product_137,Clothing,444.08,,4,0.05,377,5
1333,Customer_2026,34,Aswan,17-11-2021,1,11694,17-11-2021,Standard,140,Product_140,Clothing,1489.86,641.08,2,,1141,4
1001,Customer_2027,46,Mansoura,10/26/2020,0,10794,10/26/2020,Standard,121,Product_121,Home Appliances,315.59,168.5,2,,585,5
1374,Customer_2028,28,Giza,08-10-2020,1,11624,08-10-2020,Same Day,146,Product_146,Home Appliances,361.02,210.66,5,0.1,814,5
1292,customer_2029,42,Alexandria,19-03-2020,1,10175,19-03-2020,Standard,148,Product_148,Sports,468.94,318.44,1,,1515,2
1836,customer_2030,58,Aswan,08/10/2021,0,10291,08/10/2021,Express,138,Product_138,Sports,1464.23,910.34,5,,475,6
2004,CUSTOMER_2031,50,Aswan,25-08-2022,0,13230,25-08-2022,Same Day,140,Product_140,Clothing,1483.02,914.9,3,0.05,481,3
1552,Customer_2032,16,Aswan,26-11-2023,0,10490,26-11-2023,Express,134,Product_134,Sports,1202.6,592.16,5,0.2,402,5
1317,  Customer_2033  ,48,Cairo,11-10-2020,0,12808,11-10-2020,Same Day,119,Product_119,Sports,962.13,641.25,3,0.2,377,6
1380,  Customer_2034  ,49,Luxor,12/15/2023,1,13428,12/15/2023,Same Day,127,Product_127,Home Appliances,804.09,550.07,3,,383,4
1013,CUSTOMER_2035,42,Giza,18-08-2022,0,10633,18-08-2022,Same Day,109,Product_109,Sports,1457.4,990.56,5,,867,3
1503,customer_2036,50,Alexandria,07/07/2022,1,11260,07/07/2022,Express,105,Product_105,Clothing,1058.65,435.78,4,,827,5
1230,customer_2037,27,Cairo,06/14/2023,0,13499,06/14/2023,Standard,105,Product_105,Home Appliances,1419.86,825.37,5,0.2,511,4
2107,Customer_2038,40,Mansoura,01/11/2020,0,12172,01/11/2020,Standard,125,Product_125,Sports,509.0,301.82,1,,351,10
1129,Customer_2039,56,Alexandria,11-06-2020,0,13386,11-06-2020,Standard,126,Product_126,Sports,533.97,260.85,5,,434,4
1837,Customer_2040,55,Aswan,08-02-2020,0,13350,08-02-2020,Standard,119,Product_119,Sports,1289.35,899.61,4,0.1,358,5
2168,Customer_2041,48,Alexandria,06/08/2021,0,11890,06/08/2021,Same Day,130,Product_130,Electronics,267.29,130.27,5,0.2,445,5
1890,Customer_2042,26,Alexandria,03/17/2021,0,13907,03/17/2021,Same Day,136,Product_136,Sports,1421.6,661.02,4,,830,6
1027,Customer_2043,24,Mansoura,02-11-2020,0,10603,02-11-2020,Express,148,Product_148,Sports,785.84,428.47,1,,624,4
1065,CUSTOMER_2044,41,Luxor,28-01-2023,1,12985,28-01-2023,Standard,148,Product_148,Clothing,1393.3,692.39,2,,353,2
2186,Customer_2045,42,Giza,01/29/2024,0,11128,01/29/2024,Same Day,116,Product_116,Sports,538.35,364.58,4,0.1,338,5
2252,CUSTOMER_2046,38,Aswan,05/31/2023,0,11065,05/31/2023,Standard,107,Product_107,Electronics,1088.14,578.92,4,,581,7
1260,Customer_2047,27,Luxor,16-12-2022,1,13468,16-12-2022,Standard,118,Product_118,Home Appliances,750.17,392.37,4,,747,5
2472,Customer_2048,46,Cairo,16-05-2022,1,11664,16-05-2022,Express,121,Product_121,Sports,958.87,563.58,1,,547,3
2447,Customer_2049,41,Aswan,15-08-2020,0,11483,15-08-2020,Same Day,131,Product_131,Sports,781.34,331.55,3,0.1,531,4
1459,Customer_2050,44,Giza,13-08-2021,0,10490,13-08-2021,Standard,101,Product_101,Clothing,1452.32,910.63,4,,338,6
1300,Customer_2051,48,Cairo,05/01/2021,1,10564,05/01/2021,Express,103,Product_103,Sports,1053.55,664.28,1,0.05,844,2
1918,Customer_2052,35,Mansoura,09/08/2021,0,10167,09/08/2021,Express,131,Product_131,Sports,414.41,224.7,2,,694,4
2326,  Customer_2053  ,32,Luxor,06-09-2020,0,13673,06-09-2020,Standard,125,Product_125,Sports,1369.03,940.13,4,,391,7
1286,Customer_2054,56,Aswan,04/07/2020,0,10758,04/07/2020,Standard,108,Product_108,Sports,476.34,273.32,3,0.2,356,4
2418,Customer_2055,28,Alexandria,05/03/2021,1,11197,05/03/2021,Express,101,Product_101,Home Appliances,588.83,358.34,1,,1339,3
2033,Customer_2056,32,Giza,05/09/2022,0,13443,05/09/2022,Express,107,Product_107,Clothing,198.08,134.16,2,,968,4
1629,Customer_2057,58,Aswan,08/01/2023,0,13670,08/01/2023,Standard,107,Product_107,Home Appliances,1354.95,812.84,3,,371,4
1269,  Customer_2058  ,31,Alexandria,06/29/2023,0,11904,06/29/2023,Standard,108,Product_108,elect,464.86,246.17,2,,428,5
1591,Customer_2059,38,Aswan,25-07-2022,0,11173,25-07-2022,Express,119,Product_119,Sports,425.43,173.33,3,0.05,483,2
1843,Customer_2060,33,Cairo,08-05-2020,1,12296,08-05-2020,Same Day,117,Product_117,Electronics,1384.38,856.22,5,0.1,984,4
1861,Customer_2061,13,Alexandria,08/15/2020,0,11650,08/15/2020,Express,111,Product_111,Home Appliances,1218.01,839.77,5,,746,3
2384,Customer_2062,38,Alexandria,20-10-2022,0,10179,20-10-2022,Express,147,Product_147,Electronics,254.56,137.73,5,,426,4
2280,CUSTOMER_2063,24,Aswan,05/07/2023,1,13191,05/07/2023,Same Day,141,Product_141,Sports,1165.52,585.01,2,,605,3
1132,customer_2064,43,Mansoura,01/02/2023,0,10027,01/02/2023,Standard,149,Product_149,Electronics,1373.9,763.58,5,0.2,730,3
2299,Customer_2065,56,Mansoura,02/03/2020,0,11844,02/03/2020,Express,111,Product_111,Home Appliances,163.84,101.34,1,,343,4
1971,Customer_2066,6,Luxor,07/18/2023,0,12164,07/18/2023,Standard,138,Product_138,Sports,1246.56,498.88,1,0.1,488,3
1512,Customer_2067,33,Cairo,11/21/2022,1,12750,11/21/2022,Same Day,141,Product_141,Clothing,843.76,,5,,625,3
1312,customer_2068,46,Mansoura,23-03-2023,0,12704,23-03-2023,Express,102,Product_102,Home Appliances,1020.34,679.45,3,0.2,387,5
1575,Customer_2069,7,Aswan,05/10/2021,0,12879,05/10/2021,Standard,104,Product_104,Sports,764.64,430.03,3,0.2,386,2
1885,  Customer_2070  ,60,Mansoura,01/11/2024,1,10261,01/11/2024,Standard,128,Product_128,Clothing,1061.81,463.71,2,,356,4
2307,Customer_2071,45,Luxor,10/21/2020,1,13725,10/21/2020,Standard,133,Product_133,Electronics,99.44,59.82,3,0.05,1233,3
2144,Customer_2072,56,Giza,08/19/2021,1,12673,08/19/2021,Standard,111,Product_111,Electronics,1155.92,510.17,4,,1200,2
2130,Customer_2073,31,Luxor,05/29/2022,0,13967,05/29/2022,Standard,103,Product_103,Electronics,98.35,54.32,3,,349,4
1686,Customer_2074,-5,Alexandria,04-01-2020,0,12832,04-01-2020,Standard,140,Product_140,Sports,710.18,304.02,1,,531,4
2227,CUSTOMER_2075,37,Alexandria,13-06-2023,0,13109,13-06-2023,Express,105,Product_105,Electronics,268.9,155.08,3,,568,5
1164,Customer_2076,72,Mansoura,12/23/2021,0,10196,12/23/2021,Express,121,Product_121,Electronics,1244.18,616.39,2,,479,4
1304,CUSTOMER_2077,59,Mansoura,07-05-2021,0,13596,07-05-2021,Same Day,122,Product_122,Clothing,504.81,327.77,3,,522,6
1155,Customer_2078,41,Luxor,03/14/2023,0,13695,03/14/2023,Standard,137,Product_137,Clothing,708.44,453.39,2,,426,5
2390,  Customer_2079  ,43,Luxor,03-05-2022,0,11460,03-05-2022,Same Day,111,Product_111,Clothing,671.69,469.88,4,,385,5
1619,Customer_2080,49,Aswan,01/18/2021,0,13720,01/18/2021,Express,144,Product_144,Sports,1170.13,558.45,5,,478,7
2274,Customer_2081,75,Cairo,09/22/2023,0,12731,09/22/2023,Same Day,122,Product_122,Home Appliances,747.66,312.93,4,,467,5
1956,Customer_2082,45,Aswan,09/30/2023,0,11662,09/30/2023,Express,141,Product_141,Electronics,1193.99,636.28,1,,335,7
1333,CUSTOMER_2083,40,Alexandria,06/24/2020,1,12921,06/24/2020,Express,113,Product_113,Electronics,156.59,66.55,4,,1141,4
1968,customer_2084,34,Aswan,08-12-2022,1,11433,08-12-2022,Same Day,103,Product_103,Sports,327.81,148.68,4,0.1,755,4
1510,Customer_2085,43,Luxor,08-01-2022,0,10332,08-01-2022,Express,113,Product_113,Elec,849.72,492.15,1,,532,5
2316,  Customer_2086  ,31,Aswan,18-05-2020,0,13602,18-05-2020,Express,128,Product_128,Sports,1423.28,822.14,1,,512,4
2043,Customer_2087,47,Giza,12/13/2022,0,13536,12/13/2022,Same Day,111,Product_111,Sports,158.4,65.42,5,,750,6
1281,Customer_2088,18,Cairo,19-01-2023,1,12767,19-01-2023,Same Day,111,Product_111,Sports,112.47,59.93,5,,713,2
1796,CUSTOMER_2089,36,Luxor,11/05/2022,0,11181,11/05/2022,Standard,121,Product_121,Home Appliances,277.0,154.86,3,,788,5
2024,Customer_2090,51,Mansoura,11/05/2022,0,13231,11/05/2022,Same Day,121,Product_121,Sports,979.67,470.64,2,,614,5
1118,Customer_2091,45,Aswan,02/08/2023,1,13405,02/08/2023,Express,107,Product_107,Home Appliances,628.54,415.85,1,,693,3
2058,Customer_2092,33,Luxor,02/11/2020,0,11775,02/11/2020,Standard,117,Product_117,Home Appliances,1247.05,559.09,4,,619,4
1197,  Customer_2093  ,36,Mansoura,10-03-2022,0,13447,10-03-2022,Express,148,Product_148,Electronics,154.3,73.47,4,,623,6
1484,Customer_2094,55,Mansoura,20-08-2022,0,10078,20-08-2022,Same Day,114,Product_114,Clothing,334.8,149.69,5,,440,8
2082,Customer_2095,21,Alexandria,30-03-2020,0,11867,30-03-2020,Express,133,Product_133,Home Appliances,485.04,210.97,2,,398,8
1836,Customer_2096,21,Alexandria,07/25/2023,0,11892,07/25/2023,Same Day,111,Product_111,Home Appliances,958.76,636.32,1,,475,6
2184,Customer_2097,26,Luxor,03-03-2022,0,13914,03-03-2022,Same Day,113,Product_113,Clothing,1043.5,504.38,5,,338,9
2008,Customer_2098,39,Luxor,02/03/2022,1,10196,02/03/2022,Same Day,101,Product_101,Home Appliances,230.09,141.91,2,,391,5
1690,Customer_2099,19,Giza,06/03/2021,1,13191,06/03/2021,Standard,134,Product_134,Clothing,1418.52,749.54,1,,1108,4
2229,Customer_2100,54,Cairo,02/03/2020,1,11783,02/03/2020,Same Day,109,Product_109,Electronics,544.51,321.68,4,0.2,1053,3
2035,Customer_2101,26,Cairo,01/01/2022,0,13722,01/01/2022,Express,113,Product_113,Sports,1084.09,735.5,4,0.05,548,8
1489,Customer_2102,43,Luxor,05/18/2020,0,10225,05/18/2020,Standard,137,Product_137,Clothing,810.1,529.31,5,,338,6
1275,Customer_2103,31,Alexandria,07-12-2021,1,12642,07-12-2021,Standard,130,Product_130,Sports,373.0,156.92,2,,1121,1
1692,Customer_2104,39,Aswan,05/08/2021,0,13481,05/08/2021,Standard,141,Product_141,Clothing,1277.03,834.62,4,,493,4
1241,customer_2105,-10,Giza,07-09-2023,0,11561,07-09-2023,Express,145,Product_145,Sports,1236.45,662.18,2,,482,7
2239,Customer_2106,55,Cairo,07/10/2023,0,13711,07/10/2023,Same Day,137,Product_137,Electronics,624.3,315.3,5,,541,4
2274,Customer_2107,25,Luxor,31-07-2020,0,12960,31-07-2020,Standard,147,Product_147,Home Appliances,903.48,,3,,467,5
1125,Customer_2108,24,Alexandria,04/06/2023,0,10734,04/06/2023,Same Day,107,Product_107,Elec,423.85,290.36,2,,384,5
1216,Customer_2109,75,Alexandria,11/11/2021,0,11362,11/11/2021,Same Day,114,Product_114,Home Appliances,1050.28,449.77,2,,517,5
2329,Customer_2110,48,Alexandria,30-09-2020,0,11579,30-09-2020,Express,148,Product_148,Sports,498.09,314.01,5,,473,3
2208,Customer_2111,54,Aswan,03/31/2020,0,11619,03/31/2020,Standard,106,Product_106,Sports,1273.91,587.34,3,,536,3
2062,Customer_2112,46,Mansoura,12/22/2021,0,12042,12/22/2021,Express,134,Product_134,Home Appliances,365.21,187.73,4,0.1,370,10
2246,Customer_2113,33,Aswan,23-01-2023,0,12966,23-01-2023,Standard,116,Product_116,Clothing,71.46,47.32,1,,492,8
2207,Customer_2114,20,Alexandria,24-11-2021,0,12584,24-11-2021,Standard,137,Product_137,Electronics,439.34,247.67,5,,702,3
1494,Customer_2115,35,Luxor,09-08-2023,0,10219,09-08-2023,Same Day,136,Product_136,Clothing,327.03,137.43,1,,511,3
1426,customer_2116,25,Giza,12/24/2020,1,12340,12/24/2020,Same Day,146,Product_146,Sports,787.02,434.76,3,,497,3
2201,Customer_2117,26,Aswan,03-11-2023,0,11227,03-11-2023,Standard,106,Product_106,Electronics,345.37,,3,,341,7
1918,Customer_2118,16,Luxor,08/09/2022,0,13951,08/09/2022,Standard,108,Product_108,Electronics,1156.63,646.17,2,,694,4
2451,customer_2119,41,Alexandria,25-11-2023,0,11728,25-11-2023,Same Day,124,Product_124,Clothing,399.99,180.02,1,,403,3
2317,Customer_2120,63,Giza,07-09-2022,1,13585,07-09-2022,Standard,103,Product_103,Home Appliances,1075.1,573.58,1,0.1,799,4
1150,Customer_2121,48,Cairo,07/17/2023,0,10201,07/17/2023,Standard,104,Product_104,Home Appliances,888.78,601.97,3,,459,4
1383,Customer_2122,38,Cairo,08-01-2021,1,11889,08-01-2021,Standard,132,Product_132,Electronics,1480.06,884.28,1,,485,5
1307,CUSTOMER_2123,39,Luxor,03-10-2020,0,12079,03-10-2020,Express,101,Product_101,Home Appliances,1499.86,,4,0.2,1286,2
2359,customer_2124,-5,Giza,09-05-2020,1,13160,09-05-2020,Standard,134,Product_134,Sports,1310.81,833.39,3,,1209,3
1745,Customer_2125,33,Luxor,06-01-2024,0,13273,06-01-2024,Standard,145,Product_145,Clothing,1151.98,492.14,2,0.05,361,3
1891,CUSTOMER_2126,18,Giza,26-07-2022,0,11713,26-07-2022,Same Day,109,Product_109,Clothing,610.36,350.63,2,0.1,431,5
1374,Customer_2127,42,Giza,16-03-2020,1,13776,16-03-2020,Same Day,112,Product_112,Clothing,1142.25,585.72,2,,814,5
2031,Customer_2128,36,Luxor,08/23/2021,1,13743,08/23/2021,Express,110,Product_110,Elec,1437.18,634.87,1,,344,5
2364,Customer_2129,26,Giza,02/16/2021,1,13364,02/16/2021,Same Day,110,Product_110,Elec,83.9,38.66,3,0.05,656,3
1128,Customer_2130,41,Aswan,03/30/2020,0,12763,03/30/2020,Standard,144,Product_144,Home Appliances,829.98,526.5,2,0.05,587,4
2014,customer_2131,41,Alexandria,12-02-2021,0,10752,12-02-2021,Express,148,Product_148,Clothing,366.1,,3,,434,8
1668,Customer_2132,62,Giza,26-03-2020,1,11016,26-03-2020,Standard,123,Product_123,Sports,858.92,424.07,1,,1498,2
2375,Customer_2133,50,Aswan,10/08/2021,0,10114,10/08/2021,Standard,106,Product_106,Sports,726.35,352.62,4,,370,5
2381,CUSTOMER_2134,43,Giza,27-09-2021,1,12769,27-09-2021,Standard,124,Product_124,Clothing,884.86,,4,0.1,331,3
1516,CUSTOMER_2135,25,Aswan,21-11-2022,0,11245,21-11-2022,Express,124,Product_124,Electronics,848.9,,4,,669,5
1085,Customer_2136,23,Luxor,03/26/2022,1,13980,03/26/2022,Same Day,121,Product_121,Electronics,1442.16,908.24,1,0.2,889,3
2198,Customer_2137,48,Cairo,01/17/2023,0,12229,01/17/2023,Same Day,142,Product_142,Electronics,850.67,345.92,2,0.2,502,3
2216,Customer_2138,36,Mansoura,27-08-2022,1,12818,27-08-2022,Same Day,131,Product_131,Sports,1277.04,553.94,1,0.05,858,3
1310,customer_2139,43,Giza,02-06-2021,0,10468,02-06-2021,Standard,147,Product_147,Clothing,513.74,316.49,3,,450,5
2142,Customer_2140,54,Mansoura,03/15/2020,0,10425,03/15/2020,Express,141,Product_141,Sports,685.25,396.13,4,,504,4
2241,Customer_2141,17,Giza,08/17/2023,0,11575,08/17/2023,Same Day,130,Product_130,Clothing,732.1,449.93,3,,478,5
1426,Customer_2142,60,Luxor,26-01-2021,1,11865,26-01-2021,Express,134,Product_134,Sports,454.16,213.02,1,,497,3
2437,Customer_2143,54,Luxor,08/08/2021,0,10833,08/08/2021,Express,118,Product_118,Sports,600.7,385.13,5,,432,5
1113,Customer_2144,9,Aswan,01/01/2022,0,13131,01/01/2022,Standard,112,Product_112,Home Appliances,917.84,499.27,5,,423,5
2168,Customer_2145,75,Giza,04/07/2020,0,12028,04/07/2020,Express,135,Product_135,Sports,891.27,519.69,1,,445,5
1302,customer_2146,44,Luxor,09/04/2023,0,12532,09/04/2023,Same Day,107,Product_107,Clothing,972.83,,2,,407,4
1743,customer_2147,32,Luxor,11/10/2021,1,10010,11/10/2021,Same Day,141,Product_141,Sports,560.14,258.51,3,0.05,969,5
1587,Customer_2148,47,Giza,07/13/2021,0,13703,07/13/2021,Express,140,Product_140,Home Appliances,507.96,321.03,1,,427,8
1986,customer_2149,25,Aswan,11-09-2020,0,11408,11-09-2020,Express,125,Product_125,Home Appliances,936.85,437.67,1,,1573,1
1344,CUSTOMER_2150,48,Aswan,01/23/2022,1,13481,01/23/2022,Express,106,Product_106,Clothing,242.65,103.8,5,,1074,2
1813,Customer_2151,28,Aswan,06/13/2022,0,12089,06/13/2022,Express,101,Product_101,Home Appliances,416.9,241.45,4,0.2,395,5
1800,Customer_2152,70,Aswan,03/30/2022,0,11725,03/30/2022,Same Day,146,Product_146,Home Appliances,111.09,62.7,4,0.1,484,4
2024,Customer_2153,40,Cairo,19-06-2022,0,12170,19-06-2022,Same Day,116,Product_116,elect,155.29,90.44,2,,614,5
2170,Customer_2154,49,Giza,02-03-2022,0,12748,02-03-2022,Standard,148,Product_148,Clothing,402.91,235.9,2,,778,4
2310,Customer_2155,28,Cairo,11/25/2021,1,12299,11/25/2021,Express,104,Product_104,Home Appliances,78.32,43.08,2,0.2,1133,2
2076,CUSTOMER_2156,52,Luxor,17-01-2021,0,10972,17-01-2021,Same Day,129,Product_129,Home Appliances,405.85,222.46,5,,827,6
2327,Customer_2157,39,Cairo,10/13/2022,0,10603,10/13/2022,Express,138,Product_138,Home Appliances,999.72,677.06,1,,365,7
2092,Customer_2158,18,Aswan,11/18/2023,0,13555,11/18/2023,Same Day,147,Product_147,Clothing,138.61,77.64,2,,410,5
1360,customer_2159,36,Luxor,10/15/2022,1,10212,10/15/2022,Standard,128,Product_128,Electronics,683.27,399.84,5,,809,4
2243,CUSTOMER_2160,68,Cairo,22-01-2022,0,13901,22-01-2022,Same Day,122,Product_122,Sports,1374.01,659.65,3,,437,8
2009,Customer_2161,52,Cairo,29-11-2022,0,13785,29-11-2022,Same Day,108,Product_108,Electronics,1197.36,791.85,1,,764,3
1703,Customer_2162,34,Giza,06/30/2021,0,12315,06/30/2021,Standard,132,Product_132,Clothing,492.88,200.76,3,,681,6
1574,Customer_2163,11,Cairo,06/18/2020,0,13053,06/18/2020,Express,133,Product_133,Clothing,1390.97,788.91,4,,762,6
2184,customer_2164,27,Luxor,29-01-2024,0,13738,29-01-2024,Same Day,113,Product_113,Clothing,527.99,272.0,4,,338,9
2112,Customer_2165,18,Aswan,19-05-2022,0,12754,19-05-2022,Standard,127,Product_127,Sports,155.15,90.17,1,,721,4
1687,CUSTOMER_2166,12,Giza,06/10/2020,0,10539,06/10/2020,Standard,118,Product_118,Clothing,1491.38,757.7,2,,562,5
1780,CUSTOMER_2167,51,Cairo,31-05-2022,0,10705,31-05-2022,Standard,118,Product_118,Electronics,1311.53,806.99,1,,438,6
1584,customer_2168,40,Giza,18-05-2023,0,13995,18-05-2023,Same Day,113,Product_113,Home Appliances,725.6,294.67,2,,594,2
1588,Customer_2169,66,Mansoura,01/04/2021,0,13058,01/04/2021,Express,122,Product_122,Home Appliances,1016.25,530.25,4,,397,5
2182,Customer_2170,25,Giza,22-01-2023,1,11758,22-01-2023,Same Day,114,Product_114,Clothing,1023.28,664.5,1,,568,3
1488,Customer_2171,39,Aswan,08/24/2021,1,12666,08/24/2021,Same Day,111,Product_111,Clothing,332.0,157.72,1,,756,6
1970,CUSTOMER_2172,19,Mansoura,10/19/2021,0,11684,10/19/2021,Same Day,139,Product_139,Sports,340.07,141.41,2,,448,4
2347,Customer_2173,31,Mansoura,29-07-2020,0,11158,29-07-2020,Standard,122,Product_122,Home Appliances,730.89,401.23,4,,502,5
2404,Customer_2174,36,Giza,06/12/2020,0,10497,06/12/2020,Express,136,Product_136,Sports,1371.78,950.59,4,,782,4
2125,CUSTOMER_2175,34,Luxor,11/02/2021,0,13068,11/02/2021,Same Day,117,Product_117,Sports,64.49,27.04,2,,549,7
1493,Customer_2176,40,Aswan,09/15/2023,0,13678,09/15/2023,Express,132,Product_132,Sports,1184.63,498.75,2,,344,5
1018,Customer_2177,54,Luxor,08/28/2021,0,10781,08/28/2021,Same Day,114,Product_114,Sports,133.41,77.18,2,,355,8
2477,  Customer_2178  ,52,Aswan,19-09-2021,1,11909,19-09-2021,Express,142,Product_142,Electronics,743.42,353.14,4,0.05,1200,2
1396,Customer_2179,28,Aswan,07/02/2022,0,10125,07/02/2022,Standard,129,Product_129,Clothing,974.92,509.95,4,0.05,384,7
2000,Customer_2180,39,Luxor,05/19/2023,1,13430,05/19/2023,Express,106,Product_106,Clothing,1045.8,678.88,1,0.1,593,3
2302,Customer_2181,51,Alexandria,01/09/2024,1,11526,01/09/2024,Standard,104,Product_104,Sports,134.79,61.96,4,,358,3
1850,Customer_2182,55,Mansoura,22-05-2022,1,10840,22-05-2022,Standard,111,Product_111,Sports,656.98,404.56,3,,629,4
2388,Customer_2183,30,Giza,07-12-2020,1,10982,07-12-2020,Express,145,Product_145,elect,896.56,494.31,3,0.1,740,3
2354,Customer_2184,50,Luxor,11/13/2023,0,11341,11/13/2023,Same Day,140,Product_140,Sports,145.77,97.88,2,,415,3
2367,Customer_2185,44,Luxor,28-06-2022,1,10011,28-06-2022,Same Day,110,Product_110,Electronics,245.89,170.13,2,,825,7
1821,Customer_2186,24,Giza,20-12-2021,0,11500,20-12-2021,Same Day,128,Product_128,Electronics,1012.29,552.19,2,,673,7
1454,CUSTOMER_2187,52,Mansoura,07/04/2022,0,11317,07/04/2022,Same Day,111,Product_111,Sports,806.38,463.99,1,0.2,561,7
1724,Customer_2188,42,Giza,03/27/2020,0,11463,03/27/2020,Express,135,Product_135,Clothing,284.65,177.55,3,,760,4
2088,Customer_2189,13,Aswan,01/28/2024,0,11830,01/28/2024,Same Day,115,Product_115,Electronics,826.1,409.42,3,,339,6
2099,Customer_2190,35,Alexandria,12/23/2021,0,13925,12/23/2021,Same Day,108,Product_108,Clothing,1373.4,642.78,4,,909,4
1710,Customer_2191,40,Aswan,06/13/2023,1,10515,06/13/2023,Standard,120,Product_120,Clothing,72.6,50.05,3,,568,2
1142,Customer_2192,30,Alexandria,09-06-2022,0,13887,09-06-2022,Express,121,Product_121,Electronics,981.82,520.15,4,0.2,368,5
1916,CUSTOMER_2193,58,Giza,07/16/2021,0,13462,07/16/2021,Standard,101,Product_101,Home Appliances,156.79,62.79,1,,1265,6
1827,CUSTOMER_2194,58,Aswan,08/02/2023,0,12363,08/02/2023,Standard,129,Product_129,Elec,59.35,38.66,2,,518,6
1604,Customer_2195,34,Mansoura,27-04-2020,0,11703,27-04-2020,Same Day,124,Product_124,Home Appliances,268.45,155.67,2,,630,4
2496,Customer_2196,32,Aswan,06/02/2020,0,13079,06/02/2020,Same Day,130,Product_130,Electronics,663.21,298.82,4,0.1,519,3
2440,Customer_2197,38,Luxor,10/06/2023,0,13579,10/06/2023,Express,140,Product_140,Electronics,1213.4,496.33,5,0.1,453,4
1304,Customer_2198,36,Alexandria,07/29/2023,0,11147,07/29/2023,Standard,135,Product_135,Clothing,458.59,223.54,4,0.05,522,6
1735,Customer_2199,31,Alexandria,11-04-2022,0,13443,11-04-2022,Same Day,133,Product_133,Clothing,957.23,649.35,1,0.1,800,5
1290,customer_2200,-15,Mansoura,14-01-2022,0,12361,14-01-2022,Standard,120,Product_120,Sports,646.18,439.43,3,,1083,2
1101,customer_2201,66,Alexandria,11/16/2022,0,13256,11/16/2022,Same Day,116,Product_116,Clothing,389.78,192.28,4,0.2,502,3
2290,Customer_2202,40,Alexandria,23-10-2023,0,12594,23-10-2023,Same Day,109,Product_109,Clothing,795.66,517.8,1,,388,2
1866,Customer_2203,37,Mansoura,23-11-2020,0,13656,23-11-2020,Same Day,131,Product_131,Clothing,1206.32,642.43,2,0.1,404,5
1967,Customer_2204,44,Aswan,03/04/2020,0,13954,03/04/2020,Same Day,117,Product_117,Clothing,1257.11,749.62,5,,1460,3
1973,customer_2205,38,Giza,10/19/2020,0,11548,10/19/2020,Express,131,Product_131,Sports,1277.45,639.15,5,,548,6
1841,Customer_2206,33,Aswan,29-05-2023,0,12086,29-05-2023,Standard,148,Product_148,Clothing,540.91,300.09,4,,403,4
1961,customer_2207,24,Luxor,10/20/2023,0,13155,10/20/2023,Standard,123,Product_123,Home Appliances,1200.51,586.01,3,,347,4
1941,CUSTOMER_2208,12,Luxor,06/16/2022,0,13092,06/16/2022,Express,106,Product_106,Home Appliances,357.66,149.62,4,,475,5
2026,customer_2209,19,Alexandria,03/12/2020,1,12300,03/12/2020,Express,130,Product_130,Sports,1120.72,495.15,5,,1123,4
1084,Customer_2210,23,Luxor,15-09-2020,1,12350,15-09-2020,Express,107,Product_107,Clothing,1425.16,694.34,5,,1569,1
1327,Customer_2211,49,Giza,05/17/2020,0,10978,05/17/2020,Same Day,148,Product_148,Home Appliances,69.93,48.45,2,0.2,959,3
1815,Customer_2212,50,Alexandria,28-04-2021,1,12305,28-04-2021,Same Day,140,Product_140,Electronics,688.53,474.88,3,0.2,439,6
2473,Customer_2213,26,Luxor,14-08-2023,0,13883,14-08-2023,Standard,142,Product_142,Home Appliances,989.27,641.34,3,0.1,391,7
1453,Customer_2214,0,Cairo,01/20/2022,0,13047,01/20/2022,Express,146,Product_146,Clothing,1067.57,,5,0.05,622,4
1628,Customer_2215,40,Cairo,11-01-2022,0,12589,11-01-2022,Standard,111,Product_111,Home Appliances,305.33,162.58,5,,344,6
2244,  Customer_2216  ,33,Cairo,02/23/2022,1,12006,02/23/2022,Express,134,Product_134,Electronics,1459.67,776.45,4,,1043,3
2177,Customer_2217,33,Cairo,03/07/2023,0,12687,03/07/2023,Standard,112,Product_112,Home Appliances,942.13,486.23,4,,666,6
1664,Customer_2218,54,Aswan,03/07/2020,1,11846,03/07/2020,Express,145,Product_145,Clothing,288.29,119.2,2,0.2,1007,3
1011,Customer_2219,42,Cairo,05/24/2023,0,12599,05/24/2023,Express,147,Product_147,Electronics,79.76,44.69,5,0.1,588,5
2156,Customer_2220,25,Alexandria,11/10/2020,0,12508,11/10/2020,Same Day,127,Product_127,Sports,1185.73,500.19,4,0.05,476,3
1303,Customer_2221,21,Mansoura,22-10-2023,1,13680,22-10-2023,Standard,112,Product_112,Elec,165.57,106.06,2,0.2,437,1
2316,customer_2222,36,Aswan,07/10/2022,0,10223,07/10/2022,Same Day,113,Product_113,Home Appliances,254.52,154.59,3,,512,4
1974,CUSTOMER_2223,26,Mansoura,01/29/2022,0,12139,01/29/2022,Same Day,108,Product_108,Sports,883.5,446.89,5,,898,3
2323,Customer_2224,38,Alexandria,31-01-2022,1,10279,31-01-2022,Standard,116,Product_116,Electronics,925.08,549.63,1,0.2,473,2
1782,Customer_2225,55,Alexandria,28-06-2022,1,11193,28-06-2022,Same Day,129,Product_129,Electronics,1045.99,,5,,918,2
1042,Customer_2226,19,Giza,06-06-2020,0,11819,06-06-2020,Express,135,Product_135,Electronics,620.6,297.62,4,,359,7
1943,Customer_2227,41,Aswan,21-03-2023,0,11757,21-03-2023,Express,129,Product_129,Clothing,1172.15,579.32,5,,378,5
1342,Customer_2228,53,Mansoura,10/08/2020,0,12045,10/08/2020,Express,131,Product_131,Sports,1462.82,934.89,1,,818,3
2349,customer_2229,38,Cairo,20-12-2022,1,13700,20-12-2022,Express,113,Product_113,Sports,443.09,205.24,5,0.05,535,5
1497,  Customer_2230  ,50,Alexandria,01/21/2022,1,10247,01/21/2022,Same Day,112,Product_112,Electronics,1069.39,608.31,4,,1076,1
1363,CUSTOMER_2231,35,Cairo,26-03-2022,1,11384,26-03-2022,Standard,102,Product_102,Sports,1396.28,642.48,3,,422,3
1890,Customer_2232,42,Mansoura,05-10-2021,0,11372,05-10-2021,Same Day,133,Product_133,Home Appliances,1045.12,507.42,4,,830,6
1426,customer_2233,46,Aswan,23-08-2023,1,12913,23-08-2023,Standard,108,Product_108,Home Appliances,1037.61,488.35,2,,497,3
2004,Customer_2234,31,Luxor,24-07-2021,0,13506,24-07-2021,Standard,141,Product_141,Electronics,374.47,222.25,4,0.2,481,3
1020,Customer_2235,69,Luxor,05/26/2021,0,13477,05/26/2021,Same Day,140,Product_140,Home Appliances,825.94,460.89,2,,534,7
1406,Customer_2236,48,Alexandria,08/20/2020,0,13672,08/20/2020,Same Day,149,Product_149,Electronics,865.66,533.58,5,,399,5
1618,  Customer_2237  ,59,Giza,23-02-2020,0,12125,23-02-2020,Express,141,Product_141,Home Appliances,1065.19,496.36,2,,342,3
2014,Customer_2238,56,Cairo,01/16/2021,0,12505,01/16/2021,Standard,132,Product_132,Electronics,1495.39,602.26,5,0.2,434,8
1335,Customer_2239,44,Alexandria,19-10-2022,0,12633,19-10-2022,Standard,138,Product_138,Elec,98.78,59.68,2,,516,6
2140,  Customer_2240  ,60,Giza,11/26/2022,0,13463,11/26/2022,Standard,128,Product_128,Sports,144.59,62.82,4,0.2,429,6
2147,CUSTOMER_2241,42,Cairo,03-03-2022,0,13085,03-03-2022,Express,115,Product_115,Sports,163.03,77.26,1,,654,6
1398,Customer_2242,29,Mansoura,02/24/2023,0,10044,02/24/2023,Standard,123,Product_123,Elec,1127.32,554.31,5,,677,6
1792,Customer_2243,40,Luxor,08/29/2020,1,12085,08/29/2020,Standard,124,Product_124,Sports,247.71,154.58,2,0.05,948,4
1714,Customer_2244,24,Giza,20-06-2021,0,10415,20-06-2021,Express,113,Product_113,Sports,952.56,559.88,1,,420,4
1050,Customer_2245,8,Cairo,06/17/2021,0,12292,06/17/2021,Same Day,121,Product_121,Clothing,520.77,237.1,2,,697,4
1323,CUSTOMER_2246,27,Alexandria,12/12/2023,0,13133,12/12/2023,Express,112,Product_112,Home Appliances,713.11,413.15,2,,386,4
1788,Customer_2247,41,Cairo,07/02/2022,0,12540,07/02/2022,Express,113,Product_113,Sports,362.71,,2,,914,2
1140,customer_2248,55,Alexandria,15-03-2021,0,13679,15-03-2021,Same Day,139,Product_139,Electronics,1305.85,674.69,4,,857,6
1469,Customer_2249,27,Luxor,06/07/2023,0,12370,06/07/2023,Standard,123,Product_123,Clothing,899.92,426.37,2,,574,2
1786,  Customer_2250  ,55,Luxor,07-08-2021,0,11275,07-08-2021,Same Day,146,Product_146,Clothing,1419.62,857.02,1,,373,3
2357,Customer_2251,21,Cairo,22-11-2023,0,12515,22-11-2023,Standard,143,Product_143,Sports,883.16,515.12,2,,406,1
1963,Customer_2252,26,Cairo,10/02/2022,0,11084,10/02/2022,Express,128,Product_128,elect,229.67,97.24,3,0.05,772,4
2007,Customer_2253,61,Alexandria,02/13/2021,0,13852,02/13/2021,Standard,114,Product_114,Electronics,297.76,178.66,5,,580,5
1372,Customer_2254,40,Alexandria,09/08/2020,1,11142,09/08/2020,Express,117,Product_117,Electronics,1484.16,811.18,4,,999,3
1493,customer_2255,37,Giza,10/04/2020,0,10086,10/04/2020,Standard,124,Product_124,Electronics,1102.07,689.91,3,,344,5
1750,Customer_2256,43,Giza,31-05-2020,0,13666,31-05-2020,Express,134,Product_134,Electronics,121.45,55.53,3,,414,5
2179,Customer_2257,21,Giza,14-07-2022,0,12127,14-07-2022,Standard,148,Product_148,Home Appliances,1070.48,511.12,1,,500,5
1290,CUSTOMER_2258,35,Cairo,19-12-2020,0,10227,19-12-2020,Standard,122,Product_122,elect,647.65,364.62,1,0.1,1083,2
2167,Customer_2259,40,Aswan,31-12-2023,0,12530,31-12-2023,Standard,110,Product_110,Electronics,495.45,269.78,4,0.1,367,5
1105,Customer_2260,58,Aswan,06/30/2022,1,11838,06/30/2022,Same Day,108,Product_108,Home Appliances,273.39,141.04,4,,916,2
2443,CUSTOMER_2261,14,Aswan,28-06-2020,1,10622,28-06-2020,Express,121,Product_121,Sports,1267.86,790.9,5,,1212,4
1669,Customer_2262,66,Aswan,10/28/2023,0,13953,10/28/2023,Express,137,Product_137,Clothing,142.57,,2,,431,4
1001,Customer_2263,38,Giza,16-10-2021,0,13381,16-10-2021,Express,107,Product_107,Home Appliances,470.26,288.31,4,0.2,585,5
1588,Customer_2264,23,Cairo,09/29/2023,0,11606,09/29/2023,Same Day,126,Product_126,Clothing,494.26,,4,,397,5
1643,Customer_2265,20,Aswan,12-12-2021,1,12995,12-12-2021,Same Day,113,Product_113,Clothing,283.31,175.28,2,,863,4
1089,CUSTOMER_2266,44,Luxor,24-12-2023,0,10484,24-12-2023,Same Day,116,Product_116,Home Appliances,786.87,423.7,5,,354,5
2368,Customer_2267,19,Mansoura,12-05-2020,0,12887,12-05-2020,Same Day,130,Product_130,Electronics,66.97,27.47,1,,748,4
1349,Customer_2268,31,Luxor,01/31/2023,0,10024,01/31/2023,Standard,131,Product_131,Clothing,486.41,228.78,5,,350,4
2482,Customer_2269,36,Cairo,01/15/2023,0,11814,01/15/2023,Express,105,Product_105,Electronics,1403.76,572.35,2,0.1,618,5
2286,Customer_2270,57,Cairo,17-08-2021,1,11225,17-08-2021,Standard,132,Product_132,Sports,500.27,268.68,1,,1233,2
2374,customer_2271,55,Mansoura,06-09-2021,1,13997,06-09-2021,Same Day,116,Product_116,Home Appliances,572.67,285.05,1,,1213,1
2131,Customer_2272,30,Alexandria,18-11-2020,0,11248,18-11-2020,Same Day,147,Product_147,Clothing,736.09,512.49,1,,611,4
2062,Customer_2273,36,Alexandria,28-12-2023,0,10778,28-12-2023,Standard,109,Product_109,Electronics,864.46,571.02,5,,370,10
1908,Customer_2274,16,Alexandria,12/24/2023,0,13581,12/24/2023,Express,122,Product_122,Clothing,1222.63,791.9,2,,351,4
1158,  Customer_2275  ,9,Giza,05-12-2023,0,10930,05-12-2023,Same Day,144,Product_144,Sports,325.97,179.39,5,0.05,393,4
1958,Customer_2276,21,Alexandria,30-07-2023,0,12842,30-07-2023,Standard,140,Product_140,Sports,1314.03,843.77,5,,521,3
1311,Customer_2277,56,Giza,12/22/2020,0,13700,12/22/2020,Standard,145,Product_145,Clothing,1148.45,551.33,3,,867,3
2264,Customer_2278,51,Giza,01/10/2022,0,11602,01/10/2022,Standard,137,Product_137,Home Appliances,1097.84,623.79,4,0.1,694,3
1444,CUSTOMER_2279,45,Alexandria,11/07/2022,0,11582,11/07/2022,Standard,114,Product_114,Sports,175.87,91.08,5,,688,7
1297,Customer_2280,18,Alexandria,04/04/2021,1,10752,04/04/2021,Express,116,Product_116,Electronics,81.38,36.74,3,,1368,1
1951,Customer_2281,29,Mansoura,05-09-2020,0,11713,05-09-2020,Express,143,Product_143,Sports,911.32,384.38,2,,702,5
1035,Customer_2282,27,Aswan,02/15/2021,1,13591,02/15/2021,Same Day,120,Product_120,Electronics,1301.54,738.58,3,0.05,1244,3
2107,CUSTOMER_2283,37,Mansoura,10/11/2020,0,13254,10/11/2020,Same Day,144,Product_144,Clothing,897.44,385.26,5,,351,10
2475,Customer_2284,36,Giza,29-04-2021,0,11100,29-04-2021,Express,115,Product_115,Electronics,359.19,221.05,2,,1041,5
2408,Customer_2285,24,Mansoura,08-10-2022,0,10425,08-10-2022,Express,144,Product_144,Clothing,181.25,122.6,3,,456,5
2195,Customer_2286,45,Giza,02/23/2020,1,13138,02/23/2020,Standard,126,Product_126,Sports,1064.41,,5,,1604,5
2399,  Customer_2287  ,43,Cairo,01/09/2022,0,10659,01/09/2022,Standard,109,Product_109,Home Appliances,1096.57,593.55,2,0.05,353,5
2385,CUSTOMER_2288,29,Giza,02/08/2023,0,11517,02/08/2023,Standard,101,Product_101,Sports,300.17,186.6,2,,693,2
1558,Customer_2289,150,Giza,03/18/2023,0,12732,03/18/2023,Same Day,135,Product_135,Sports,90.88,44.17,4,0.1,519,7
1890,customer_2290,56,Mansoura,01/25/2022,0,10546,01/25/2022,Same Day,144,Product_144,Sports,642.01,434.15,5,,830,6
1140,CUSTOMER_2291,61,Aswan,15-08-2022,0,11100,15-08-2022,Same Day,120,Product_120,Sports,894.94,596.51,4,,857,6
1886,Customer_2292,47,Cairo,02/03/2023,1,12963,02/03/2023,Same Day,145,Product_145,Home Appliances,1073.7,462.9,2,0.05,641,4
2141,Customer_2293,46,Luxor,22-09-2020,1,13863,22-09-2020,Standard,106,Product_106,Sports,1224.42,499.83,2,,681,7
2300,CUSTOMER_2294,36,Luxor,07-06-2023,1,13768,07-06-2023,Same Day,142,Product_142,Elec,935.28,648.09,3,,497,5
1725,Customer_2295,55,Aswan,06/25/2020,0,12102,06/25/2020,Same Day,110,Product_110,Home Appliances,210.78,144.79,4,,504,9
2243,Customer_2296,23,Luxor,14-05-2020,0,13976,14-05-2020,Standard,148,Product_148,Home Appliances,1039.74,547.62,1,,437,8
2049,Customer_2297,53,Cairo,25-09-2021,0,13677,25-09-2021,Standard,133,Product_133,Electronics,1477.06,613.23,5,,414,4
1520,Customer_2298,35,Alexandria,26-03-2022,0,11496,26-03-2022,Express,116,Product_116,Clothing,1363.1,798.32,4,0.2,365,6
1009,Customer_2299,62,Cairo,01/08/2024,0,13727,01/08/2024,Standard,136,Product_136,Sports,1313.92,641.22,2,0.1,359,5
1983,Customer_2300,48,Mansoura,12-01-2024,0,13318,12-01-2024,Same Day,106,Product_106,Home Appliances,488.15,332.44,3,0.2,355,5
1377,CUSTOMER_2301,38,Giza,09/07/2022,1,11462,09/07/2022,Standard,119,Product_119,Sports,1138.64,726.91,5,0.2,847,3
1681,Customer_2302,36,Giza,12/12/2022,0,11735,12/12/2022,Same Day,131,Product_131,Sports,1284.1,763.88,5,,349,4
1583,Customer_2303,47,Mansoura,21-04-2022,1,11771,21-04-2022,Express,102,Product_102,Elec,1033.57,501.64,3,,603,3
1151,customer_2304,47,Mansoura,18-04-2022,1,12361,18-04-2022,Express,118,Product_118,Electronics,413.31,252.28,2,,771,3
1719,Customer_2305,34,Giza,03/23/2023,0,11343,03/23/2023,Express,142,Product_142,Electronics,1433.06,697.54,1,0.1,650,4
2072,Customer_2306,41,Aswan,05/31/2020,0,12267,05/31/2020,Same Day,128,Product_128,Sports,703.69,289.42,3,,340,5
2177,Customer_2307,53,Alexandria,13-09-2020,0,13915,13-09-2020,Same Day,104,Product_104,Home Appliances,238.22,131.62,1,,666,6
1858,Customer_2308,19,Alexandria,10/11/2021,0,11394,10/11/2021,Express,101,Product_101,Home Appliances,209.18,114.34,4,,551,5
2316,Customer_2309,50,Alexandria,08/08/2023,0,11239,08/08/2023,Express,147,Product_147,Clothing,988.9,621.92,5,,512,4
1049,  Customer_2310  ,47,Mansoura,05/31/2020,0,10048,05/31/2020,Same Day,142,Product_142,Sports,684.68,,2,,1417,4
1663,Customer_2311,57,Giza,10-07-2022,0,11820,10-07-2022,Same Day,116,Product_116,Clothing,187.0,94.69,1,,521,6
1530,Customer_2312,29,Aswan,12-08-2022,0,12510,12-08-2022,Same Day,145,Product_145,Clothing,1123.53,600.91,2,0.1,873,1
2083,  Customer_2313  ,40,Giza,24-10-2023,0,12165,24-10-2023,Same Day,147,Product_147,Clothing,1209.02,,4,,435,3
2190,Customer_2314,43,Giza,11/25/2022,0,12129,11/25/2022,Express,102,Product_102,Clothing,1101.85,547.91,1,0.2,515,3
2225,Customer_2315,51,Aswan,06-12-2021,0,13334,06-12-2021,Express,136,Product_136,Clothing,343.28,213.87,2,,570,3
1856,Customer_2316,46,Cairo,19-09-2020,1,13660,19-09-2020,Standard,101,Product_101,Sports,1050.17,584.56,2,0.2,1565,2
1145,Customer_2317,21,Aswan,02/03/2023,0,11746,02/03/2023,Standard,139,Product_139,Electronics,65.55,44.19,4,,698,3
1914,CUSTOMER_2318,44,Cairo,03-08-2023,1,10495,03-08-2023,Same Day,123,Product_123,Clothing,492.41,293.03,3,0.05,514,4
1992,Customer_2319,70,Luxor,18-04-2023,0,10633,18-04-2023,Express,126,Product_126,Home Appliances,628.29,291.26,4,,385,6
2462,customer_2320,49,Cairo,07-01-2021,1,12884,07-01-2021,Same Day,111,Product_111,Sports,1261.11,566.8,1,,930,3
1241,Customer_2321,64,Alexandria,09/21/2020,0,10601,09/21/2020,Standard,142,Product_142,Clothing,616.07,315.25,1,0.1,482,7
1580,customer_2322,55,Alexandria,06/05/2022,0,12817,06/05/2022,Same Day,101,Product_101,Home Appliances,66.34,33.44,5,,387,5
1686,Customer_2323,200,Aswan,26-10-2022,0,12720,26-10-2022,Standard,111,Product_111,Clothing,560.9,292.87,2,,531,4
1482,Customer_2324,44,Alexandria,23-04-2020,0,10175,23-04-2020,Standard,124,Product_124,Electronics,773.44,351.98,1,,1185,5
2131,customer_2325,47,Alexandria,09/11/2020,0,12852,09/11/2020,Express,110,Product_110,Sports,1426.06,988.93,3,,611,4
2249,Customer_2326,43,Luxor,27-11-2022,0,13160,27-11-2022,Same Day,114,Product_114,Electronics,1414.5,627.63,3,,328,6
1672,Customer_2327,40,Alexandria,11/09/2020,1,10638,11/09/2020,Express,114,Product_114,Home Appliances,312.27,186.05,4,,1196,3
1630,Customer_2328,51,Mansoura,09/14/2021,1,13430,09/14/2021,Standard,107,Product_107,Clothing,318.46,128.63,1,,755,2
1660,Customer_2329,32,Mansoura,03-12-2020,0,13357,03-12-2020,Standard,123,Product_123,elect,286.9,149.79,1,,441,8
1661,Customer_2330,68,Mansoura,11/27/2020,0,10296,11/27/2020,Same Day,143,Product_143,Electronics,1193.94,588.32,5,0.1,356,10
2455,  Customer_2331  ,26,Cairo,22-10-2021,1,11283,22-10-2021,Same Day,122,Product_122,Clothing,58.73,,5,,1167,2
1804,Customer_2332,52,Aswan,12/23/2023,0,11874,12/23/2023,Same Day,136,Product_136,Sports,234.41,128.79,5,,375,6
1418,customer_2333,60,Aswan,06-04-2021,0,10474,06-04-2021,Same Day,127,Product_127,Home Appliances,830.04,481.52,1,,485,4
1987,Customer_2334,37,Giza,12/09/2021,0,13827,12/09/2021,Standard,102,Product_102,Sports,408.96,235.17,4,,558,6
2478,Customer_2335,23,Luxor,28-11-2022,0,11646,28-11-2022,Standard,139,Product_139,Home Appliances,183.92,108.37,4,,653,5
2183,CUSTOMER_2336,57,Mansoura,08/04/2021,0,11958,08/04/2021,Standard,146,Product_146,Home Appliances,571.82,373.61,4,,448,3
1649,  Customer_2337  ,43,Mansoura,10-06-2020,0,12583,10-06-2020,Express,119,Product_119,Electronics,447.6,298.11,4,0.2,647,3
1968,Customer_2338,52,Alexandria,05/28/2021,1,13633,05/28/2021,Express,107,Product_107,Clothing,791.1,491.41,3,0.05,755,4
1589,customer_2339,38,Mansoura,06-02-2021,1,11060,06-02-2021,Express,112,Product_112,Sports,1469.89,622.77,1,,1425,2
2100,Customer_2340,65,Alexandria,07/24/2023,0,13252,07/24/2023,Same Day,103,Product_103,Electronics,230.24,158.49,2,,527,1
1508,Customer_2341,8,Alexandria,02/02/2023,0,11788,02/02/2023,Standard,147,Product_147,elect,590.45,404.0,1,,428,6
1440,Customer_2342,45,Giza,07/16/2021,0,10024,07/16/2021,Express,105,Product_105,Elec,1401.38,859.76,4,0.2,1012,2
2277,Customer_2343,60,Cairo,09/13/2020,0,10348,09/13/2020,Same Day,108,Product_108,Sports,1321.47,733.72,3,0.2,476,5
1920,Customer_2344,41,Alexandria,04-07-2023,0,10636,04-07-2023,Same Day,114,Product_114,Electronics,621.69,295.42,3,,547,7
1769,customer_2345,44,Alexandria,12-09-2021,0,13614,12-09-2021,Same Day,136,Product_136,Clothing,1063.48,666.7,1,,654,7
2343,Customer_2346,33,Aswan,12-06-2023,0,13820,12-06-2023,Standard,107,Product_107,Electronics,177.39,117.67,2,,451,5
1262,Customer_2347,40,Giza,28-12-2022,1,10226,28-12-2022,Same Day,107,Product_107,Electronics,1083.18,649.43,4,,735,3
2397,Customer_2348,14,Alexandria,10-07-2020,0,11371,10-07-2020,Express,146,Product_146,Home Appliances,1460.64,859.91,3,,995,3
1636,Customer_2349,29,Luxor,26-10-2022,1,10037,26-10-2022,Same Day,132,Product_132,Electronics,829.36,379.77,4,,798,3
2190,Customer_2350,28,Cairo,05-08-2023,0,11406,05-08-2023,Standard,108,Product_108,Sports,772.81,392.08,4,,515,3
1458,Customer_2351,50,Luxor,11-12-2020,1,12617,11-12-2020,Standard,112,Product_112,Sports,321.61,198.41,4,,415,5
1998,Customer_2352,31,Mansoura,27-04-2023,0,12283,27-04-2023,Same Day,110,Product_110,Clothing,968.99,392.51,5,,615,4
2303,Customer_2353,31,Cairo,04-04-2023,0,11204,04-04-2023,Standard,114,Product_114,Sports,906.13,536.77,4,0.05,638,4
1699,Customer_2354,34,Mansoura,11/11/2020,0,12161,11/11/2020,Standard,109,Product_109,Sports,995.3,627.04,4,,433,9
1301,customer_2355,28,Aswan,16-12-2020,0,12353,16-12-2020,Express,138,Product_138,Elec,87.82,43.95,2,,434,6
2241,Customer_2356,44,Alexandria,11-09-2023,0,12179,11-09-2023,Express,130,Product_130,Clothing,845.65,357.58,2,0.05,478,5
2125,Customer_2357,45,Giza,02-07-2023,0,10347,02-07-2023,Same Day,105,Product_105,Sports,912.66,,5,,549,7
1553,customer_2358,52,Luxor,01/15/2024,0,11203,01/15/2024,Standard,101,Product_101,Clothing,350.92,155.3,5,,352,5
1287,Customer_2359,49,Mansoura,05/24/2023,1,12462,05/24/2023,Standard,101,Product_101,Clothing,352.08,180.0,4,,588,2
2190,  Customer_2360  ,48,Alexandria,11/22/2021,0,10982,11/22/2021,Standard,120,Product_120,Home Appliances,450.52,275.8,3,,515,3
1620,Customer_2361,35,Luxor,02/28/2023,0,13661,02/28/2023,Express,149,Product_149,Home Appliances,1082.0,697.99,3,,433,3
2005,Customer_2362,34,Luxor,03/25/2020,1,10731,03/25/2020,Standard,111,Product_111,elect,929.09,612.01,1,0.05,1743,1
1035,Customer_2363,26,Aswan,28-02-2020,1,12701,28-02-2020,Express,126,Product_126,Sports,1276.36,713.64,3,,1244,3
1743,Customer_2364,26,Aswan,15-06-2020,1,12432,15-06-2020,Standard,144,Product_144,Electronics,478.7,259.82,3,,969,5
1352,customer_2365,42,Mansoura,04/03/2020,1,12559,04/03/2020,Express,103,Product_103,Electronics,1372.5,898.29,2,0.1,447,4
1072,Customer_2366,29,Alexandria,06-08-2023,0,11066,06-08-2023,Same Day,106,Product_106,Clothing,1128.37,641.96,1,,514,7
1647,Customer_2367,62,Giza,27-03-2023,0,11503,27-03-2023,Same Day,143,Product_143,Clothing,622.77,357.22,1,,646,3
2376,customer_2368,39,Mansoura,26-06-2021,1,11141,26-06-2021,Standard,145,Product_145,Clothing,188.13,,2,,997,2
2093,Customer_2369,62,Luxor,08/26/2023,0,11594,08/26/2023,Standard,111,Product_111,Electronics,422.63,216.32,3,,494,5
1424,Customer_2370,48,Luxor,03/07/2021,0,12108,03/07/2021,Express,108,Product_108,Sports,1437.31,782.13,3,,420,7
1998,Customer_2371,28,Cairo,17-03-2023,0,12600,17-03-2023,Express,129,Product_129,Electronics,500.03,254.74,1,0.1,615,4
1707,CUSTOMER_2372,39,Alexandria,05/03/2022,1,11809,05/03/2022,Express,110,Product_110,Electronics,528.36,265.8,3,,974,1
1560,Customer_2373,14,Cairo,06/19/2023,0,12235,06/19/2023,Standard,134,Product_134,Electronics,324.9,226.81,1,,386,6
1827,Customer_2374,42,Aswan,01-08-2023,0,10452,01-08-2023,Express,124,Product_124,Home Appliances,1219.93,611.02,3,0.2,518,6
1955,Customer_2375,29,Giza,03/03/2020,0,12894,03/03/2020,Standard,146,Product_146,Home Appliances,449.68,214.46,4,,371,6
1516,CUSTOMER_2376,23,Mansoura,10/16/2022,0,12234,10/16/2022,Express,148,Product_148,Sports,528.87,267.7,2,,669,5
1427,Customer_2377,62,Luxor,07/08/2023,0,12985,07/08/2023,Standard,117,Product_117,Home Appliances,650.8,375.66,5,0.05,441,4
1159,customer_2378,55,Alexandria,01/22/2023,0,13535,01/22/2023,Express,132,Product_132,Electronics,678.91,457.11,4,0.1,546,6
1148,Customer_2379,55,Luxor,08/16/2021,0,11763,08/16/2021,Express,111,Product_111,Home Appliances,646.44,411.37,3,,485,6
1775,  Customer_2380  ,51,Aswan,07-08-2023,0,10163,07-08-2023,Express,134,Product_134,Home Appliances,780.43,509.37,5,0.1,454,7
2253,Customer_2381,21,Cairo,10-09-2021,1,11447,10-09-2021,Standard,124,Product_124,Electronics,1231.04,809.66,4,,1209,2
1066,  Customer_2382  ,33,Cairo,09/16/2022,0,13869,09/16/2022,Same Day,105,Product_105,Sports,1237.96,837.06,2,0.1,646,2
2013,CUSTOMER_2383,34,Mansoura,05/16/2021,0,10101,05/16/2021,Same Day,129,Product_129,Home Appliances,1207.55,568.18,5,0.2,409,5
1380,Customer_2384,14,Alexandria,11/03/2023,1,13338,11/03/2023,Standard,148,Product_148,Electronics,196.63,105.69,5,,383,4
1057,Customer_2385,31,Aswan,04/11/2022,1,13707,04/11/2022,Standard,148,Product_148,Elec,1209.53,623.58,2,,993,3
2282,Customer_2386,31,Alexandria,01-09-2021,1,13224,01-09-2021,Same Day,134,Product_134,Electronics,224.37,115.45,4,,601,3
1341,Customer_2387,41,Mansoura,07/17/2022,0,11452,07/17/2022,Same Day,116,Product_116,Clothing,230.85,137.51,5,0.05,806,5
2153,  Customer_2388  ,77,Aswan,29-05-2020,0,10690,29-05-2020,Express,125,Product_125,Electronics,1424.4,741.46,2,0.1,367,5
1726,Customer_2389,39,Aswan,11-11-2023,0,11450,11-11-2023,Express,137,Product_137,Home Appliances,1238.13,724.18,4,,417,7
2195,  Customer_2390  ,41,Cairo,02-05-2020,1,12625,02-05-2020,Standard,108,Product_108,Home Appliances,851.0,438.0,3,0.05,1604,5
1769,Customer_2391,36,Cairo,19-11-2020,0,12658,19-11-2020,Same Day,129,Product_129,Elec,1318.71,650.57,1,0.05,654,7
1613,  Customer_2392  ,150,Cairo,19-06-2022,0,11966,19-06-2022,Same Day,146,Product_146,Clothing,1484.58,751.08,3,0.05,390,3
2232,Customer_2393,23,Luxor,01-05-2022,0,10535,01-05-2022,Standard,125,Product_125,Clothing,935.43,599.73,3,0.05,976,2
1353,  Customer_2394  ,68,Giza,18-09-2022,0,13404,18-09-2022,Same Day,142,Product_142,Clothing,938.7,544.74,1,,836,3
2494,customer_2395,38,Cairo,08/09/2022,1,12808,08/09/2022,Express,123,Product_123,Home Appliances,1143.92,791.82,3,,876,3
1115,Customer_2396,34,Giza,02/21/2021,0,12025,02/21/2021,Same Day,134,Product_134,Clothing,386.6,251.21,3,0.1,471,5
2287,Customer_2397,54,Giza,27-11-2021,1,11700,27-11-2021,Same Day,103,Product_103,Sports,292.33,159.53,2,0.2,1131,5
1661,Customer_2398,26,Alexandria,27-05-2023,0,12943,27-05-2023,Express,130,Product_130,Sports,1151.39,544.28,2,,356,10
2465,CUSTOMER_2399,50,Mansoura,21-10-2020,1,11463,21-10-2020,Same Day,134,Product_134,Clothing,550.11,331.26,4,,1533,3
1452,Customer_2400,61,Luxor,10/02/2021,0,11629,10/02/2021,Express,132,Product_132,Sports,245.85,151.93,5,0.1,334,5
1286,Customer_2401,36,Giza,01/11/2024,0,13018,01/11/2024,Express,129,Product_129,Electronics,506.57,273.17,4,0.05,356,4
2326,Customer_2402,70,Luxor,15-10-2021,0,11878,15-10-2021,Express,109,Product_109,Clothing,570.02,267.33,2,,391,7
2016,  Customer_2403  ,49,Alexandria,12/08/2021,0,10123,12/08/2021,Same Day,102,Product_102,Clothing,1449.58,822.16,2,,478,6
1310,Customer_2404,49,Cairo,27-03-2022,0,13373,27-03-2022,Express,139,Product_139,Clothing,1062.04,505.69,1,0.05,450,5
1207,Customer_2405,60,Aswan,24-09-2020,0,12715,24-09-2020,Standard,107,Product_107,Electronics,819.74,559.06,1,0.05,336,5
1617,Customer_2406,-10,Giza,01/28/2022,0,12396,01/28/2022,Same Day,146,Product_146,Elec,1454.87,856.43,2,0.05,1069,4
1445,Customer_2407,43,Mansoura,11/20/2022,0,10248,11/20/2022,Express,105,Product_105,Clothing,1359.55,662.89,3,0.05,616,3
1669,Customer_2408,51,Aswan,24-02-2023,0,11971,24-02-2023,Standard,108,Product_108,Home Appliances,792.4,368.24,4,,431,4
1632,customer_2409,60,Alexandria,08/05/2020,0,11294,08/05/2020,Standard,132,Product_132,Home Appliances,1363.24,838.42,2,0.2,723,4
1054,Customer_2410,-10,Luxor,15-10-2021,0,11452,15-10-2021,Express,118,Product_118,Sports,636.24,,2,0.05,397,5
1911,Customer_2411,14,Cairo,05/10/2021,1,11593,05/10/2021,Standard,138,Product_138,Elec,384.11,222.45,1,,1332,2
2035,customer_2412,39,Luxor,08/13/2022,0,12754,08/13/2022,Express,146,Product_146,Sports,387.38,226.34,4,0.2,548,8
1656,Customer_2413,13,Mansoura,07-09-2020,1,10712,07-09-2020,Standard,118,Product_118,Sports,1010.36,587.18,4,0.2,1285,4
2423,  Customer_2414  ,35,Giza,01-07-2021,0,13655,01-07-2021,Same Day,149,Product_149,Clothing,776.55,,5,0.1,472,5
1979,Customer_2415,44,Mansoura,07/09/2022,0,13054,07/09/2022,Express,141,Product_141,Home Appliances,1005.48,684.96,2,,474,4
1514,CUSTOMER_2416,35,Luxor,22-05-2021,0,10246,22-05-2021,Standard,145,Product_145,Sports,1044.81,568.15,5,,562,5
1236,  Customer_2417  ,37,Luxor,10/15/2020,1,10480,10/15/2020,Standard,116,Product_116,Clothing,82.37,33.45,1,,1539,2
2302,Customer_2418,24,Aswan,17-07-2020,1,12145,17-07-2020,Express,121,Product_121,Electronics,128.36,64.76,5,,358,3
1347,Customer_2419,51,Mansoura,13-04-2020,0,12376,13-04-2020,Same Day,110,Product_110,Sports,822.38,361.09,3,,890,4
1626,Customer_2420,24,Mansoura,08/17/2021,1,13664,08/17/2021,Express,142,Product_142,Home Appliances,327.0,166.45,2,,1233,2
2127,Customer_2421,8,Mansoura,25-02-2022,0,11448,25-02-2022,Standard,104,Product_104,Electronics,967.17,563.36,2,,674,6
1629,Customer_2422,36,Cairo,14-06-2023,0,13648,14-06-2023,Express,144,Product_144,Clothing,850.67,346.05,4,0.2,371,4
2271,  Customer_2423  ,53,Luxor,06-05-2022,0,13495,06-05-2022,Same Day,108,Product_108,Elec,899.35,594.52,5,,811,4
1363,Customer_2424,41,Alexandria,23-05-2021,1,11028,23-05-2021,Standard,147,Product_147,Sports,488.56,284.88,4,,422,3
1320,Customer_2425,22,Cairo,23-11-2020,1,12013,23-11-2020,Same Day,119,Product_119,Electronics,977.77,477.75,5,,715,4
1285,CUSTOMER_2426,41,Cairo,01-11-2021,1,10458,01-11-2021,Same Day,147,Product_147,Electronics,1252.76,618.06,5,,1157,3
1148,Customer_2427,46,Cairo,03/29/2023,0,12843,03/29/2023,Standard,140,Product_140,Electronics,1497.2,808.04,1,0.1,485,6
2107,Customer_2428,41,Aswan,16-01-2024,0,13877,16-01-2024,Same Day,140,Product_140,Home Appliances,1265.74,600.5,5,,351,10
1405,Customer_2429,36,Alexandria,02-10-2021,1,10592,02-10-2021,Standard,109,Product_109,Sports,858.37,,4,,567,5
1977,  Customer_2430  ,47,Mansoura,01/23/2021,1,10497,01/23/2021,Same Day,130,Product_130,Clothing,330.47,134.82,5,,966,3
1455,customer_2431,13,Aswan,22-11-2020,0,12134,22-11-2020,Same Day,117,Product_117,Home Appliances,1038.1,526.65,5,,347,6
1799,Customer_2432,26,Luxor,17-10-2022,1,12449,17-10-2022,Standard,140,Product_140,Sports,1409.6,616.37,2,,807,3
2184,  Customer_2433  ,20,Giza,20-11-2022,0,11316,20-11-2022,Same Day,144,Product_144,Clothing,357.21,145.28,2,,338,9
2012,Customer_2434,60,Aswan,08/14/2022,0,13994,08/14/2022,Same Day,115,Product_115,Clothing,421.19,277.05,2,,682,5
1783,Customer_2435,50,Giza,10/18/2022,1,13352,10/18/2022,Same Day,104,Product_104,Clothing,266.06,128.31,3,,806,3
1459,Customer_2436,42,Luxor,09/23/2021,0,10196,09/23/2021,Express,106,Product_106,Sports,1118.25,616.09,2,0.05,338,6
1737,Customer_2437,18,Alexandria,10/15/2022,0,12811,10/15/2022,Same Day,116,Product_116,Clothing,639.51,290.22,3,,485,4
1508,Customer_2438,51,Giza,17-02-2020,0,13154,17-02-2020,Express,126,Product_126,Clothing,140.91,58.34,3,,428,6
1480,Customer_2439,60,Cairo,07/03/2020,0,10026,07/03/2020,Standard,137,Product_137,Home Appliances,1318.68,822.14,4,,744,3
1113,Customer_2440,48,Aswan,16-03-2022,0,13916,16-03-2022,Standard,123,Product_123,Clothing,858.62,375.64,2,,423,5
1748,Customer_2441,39,Giza,01-11-2022,0,11717,01-11-2022,Standard,113,Product_113,elect,530.09,216.13,5,,792,3
1360,Customer_2442,49,Luxor,07/25/2022,1,12182,07/25/2022,Express,147,Product_147,Home Appliances,548.78,316.19,1,,809,4
1340,Customer_2443,44,Cairo,05/08/2021,0,11113,05/08/2021,Standard,117,Product_117,Home Appliances,470.86,190.25,5,,338,4
1769,Customer_2444,53,Giza,03/16/2021,0,12253,03/16/2021,Standard,127,Product_127,Sports,710.45,377.17,2,,654,7
1760,CUSTOMER_2445,53,Luxor,04/09/2023,0,13098,04/09/2023,Same Day,122,Product_122,Clothing,538.71,262.16,5,,633,6
1968,Customer_2446,36,Alexandria,23-12-2021,1,13449,23-12-2021,Express,137,Product_137,Electronics,844.52,418.73,2,,755,4
1448,CUSTOMER_2447,30,Luxor,09-04-2020,0,13642,09-04-2020,Express,119,Product_119,Electronics,1171.6,470.01,2,0.2,390,5
1834,  Customer_2448  ,34,Alexandria,13-04-2020,1,13655,13-04-2020,Express,139,Product_139,Clothing,1027.97,708.58,5,,1724,1
2203,Customer_2449,48,Cairo,07/30/2021,1,11438,07/30/2021,Standard,135,Product_135,Clothing,476.96,264.76,3,,1251,3
2430,Customer_2450,34,Luxor,10/10/2022,0,13298,10/10/2022,Express,113,Product_113,Sports,816.67,466.93,4,0.2,399,4
2219,Customer_2451,28,Mansoura,05/08/2023,0,10602,05/08/2023,Standard,114,Product_114,Electronics,1268.18,760.7,4,,528,5
2489,customer_2452,39,Aswan,01-09-2023,1,11091,01-09-2023,Standard,148,Product_148,Home Appliances,148.9,95.19,4,,347,5
1310,Customer_2453,56,Mansoura,10/09/2023,0,10361,10/09/2023,Standard,131,Product_131,Sports,163.53,95.24,4,,450,5
1261,Customer_2454,42,Mansoura,21-08-2022,0,11283,21-08-2022,Standard,145,Product_145,Sports,856.45,538.42,1,,819,5
2442,CUSTOMER_2455,35,Mansoura,08-08-2021,0,12705,08-08-2021,Same Day,102,Product_102,Home Appliances,976.72,522.17,2,,615,5
1405,Customer_2456,44,Aswan,04-01-2023,1,11086,04-01-2023,Express,146,Product_146,Sports,356.55,182.33,1,0.2,567,5
1142,Customer_2457,41,Mansoura,17-01-2020,0,13926,17-01-2020,Express,139,Product_139,Clothing,1130.57,731.41,4,,368,5
1341,  Customer_2458  ,10,Alexandria,08/08/2020,0,12015,08/08/2020,Standard,137,Product_137,Home Appliances,987.08,651.07,4,,806,5
2339,Customer_2459,50,Luxor,06/01/2022,0,10971,06/01/2022,Standard,114,Product_114,Home Appliances,1388.77,612.92,5,,606,3
2124,Customer_2460,46,Cairo,10/01/2020,0,11715,10/01/2020,Standard,109,Product_109,Electronics,294.98,166.01,4,,633,4
1243,Customer_2461,40,Mansoura,25-06-2021,1,13027,25-06-2021,Same Day,110,Product_110,Home Appliances,1139.49,689.5,2,,1286,2
1489,Customer_2462,55,Mansoura,01/29/2024,0,11646,01/29/2024,Standard,107,Product_107,Sports,171.28,72.81,4,,338,6
1011,CUSTOMER_2463,58,Cairo,19-01-2022,0,11726,19-01-2022,Express,128,Product_128,Electronics,869.67,590.4,4,,588,5
2262,  Customer_2464  ,51,Cairo,05-04-2022,1,12988,05-04-2022,Express,146,Product_146,Sports,850.25,472.77,1,,892,5
1560,customer_2465,27,Mansoura,19-01-2022,0,10907,19-01-2022,Same Day,125,Product_125,Clothing,613.16,363.99,2,0.1,386,6
1041,Customer_2466,27,Alexandria,04/02/2020,1,13463,04/02/2020,Standard,146,Product_146,Clothing,1274.63,578.01,3,,1073,3
1677,CUSTOMER_2467,56,Cairo,31-03-2022,0,10245,31-03-2022,Express,128,Product_128,Electronics,56.34,27.01,5,,740,2
1593,  Customer_2468  ,11,Luxor,04/14/2020,0,12325,04/14/2020,Same Day,102,Product_102,Electronics,804.26,350.9,3,,506,5
2452,CUSTOMER_2469,37,Luxor,03/13/2023,1,10346,03/13/2023,Express,117,Product_117,Sports,364.87,174.85,1,,528,4
2181,Customer_2470,46,Alexandria,24-02-2023,1,11960,24-02-2023,Same Day,104,Product_104,Clothing,1128.07,617.87,4,,677,2
2239,customer_2471,13,Aswan,02/02/2021,0,10371,02/02/2021,Standard,113,Product_113,Elec,112.45,73.1,5,0.05,541,4
2485,Customer_2472,43,Giza,01/12/2022,0,10808,01/12/2022,Express,118,Product_118,Clothing,1255.75,703.37,2,,527,4
1133,Customer_2473,54,Alexandria,02/07/2023,1,12896,02/07/2023,Express,103,Product_103,Clothing,1265.23,598.88,5,,694,2
2090,Customer_2474,17,Mansoura,08/14/2021,1,12170,08/14/2021,Standard,137,Product_137,Clothing,1257.66,,1,0.2,1236,1
2030,Customer_2475,64,Giza,05/30/2020,0,13128,05/30/2020,Standard,133,Product_133,Sports,271.22,159.1,4,,441,5
1947,CUSTOMER_2476,24,Mansoura,02-03-2022,1,10159,02-03-2022,Same Day,141,Product_141,Sports,964.09,507.16,1,0.05,450,4
1072,Customer_2477,48,Luxor,10/29/2022,0,11150,10/29/2022,Standard,124,Product_124,Clothing,70.83,49.25,2,,514,7
1398,Customer_2478,38,Cairo,07/11/2022,0,12784,07/11/2022,Express,108,Product_108,Clothing,1279.55,811.14,3,,677,6
2428,Customer_2479,41,Mansoura,31-01-2023,1,13678,31-01-2023,Express,135,Product_135,Clothing,1098.31,,4,0.2,636,4
1577,Customer_2480,150,Luxor,07/26/2021,1,11334,07/26/2021,Standard,102,Product_102,Home Appliances,820.17,331.08,4,0.05,776,4
1858,CUSTOMER_2481,58,Alexandria,06/30/2023,0,10517,06/30/2023,Standard,133,Product_133,Home Appliances,1109.36,702.6,1,,551,5
1129,Customer_2482,44,Mansoura,25-10-2023,0,12982,25-10-2023,Standard,112,Product_112,Sports,186.77,85.61,1,,434,4
1930,Customer_2483,64,Luxor,06/05/2023,0,11288,06/05/2023,Standard,122,Product_122,Clothing,816.55,470.12,1,,576,3
2489,customer_2484,21,Cairo,31-08-2020,1,10745,31-08-2020,Express,113,Product_113,Home Appliances,472.35,252.34,4,,347,5
2229,Customer_2485,37,Mansoura,09/20/2020,1,12335,09/20/2020,Same Day,110,Product_110,Electronics,1460.3,834.53,1,0.2,1053,3
1265,Customer_2486,43,Aswan,17-07-2020,1,10419,17-07-2020,Express,117,Product_117,Electronics,1292.82,568.88,5,,980,3
1792,Customer_2487,40,Luxor,17-03-2022,1,13967,17-03-2022,Express,143,Product_143,Clothing,1113.25,597.89,5,,948,4
1252,Customer_2488,50,Mansoura,02/03/2022,0,11551,02/03/2022,Same Day,105,Product_105,Home Appliances,1403.93,577.13,5,0.05,621,4
1821,Customer_2489,37,Cairo,25-11-2021,0,10139,25-11-2021,Standard,109,Product_109,Electronics,552.92,227.97,4,0.1,673,7
2312,  Customer_2490  ,71,Mansoura,02/16/2023,0,11832,02/16/2023,Same Day,113,Product_113,Sports,1356.28,810.14,1,,622,7
1163,Customer_2491,40,Mansoura,18-01-2022,0,10706,18-01-2022,Express,123,Product_123,Electronics,521.6,357.56,2,0.05,327,4
1094,Customer_2492,-3,Aswan,10/22/2020,0,10697,10/22/2020,Standard,130,Product_130,Sports,1112.56,704.49,1,,353,4
1832,Customer_2493,41,Luxor,11-02-2021,0,13034,11-02-2021,Standard,143,Product_143,Electronics,1117.8,604.45,4,0.05,481,6
2133,CUSTOMER_2494,58,Giza,05/18/2023,1,10474,05/18/2023,Standard,104,Product_104,Electronics,76.61,31.93,5,,594,1
1335,Customer_2495,26,Mansoura,08-11-2022,0,13976,08-11-2022,Standard,121,Product_121,Home Appliances,573.54,237.16,4,0.2,516,6
1821,Customer_2496,25,Giza,02-04-2022,0,11660,02-04-2022,Standard,143,Product_143,Electronics,78.18,34.98,1,,673,7
1237,Customer_2497,27,Alexandria,10/21/2022,0,13600,10/21/2022,Standard,109,Product_109,Electronics,1495.78,1036.19,4,,803,3
1380,Customer_2498,23,Mansoura,23-03-2020,1,11901,23-03-2020,Same Day,107,Product_107,Sports,227.19,118.05,2,,383,4
2459,Customer_2499,32,Giza,02-04-2020,0,12436,02-04-2020,Standard,116,Product_116,Sports,837.08,546.63,4,0.05,661,6
1898,Customer_2500,53,Alexandria,20-03-2020,0,10510,20-03-2020,Same Day,123,Product_123,Elec,1196.31,731.59,3,0.05,599,7
1482,CUSTOMER_2501,62,Aswan,07-10-2020,0,10537,07-10-2020,Same Day,123,Product_123,Clothing,341.83,198.82,4,,1185,5
1901,Customer_2502,3,Luxor,01/01/2024,0,12260,01/01/2024,Same Day,131,Product_131,Electronics,753.33,515.54,1,,366,5
2048,Customer_2503,34,Mansoura,13-11-2021,1,12944,13-11-2021,Standard,105,Product_105,Electronics,930.77,436.65,3,,1145,3
2140,Customer_2504,44,Luxor,08/28/2022,0,11536,08/28/2022,Standard,106,Product_106,Home Appliances,282.3,151.44,5,,429,6
1481,Customer_2505,43,Alexandria,11/29/2022,0,13874,11/29/2022,Standard,101,Product_101,Elec,1178.91,777.39,1,,764,3
2415,Customer_2506,68,Luxor,07/24/2022,0,11288,07/24/2022,Standard,148,Product_148,Elec,484.04,273.74,2,,327,6
1916,customer_2507,9,Luxor,11/01/2020,0,11366,11/01/2020,Express,128,Product_128,Sports,355.98,168.71,4,,1265,6
1993,customer_2508,1,Cairo,26-05-2023,0,11061,26-05-2023,Express,118,Product_118,Sports,859.52,397.68,4,,510,4
1963,Customer_2509,70,Alexandria,11/21/2022,0,10232,11/21/2022,Standard,124,Product_124,Sports,644.95,403.65,1,0.2,772,4
1536,Customer_2510,51,Luxor,10/13/2020,1,12307,10/13/2020,Express,113,Product_113,Sports,1384.41,559.08,4,,750,5
2102,  Customer_2511  ,31,Giza,02-11-2021,1,10307,02-11-2021,Standard,133,Product_133,Elec,1326.09,894.13,4,,1156,3
2196,Customer_2512,42,Alexandria,06/09/2023,1,10402,06/09/2023,Standard,110,Product_110,Clothing,750.86,304.49,5,,572,4
2035,  Customer_2513  ,43,Cairo,10/14/2021,0,10996,10/14/2021,Standard,107,Product_107,Home Appliances,570.93,336.45,4,,548,8
1127,customer_2514,31,Mansoura,28-11-2020,1,11284,28-11-2020,Standard,137,Product_137,Home Appliances,522.0,303.5,4,,740,5
1091,Customer_2515,42,Aswan,03/15/2022,0,11499,03/15/2022,Standard,132,Product_132,Clothing,437.97,251.19,5,,551,6
1542,Customer_2516,45,Luxor,16-06-2023,1,10749,16-06-2023,Standard,145,Product_145,Clothing,839.59,455.31,4,,565,2
1845,Customer_2517,70,Giza,04-09-2021,1,11129,04-09-2021,Standard,122,Product_122,Home Appliances,1217.22,798.17,5,,811,3
1988,customer_2518,54,Cairo,30-04-2023,1,13318,30-04-2023,Same Day,116,Product_116,Electronics,500.6,299.26,2,,612,3
1446,Customer_2519,66,Alexandria,11/19/2021,0,10303,11/19/2021,Same Day,124,Product_124,Home Appliances,325.64,206.64,4,,641,3
1389,CUSTOMER_2520,19,Aswan,11/04/2022,0,12390,11/04/2022,Express,114,Product_114,Clothing,739.45,321.41,1,,789,5
1671,Customer_2521,34,Aswan,11/09/2022,0,11470,11/09/2022,Express,111,Product_111,elect,150.1,62.29,3,,716,8
1042,Customer_2522,43,Luxor,26-12-2022,0,11061,26-12-2022,Same Day,119,Product_119,Home Appliances,1066.85,435.87,2,,359,7
1253,Customer_2523,11,Cairo,09/30/2022,0,13891,09/30/2022,Same Day,123,Product_123,Elec,801.62,356.05,4,,605,6
2153,Customer_2524,57,Cairo,22-12-2023,0,10854,22-12-2023,Same Day,134,Product_134,Electronics,769.74,461.92,1,,367,5
2083,Customer_2525,49,Giza,02/26/2023,0,11069,02/26/2023,Express,140,Product_140,Clothing,485.65,266.24,3,0.05,435,3
1662,CUSTOMER_2526,34,Mansoura,09/05/2021,0,11745,09/05/2021,Standard,113,Product_113,Sports,1361.78,852.03,5,0.2,440,3
1466,Customer_2527,37,Mansoura,08/30/2022,0,11628,08/30/2022,Express,139,Product_139,Home Appliances,181.21,82.91,4,,442,4
1286,Customer_2528,58,Mansoura,02/04/2020,0,13291,02/04/2020,Standard,144,Product_144,Clothing,1311.24,668.85,5,,356,4
2010,Customer_2529,200,Aswan,24-01-2022,1,12303,24-01-2022,Standard,128,Product_128,Home Appliances,596.22,397.41,2,,923,2
2490,  Customer_2530  ,59,Aswan,11/09/2021,1,12184,11/09/2021,Express,140,Product_140,Sports,1326.9,903.24,3,,1149,3
1777,Customer_2531,36,Alexandria,11-10-2023,0,11254,11-10-2023,Standard,116,Product_116,Sports,1106.7,748.7,3,,448,4
1344,Customer_2532,51,Aswan,08/12/2020,1,10817,08/12/2020,Express,128,Product_128,Sports,201.05,129.78,5,,1074,2
1641,Customer_2533,41,Aswan,05/03/2022,1,11737,05/03/2022,Same Day,104,Product_104,Sports,1255.73,761.56,5,0.05,961,2
1381,customer_2534,73,Cairo,10-04-2023,0,13649,10-04-2023,Same Day,128,Product_128,Home Appliances,1039.16,700.5,2,,632,2
1689,Customer_2535,26,Alexandria,09/22/2021,0,10972,09/22/2021,Express,112,Product_112,Electronics,96.84,59.48,1,0.2,679,7
2276,Customer_2536,31,Cairo,01/25/2024,0,10037,01/25/2024,Express,116,Product_116,Electronics,243.87,167.34,4,,342,5
2079,Customer_2537,17,Giza,11/10/2023,1,11178,11/10/2023,Express,149,Product_149,Sports,971.66,395.89,1,,418,2
2486,Customer_2538,23,Giza,12-07-2023,0,13574,12-07-2023,Express,136,Product_136,Sports,1010.77,683.78,3,,345,4
1456,  Customer_2539  ,50,Alexandria,02/24/2020,0,10104,02/24/2020,Standard,120,Product_120,Electronics,1132.64,641.89,4,,400,6
1982,Customer_2540,64,Alexandria,07-05-2023,1,10254,07-05-2023,Same Day,126,Product_126,Clothing,1094.36,,2,0.2,605,4
1082,Customer_2541,52,Aswan,29-08-2022,0,13475,29-08-2022,Express,126,Product_126,Sports,1006.3,467.4,1,,520,5
2122,Customer_2542,39,Giza,27-06-2021,0,12535,27-06-2021,Express,122,Product_122,Electronics,1161.05,761.24,1,,541,9
1148,Customer_2543,26,Luxor,04-09-2023,0,11981,04-09-2023,Same Day,109,Product_109,Clothing,883.87,487.75,4,,485,6
2352,CUSTOMER_2544,53,Mansoura,30-03-2023,1,12505,30-03-2023,Express,105,Product_105,Electronics,428.15,297.5,2,,643,2
2179,Customer_2545,25,Aswan,03/28/2023,0,12575,03/28/2023,Same Day,117,Product_117,Clothing,1372.95,597.59,2,,500,5
1189,customer_2546,19,Mansoura,11-04-2021,0,10590,11-04-2021,Same Day,149,Product_149,Home Appliances,76.41,40.02,1,,580,6
1882,  Customer_2547  ,35,Giza,17-01-2024,0,10524,17-01-2024,Express,134,Product_134,Clothing,581.51,290.5,1,,350,7
1262,Customer_2548,9,Mansoura,04/15/2020,1,10369,04/15/2020,Standard,102,Product_102,Sports,1106.86,614.13,5,0.2,735,3
2103,Customer_2549,19,Luxor,04/10/2023,0,10101,04/10/2023,Express,107,Product_107,Clothing,669.38,394.96,4,,632,1
1399,Customer_2550,68,Luxor,10-09-2022,1,12963,10-09-2022,Standard,136,Product_136,Clothing,86.01,51.48,2,,844,2
1763,customer_2551,16,Cairo,15-12-2020,0,10663,15-12-2020,Express,113,Product_113,Sports,145.67,58.32,3,,403,5
1608,Customer_2552,22,Alexandria,09-12-2022,0,10689,09-12-2022,Standard,120,Product_120,Home Appliances,990.52,422.64,4,0.1,754,2
2283,Customer_2553,41,Mansoura,12-07-2023,0,11926,12-07-2023,Same Day,130,Product_130,Clothing,1449.05,594.86,5,,327,6
1784,customer_2554,41,Luxor,16-01-2024,0,12646,16-01-2024,Same Day,130,Product_130,Home Appliances,850.2,560.6,4,0.2,351,5
1100,Customer_2555,36,Alexandria,06/23/2023,0,12647,06/23/2023,Express,111,Product_111,Electronics,784.8,387.68,1,,558,2
2382,Customer_2556,9,Alexandria,17-02-2022,1,12588,17-02-2022,Express,131,Product_131,Electronics,511.57,260.96,4,,907,6
2403,Customer_2557,52,Cairo,29-10-2020,0,11535,29-10-2020,Standard,103,Product_103,Sports,422.2,225.92,4,,626,7
1819,Customer_2558,33,Alexandria,10/26/2023,0,12436,10/26/2023,Standard,102,Product_102,Home Appliances,80.43,,4,0.2,433,5
2244,Customer_2559,58,Alexandria,05/11/2021,1,12410,05/11/2021,Standard,148,Product_148,Sports,445.78,180.21,3,,1043,3
1819,Customer_2560,30,Aswan,05-03-2020,0,12028,05-03-2020,Standard,103,Product_103,Sports,701.21,305.44,5,,433,5
1419,CUSTOMER_2561,54,Giza,18-03-2023,0,10930,18-03-2023,Standard,115,Product_115,Clothing,337.03,204.09,4,,401,8
1123,CUSTOMER_2562,59,Cairo,12/05/2023,0,11856,12/05/2023,Express,117,Product_117,Electronics,176.65,121.74,4,,393,5
1421,Customer_2563,32,Cairo,13-08-2020,0,12659,13-08-2020,Same Day,148,Product_148,Sports,1090.71,646.61,3,,352,4
2254,Customer_2564,53,Mansoura,25-01-2021,0,13186,25-01-2021,Standard,107,Product_107,Clothing,1347.2,644.42,2,0.05,788,5
2086,customer_2565,20,Alexandria,02/08/2020,0,12769,02/08/2020,Same Day,148,Product_148,Clothing,1408.32,782.97,4,0.2,561,5
1767,Customer_2566,43,Mansoura,06/22/2022,0,11989,06/22/2022,Same Day,105,Product_105,Home Appliances,946.1,655.17,4,0.2,924,1
1482,Customer_2567,58,Aswan,10/04/2021,0,12390,10/04/2021,Express,134,Product_134,Electronics,126.52,70.65,2,,1185,5
1518,Customer_2568,47,Luxor,05/07/2022,1,13145,05/07/2022,Standard,133,Product_133,Home Appliances,1124.25,575.67,4,,932,3
1154,Customer_2569,76,Alexandria,06-11-2020,1,12182,06-11-2020,Standard,145,Product_145,Home Appliances,209.64,107.97,4,,1517,2
1091,Customer_2570,48,Luxor,04/25/2022,0,12987,04/25/2022,Standard,116,Product_116,Sports,1021.13,704.69,4,,551,6
1981,customer_2571,-10,Giza,11/15/2023,0,13852,11/15/2023,Standard,137,Product_137,Home Appliances,1180.08,726.55,5,0.1,413,4
1454,customer_2572,82,Aswan,02/21/2021,0,11885,02/21/2021,Express,103,Product_103,Sports,1102.5,668.28,1,,561,7
1597,  Customer_2573  ,64,Alexandria,04/20/2022,0,10977,04/20/2022,Express,147,Product_147,Home Appliances,1430.23,671.66,5,0.1,397,7
1509,Customer_2574,15,Mansoura,10/24/2022,1,13661,10/24/2022,Standard,148,Product_148,Clothing,1120.31,636.16,2,0.1,800,3
2206,Customer_2575,28,Mansoura,06/06/2023,0,11994,06/06/2023,Standard,143,Product_143,Electronics,1055.15,534.99,5,,575,3
1385,Customer_2576,24,Alexandria,23-08-2022,0,10379,23-08-2022,Same Day,121,Product_121,Electronics,429.53,202.76,5,,378,6
1404,Customer_2577,49,Mansoura,29-01-2024,0,11513,29-01-2024,Same Day,141,Product_141,Electronics,1390.91,930.05,3,,338,5
1245,Customer_2578,48,Alexandria,05/07/2020,1,11148,05/07/2020,Standard,108,Product_108,Clothing,310.34,159.81,2,,1483,3
1741,Customer_2579,48,Cairo,12/16/2023,0,12085,12/16/2023,Standard,122,Product_122,Clothing,1362.1,660.4,2,,382,2
1660,Customer_2580,15,Mansoura,10/09/2020,0,10780,10/09/2020,Same Day,105,Product_105,Home Appliances,503.36,342.04,2,0.2,441,8
1649,Customer_2581,30,Alexandria,11/28/2022,0,10309,11/28/2022,Same Day,117,Product_117,Home Appliances,238.74,109.63,5,,647,3
2494,  Customer_2582  ,37,Alexandria,28-02-2021,1,12153,28-02-2021,Standard,137,Product_137,Home Appliances,1248.69,778.75,2,,876,3
2446,CUSTOMER_2583,12,Mansoura,22-02-2023,0,10555,22-02-2023,Same Day,114,Product_114,Home Appliances,53.62,31.95,3,0.05,679,2
1900,  Customer_2584  ,26,Cairo,27-10-2021,1,13296,27-10-2021,Express,139,Product_139,Electronics,1256.53,849.6,4,0.05,1162,1
1064,Customer_2585,60,Mansoura,18-09-2023,0,13313,18-09-2023,Same Day,141,Product_141,Home Appliances,430.35,279.56,5,0.05,471,3
2036,customer_2586,16,Alexandria,06-09-2022,0,10396,06-09-2022,Standard,128,Product_128,Clothing,1332.85,815.16,4,,386,6
1212,Customer_2587,61,Cairo,12-12-2022,0,12200,12-12-2022,Express,131,Product_131,Clothing,1052.64,520.4,4,,712,4
1241,Customer_2588,56,Luxor,10-02-2022,0,12583,10-02-2022,Express,117,Product_117,Clothing,1015.97,557.43,5,,482,7
1492,Customer_2589,35,Giza,10/04/2021,0,13707,10/04/2021,Same Day,135,Product_135,Sports,579.71,,5,,425,4
2236,Customer_2590,30,Mansoura,12/20/2020,0,13868,12/20/2020,Standard,140,Product_140,Sports,136.13,55.4,2,,589,4
1337,Customer_2591,52,Aswan,30-07-2022,0,13043,30-07-2022,Same Day,122,Product_122,Sports,1253.61,800.18,3,,352,8
1172,Customer_2592,28,Alexandria,12/27/2022,0,13013,12/27/2022,Same Day,145,Product_145,Home Appliances,297.81,141.62,5,0.2,544,5
1671,Customer_2593,28,Cairo,02-12-2021,0,13473,02-12-2021,Same Day,148,Product_148,Electronics,589.78,268.65,4,,716,8
1163,CUSTOMER_2594,39,Cairo,23-01-2023,0,11883,23-01-2023,Express,129,Product_129,Elec,920.51,432.33,5,,327,4
1464,Customer_2595,8,Luxor,26-12-2021,1,13844,26-12-2021,Same Day,110,Product_110,Home Appliances,749.27,313.14,3,,729,4
1994,Customer_2596,18,Mansoura,16-10-2023,0,11169,16-10-2023,Same Day,118,Product_118,Home Appliances,338.06,235.83,1,,338,3
1496,Customer_2597,35,Aswan,01/16/2024,0,13262,01/16/2024,Same Day,135,Product_135,Sports,253.89,167.81,4,,351,5
1699,CUSTOMER_2598,47,Cairo,10/26/2023,0,12940,10/26/2023,Same Day,144,Product_144,Clothing,228.71,127.24,1,,433,9
1394,customer_2599,27,Luxor,08/10/2023,0,13748,08/10/2023,Standard,116,Product_116,Clothing,1301.36,799.73,1,0.2,510,5
1702,Customer_2600,37,Alexandria,11/20/2023,1,12630,11/20/2023,Standard,149,Product_149,Sports,95.76,54.29,3,,387,5
1307,Customer_2601,15,Luxor,25-06-2021,0,10200,25-06-2021,Standard,107,Product_107,Sports,1466.67,943.76,5,,1286,2
1182,CUSTOMER_2602,53,Mansoura,03-06-2023,0,11890,03-06-2023,Express,130,Product_130,Electronics,337.87,220.77,1,,530,7
1628,CUSTOMER_2603,43,Luxor,09/18/2022,0,10011,09/18/2022,Standard,119,Product_119,Sports,209.97,98.65,2,,344,6
1509,  Customer_2604  ,44,Cairo,28-01-2021,1,11075,28-01-2021,Same Day,123,Product_123,Clothing,886.61,476.93,5,0.2,800,3
1545,Customer_2605,47,Cairo,19-05-2021,0,11976,19-05-2021,Same Day,108,Product_108,Clothing,165.98,98.0,4,,696,6
1623,Customer_2606,41,Giza,07/25/2021,0,12815,07/25/2021,Standard,117,Product_117,Home Appliances,923.56,,5,,556,5
1593,Customer_2607,200,Luxor,02/16/2023,0,11325,02/16/2023,Express,121,Product_121,Elec,1283.41,776.22,3,,506,5
1743,  Customer_2608  ,56,Alexandria,03-09-2021,1,11895,03-09-2021,Express,126,Product_126,Home Appliances,119.45,79.95,3,0.05,969,5
2250,Customer_2609,42,Aswan,05-04-2021,0,13371,05-04-2021,Express,128,Product_128,Electronics,1209.81,791.01,4,,625,5
2459,Customer_2610,37,Aswan,01-09-2021,0,10919,01-09-2021,Same Day,139,Product_139,Home Appliances,621.99,357.41,4,,661,6
2445,Customer_2611,39,Mansoura,14-08-2021,0,12568,14-08-2021,Standard,133,Product_133,Electronics,281.26,187.91,4,,495,4
1553,Customer_2612,39,Giza,14-12-2023,0,13211,14-12-2023,Express,140,Product_140,Sports,305.34,156.71,3,0.2,352,5
1020,CUSTOMER_2613,37,Luxor,02/28/2021,0,12147,02/28/2021,Same Day,119,Product_119,Clothing,1382.21,710.16,5,0.1,534,7
1553,customer_2614,46,Alexandria,11/14/2023,0,13556,11/14/2023,Express,129,Product_129,Sports,210.38,133.44,1,,352,5
1396,Customer_2615,25,Giza,12/14/2023,0,13208,12/14/2023,Express,120,Product_120,Electronics,1306.84,575.48,1,0.1,384,7
1624,Customer_2616,27,Cairo,09/28/2022,1,10870,09/28/2022,Standard,120,Product_120,Electronics,839.15,412.65,2,,826,2
1104,Customer_2617,48,Mansoura,10/11/2021,0,10365,10/11/2021,Same Day,110,Product_110,Home Appliances,106.63,62.12,3,,592,4
1191,Customer_2618,37,Luxor,09-09-2022,0,13955,09-09-2022,Express,112,Product_112,Electronics,723.49,380.57,4,,692,4
1016,Customer_2619,54,Aswan,12/15/2021,1,13605,12/15/2021,Same Day,133,Product_133,Sports,1235.3,842.74,5,0.05,683,6
2143,Customer_2620,46,Alexandria,02/21/2023,0,13578,02/21/2023,Express,125,Product_125,Elec,1102.99,758.36,3,,370,7
1392,Customer_2621,31,Cairo,01/17/2024,0,10656,01/17/2024,Standard,125,Product_125,Electronics,758.73,417.89,2,0.05,350,4
1424,Customer_2622,48,Giza,14-07-2021,0,10160,14-07-2021,Express,104,Product_104,Home Appliances,1297.07,728.59,1,,420,7
1128,customer_2623,57,Mansoura,08/12/2021,0,12808,08/12/2021,Standard,104,Product_104,Electronics,224.53,138.62,5,0.05,587,4
2153,Customer_2624,46,Giza,06-09-2020,0,10174,06-09-2020,Express,109,Product_109,Home Appliances,1369.41,735.62,1,,367,5
1571,Customer_2625,49,Aswan,03/20/2023,0,13159,03/20/2023,Standard,115,Product_115,Clothing,1277.34,583.78,5,,653,2
1028,customer_2626,37,Giza,10/17/2023,0,13470,10/17/2023,Express,126,Product_126,Home Appliances,1077.0,672.15,4,,442,6
2120,Customer_2627,54,Alexandria,17-01-2023,1,11503,17-01-2023,Express,115,Product_115,Electronics,1235.94,767.93,5,,518,4
2033,Customer_2628,31,Cairo,16-02-2022,0,10544,16-02-2022,Express,126,Product_126,Clothing,838.53,,4,,968,4
1241,Customer_2629,45,Luxor,03/19/2022,0,12524,03/19/2022,Same Day,128,Product_128,Electronics,1028.99,668.71,3,,482,7
1231,Customer_2630,78,Alexandria,12/07/2021,0,13854,12/07/2021,Same Day,107,Product_107,Home Appliances,862.87,504.0,1,0.2,351,3
1788,Customer_2631,48,Aswan,26-10-2020,0,12330,26-10-2020,Express,132,Product_132,Sports,565.37,266.23,5,,914,2
2307,CUSTOMER_2632,33,Mansoura,08/17/2021,1,11761,08/17/2021,Same Day,112,Product_112,Clothing,874.85,521.07,5,,1233,3
1714,CUSTOMER_2633,33,Aswan,27-03-2020,0,10956,27-03-2020,Same Day,135,Product_135,Sports,423.32,199.0,2,,420,4
1758,  Customer_2634  ,38,Aswan,12-08-2021,0,10451,12-08-2021,Express,132,Product_132,Sports,688.4,330.14,1,,475,7
1801,CUSTOMER_2635,52,Giza,01/02/2024,0,13695,01/02/2024,Express,109,Product_109,Clothing,457.12,299.14,3,,365,6
1775,Customer_2636,42,Mansoura,06/10/2020,0,10081,06/10/2020,Express,114,Product_114,Sports,228.19,154.91,4,0.05,454,7
1725,Customer_2637,30,Alexandria,10-12-2021,0,11236,10-12-2021,Same Day,113,Product_113,Sports,516.7,246.5,3,,504,9
1199,Customer_2638,30,Aswan,06/24/2022,1,10815,06/24/2022,Same Day,144,Product_144,Sports,1285.38,872.02,2,0.05,922,1
1944,Customer_2639,42,Alexandria,09/05/2023,0,12567,09/05/2023,Same Day,133,Product_133,Sports,602.57,284.2,3,,484,1
1078,Customer_2640,40,Luxor,06/09/2021,1,12181,06/09/2021,Express,132,Product_132,Clothing,1134.61,,4,0.2,1187,3
1955,Customer_2641,46,Giza,08-09-2022,0,10446,08-09-2022,Same Day,119,Product_119,Electronics,304.04,126.93,1,,371,6
1855,Customer_2642,53,Alexandria,03/14/2021,0,12165,03/14/2021,Same Day,130,Product_130,Sports,665.41,,2,,805,5
2196,CUSTOMER_2643,80,Mansoura,17-02-2021,1,11619,17-02-2021,Standard,116,Product_116,Clothing,216.54,111.64,5,,572,4
1466,Customer_2644,18,Aswan,01/08/2023,0,11793,01/08/2023,Standard,112,Product_112,Clothing,251.0,170.24,5,0.2,442,4
1580,customer_2645,50,Luxor,07/09/2021,0,13314,07/09/2021,Express,110,Product_110,Clothing,945.28,446.78,1,,387,5
2439,Customer_2646,41,Mansoura,25-02-2023,1,10748,25-02-2023,Express,102,Product_102,Clothing,930.85,474.4,3,,452,5
1939,Customer_2647,12,Giza,26-11-2023,0,11173,26-11-2023,Same Day,118,Product_118,Home Appliances,359.39,,5,,364,5
1448,Customer_2648,-5,Luxor,10-07-2021,0,11909,10-07-2021,Standard,113,Product_113,Electronics,737.91,362.04,2,0.2,390,5
1086,Customer_2649,46,Luxor,10/08/2020,0,11556,10/08/2020,Standard,129,Product_129,Electronics,1301.79,787.99,4,,875,5
1100,Customer_2650,51,Luxor,08/11/2020,0,10645,08/11/2020,Express,124,Product_124,Sports,302.59,160.26,3,,558,2
2031,Customer_2651,14,Aswan,06/14/2023,1,10378,06/14/2023,Same Day,138,Product_138,Clothing,77.86,35.73,4,0.1,344,5
1844,Customer_2652,36,Cairo,04/16/2023,0,12655,04/16/2023,Express,112,Product_112,Home Appliances,995.39,617.36,3,0.1,626,3
2223,Customer_2653,23,Luxor,05-05-2021,1,13013,05-05-2021,Same Day,129,Product_129,Clothing,127.57,52.06,2,0.05,1337,2
1086,Customer_2654,72,Mansoura,05/11/2021,0,12572,05/11/2021,Standard,122,Product_122,Sports,1470.91,717.36,4,0.2,875,5
1042,Customer_2655,57,Mansoura,13-04-2020,0,13584,13-04-2020,Same Day,136,Product_136,Electronics,933.95,473.38,2,,359,7
2408,Customer_2656,29,Giza,03-10-2023,0,13733,03-10-2023,Standard,101,Product_101,Sports,732.07,393.46,4,,456,5
2458,customer_2657,16,Alexandria,23-12-2022,0,11140,23-12-2022,Standard,143,Product_143,Sports,673.49,406.76,3,,547,5
1407,Customer_2658,42,Alexandria,04/07/2021,1,13735,04/07/2021,Standard,140,Product_140,Sports,880.95,473.79,2,0.05,485,3
1663,  Customer_2659  ,56,Cairo,30-07-2023,0,12623,30-07-2023,Express,134,Product_134,Sports,181.41,104.91,3,0.05,521,6
2040,Customer_2660,13,Aswan,04/21/2021,1,10936,04/21/2021,Express,134,Product_134,Sports,1398.53,809.38,3,0.2,935,5
1147,CUSTOMER_2661,26,Aswan,04/17/2020,0,12013,04/17/2020,Express,148,Product_148,Sports,957.18,490.06,4,,1135,3
1276,  Customer_2662  ,23,Luxor,24-07-2020,0,10661,24-07-2020,Same Day,133,Product_133,Sports,316.77,215.46,4,,391,8
1231,CUSTOMER_2663,53,Cairo,26-04-2022,0,11340,26-04-2022,Express,104,Product_104,Electronics,865.74,594.55,2,,351,3
1365,CUSTOMER_2664,34,Giza,11/07/2021,0,10875,11/07/2021,Standard,138,Product_138,Electronics,243.22,139.74,5,,477,3
2251,customer_2665,35,Giza,09-01-2024,0,10011,09-01-2024,Express,130,Product_130,Clothing,75.45,31.8,1,,358,4
1435,Customer_2666,42,Alexandria,25-08-2022,1,11113,25-08-2022,Standard,146,Product_146,Clothing,964.25,527.77,4,0.1,860,3
1398,Customer_2667,26,Giza,07/24/2020,0,10387,07/24/2020,Express,120,Product_120,Home Appliances,990.3,450.91,3,,677,6
2234,customer_2668,18,Luxor,10/27/2023,1,12130,10/27/2023,Same Day,126,Product_126,Home Appliances,896.36,488.48,1,,359,3
2414,Customer_2669,60,Mansoura,10/08/2020,0,13023,10/08/2020,Same Day,115,Product_115,Elec,316.05,144.29,2,,510,3
1498,Customer_2670,61,Giza,01/11/2020,0,13833,01/11/2020,Standard,107,Product_107,elect,924.97,565.3,1,0.05,914,6
1539,customer_2671,42,Cairo,02/01/2023,0,11919,02/01/2023,Express,107,Product_107,Home Appliances,131.94,55.96,1,,597,6
1562,CUSTOMER_2672,43,Luxor,11/19/2020,1,10395,11/19/2020,Express,129,Product_129,Electronics,933.4,640.3,5,0.05,1049,6
1441,Customer_2673,58,Giza,13-04-2022,0,12592,13-04-2022,Standard,123,Product_123,Home Appliances,853.32,391.34,5,,686,5
2284,Customer_2674,42,Aswan,30-08-2023,0,12708,30-08-2023,Same Day,134,Product_134,Clothing,1000.12,598.27,1,,490,4
1772,customer_2675,33,Giza,09/01/2022,1,10639,09/01/2022,Express,120,Product_120,Electronics,1348.44,,5,,853,1
1349,CUSTOMER_2676,40,Aswan,09/04/2022,0,10099,09/04/2022,Express,115,Product_115,Electronics,1283.02,608.62,5,0.05,350,4
2375,  Customer_2677  ,60,Luxor,08/25/2023,0,10456,08/25/2023,Express,133,Product_133,Home Appliances,1471.95,1001.35,1,,370,5
1519,customer_2678,40,Giza,12-02-2021,0,12022,12-02-2021,Same Day,117,Product_117,Sports,1465.55,757.11,4,0.2,611,6
2343,Customer_2679,29,Aswan,11-08-2021,0,12921,11-08-2021,Express,120,Product_120,Sports,1169.86,805.05,5,,451,5
1137,Customer_2680,42,Mansoura,10/19/2021,0,12375,10/19/2021,Same Day,113,Product_113,Clothing,1436.81,993.42,1,,392,4
1991,Customer_2681,49,Alexandria,08/07/2021,1,12771,08/07/2021,Express,144,Product_144,Electronics,1307.56,596.8,4,,1243,3
1367,Customer_2682,48,Luxor,08/15/2023,1,10073,08/15/2023,Same Day,124,Product_124,Electronics,1104.99,,5,,505,1
2243,  Customer_2683  ,48,Aswan,05/01/2020,0,13167,05/01/2020,Standard,147,Product_147,Home Appliances,159.31,72.97,1,,437,8
2360,Customer_2684,27,Cairo,02-07-2020,1,12139,02-07-2020,Same Day,137,Product_137,Sports,121.12,56.68,5,,823,2
2246,CUSTOMER_2685,51,Giza,28-08-2023,0,12377,28-08-2023,Standard,107,Product_107,Sports,1264.52,537.72,4,0.05,492,8
1359,Customer_2686,40,Aswan,03/21/2023,0,11863,03/21/2023,Express,108,Product_108,Clothing,760.0,339.69,1,,459,4
1920,customer_2687,29,Aswan,04/20/2021,0,10174,04/20/2021,Express,123,Product_123,Sports,1231.18,725.98,4,,547,7
1328,Customer_2688,51,Aswan,31-12-2022,0,11760,31-12-2022,Express,114,Product_114,Sports,503.73,269.38,3,,732,4
1961,Customer_2689,33,Alexandria,01/20/2024,0,12362,01/20/2024,Standard,104,Product_104,Sports,626.59,399.32,2,,347,4
1462,Customer_2690,16,Cairo,03/17/2020,0,13758,03/17/2020,Express,121,Product_121,Home Appliances,1065.27,532.21,3,,489,2
1945,Customer_2691,24,Cairo,12/24/2020,0,13639,12/24/2020,Same Day,146,Product_146,Sports,1377.22,951.09,5,0.2,430,5
1962,CUSTOMER_2692,37,Mansoura,05-05-2022,0,10496,05-05-2022,Same Day,110,Product_110,Clothing,177.25,73.55,4,,581,4
2405,Customer_2693,48,Alexandria,26-12-2020,0,11292,26-12-2020,Standard,122,Product_122,Sports,1299.14,,1,0.05,692,6
1835,Customer_2694,27,Aswan,03/15/2020,0,10427,03/15/2020,Same Day,130,Product_130,Clothing,1199.87,732.42,4,,559,5
1168,  Customer_2695  ,36,Luxor,03/24/2022,1,10034,03/24/2022,Standard,130,Product_130,Home Appliances,507.53,338.15,5,,1014,1
1216,Customer_2696,21,Alexandria,11-10-2022,0,12166,11-10-2022,Standard,116,Product_116,Home Appliances,565.06,360.88,1,,517,5
1377,customer_2697,54,Alexandria,16-01-2021,1,11394,16-01-2021,Express,111,Product_111,Clothing,117.37,64.19,3,,847,3
1118,Customer_2698,65,Cairo,08/15/2021,1,12972,08/15/2021,Standard,122,Product_122,Home Appliances,72.82,35.02,4,,693,3
1189,customer_2699,150,Mansoura,17-03-2020,0,13639,17-03-2020,Same Day,129,Product_129,Electronics,741.66,299.66,2,,580,6
1766,  Customer_2700  ,54,Mansoura,19-01-2020,1,13972,19-01-2020,Same Day,125,Product_125,Elec,188.53,104.23,5,0.1,1174,5
1369,CUSTOMER_2701,52,Alexandria,03-09-2021,0,13522,03-09-2021,Express,114,Product_114,Electronics,331.3,179.79,5,0.2,382,3
1148,  Customer_2702  ,8,Alexandria,09-03-2023,0,13380,09-03-2023,Standard,114,Product_114,Electronics,1277.81,643.09,4,,485,6
1651,Customer_2703,42,Giza,05/19/2023,0,11380,05/19/2023,Express,102,Product_102,Electronics,877.99,503.46,3,0.05,593,1
1769,Customer_2704,32,Aswan,08/07/2020,0,13447,08/07/2020,Express,113,Product_113,Home Appliances,968.77,599.32,3,,654,7
1373,Customer_2705,53,Cairo,11/17/2021,1,12875,11/17/2021,Express,103,Product_103,Clothing,321.85,196.41,2,,607,3
1780,customer_2706,1,Aswan,08/05/2021,0,13176,08/05/2021,Express,130,Product_130,Home Appliances,1251.56,599.47,2,0.2,438,6
1159,  Customer_2707  ,42,Luxor,19-07-2022,0,12437,19-07-2022,Express,118,Product_118,Sports,1308.57,,4,,546,6
1350,Customer_2708,36,Luxor,06-08-2023,1,10175,06-08-2023,Standard,136,Product_136,Electronics,808.83,359.63,1,0.05,514,2
2311,Customer_2709,56,Mansoura,17-01-2023,0,12153,17-01-2023,Same Day,121,Product_121,elect,1373.21,599.38,3,,474,6
2311,Customer_2710,63,Cairo,12/09/2022,0,10591,12/09/2022,Standard,119,Product_119,Home Appliances,1275.0,810.59,1,,474,6
1891,Customer_2711,26,Aswan,08-10-2022,0,11186,08-10-2022,Standard,116,Product_116,Sports,1110.42,675.27,1,,431,5
2249,Customer_2712,26,Mansoura,10/01/2020,0,10913,10/01/2020,Express,128,Product_128,Home Appliances,1114.41,702.5,4,0.1,328,6
1522,Customer_2713,43,Luxor,29-10-2022,0,11290,29-10-2022,Same Day,104,Product_104,Clothing,202.82,90.4,2,,332,2
1521,CUSTOMER_2714,66,Alexandria,16-08-2022,0,11586,16-08-2022,Standard,115,Product_115,Electronics,442.71,298.56,1,,869,2
1782,Customer_2715,40,Cairo,07/12/2021,1,13960,07/12/2021,Standard,101,Product_101,Home Appliances,146.93,64.64,4,,918,2
1272,Customer_2716,20,Cairo,01/29/2021,1,11302,01/29/2021,Same Day,148,Product_148,Clothing,62.59,41.37,2,,814,4
1935,  Customer_2717  ,30,Aswan,18-08-2020,0,11326,18-08-2020,Standard,147,Product_147,Electronics,279.55,141.37,1,,468,9
2425,  Customer_2718  ,43,Giza,11/08/2021,1,13658,11/08/2021,Same Day,116,Product_116,elect,1326.71,572.65,1,0.05,851,2
1182,CUSTOMER_2719,43,Aswan,28-11-2020,0,13002,28-11-2020,Standard,120,Product_120,Electronics,397.82,193.35,2,0.1,530,7
1487,Customer_2720,29,Alexandria,06-02-2024,0,10952,06-02-2024,Express,133,Product_133,Sports,1456.72,661.98,2,0.05,330,5
1845,CUSTOMER_2721,30,Alexandria,28-07-2022,1,10860,28-07-2022,Same Day,117,Product_117,Home Appliances,916.07,501.27,5,0.2,811,3
1123,CUSTOMER_2722,25,Mansoura,08/20/2023,0,12174,08/20/2023,Standard,105,Product_105,Electronics,394.02,,5,0.05,393,5
1984,CUSTOMER_2723,57,Cairo,06/10/2021,0,11269,06/10/2021,Standard,105,Product_105,Electronics,770.84,384.16,4,0.2,611,4
1789,Customer_2724,27,Mansoura,01/11/2024,0,12871,01/11/2024,Same Day,139,Product_139,Clothing,367.69,214.59,4,,356,3
1413,Customer_2725,33,Alexandria,01/16/2021,0,10233,01/16/2021,Same Day,113,Product_113,Home Appliances,1476.76,985.76,3,,948,7
2195,Customer_2726,32,Giza,01/29/2020,1,12714,01/29/2020,Same Day,144,Product_144,Clothing,1278.53,753.08,5,0.2,1604,5
2311,customer_2727,15,Cairo,21-11-2021,0,13656,21-11-2021,Same Day,136,Product_136,Home Appliances,88.05,44.79,2,,474,6
2458,Customer_2728,27,Alexandria,27-08-2021,0,12978,27-08-2021,Same Day,130,Product_130,Electronics,1424.28,993.08,5,0.1,547,5
1685,CUSTOMER_2729,58,Giza,03/08/2023,0,11462,03/08/2023,Same Day,104,Product_104,Sports,1095.54,499.81,4,,452,4
1112,  Customer_2730  ,21,Aswan,13-10-2023,0,12184,13-10-2023,Express,123,Product_123,Clothing,169.45,94.38,4,0.1,446,6
1887,Customer_2731,25,Luxor,01/30/2021,1,11809,01/30/2021,Express,121,Product_121,Sports,1022.42,653.34,4,,825,4
1121,Customer_2732,20,Alexandria,12/25/2020,0,12603,12/25/2020,Same Day,121,Product_121,Sports,988.04,395.41,2,,448,5
2245,Customer_2733,38,Luxor,05-06-2023,1,12806,05-06-2023,Standard,106,Product_106,Sports,367.24,224.24,1,,576,4
1038,Customer_2734,68,Mansoura,08/01/2023,0,11172,08/01/2023,Express,124,Product_124,Home Appliances,1149.75,551.82,4,,461,5
1496,Customer_2735,38,Luxor,10-04-2022,0,10055,10-04-2022,Express,147,Product_147,Home Appliances,176.24,79.47,5,0.2,351,5
1779,  Customer_2736  ,41,Alexandria,25-05-2022,0,13759,25-05-2022,Standard,131,Product_131,Sports,759.7,366.37,1,,678,3
2256,Customer_2737,28,Luxor,11/21/2022,0,12403,11/21/2022,Express,119,Product_119,Electronics,64.39,44.43,5,0.2,329,8
1942,CUSTOMER_2738,39,Cairo,02-11-2021,0,13328,02-11-2021,Express,138,Product_138,Electronics,1454.67,971.11,4,,523,5
1148,customer_2739,58,Alexandria,26-06-2020,0,12970,26-06-2020,Same Day,112,Product_112,Sports,1139.77,529.0,2,0.2,485,6
2420,Customer_2740,42,Giza,31-03-2022,0,10812,31-03-2022,Express,114,Product_114,Clothing,280.34,121.98,1,,1007,2
2021,Customer_2741,71,Luxor,02-10-2023,0,13134,02-10-2023,Express,112,Product_112,Clothing,545.43,277.76,1,,457,4
1660,Customer_2742,58,Cairo,07/14/2020,0,11849,07/14/2020,Express,115,Product_115,Home Appliances,282.82,163.39,4,,441,8
1301,CUSTOMER_2743,38,Mansoura,01/13/2021,0,11959,01/13/2021,Same Day,119,Product_119,Clothing,1161.6,766.82,4,0.2,434,6
2383,Customer_2744,38,Mansoura,10/14/2020,0,11086,10/14/2020,Standard,128,Product_128,Electronics,135.4,93.4,4,,530,3
1237,Customer_2745,64,Luxor,09/04/2022,0,10805,09/04/2022,Standard,140,Product_140,Sports,1268.59,793.31,3,,803,3
1646,CUSTOMER_2746,42,Mansoura,10/24/2021,0,13100,10/24/2021,Standard,141,Product_141,Clothing,1416.18,820.96,2,,591,3
1662,Customer_2747,61,Giza,05/23/2021,0,11575,05/23/2021,Standard,105,Product_105,Sports,1031.11,456.47,2,,440,3
1235,Customer_2748,70,Alexandria,14-01-2020,1,13730,14-01-2020,Express,105,Product_105,Clothing,358.8,151.49,4,0.1,791,3
1202,customer_2749,36,Cairo,18-06-2021,0,10599,18-06-2021,Same Day,106,Product_106,Home Appliances,572.13,331.15,3,,420,4
1255,CUSTOMER_2750,45,Aswan,02/24/2022,1,12615,02/24/2022,Same Day,123,Product_123,Electronics,742.0,416.8,4,,667,3
1597,Customer_2751,54,Luxor,04/27/2021,0,13371,04/27/2021,Express,103,Product_103,Home Appliances,926.71,605.91,4,0.2,397,7
1661,Customer_2752,51,Mansoura,07/03/2022,0,12752,07/03/2022,Standard,137,Product_137,Sports,1019.56,506.5,2,,356,10
1234,CUSTOMER_2753,51,Alexandria,06/30/2021,1,10611,06/30/2021,Same Day,133,Product_133,Electronics,853.61,,3,0.1,1041,6
2368,Customer_2754,19,Aswan,11/06/2021,0,11238,11/06/2021,Express,143,Product_143,Electronics,559.41,294.87,2,,748,4
1533,Customer_2755,27,Giza,09/10/2021,0,12188,09/10/2021,Express,121,Product_121,Home Appliances,1341.83,926.88,4,0.2,468,4
1859,customer_2756,32,Mansoura,07-04-2023,1,11949,07-04-2023,Express,120,Product_120,Clothing,168.02,107.31,5,,635,3
2489,Customer_2757,58,Mansoura,20-01-2024,1,11530,20-01-2024,Express,101,Product_101,Home Appliances,726.07,297.78,1,0.05,347,5
1769,Customer_2758,21,Cairo,19-03-2023,0,10560,19-03-2023,Same Day,139,Product_139,Sports,1174.57,778.04,4,,654,7
1540,Customer_2759,62,Giza,24-01-2020,0,12546,24-01-2020,Express,147,Product_147,Clothing,138.27,74.87,3,,502,4
1212,Customer_2760,51,Giza,06/19/2021,0,10626,06/19/2021,Same Day,117,Product_117,Home Appliances,1072.74,546.49,5,,712,4
1462,CUSTOMER_2761,57,Luxor,08/31/2023,0,12549,08/31/2023,Express,129,Product_129,Home Appliances,1238.58,624.27,3,,489,2
1435,Customer_2762,26,Aswan,06-01-2022,1,12788,06-01-2022,Express,108,Product_108,Clothing,1008.21,583.29,4,,860,3
1282,Customer_2763,41,Cairo,11/19/2023,0,12811,11/19/2023,Same Day,126,Product_126,Clothing,68.76,,4,,404,5
2486,  Customer_2764  ,44,Luxor,04/28/2021,0,11610,04/28/2021,Express,128,Product_128,Clothing,311.2,185.78,1,0.2,345,4
2430,Customer_2765,43,Cairo,05/07/2020,0,13262,05/07/2020,Standard,134,Product_134,Home Appliances,546.06,312.4,3,,399,4
1087,Customer_2766,44,Giza,09/29/2023,0,13782,09/29/2023,Same Day,126,Product_126,Clothing,388.85,172.33,5,,460,3
2067,  Customer_2767  ,35,Cairo,08/30/2020,1,10674,08/30/2020,Same Day,113,Product_113,Clothing,1445.85,689.92,1,,1223,5
1460,Customer_2768,42,Cairo,11-08-2022,0,13722,11-08-2022,Express,144,Product_144,Clothing,994.81,648.92,3,,447,3
1277,Customer_2769,55,Cairo,09/20/2021,0,10048,09/20/2021,Same Day,137,Product_137,Elec,480.61,287.87,4,,562,3
1420,Customer_2770,22,Alexandria,23-11-2020,0,11386,23-11-2020,Same Day,113,Product_113,Sports,1398.06,747.29,1,0.2,516,4
2376,Customer_2771,63,Alexandria,10-04-2022,1,11902,10-04-2022,Standard,138,Product_138,Clothing,1123.86,511.11,4,0.1,997,2
1695,Customer_2772,54,Aswan,11/06/2023,0,10626,11/06/2023,Same Day,125,Product_125,Sports,462.68,186.14,2,,422,3
1514,Customer_2773,25,Aswan,10/26/2022,0,12727,10/26/2022,Standard,147,Product_147,Clothing,599.38,295.83,2,,562,5
1702,Customer_2774,45,Giza,11-12-2023,1,13567,11-12-2023,Same Day,123,Product_123,Clothing,339.17,141.25,1,,387,5
1018,  Customer_2775  ,53,Cairo,28-09-2021,0,10276,28-09-2021,Standard,122,Product_122,Elec,1458.06,794.18,1,,355,8
1022,Customer_2776,21,Giza,14-11-2023,0,12094,14-11-2023,Same Day,121,Product_121,Electronics,800.08,517.28,3,,414,5
1412,CUSTOMER_2777,40,Alexandria,28-08-2020,0,13842,28-08-2020,Same Day,130,Product_130,Clothing,1349.28,655.24,5,0.05,721,3
2053,  Customer_2778  ,38,Cairo,08/01/2023,0,12973,08/01/2023,Standard,111,Product_111,Clothing,552.42,361.46,5,,519,3
1107,Customer_2779,30,Luxor,08/27/2021,0,10215,08/27/2021,Standard,104,Product_104,Clothing,1298.22,793.69,2,0.2,513,2
2390,Customer_2780,41,Alexandria,22-01-2022,0,10229,22-01-2022,Standard,133,Product_133,Sports,128.14,,2,,385,5
2304,CUSTOMER_2781,30,Alexandria,06/12/2023,0,13710,06/12/2023,Same Day,147,Product_147,Clothing,1474.03,874.64,2,,569,3
2151,customer_2782,60,Alexandria,03/28/2021,0,12370,03/28/2021,Express,112,Product_112,Sports,1372.45,611.43,4,0.2,530,3
2252,customer_2783,30,Cairo,03/24/2021,0,13901,03/24/2021,Express,109,Product_109,Electronics,576.64,343.93,5,,581,7
2134,customer_2784,51,Aswan,30-09-2020,0,13492,30-09-2020,Same Day,132,Product_132,Sports,1173.35,519.58,1,,631,4
1135,Customer_2785,15,Mansoura,09/06/2022,1,12272,09/06/2022,Same Day,111,Product_111,Clothing,1140.77,590.64,2,,848,1
1361,Customer_2786,37,Luxor,09-11-2020,0,11685,09-11-2020,Standard,137,Product_137,Electronics,1356.82,773.36,3,,820,4
2209,Customer_2787,40,Luxor,07/20/2022,0,11310,07/20/2022,Standard,124,Product_124,Home Appliances,495.52,205.7,1,,576,2
1128,Customer_2788,37,Giza,05/25/2023,0,10045,05/25/2023,Standard,107,Product_107,Electronics,725.0,323.34,1,,587,4
2284,CUSTOMER_2789,34,Cairo,02/04/2022,0,11836,02/04/2022,Express,108,Product_108,Home Appliances,1304.25,647.07,1,,490,4
1514,Customer_2790,29,Aswan,01-05-2022,0,11037,01-05-2022,Same Day,133,Product_133,Sports,1178.94,635.09,5,0.1,562,5
1448,customer_2791,51,Alexandria,12/08/2023,0,10632,12/08/2023,Same Day,125,Product_125,Elec,620.53,408.03,2,,390,5
2127,customer_2792,54,Mansoura,29-01-2023,0,13979,29-01-2023,Express,101,Product_101,Electronics,1276.3,582.22,3,,674,6
2247,Customer_2793,38,Cairo,22-08-2022,0,12422,22-08-2022,Standard,103,Product_103,Electronics,118.08,59.54,4,,516,3
1873,Customer_2794,23,Cairo,01/05/2023,1,12750,01/05/2023,Standard,140,Product_140,Sports,1183.97,642.58,3,,727,3
1472,Customer_2795,66,Aswan,09/22/2023,0,10986,09/22/2023,Standard,128,Product_128,Clothing,349.81,170.96,3,,467,2
2033,  Customer_2796  ,26,Mansoura,23-03-2021,0,10332,23-03-2021,Standard,143,Product_143,Sports,464.88,273.22,3,,968,4
2428,Customer_2797,18,Alexandria,05/21/2021,1,11879,05/21/2021,Express,133,Product_133,Electronics,765.16,364.97,4,,636,4
1301,Customer_2798,9,Cairo,25-10-2023,0,12213,25-10-2023,Standard,146,Product_146,Clothing,702.12,,3,,434,6
1230,  Customer_2799  ,41,Luxor,05-05-2023,0,10506,05-05-2023,Standard,101,Product_101,Electronics,804.83,443.9,3,0.1,511,4
1922,Customer_2800,36,Luxor,06/16/2020,0,10116,06/16/2020,Express,138,Product_138,Electronics,839.92,357.71,2,0.1,407,3
2089,Customer_2801,55,Mansoura,12/12/2022,0,10942,12/12/2022,Standard,127,Product_127,Home Appliances,530.72,312.12,2,,751,4
1936,Customer_2802,49,Alexandria,03-07-2022,0,10635,03-07-2022,Express,138,Product_138,Electronics,304.08,173.56,2,,840,3
1111,Customer_2803,44,Mansoura,17-12-2022,0,11589,17-12-2022,Standard,135,Product_135,Sports,1164.3,583.99,1,,635,2
2036,customer_2804,35,Cairo,12/12/2023,0,11462,12/12/2023,Same Day,110,Product_110,Sports,629.97,254.1,3,,386,6
2416,Customer_2805,56,Luxor,01/10/2022,1,13375,01/10/2022,Standard,112,Product_112,Sports,783.47,360.56,5,,876,4
1499,Customer_2806,68,Giza,08-06-2020,0,12504,08-06-2020,Same Day,110,Product_110,Clothing,984.81,513.79,5,0.2,608,5
1931,Customer_2807,55,Mansoura,01-03-2023,0,11991,01-03-2023,Express,134,Product_134,Home Appliances,1368.97,629.69,5,,672,3
1597,Customer_2808,33,Giza,08/17/2020,0,10868,08/17/2020,Standard,124,Product_124,Home Appliances,1075.95,616.79,4,0.2,397,7
1233,Customer_2809,51,Giza,05/06/2020,1,11294,05/06/2020,Standard,128,Product_128,elect,115.92,71.14,2,,1701,1
1601,Customer_2810,33,Aswan,26-01-2023,0,11734,26-01-2023,Standard,122,Product_122,Electronics,1265.91,831.46,2,,706,4
1313,customer_2811,23,Luxor,11/01/2022,0,12263,11/01/2022,Same Day,145,Product_145,Home Appliances,1484.56,881.97,2,,742,5
1565,Customer_2812,26,Mansoura,18-02-2021,1,10112,18-02-2021,Standard,116,Product_116,Clothing,735.1,445.99,4,0.05,914,4
2035,Customer_2813,34,Giza,03/18/2023,0,13087,03/18/2023,Express,113,Product_113,Sports,1455.91,848.11,3,,548,8
1208,Customer_2814,41,Cairo,01/04/2023,1,12263,01/04/2023,Standard,136,Product_136,Electronics,843.63,586.87,1,,728,2
2037,Customer_2815,70,Aswan,11/02/2020,1,10426,11/02/2020,Express,136,Product_136,Home Appliances,716.44,342.67,2,,1202,2
2441,Customer_2816,26,Alexandria,02-12-2020,0,11158,02-12-2020,Same Day,143,Product_143,Clothing,530.54,254.59,3,0.1,393,4
2460,CUSTOMER_2817,59,Aswan,02-11-2021,0,11066,02-11-2021,Express,123,Product_123,Sports,1003.45,439.41,5,0.05,949,6
2400,Customer_2818,35,Alexandria,01-12-2022,1,12811,01-12-2022,Same Day,114,Product_114,Electronics,383.24,209.14,1,,762,5
2043,Customer_2819,9,Luxor,06/23/2022,0,10283,06/23/2022,Same Day,132,Product_132,Sports,202.15,86.69,5,,750,6
1586,CUSTOMER_2820,32,Mansoura,26-08-2020,1,10833,26-08-2020,Same Day,103,Product_103,Sports,89.49,,3,0.2,909,2
2014,Customer_2821,57,Mansoura,10/25/2023,0,13169,10/25/2023,Express,127,Product_127,Home Appliances,473.95,258.21,3,0.1,434,8
2093,Customer_2822,45,Alexandria,24-02-2021,0,13131,24-02-2021,Express,119,Product_119,Home Appliances,623.87,428.77,5,,494,5
2234,Customer_2823,46,Cairo,01/08/2024,1,10229,01/08/2024,Express,122,Product_122,Sports,850.51,586.12,1,0.1,359,3
2124,Customer_2824,59,Alexandria,04/09/2023,0,11919,04/09/2023,Standard,101,Product_101,Sports,474.49,295.67,5,,633,4
1697,Customer_2825,24,Alexandria,28-09-2022,0,11666,28-09-2022,Express,105,Product_105,Electronics,1476.89,763.22,5,,393,5
1131,Customer_2826,24,Mansoura,07/05/2020,0,10384,07/05/2020,Same Day,149,Product_149,Clothing,473.03,311.99,5,,565,4
2404,Customer_2827,6,Giza,11-11-2022,0,10158,11-11-2022,Express,133,Product_133,Clothing,689.41,456.83,1,,782,4
2155,Customer_2828,53,Cairo,07/01/2022,1,10823,07/01/2022,Same Day,119,Product_119,Sports,199.75,134.44,4,0.1,794,2
2043,Customer_2829,48,Mansoura,04/23/2020,0,12518,04/23/2020,Express,136,Product_136,Home Appliances,427.91,253.33,1,,750,6
1535,Customer_2830,50,Aswan,17-07-2022,0,13667,17-07-2022,Express,106,Product_106,Clothing,120.08,55.3,5,,861,3
2013,Customer_2831,22,Alexandria,09/27/2020,0,10207,09/27/2020,Same Day,115,Product_115,Sports,861.29,368.05,2,0.1,409,5
1226,Customer_2832,15,Giza,11/17/2022,0,10173,11/17/2022,Express,136,Product_136,Home Appliances,1139.04,768.21,2,0.1,776,6
2177,Customer_2833,20,Cairo,04/30/2022,0,11823,04/30/2022,Standard,133,Product_133,Electronics,333.78,139.07,3,,666,6
2492,Customer_2834,26,Luxor,24-07-2022,1,11104,24-07-2022,Standard,124,Product_124,Clothing,583.47,285.18,4,,892,4
1821,customer_2835,63,Cairo,02/28/2023,0,11041,02/28/2023,Same Day,127,Product_127,Elec,74.09,40.46,3,0.05,673,7
1870,customer_2836,55,Cairo,28-04-2020,0,11016,28-04-2020,Same Day,149,Product_149,Home Appliances,1267.31,515.28,3,0.05,694,4
1404,Customer_2837,33,Alexandria,18-02-2023,0,10707,18-02-2023,Same Day,111,Product_111,Sports,1180.95,793.69,2,0.05,338,5
1201,Customer_2838,44,Alexandria,08/04/2022,0,13362,08/04/2022,Standard,149,Product_149,Electronics,141.72,68.9,1,,765,5
1037,Customer_2839,29,Luxor,09-10-2023,0,11383,09-10-2023,Same Day,123,Product_123,Sports,579.06,236.58,3,,450,3
1941,customer_2840,45,Luxor,23-09-2021,0,11891,23-09-2021,Same Day,133,Product_133,Clothing,1435.17,1001.86,3,0.1,475,5
1187,Customer_2841,22,Luxor,01/21/2024,0,11302,01/21/2024,Standard,141,Product_141,Electronics,618.44,305.15,4,0.1,346,6
2080,Customer_2842,51,Mansoura,14-02-2020,0,13022,14-02-2020,Same Day,146,Product_146,Clothing,813.0,539.04,2,,847,2
1940,customer_2843,27,Mansoura,21-03-2022,0,12444,21-03-2022,Express,147,Product_147,Clothing,565.1,302.92,1,,566,2
2043,Customer_2844,52,Alexandria,05-06-2021,0,13021,05-06-2021,Express,129,Product_129,Clothing,914.39,547.66,4,0.1,750,6
1272,Customer_2845,33,Alexandria,07-01-2020,1,12813,07-01-2020,Express,131,Product_131,Clothing,1468.33,693.53,1,,814,4
2142,Customer_2846,28,Luxor,22-03-2021,0,13213,22-03-2021,Express,101,Product_101,Clothing,1496.38,824.3,1,,504,4
1582,Customer_2847,64,Mansoura,03/30/2023,0,10676,03/30/2023,Standard,134,Product_134,Home Appliances,1173.34,560.03,3,,643,2
1515,  Customer_2848  ,42,Giza,05/29/2020,0,12564,05/29/2020,Express,118,Product_118,Electronics,636.25,436.04,4,,514,7
2244,Customer_2849,35,Mansoura,02-04-2020,1,13322,02-04-2020,Express,118,Product_118,Sports,766.93,320.79,3,,1043,3
1525,Customer_2850,51,Alexandria,05/17/2022,0,10661,05/17/2022,Standard,106,Product_106,Sports,567.26,273.65,5,,377,5
1335,Customer_2851,19,Mansoura,12/06/2021,0,11563,12/06/2021,Standard,140,Product_140,Home Appliances,1479.08,987.93,1,,516,6
1697,customer_2852,56,Alexandria,12/05/2023,0,11260,12/05/2023,Standard,101,Product_101,Sports,1076.25,585.49,4,0.2,393,5
2078,Customer_2853,37,Luxor,10-05-2020,1,13203,10-05-2020,Express,147,Product_147,Sports,700.95,406.57,2,0.2,1697,1
1499,Customer_2854,49,Luxor,13-01-2023,0,12353,13-01-2023,Same Day,142,Product_142,Sports,67.57,40.24,3,0.2,608,5
1899,customer_2855,16,Luxor,03-05-2020,0,10357,03-05-2020,Same Day,130,Product_130,Electronics,804.7,339.0,5,0.1,788,5
1765,Customer_2856,34,Giza,21-05-2020,1,11308,21-05-2020,Express,104,Product_104,Sports,1476.7,598.54,5,,1686,1
1535,Customer_2857,40,Giza,24-08-2022,0,11316,24-08-2022,Same Day,132,Product_132,Electronics,808.44,550.83,5,,861,3
1161,Customer_2858,55,Alexandria,05-03-2020,0,13234,05-03-2020,Same Day,110,Product_110,Sports,314.52,151.43,3,,455,6
1593,Customer_2859,50,Cairo,08/10/2021,0,13987,08/10/2021,Standard,143,Product_143,Sports,82.04,42.18,2,,506,5
1158,Customer_2860,34,Aswan,04/17/2022,0,10418,04/17/2022,Express,105,Product_105,Electronics,564.32,341.2,4,,393,4
2211,  Customer_2861  ,44,Giza,03-01-2021,0,13810,03-01-2021,Express,109,Product_109,Home Appliances,1381.43,650.5,1,,372,5
1059,Customer_2862,58,Alexandria,10/04/2020,1,11491,10/04/2020,Same Day,105,Product_105,Sports,1495.0,926.78,2,0.2,1550,1
1914,Customer_2863,37,Mansoura,06-08-2023,1,10641,06-08-2023,Express,111,Product_111,Clothing,1420.78,763.63,3,,514,4
2342,Customer_2864,35,Luxor,02-02-2024,0,13955,02-02-2024,Standard,135,Product_135,Clothing,1107.66,727.71,4,,334,4
1210,Customer_2865,11,Luxor,08/15/2023,0,11593,08/15/2023,Same Day,127,Product_127,Home Appliances,859.31,415.53,1,,505,3
1405,Customer_2866,35,Luxor,05/10/2022,1,10506,05/10/2022,Standard,104,Product_104,Clothing,906.49,418.02,4,,567,5
1663,Customer_2867,13,Alexandria,05-02-2022,0,11681,05-02-2022,Same Day,110,Product_110,Elec,831.54,540.09,1,0.2,521,6
2132,Customer_2868,38,Luxor,02/22/2022,0,11501,02/22/2022,Express,139,Product_139,Sports,1075.22,535.35,1,,999,7
2099,CUSTOMER_2869,54,Giza,07/07/2022,0,11385,07/07/2022,Standard,133,Product_133,Sports,657.37,344.17,5,,909,4
1541,Customer_2870,8,Mansoura,02/12/2022,0,10311,02/12/2022,Standard,138,Product_138,Sports,1020.35,651.1,3,0.2,563,5
2337,Customer_2871,58,Luxor,08-02-2022,0,11657,08-02-2022,Standard,108,Product_108,Sports,226.34,133.69,2,,388,7
1997,Customer_2872,35,Alexandria,13-06-2020,1,12751,13-06-2020,Same Day,149,Product_149,Clothing,435.26,231.78,5,,1023,3
2140,Customer_2873,39,Mansoura,30-10-2023,0,10244,30-10-2023,Same Day,124,Product_124,Clothing,1262.2,599.5,5,,429,6
1926,Customer_2874,32,Luxor,17-09-2023,1,10476,17-09-2023,Standard,139,Product_139,Clothing,1360.44,856.07,4,0.05,472,1
1867,Customer_2875,14,Cairo,09-01-2023,1,10614,09-01-2023,Standard,133,Product_133,Electronics,831.56,377.64,1,,723,4
1018,Customer_2876,28,Luxor,09/29/2020,0,13962,09/29/2020,Same Day,141,Product_141,Clothing,95.87,65.05,1,0.1,355,8
1431,Customer_2877,71,Aswan,31-08-2023,1,12483,31-08-2023,Express,143,Product_143,Clothing,1394.11,620.51,4,0.2,421,4
1739,Customer_2878,23,Giza,12/13/2021,1,10249,12/13/2021,Express,119,Product_119,Sports,1067.99,685.09,3,,1115,4
2373,Customer_2879,16,Mansoura,30-08-2020,0,13093,30-08-2020,Standard,102,Product_102,Clothing,650.34,342.91,1,,579,4
1182,Customer_2880,42,Giza,12/31/2020,0,12524,12/31/2020,Express,111,Product_111,Home Appliances,917.65,418.27,5,0.1,530,7
1112,Customer_2881,38,Cairo,01/05/2023,0,11595,01/05/2023,Same Day,135,Product_135,Home Appliances,673.17,350.53,5,,446,6
2206,Customer_2882,35,Cairo,15-03-2022,0,11773,15-03-2022,Express,117,Product_117,Sports,724.74,338.07,1,0.2,575,3
1480,  Customer_2883  ,40,Aswan,12/19/2022,0,11929,12/19/2022,Same Day,142,Product_142,Clothing,1335.87,588.85,1,,744,3
2169,customer_2884,49,Giza,09/17/2020,1,11875,09/17/2020,Standard,103,Product_103,Home Appliances,283.57,133.77,3,,1567,3
1830,Customer_2885,-10,Mansoura,30-01-2024,0,10510,30-01-2024,Express,122,Product_122,Home Appliances,200.32,132.26,1,,337,5
2136,Customer_2886,42,Cairo,01-04-2021,0,13967,01-04-2021,Express,135,Product_135,Electronics,53.96,23.3,3,,428,7
1762,  Customer_2887  ,55,Cairo,08-01-2020,1,13407,08-01-2020,Same Day,121,Product_121,Sports,505.3,349.55,5,,783,7
1475,Customer_2888,25,Luxor,16-02-2020,0,11669,16-02-2020,Same Day,125,Product_125,Home Appliances,263.75,105.9,3,0.05,366,7
1762,customer_2889,5,Aswan,09/03/2021,1,11872,09/03/2021,Standard,139,Product_139,Home Appliances,368.98,220.46,1,,783,7
2326,Customer_2890,50,Alexandria,08/06/2022,0,10773,08/06/2022,Standard,102,Product_102,Sports,66.3,43.56,2,0.05,391,7
1970,customer_2891,77,Cairo,10/11/2023,0,11365,10/11/2023,Same Day,101,Product_101,Clothing,379.43,258.08,1,,448,4
2019,Customer_2892,39,Mansoura,12-01-2024,1,13409,12-01-2024,Same Day,107,Product_107,Sports,532.43,235.97,2,,355,5
2141,customer_2893,43,Mansoura,01/20/2023,1,13551,01/20/2023,Standard,120,Product_120,Electronics,95.77,58.37,5,0.05,681,7
1160,Customer_2894,35,Luxor,18-05-2022,0,10923,18-05-2022,Same Day,143,Product_143,Electronics,931.46,402.58,4,0.2,959,4
1400,Customer_2895,63,Mansoura,25-12-2022,0,13113,25-12-2022,Express,106,Product_106,Electronics,874.76,442.44,5,0.1,438,9
1197,  Customer_2896  ,38,Luxor,15-02-2022,0,10073,15-02-2022,Standard,136,Product_136,Home Appliances,190.7,,5,0.1,623,6
2283,Customer_2897,37,Cairo,04/15/2021,0,10808,04/15/2021,Express,121,Product_121,Clothing,912.76,459.84,5,,327,6
1659,Customer_2898,53,Cairo,05/21/2021,0,12878,05/21/2021,Same Day,146,Product_146,Electronics,1498.05,740.06,3,0.1,1016,3
2070,Customer_2899,32,Cairo,01-08-2022,0,11045,01-08-2022,Standard,135,Product_135,Sports,1419.48,617.21,5,,367,6
1398,Customer_2900,20,Cairo,12/09/2021,0,12267,12/09/2021,Standard,136,Product_136,Electronics,53.87,22.62,4,,677,6
1077,Customer_2901,53,Alexandria,11/13/2020,0,12126,11/13/2020,Standard,108,Product_108,Home Appliances,1203.3,522.93,1,,527,4
1123,Customer_2902,31,Aswan,18-07-2021,0,10234,18-07-2021,Same Day,104,Product_104,Electronics,562.73,372.89,2,0.1,393,5
1074,  Customer_2903  ,25,Aswan,21-01-2021,0,12204,21-01-2021,Standard,143,Product_143,Clothing,142.29,57.39,5,,519,6
1136,Customer_2904,71,Alexandria,01/24/2024,0,12374,01/24/2024,Standard,116,Product_116,Electronics,479.18,291.27,2,,343,6
1601,Customer_2905,37,Cairo,19-08-2020,0,13185,19-08-2020,Standard,103,Product_103,Clothing,516.52,325.71,5,,706,4
2423,Customer_2906,47,Mansoura,06-03-2020,0,13873,06-03-2020,Standard,107,Product_107,Clothing,808.7,461.26,3,,472,5
1836,Customer_2907,40,Luxor,14-09-2023,0,13679,14-09-2023,Same Day,102,Product_102,Sports,1008.57,624.54,2,0.1,475,6
1499,CUSTOMER_2908,26,Aswan,05/08/2022,0,10641,05/08/2022,Standard,101,Product_101,Clothing,1136.13,,5,,608,5
1137,customer_2909,50,Giza,06/13/2023,0,13993,06/13/2023,Standard,101,Product_101,Home Appliances,406.56,218.19,5,,392,4
1049,Customer_2910,44,Luxor,02/02/2020,0,10620,02/02/2020,Same Day,138,Product_138,Home Appliances,516.57,265.94,4,,1417,4
1972,Customer_2911,30,Giza,05/07/2021,1,13658,05/07/2021,Standard,107,Product_107,Clothing,497.15,339.25,4,,1335,5
1253,Customer_2912,46,Giza,26-02-2021,0,10984,26-02-2021,Express,124,Product_124,Clothing,575.97,398.33,4,,605,6
1709,  Customer_2913  ,32,Cairo,17-05-2020,0,11298,17-05-2020,Standard,105,Product_105,Electronics,1499.5,892.77,3,,677,5
1562,Customer_2914,23,Giza,07/25/2020,1,13452,07/25/2020,Standard,121,Product_121,Elec,1178.02,540.93,2,,1049,6
1756,Customer_2915,21,Cairo,05/01/2023,0,13091,05/01/2023,Express,128,Product_128,Sports,1463.74,782.18,3,,611,2
2449,Customer_2916,44,Alexandria,03/09/2020,1,13744,03/09/2020,Same Day,118,Product_118,Electronics,1055.01,579.16,1,0.1,879,5
1546,Customer_2917,34,Mansoura,07/03/2022,1,13280,07/03/2022,Standard,124,Product_124,Home Appliances,639.09,400.96,5,0.2,740,4
2325,Customer_2918,62,Giza,09-05-2023,0,13955,09-05-2023,Express,132,Product_132,Elec,615.13,369.28,5,,603,5
1921,Customer_2919,39,Mansoura,08-10-2023,0,12653,08-10-2023,Same Day,145,Product_145,Sports,758.44,420.51,5,,392,2
1580,Customer_2920,28,Cairo,12/11/2023,0,11617,12/11/2023,Same Day,133,Product_133,Sports,654.46,395.37,4,0.05,387,5
2372,Customer_2921,42,Giza,04/09/2020,0,12911,04/09/2020,Express,110,Product_110,Clothing,1251.07,509.46,5,,369,7
1048,Customer_2922,20,Luxor,16-05-2021,0,13687,16-05-2021,Same Day,109,Product_109,Sports,724.25,458.44,4,,1080,4
1916,Customer_2923,38,Alexandria,03/31/2020,0,12796,03/31/2020,Same Day,149,Product_149,Clothing,478.64,221.84,1,,1265,6
2097,Customer_2924,44,Aswan,03-04-2022,0,11795,03-04-2022,Express,133,Product_133,Home Appliances,1173.55,700.52,3,0.2,484,3
1703,Customer_2925,42,Alexandria,06/17/2022,0,13231,06/17/2022,Same Day,133,Product_133,Home Appliances,1288.91,559.63,3,,681,6
1260,CUSTOMER_2926,59,Giza,04/24/2021,1,12962,04/24/2021,Express,107,Product_107,Elec,659.62,,3,,747,5
1355,CUSTOMER_2927,78,Alexandria,01/10/2023,0,12946,01/10/2023,Same Day,104,Product_104,Sports,1018.32,418.22,4,,722,5
2283,Customer_2928,50,Aswan,03/20/2021,0,13045,03/20/2021,Express,128,Product_128,Home Appliances,135.27,91.05,2,,327,6
1637,Customer_2929,57,Luxor,04/25/2020,1,10859,04/25/2020,Same Day,123,Product_123,Clothing,817.72,475.4,2,,1063,3
1742,Customer_2930,78,Mansoura,13-10-2020,1,12620,13-10-2020,Express,132,Product_132,Sports,115.22,58.6,1,,1313,2
2318,Customer_2931,24,Luxor,28-10-2022,1,12085,28-10-2022,Standard,144,Product_144,Sports,92.33,58.75,2,0.1,796,3
2009,Customer_2932,41,Alexandria,15-08-2021,0,12165,15-08-2021,Same Day,116,Product_116,Clothing,938.74,551.81,1,,764,3
1930,customer_2933,32,Aswan,24-04-2021,0,12437,24-04-2021,Express,146,Product_146,Sports,489.84,287.06,5,,576,3
1640,  Customer_2934  ,52,Mansoura,07-02-2024,0,13895,07-02-2024,Same Day,110,Product_110,Sports,1126.68,615.29,3,,329,2
1791,Customer_2935,44,Aswan,03/25/2023,1,12727,03/25/2023,Same Day,114,Product_114,Home Appliances,1349.32,542.94,4,,648,4
2336,Customer_2936,27,Luxor,10/15/2021,1,10376,10/15/2021,Standard,139,Product_139,Clothing,252.12,120.4,1,0.2,625,5
1611,Customer_2937,40,Cairo,03/28/2023,1,12896,03/28/2023,Same Day,136,Product_136,Home Appliances,1100.56,476.24,4,,588,3
1808,  Customer_2938  ,55,Cairo,05/09/2023,0,11897,05/09/2023,Same Day,134,Product_134,Clothing,796.05,476.61,4,,603,2
2205,Customer_2939,20,Mansoura,10/09/2023,0,10375,10/09/2023,Standard,124,Product_124,Electronics,212.57,100.88,3,,409,7
1685,Customer_2940,28,Mansoura,10/18/2021,0,11604,10/18/2021,Express,118,Product_118,Sports,994.81,532.27,5,,452,4
2387,CUSTOMER_2941,25,Mansoura,30-04-2021,1,10594,30-04-2021,Express,116,Product_116,Sports,933.73,472.49,5,0.2,887,6
1187,CUSTOMER_2942,44,Cairo,09/10/2021,0,12794,09/10/2021,Express,141,Product_141,Home Appliances,797.68,353.34,2,,346,6
1984,  Customer_2943  ,58,Luxor,20-10-2020,0,11065,20-10-2020,Express,137,Product_137,Sports,1393.38,,5,,611,4
1547,Customer_2944,9,Mansoura,09/14/2023,0,13682,09/14/2023,Express,141,Product_141,Sports,805.57,547.81,3,,475,2
1724,Customer_2945,41,Cairo,12/03/2022,0,13541,12/03/2022,Express,125,Product_125,Home Appliances,1486.25,632.22,4,0.05,760,4
1925,Customer_2946,26,Mansoura,03/28/2021,1,12007,03/28/2021,Standard,108,Product_108,Home Appliances,788.38,511.04,1,,1133,3
2431,Customer_2947,55,Mansoura,26-04-2022,0,12505,26-04-2022,Express,124,Product_124,Clothing,217.99,119.13,1,,458,3
1875,Customer_2948,36,Aswan,07-09-2021,1,13201,07-09-2021,Standard,120,Product_120,Electronics,732.18,462.83,5,,855,3
1617,customer_2949,41,Mansoura,07/17/2021,0,11051,07/17/2021,Same Day,148,Product_148,Home Appliances,314.38,140.01,2,0.2,1069,4
1413,CUSTOMER_2950,39,Cairo,05/04/2020,0,13816,05/04/2020,Standard,130,Product_130,Clothing,915.84,402.68,1,,948,7
2365,CUSTOMER_2951,56,Luxor,02/14/2023,1,12788,02/14/2023,Standard,120,Product_120,Home Appliances,1055.04,703.95,2,,640,4
2243,  Customer_2952  ,70,Cairo,26-04-2023,0,10628,26-04-2023,Standard,118,Product_118,Clothing,729.23,488.11,1,,437,8
1902,Customer_2953,22,Cairo,12/24/2020,0,13984,12/24/2020,Standard,104,Product_104,Electronics,191.67,103.46,2,,416,5
1162,Customer_2954,25,Mansoura,07/06/2023,1,12373,07/06/2023,Express,148,Product_148,Clothing,729.53,482.25,2,,372,2
2243,CUSTOMER_2955,44,Aswan,10/22/2023,0,11532,10/22/2023,Same Day,136,Product_136,Clothing,168.11,100.91,4,,437,8
1269,Customer_2956,27,Giza,24-05-2022,0,12666,24-05-2022,Same Day,106,Product_106,Sports,1039.08,473.3,3,,428,5
1631,Customer_2957,54,Giza,02/12/2023,0,13962,02/12/2023,Same Day,103,Product_103,Home Appliances,1196.03,,1,,566,5
1905,Customer_2958,56,Giza,12-10-2022,0,12372,12-10-2022,Standard,118,Product_118,Clothing,1445.45,637.18,5,,526,4
2423,customer_2959,31,Cairo,06-04-2020,0,11830,06-04-2020,Standard,147,Product_147,Home Appliances,265.76,168.01,3,,472,5
2205,Customer_2960,28,Mansoura,06-12-2021,0,13974,06-12-2021,Express,140,Product_140,Clothing,822.01,571.77,4,,409,7
1204,customer_2961,35,Giza,08/10/2023,0,11183,08/10/2023,Express,118,Product_118,Sports,872.93,492.26,4,0.1,510,3
1581,Customer_2962,41,Alexandria,06-10-2023,0,12563,06-10-2023,Same Day,123,Product_123,Sports,1387.59,828.06,4,,453,3
1840,Customer_2963,44,Alexandria,02/19/2022,1,13732,02/19/2022,Standard,135,Product_135,Electronics,959.55,598.59,5,,1047,2
2251,Customer_2964,6,Alexandria,12/10/2022,0,10745,12/10/2022,Standard,106,Product_106,Clothing,260.99,121.95,1,0.1,358,4
1595,Customer_2965,25,Luxor,10/14/2021,1,11277,10/14/2021,Standard,126,Product_126,Sports,682.71,341.9,1,,839,4
1249,Customer_2966,33,Mansoura,27-11-2023,0,11951,27-11-2023,Same Day,121,Product_121,Home Appliances,999.41,523.39,2,,401,4
1874,Customer_2967,200,Cairo,05/02/2022,0,12295,05/02/2022,Same Day,124,Product_124,Clothing,1065.41,616.21,2,,634,2
2464,customer_2968,-2,Cairo,04/16/2022,0,13921,04/16/2022,Standard,115,Product_115,Clothing,1301.46,852.65,2,,388,6
1195,Customer_2969,11,Mansoura,01-11-2020,0,13424,01-11-2020,Standard,127,Product_127,Electronics,311.74,148.47,5,,413,4
1689,Customer_2970,20,Aswan,09/06/2021,0,12445,09/06/2021,Same Day,132,Product_132,Home Appliances,1429.74,773.87,3,,679,7
2093,CUSTOMER_2971,38,Aswan,02/09/2022,0,12629,02/09/2022,Same Day,112,Product_112,Electronics,135.75,84.91,1,,494,5
1638,CUSTOMER_2972,33,Luxor,11-01-2021,0,12250,11-01-2021,Express,105,Product_105,Clothing,1476.46,629.29,2,0.05,753,4
2422,Customer_2973,30,Mansoura,01/06/2023,0,11325,01/06/2023,Express,107,Product_107,Electronics,1293.76,716.57,5,,726,2
1671,Customer_2974,51,Aswan,27-08-2022,0,11171,27-08-2022,Express,122,Product_122,Clothing,1007.4,446.59,5,0.05,716,8
2226,Customer_2975,51,Luxor,05/08/2021,1,10220,05/08/2021,Standard,127,Product_127,Clothing,1115.74,,2,0.2,1334,2
2171,Customer_2976,42,Giza,06-04-2021,1,13769,06-04-2021,Standard,115,Product_115,Electronics,155.4,97.96,4,,1069,4
2495,Customer_2977,41,Giza,09/07/2021,1,12914,09/07/2021,Standard,139,Product_139,Electronics,110.15,51.89,4,0.05,1212,3
1943,Customer_2978,27,Luxor,12/20/2023,0,11871,12/20/2023,Same Day,145,Product_145,Clothing,197.56,129.37,4,,378,5
1198,  Customer_2979  ,28,Mansoura,10/22/2020,1,13631,10/22/2020,Express,135,Product_135,Electronics,176.67,88.41,2,,689,3
2449,Customer_2980,14,Giza,08/06/2022,1,12310,08/06/2022,Same Day,126,Product_126,Elec,843.7,385.77,5,0.2,879,5
1491,  Customer_2981  ,36,Mansoura,28-04-2020,1,12343,28-04-2020,Same Day,123,Product_123,Clothing,362.39,195.54,5,,1670,3
1895,CUSTOMER_2982,51,Aswan,25-02-2023,0,13386,25-02-2023,Same Day,113,Product_113,Home Appliances,1297.3,,1,,507,3
1141,Customer_2983,60,Giza,25-04-2022,0,13067,25-04-2022,Standard,126,Product_126,Electronics,696.34,,4,,822,3
2336,Customer_2984,36,Aswan,05/03/2022,1,12339,05/03/2022,Standard,103,Product_103,Electronics,1058.49,527.42,2,,625,5
1164,Customer_2985,47,Mansoura,02/15/2023,0,10683,02/15/2023,Same Day,129,Product_129,Sports,996.67,593.96,1,,479,4
1313,Customer_2986,-2,Mansoura,21-12-2022,0,10875,21-12-2022,Express,102,Product_102,Home Appliances,513.79,,5,,742,5
1020,Customer_2987,33,Alexandria,01-10-2020,0,11054,01-10-2020,Standard,128,Product_128,Electronics,402.59,169.59,1,,534,7
2105,  Customer_2988  ,33,Luxor,06-03-2022,1,13753,06-03-2022,Standard,123,Product_123,Clothing,546.56,273.06,4,,846,3
2154,Customer_2989,62,Cairo,12-05-2021,1,13115,12-05-2021,Same Day,136,Product_136,Sports,1205.15,778.87,3,,1123,4
1983,CUSTOMER_2990,45,Luxor,06-06-2021,0,11962,06-06-2021,Standard,149,Product_149,Sports,900.1,621.44,4,,355,5
1304,CUSTOMER_2991,47,Mansoura,20-02-2021,0,12602,20-02-2021,Express,106,Product_106,Sports,417.63,172.04,4,,522,6
1370,Customer_2992,46,Mansoura,11/07/2021,0,13205,11/07/2021,Same Day,111,Product_111,Electronics,1235.88,705.42,2,,1001,3
1852,Customer_2993,40,Luxor,08/17/2023,1,10348,08/17/2023,Standard,138,Product_138,Clothing,129.4,55.85,3,,379,5
1383,  Customer_2994  ,62,Mansoura,10-06-2020,1,10218,10-06-2020,Same Day,134,Product_134,Sports,1063.82,642.67,3,0.05,485,5
1444,Customer_2995,5,Aswan,07/10/2022,0,11022,07/10/2022,Same Day,117,Product_117,Home Appliances,686.7,276.31,3,,688,7
1424,Customer_2996,42,Giza,01/29/2022,0,10449,01/29/2022,Express,103,Product_103,Sports,1110.37,449.06,5,,420,7
1160,Customer_2997,56,Mansoura,07/08/2020,0,10503,07/08/2020,Express,144,Product_144,Sports,1394.82,883.01,1,0.05,959,4
2201,Customer_2998,11,Luxor,01/01/2023,0,10085,01/01/2023,Standard,146,Product_146,Home Appliances,1137.55,480.42,5,,341,7
1628,Customer_2999,52,Luxor,23-01-2024,0,13322,23-01-2024,Same Day,134,Product_134,Sports,690.85,339.59,3,,344,6
1894,Customer_3000,28,Luxor,25-01-2021,0,11288,25-01-2021,Standard,122,Product_122,Sports,268.91,,2,,742,6
1489,Customer_3001,41,Alexandria,15-04-2020,0,10522,15-04-2020,Standard,129,Product_129,Home Appliances,1219.21,,4,,338,6
2016,Customer_3002,28,Aswan,03-07-2021,0,13151,03-07-2021,Standard,129,Product_129,elect,718.02,321.98,4,,478,6
1326,Customer_3003,54,Aswan,11-02-2022,1,13692,11-02-2022,Express,105,Product_105,Home Appliances,159.2,90.47,5,0.2,1055,4
1597,Customer_3004,35,Alexandria,10/11/2023,0,12508,10/11/2023,Same Day,110,Product_110,Elec,1092.63,620.33,5,,397,7
2014,Customer_3005,52,Aswan,23-05-2023,0,13061,23-05-2023,Same Day,110,Product_110,Electronics,473.19,253.49,2,,434,8
1288,Customer_3006,46,Alexandria,05/19/2023,0,10629,05/19/2023,Express,109,Product_109,Electronics,120.89,81.89,4,0.1,593,6
1592,Customer_3007,28,Aswan,03/21/2020,0,12299,03/21/2020,Express,121,Product_121,Home Appliances,1358.99,851.01,5,,569,6
1572,customer_3008,47,Alexandria,29-05-2020,1,10017,29-05-2020,Standard,113,Product_113,Home Appliances,750.5,472.33,1,,1304,4
2377,Customer_3009,30,Alexandria,20-01-2021,0,13327,20-01-2021,Standard,110,Product_110,Electronics,457.39,219.95,5,,407,6
1027,Customer_3010,40,Aswan,18-04-2023,0,11268,18-04-2023,Express,138,Product_138,Home Appliances,1088.76,577.36,5,,624,4
1953,Customer_3011,35,Alexandria,01/23/2024,0,11176,01/23/2024,Express,111,Product_111,Elec,1334.56,728.97,3,0.1,344,2
1042,Customer_3012,53,Aswan,07-10-2023,0,11632,07-10-2023,Same Day,104,Product_104,Home Appliances,50.45,24.7,1,,359,7
1422,Customer_3013,48,Alexandria,02/18/2023,1,10499,02/18/2023,Same Day,146,Product_146,Clothing,1047.39,448.75,1,0.1,683,1
1176,Customer_3014,39,Luxor,03/20/2021,1,10457,03/20/2021,Same Day,131,Product_131,Home Appliances,1162.17,508.92,2,,496,5
1528,Customer_3015,29,Cairo,08-09-2022,1,13769,08-09-2022,Express,149,Product_149,Home Appliances,354.39,160.96,3,0.1,846,2
1965,  Customer_3016  ,20,Aswan,03-03-2021,0,13613,03-03-2021,Standard,134,Product_134,Home Appliances,759.95,350.41,1,,838,2
1197,Customer_3017,42,Alexandria,11/12/2021,0,10114,11/12/2021,Same Day,142,Product_142,Elec,179.46,84.83,3,0.1,623,6
1609,Customer_3018,30,Luxor,09/12/2021,0,10752,09/12/2021,Express,135,Product_135,Electronics,1132.79,,3,,351,5
1841,Customer_3019,11,Cairo,01-02-2020,0,10768,01-02-2020,Express,139,Product_139,Clothing,1278.81,686.36,4,0.05,403,4
1852,Customer_3020,20,Alexandria,03/09/2021,1,12494,03/09/2021,Standard,139,Product_139,Clothing,206.87,114.37,1,,379,5
1021,Customer_3021,64,Cairo,24-01-2021,0,12400,24-01-2021,Same Day,133,Product_133,Sports,1233.87,,4,,908,6
2135,CUSTOMER_3022,30,Aswan,28-08-2020,0,12672,28-08-2020,Same Day,108,Product_108,Clothing,1168.78,785.64,5,,511,3
2080,Customer_3023,56,Cairo,09/07/2022,0,11870,09/07/2022,Express,132,Product_132,Electronics,553.02,312.98,5,,847,2
2089,Customer_3024,34,Giza,05/11/2021,0,12588,05/11/2021,Same Day,133,Product_133,Clothing,1050.92,668.64,4,,751,4
1841,Customer_3025,58,Mansoura,25-11-2023,0,10321,25-11-2023,Standard,108,Product_108,Clothing,50.07,,5,,403,4
1097,Customer_3026,57,Giza,22-05-2023,0,13530,22-05-2023,Same Day,146,Product_146,Home Appliances,1401.11,629.02,4,,590,4
2167,Customer_3027,27,Aswan,12/12/2023,0,11972,12/12/2023,Standard,114,Product_114,Clothing,848.06,448.08,2,0.05,367,5
1434,Customer_3028,10,Aswan,22-02-2021,0,10225,22-02-2021,Express,134,Product_134,Sports,949.49,503.19,3,,792,6
1636,  Customer_3029  ,11,Cairo,23-03-2022,1,13827,23-03-2022,Standard,108,Product_108,Home Appliances,1013.76,513.31,2,,798,3
2109,customer_3030,27,Luxor,05/05/2021,0,10360,05/05/2021,Standard,142,Product_142,Electronics,863.99,347.9,1,,622,5
1587,Customer_3031,68,Alexandria,04-02-2023,0,11554,04-02-2023,Standard,107,Product_107,Sports,1292.31,833.27,2,,427,8
1343,  Customer_3032  ,33,Mansoura,10/20/2021,0,10833,10/20/2021,Standard,113,Product_113,Elec,934.07,404.89,2,0.2,595,2
2317,  Customer_3033  ,42,Alexandria,08/02/2021,1,10111,08/02/2021,Express,121,Product_121,Sports,1366.25,954.52,5,,799,4
1570,Customer_3034,59,Luxor,02/18/2022,0,10211,02/18/2022,Standard,147,Product_147,Home Appliances,894.38,565.15,4,,803,3
1610,Customer_3035,41,Aswan,08/12/2022,1,11256,08/12/2022,Express,132,Product_132,Sports,298.13,171.13,1,,873,2
1242,Customer_3036,41,Mansoura,28-12-2022,0,10947,28-12-2022,Same Day,111,Product_111,Sports,1374.67,613.63,5,,735,2
1560,Customer_3037,49,Giza,08/21/2023,0,10158,08/21/2023,Same Day,114,Product_114,Clothing,1038.36,575.89,1,,386,6
1959,Customer_3038,44,Aswan,01/05/2022,0,12619,01/05/2022,Same Day,111,Product_111,Electronics,1063.9,508.9,3,,657,3
1031,Customer_3039,38,Aswan,23-09-2021,1,11908,23-09-2021,Same Day,102,Product_102,Home Appliances,1478.95,703.53,4,,1196,3
1390,customer_3040,29,Cairo,19-06-2021,0,11347,19-06-2021,Express,134,Product_134,Sports,159.04,103.19,5,,559,5
1276,Customer_3041,41,Luxor,06-01-2022,0,13164,06-01-2022,Express,144,Product_144,Electronics,671.46,,2,,391,8
1531,Customer_3042,56,Cairo,11/16/2022,0,11271,11/16/2022,Same Day,147,Product_147,Electronics,396.69,212.32,3,,452,4
2177,Customer_3043,66,Cairo,15-10-2022,0,12717,15-10-2022,Standard,117,Product_117,Clothing,964.12,,2,,666,6
1382,Customer_3044,44,Alexandria,12-08-2022,0,13212,12-08-2022,Same Day,114,Product_114,Elec,1219.88,520.08,1,0.2,780,4
2091,Customer_3045,51,Aswan,07/20/2020,1,10910,07/20/2020,Same Day,125,Product_125,Home Appliances,1451.15,839.32,3,0.2,1360,3
1883,Customer_3046,44,Luxor,19-01-2024,0,13070,19-01-2024,Same Day,148,Product_148,Clothing,709.16,406.68,5,0.1,348,5
1213,Customer_3047,38,Cairo,19-08-2022,0,12451,19-08-2022,Express,127,Product_127,Sports,1190.02,627.81,2,0.1,610,4
1375,Customer_3048,47,Giza,10/17/2021,0,13803,10/17/2021,Same Day,108,Product_108,Home Appliances,1379.72,895.35,2,,465,3
1743,Customer_3049,57,Mansoura,02/20/2021,1,10403,02/20/2021,Same Day,117,Product_117,Home Appliances,1040.82,710.74,1,,969,5
1212,Customer_3050,26,Luxor,29-01-2022,0,11841,29-01-2022,Same Day,105,Product_105,Home Appliances,401.96,216.9,1,,712,4
1078,Customer_3051,18,Alexandria,02-10-2021,1,12648,02-10-2021,Express,112,Product_112,Clothing,931.39,500.01,4,,1187,3
1627,Customer_3052,32,Luxor,04/27/2022,0,11690,04/27/2022,Same Day,138,Product_138,Electronics,1456.43,801.94,4,0.1,729,5
1603,Customer_3053,43,Aswan,04/03/2020,1,13485,04/03/2020,Same Day,118,Product_118,Home Appliances,1481.95,914.27,1,,836,4
1781,Customer_3054,53,Alexandria,26-02-2023,1,11463,26-02-2023,Standard,126,Product_126,Electronics,981.42,589.26,4,,675,1
2404,Customer_3055,25,Mansoura,29-03-2021,0,11256,29-03-2021,Same Day,131,Product_131,Electronics,1336.13,623.77,2,,782,4
2000,Customer_3056,2,Giza,25-10-2020,1,10192,25-10-2020,Express,137,Product_137,Home Appliances,340.51,142.73,1,,593,3
1679,Customer_3057,32,Cairo,02/03/2020,1,11122,02/03/2020,Standard,106,Product_106,Electronics,406.81,278.57,3,,570,3
1057,customer_3058,37,Luxor,18-06-2021,1,11974,18-06-2021,Same Day,141,Product_141,Clothing,1431.69,684.81,1,,993,3
2049,customer_3059,22,Alexandria,02/07/2023,0,13184,02/07/2023,Express,115,Product_115,Clothing,246.09,145.58,5,0.2,414,4
1880,Customer_3060,28,Mansoura,04/11/2023,0,11642,04/11/2023,Standard,142,Product_142,Sports,327.1,212.13,5,,598,10
1446,Customer_3061,53,Cairo,01-04-2023,0,13607,01-04-2023,Express,149,Product_149,Electronics,659.8,323.36,1,,641,3
1065,Customer_3062,41,Mansoura,01/14/2024,1,13352,01/14/2024,Standard,126,Product_126,Electronics,904.9,534.46,3,,353,2
2277,CUSTOMER_3063,45,Giza,05/05/2022,0,10999,05/05/2022,Express,112,Product_112,Sports,925.53,400.17,1,,476,5
2067,Customer_3064,34,Cairo,27-08-2021,1,11739,27-08-2021,Standard,141,Product_141,Clothing,473.37,327.09,3,,1223,5
2120,Customer_3065,28,Cairo,08-11-2020,1,10522,08-11-2020,Same Day,147,Product_147,Sports,1384.89,578.12,2,,518,4
2011,Customer_3066,34,Cairo,02/05/2021,1,10349,02/05/2021,Same Day,114,Product_114,Sports,1376.89,731.75,2,,1348,5
1226,customer_3067,47,Alexandria,11/06/2021,0,12363,11/06/2021,Same Day,101,Product_101,Sports,618.5,347.01,3,,776,6
1773,CUSTOMER_3068,17,Cairo,16-04-2021,0,11740,16-04-2021,Same Day,117,Product_117,Electronics,679.72,433.08,4,,504,3
1678,Customer_3069,64,Mansoura,02/16/2022,1,12990,02/16/2022,Standard,133,Product_133,Elec,1068.62,466.28,2,,881,2
2459,Customer_3070,48,Alexandria,03/12/2023,0,11944,03/12/2023,Standard,129,Product_129,elect,1011.34,538.28,5,0.1,661,6
1600,Customer_3071,31,Cairo,05/18/2021,1,13571,05/18/2021,Standard,145,Product_145,Electronics,604.33,296.07,1,,1115,4
1378,Customer_3072,52,Mansoura,10/19/2022,1,11560,10/19/2022,Standard,131,Product_131,Home Appliances,650.65,321.16,4,,805,3
2201,Customer_3073,58,Mansoura,02/01/2023,0,12960,02/01/2023,Standard,108,Product_108,Sports,554.66,,5,0.1,341,7
2450,Customer_3074,-10,Luxor,02-09-2023,0,10651,02-09-2023,Standard,130,Product_130,Sports,391.31,157.17,1,,487,4
1708,Customer_3075,36,Mansoura,11/03/2023,0,10634,11/03/2023,Same Day,113,Product_113,elect,714.3,446.24,5,,425,6
1306,Customer_3076,62,Aswan,22-11-2021,0,13058,22-11-2021,Standard,116,Product_116,Clothing,1045.33,672.27,4,,581,4
1778,Customer_3077,71,Giza,11-06-2021,1,13507,11-06-2021,Express,102,Product_102,Home Appliances,1125.85,754.78,3,0.1,1039,5
1503,Customer_3078,40,Cairo,09/27/2022,1,13594,09/27/2022,Express,145,Product_145,Home Appliances,1179.37,693.55,1,0.1,827,5
1267,  Customer_3079  ,22,Cairo,21-01-2024,0,11801,21-01-2024,Express,118,Product_118,Clothing,593.36,296.7,5,,346,5
1007,Customer_3080,32,Cairo,07-08-2023,0,10592,07-08-2023,Standard,135,Product_135,Electronics,1158.72,612.0,5,,513,3
1507,Customer_3081,55,Mansoura,10/01/2022,0,12491,10/01/2022,Same Day,145,Product_145,Home Appliances,59.45,41.08,4,,349,4
1475,Customer_3082,24,Mansoura,01-08-2022,0,13893,01-08-2022,Express,119,Product_119,Home Appliances,741.72,492.77,4,0.2,366,7
2320,CUSTOMER_3083,36,Cairo,12/10/2020,1,12668,12/10/2020,Standard,113,Product_113,Sports,1201.16,647.49,4,,1168,2
1163,Customer_3084,44,Aswan,09-02-2024,0,11231,09-02-2024,Standard,104,Product_104,Sports,963.56,658.03,3,0.1,327,4
1484,CUSTOMER_3085,26,Alexandria,12/22/2021,0,13902,12/22/2021,Same Day,119,Product_119,Electronics,737.39,477.01,2,,440,8
2095,Customer_3086,56,Alexandria,12/12/2020,0,10755,12/12/2020,Standard,125,Product_125,Electronics,984.73,660.09,5,,598,3
1566,Customer_3087,50,Giza,13-10-2020,0,11299,13-10-2020,Standard,138,Product_138,Sports,1365.07,825.72,3,,383,3
1904,Customer_3088,70,Luxor,15-01-2024,0,10496,15-01-2024,Express,131,Product_131,Sports,871.25,572.67,5,0.05,352,3
1558,  Customer_3089  ,51,Giza,01/24/2023,0,10772,01/24/2023,Express,136,Product_136,Sports,1209.69,807.5,3,,519,7
1237,Customer_3090,25,Cairo,09/27/2022,0,13368,09/27/2022,Express,104,Product_104,Clothing,1472.08,629.47,1,,803,3
2127,Customer_3091,47,Cairo,11-01-2021,0,12421,11-01-2021,Express,139,Product_139,Home Appliances,1073.07,739.95,2,,674,6
2233,Customer_3092,54,Cairo,15-01-2023,0,11598,15-01-2023,Express,107,Product_107,Electronics,881.32,440.73,5,,335,4
1553,Customer_3093,55,Luxor,07-08-2023,0,10183,07-08-2023,Standard,116,Product_116,Elec,104.35,55.51,4,0.05,352,5
1827,Customer_3094,28,Mansoura,30-04-2020,0,10031,30-04-2020,Standard,148,Product_148,Clothing,592.99,378.07,2,,518,6
1467,Customer_3095,26,Luxor,12/09/2022,0,10282,12/09/2022,Same Day,105,Product_105,Sports,869.89,521.47,5,,416,2
2477,CUSTOMER_3096,22,Giza,10-03-2020,1,10835,10-03-2020,Express,147,Product_147,Home Appliances,1205.95,805.48,1,,1200,2
2291,Customer_3097,64,Mansoura,01-06-2020,0,12920,01-06-2020,Express,123,Product_123,Sports,685.25,356.45,5,,586,6
1385,CUSTOMER_3098,49,Mansoura,30-09-2023,0,11455,30-09-2023,Express,136,Product_136,Elec,1442.08,738.33,5,0.05,378,6
1774,Customer_3099,27,Giza,09-04-2020,1,13590,09-04-2020,Express,132,Product_132,Clothing,444.1,181.86,5,,1241,2
1847,Customer_3100,41,Mansoura,14-01-2020,0,10685,14-01-2020,Express,124,Product_124,Home Appliances,1129.62,608.66,2,0.05,1198,4
1386,  Customer_3101  ,38,Alexandria,04/24/2022,0,10461,04/24/2022,Standard,125,Product_125,Home Appliances,657.6,405.88,5,,721,7
1876,customer_3102,25,Giza,08-10-2020,0,10870,08-10-2020,Standard,145,Product_145,Home Appliances,754.68,370.06,4,,428,5
1258,Customer_3103,40,Giza,07/15/2023,0,13031,07/15/2023,Express,128,Product_128,Home Appliances,1213.63,653.93,3,,536,3
1282,Customer_3104,42,Alexandria,18-04-2021,0,10367,18-04-2021,Standard,119,Product_119,Clothing,479.51,223.37,4,0.2,404,5
1039,CUSTOMER_3105,68,Luxor,05/19/2020,0,12705,05/19/2020,Express,107,Product_107,Electronics,190.38,120.29,1,,531,5
1485,Customer_3106,30,Luxor,12/19/2023,0,13323,12/19/2023,Same Day,144,Product_144,Home Appliances,804.37,336.35,2,,379,1
1928,Customer_3107,14,Luxor,11/05/2020,0,10165,11/05/2020,Express,141,Product_141,Home Appliances,816.75,499.54,3,0.05,381,6
1219,Customer_3108,24,Mansoura,01/19/2020,1,13686,01/19/2020,Same Day,117,Product_117,Electronics,1205.89,619.44,2,0.2,1216,3
2152,Customer_3109,26,Alexandria,23-03-2021,0,13047,23-03-2021,Same Day,102,Product_102,Sports,1454.06,599.77,2,,442,6
2014,Customer_3110,33,Giza,11/01/2022,0,11728,11/01/2022,Express,116,Product_116,Home Appliances,130.19,85.41,5,,434,8
2023,CUSTOMER_3111,24,Giza,07/22/2022,0,13600,07/22/2022,Express,139,Product_139,Home Appliances,907.95,496.03,4,,599,3
1612,Customer_3112,52,Giza,02/03/2022,0,10601,02/03/2022,Express,118,Product_118,Sports,1037.85,601.74,3,,521,7
1927,CUSTOMER_3113,23,Mansoura,05/03/2020,1,13442,05/03/2020,Express,139,Product_139,Electronics,1479.41,916.66,5,,1013,3
1687,Customer_3114,40,Mansoura,19-06-2023,0,13669,19-06-2023,Standard,101,Product_101,Elec,1416.76,845.13,3,0.2,562,5
1612,Customer_3115,70,Aswan,07/30/2023,0,13174,07/30/2023,Standard,103,Product_103,Home Appliances,1083.05,670.69,4,,521,7
1259,  Customer_3116  ,48,Luxor,27-09-2023,1,12641,27-09-2023,Same Day,121,Product_121,Electronics,806.59,507.09,5,,462,2
1989,Customer_3117,46,Aswan,06/16/2023,0,12173,06/16/2023,Express,130,Product_130,Sports,284.21,163.92,3,0.1,565,7
1965,CUSTOMER_3118,67,Aswan,16-09-2022,0,10037,16-09-2022,Standard,111,Product_111,Clothing,607.06,309.41,5,,838,2
1365,Customer_3119,58,Mansoura,12-09-2023,0,10347,12-09-2023,Standard,122,Product_122,Sports,898.43,424.91,2,,477,3
1543,Customer_3120,48,Luxor,26-09-2022,0,11236,26-09-2022,Standard,147,Product_147,Sports,1101.54,738.99,1,0.1,402,3
1648,Customer_3121,35,Luxor,02/02/2020,0,13390,02/02/2020,Same Day,125,Product_125,Clothing,971.33,671.17,3,0.2,504,4
1813,  Customer_3122  ,39,Giza,14-01-2020,0,12021,14-01-2020,Standard,103,Product_103,Sports,1085.48,550.66,4,,395,5
2039,Customer_3123,38,Mansoura,12/25/2022,0,12784,12/25/2022,Express,130,Product_130,Home Appliances,672.27,291.56,3,,738,4
2152,Customer_3124,33,Luxor,03-02-2023,0,10733,03-02-2023,Standard,124,Product_124,Home Appliances,1105.06,515.8,1,,442,6
1574,Customer_3125,43,Aswan,04/22/2022,0,10425,04/22/2022,Express,145,Product_145,Electronics,258.42,155.36,3,,762,6
2132,CUSTOMER_3126,45,Alexandria,01/25/2020,0,11270,01/25/2020,Standard,136,Product_136,Electronics,285.75,129.12,3,,999,7
2012,  Customer_3127  ,21,Alexandria,02/04/2020,0,10647,02/04/2020,Express,123,Product_123,Sports,286.11,181.4,3,,682,5
1669,  Customer_3128  ,64,Mansoura,20-12-2022,0,12333,20-12-2022,Same Day,108,Product_108,Home Appliances,1341.75,908.24,4,0.05,431,4
1268,Customer_3129,46,Giza,01/19/2024,0,13302,01/19/2024,Standard,104,Product_104,Home Appliances,160.25,110.43,1,0.05,348,2
2185,Customer_3130,36,Giza,16-07-2021,1,10319,16-07-2021,Standard,139,Product_139,Clothing,1212.19,488.27,1,0.1,882,3
2283,Customer_3131,43,Luxor,01/02/2023,0,10511,01/02/2023,Same Day,143,Product_143,Elec,388.68,,4,,327,6
1923,Customer_3132,53,Mansoura,08/10/2021,1,13592,08/10/2021,Same Day,131,Product_131,Home Appliances,729.22,453.62,3,,438,3
2125,Customer_3133,17,Alexandria,05-02-2020,0,12272,05-02-2020,Same Day,129,Product_129,Sports,1378.14,586.01,3,0.1,549,7
1246,customer_3134,38,Aswan,25-10-2022,1,12553,25-10-2022,Express,136,Product_136,Home Appliances,899.61,471.91,1,0.05,497,4
1130,CUSTOMER_3135,22,Luxor,11/30/2023,0,13896,11/30/2023,Express,113,Product_113,Electronics,354.67,216.35,3,0.1,398,4
1352,Customer_3136,79,Aswan,10/12/2023,1,13178,10/12/2023,Standard,141,Product_141,Sports,461.93,317.35,2,0.2,447,4
1195,Customer_3137,42,Luxor,05/31/2022,0,11722,05/31/2022,Express,109,Product_109,Elec,1384.65,622.04,3,0.1,413,4
1929,Customer_3138,22,Cairo,01/02/2021,0,11756,01/02/2021,Standard,121,Product_121,Home Appliances,669.36,293.39,3,,502,5
2405,Customer_3139,93,Aswan,07-08-2020,0,13678,07-08-2020,Same Day,103,Product_103,Home Appliances,901.13,488.15,5,,692,6
2021,Customer_3140,150,Mansoura,07/16/2020,0,13778,07/16/2020,Standard,125,Product_125,Home Appliances,716.9,,1,,457,4
1644,Customer_3141,36,Aswan,09-12-2022,0,11777,09-12-2022,Same Day,125,Product_125,Electronics,598.74,413.98,1,,754,3
1226,  Customer_3142  ,37,Aswan,10/31/2020,0,12789,10/31/2020,Same Day,112,Product_112,Sports,373.75,175.05,2,,776,6
1700,customer_3143,27,Luxor,08-05-2021,0,13402,08-05-2021,Standard,129,Product_129,Home Appliances,1044.98,518.11,2,0.05,384,3
2499,customer_3144,43,Alexandria,28-01-2021,0,13076,28-01-2021,Express,111,Product_111,Home Appliances,1091.45,733.9,2,,440,4
1264,Customer_3145,6,Cairo,23-06-2023,1,13934,23-06-2023,Express,111,Product_111,Home Appliances,448.58,278.32,1,0.05,558,3
2395,  Customer_3146  ,56,Aswan,12/14/2022,0,12515,12/14/2022,Standard,149,Product_149,Clothing,1194.07,825.93,5,,749,2
2457,Customer_3147,23,Alexandria,05/31/2021,1,11539,05/31/2021,Express,126,Product_126,Clothing,1289.08,861.03,5,,890,2
1645,Customer_3148,33,Giza,26-12-2021,0,13847,26-12-2021,Same Day,114,Product_114,Sports,1384.98,643.36,4,0.1,344,7
1210,Customer_3149,51,Cairo,07/01/2021,0,10937,07/01/2021,Same Day,116,Product_116,Electronics,283.76,178.18,1,,505,3
2400,Customer_3150,36,Cairo,03/23/2022,1,10764,03/23/2022,Express,110,Product_110,Home Appliances,490.69,203.43,4,,762,5
2418,Customer_3151,37,Luxor,10-06-2020,1,12210,10-06-2020,Express,131,Product_131,Home Appliances,1297.51,837.35,3,,1339,3
2473,Customer_3152,24,Aswan,02/03/2022,0,10652,02/03/2022,Same Day,131,Product_131,Electronics,337.88,196.13,2,0.1,391,7
1942,customer_3153,71,Giza,04/11/2022,0,12948,04/11/2022,Standard,136,Product_136,Electronics,55.03,37.8,4,0.1,523,5
2387,  Customer_3154  ,47,Luxor,29-07-2022,1,12855,29-07-2022,Express,110,Product_110,Sports,1312.7,903.15,4,0.2,887,6
1456,Customer_3155,23,Mansoura,03/03/2023,0,13602,03/03/2023,Express,126,Product_126,Electronics,523.35,217.32,1,0.1,400,6
1724,Customer_3156,42,Alexandria,05/13/2021,0,12129,05/13/2021,Standard,120,Product_120,Home Appliances,651.02,291.76,2,0.05,760,4
2249,Customer_3157,22,Alexandria,28-11-2023,0,10480,28-11-2023,Same Day,144,Product_144,Sports,697.18,380.15,2,,328,6
1981,Customer_3158,65,Luxor,04/07/2021,0,13964,04/07/2021,Standard,109,Product_109,Clothing,1280.0,849.73,5,,413,4
2154,Customer_3159,42,Alexandria,06-09-2021,1,10515,06-09-2021,Standard,115,Product_115,Sports,539.94,347.9,4,,1123,4
1587,Customer_3160,25,Aswan,11/01/2023,0,11663,11/01/2023,Standard,109,Product_109,Sports,1343.81,926.3,5,,427,8
1475,Customer_3161,50,Alexandria,06/14/2020,0,10186,06/14/2020,Express,107,Product_107,Sports,944.56,552.97,4,0.05,366,7
1985,  Customer_3162  ,35,Aswan,08/31/2023,0,10145,08/31/2023,Same Day,126,Product_126,Electronics,814.57,388.52,1,,332,3
2300,Customer_3163,20,Mansoura,08/23/2023,1,11005,08/23/2023,Same Day,124,Product_124,Home Appliances,522.14,212.79,1,,497,5
1155,Customer_3164,45,Giza,03/05/2020,0,10151,03/05/2020,Express,112,Product_112,Electronics,403.38,188.33,3,,426,5
2241,Customer_3165,45,Cairo,07/10/2020,0,11386,07/10/2020,Standard,120,Product_120,Home Appliances,954.88,575.39,4,,478,5
1189,CUSTOMER_3166,57,Luxor,04/10/2022,0,10092,04/10/2022,Express,114,Product_114,Electronics,698.0,473.16,4,,580,6
2440,Customer_3167,40,Luxor,15-02-2022,0,13102,15-02-2022,Standard,122,Product_122,Sports,1370.25,680.02,2,,453,4
1980,Customer_3168,41,Aswan,11-02-2022,1,11849,11-02-2022,Standard,116,Product_116,Home Appliances,762.88,,2,0.05,1055,4
1545,CUSTOMER_3169,42,Mansoura,02/05/2023,0,12587,02/05/2023,Standard,129,Product_129,Electronics,792.1,410.68,5,,696,6
1040,CUSTOMER_3170,63,Mansoura,01-09-2022,0,12696,01-09-2022,Standard,132,Product_132,Sports,654.25,322.21,3,0.2,451,6
1306,customer_3171,35,Cairo,04/24/2020,0,10601,04/24/2020,Express,119,Product_119,Clothing,1194.43,660.11,1,,581,4
1942,CUSTOMER_3172,47,Giza,07/28/2023,0,10048,07/28/2023,Standard,135,Product_135,Electronics,666.02,354.78,4,,523,5
1337,Customer_3173,49,Luxor,20-01-2020,0,11902,20-01-2020,Express,143,Product_143,Electronics,440.55,296.99,5,,352,8
2337,Customer_3174,45,Aswan,12/10/2023,0,13329,12/10/2023,Standard,132,Product_132,Clothing,1299.94,702.59,3,,388,7
2098,Customer_3175,34,Mansoura,16-12-2020,0,13589,16-12-2020,Express,120,Product_120,Electronics,915.4,442.32,2,,469,6
1952,Customer_3176,-5,Luxor,18-06-2020,1,12588,18-06-2020,Same Day,140,Product_140,Clothing,907.69,592.51,3,,1658,1
1278,  Customer_3177  ,38,Aswan,10/20/2022,1,13481,10/20/2022,Express,120,Product_120,Home Appliances,935.69,654.63,5,,804,3
2199,Customer_3178,69,Alexandria,07-06-2022,0,12203,07-06-2022,Same Day,108,Product_108,Clothing,1092.32,649.33,1,0.1,726,3
1895,Customer_3179,33,Luxor,13-08-2023,0,10774,13-08-2023,Express,135,Product_135,Sports,503.95,239.45,2,,507,3
1272,Customer_3180,26,Giza,11/09/2021,1,10545,11/09/2021,Same Day,142,Product_142,Clothing,99.07,46.73,2,,814,4
1836,  Customer_3181  ,39,Aswan,04-03-2023,0,11463,04-03-2023,Express,113,Product_113,Home Appliances,1225.36,511.36,1,,475,6
1619,Customer_3182,38,Giza,07/14/2020,0,11260,07/14/2020,Standard,141,Product_141,Clothing,236.91,100.26,2,,478,7
1861,Customer_3183,42,Luxor,12/17/2022,0,10649,12/17/2022,Same Day,106,Product_106,Clothing,1096.64,739.68,5,,746,3
1930,Customer_3184,33,Alexandria,03/28/2020,0,13439,03/28/2020,Standard,147,Product_147,Home Appliances,169.36,72.65,2,0.1,576,3
1288,Customer_3185,41,Giza,04/15/2021,0,13048,04/15/2021,Same Day,116,Product_116,Electronics,594.2,324.02,4,,593,6
1723,Customer_3186,41,Mansoura,08-03-2021,1,12023,08-03-2021,Standard,105,Product_105,Electronics,141.39,86.17,3,0.2,1367,2
1892,CUSTOMER_3187,53,Aswan,18-11-2023,0,11080,18-11-2023,Standard,145,Product_145,Sports,807.21,528.81,5,,407,4
1271,Customer_3188,41,Luxor,03/06/2023,0,10174,03/06/2023,Express,134,Product_134,Sports,997.05,450.05,1,,667,4
2089,Customer_3189,41,Alexandria,31-08-2022,0,11237,31-08-2022,Standard,106,Product_106,Clothing,298.58,158.65,5,0.2,751,4
1482,Customer_3190,47,Mansoura,07/09/2021,0,12074,07/09/2021,Same Day,133,Product_133,Electronics,588.86,,4,,1185,5
1935,customer_3191,53,Luxor,04/05/2020,0,13878,04/05/2020,Same Day,115,Product_115,Electronics,1398.85,666.9,2,0.05,468,9
1247,CUSTOMER_3192,25,Alexandria,06/01/2020,1,11941,06/01/2020,Same Day,115,Product_115,Clothing,691.46,339.61,2,,1319,2
1155,  Customer_3193  ,21,Mansoura,11/02/2023,0,11142,11/02/2023,Express,114,Product_114,Home Appliances,1213.69,699.25,5,,426,5
2070,customer_3194,65,Giza,07/28/2021,0,10146,07/28/2021,Express,139,Product_139,Electronics,1394.42,564.7,2,,367,6
1453,  Customer_3195  ,50,Luxor,01/17/2023,0,10867,01/17/2023,Same Day,105,Product_105,Sports,1462.8,764.5,2,0.1,622,4
1200,Customer_3196,36,Luxor,28-02-2023,0,12312,28-02-2023,Standard,126,Product_126,Clothing,1352.57,616.84,4,,673,5
1123,Customer_3197,40,Giza,09-09-2023,0,13474,09-09-2023,Express,148,Product_148,Home Appliances,510.24,352.13,1,,393,5
1000,Customer_3198,34,Cairo,08-03-2020,0,12305,08-03-2020,Standard,117,Product_117,Sports,1445.73,,3,0.2,363,5
1967,Customer_3199,43,Mansoura,01/02/2021,0,11883,01/02/2021,Express,143,Product_143,Electronics,1227.97,810.99,5,,1460,3
1854,customer_3200,25,Giza,10/06/2021,0,13260,10/06/2021,Express,147,Product_147,Home Appliances,1263.9,579.76,1,,723,2
1639,Customer_3201,52,Luxor,02/02/2020,1,12874,02/02/2020,Express,116,Product_116,Sports,72.0,46.3,3,0.2,1264,4
1190,Customer_3202,42,Mansoura,28-02-2021,0,10742,28-02-2021,Express,135,Product_135,Clothing,1433.65,,1,,670,3
1515,Customer_3203,43,Mansoura,17-04-2023,0,11522,17-04-2023,Same Day,138,Product_138,Home Appliances,1178.23,534.1,5,,514,7
1441,Customer_3204,26,Cairo,22-10-2020,0,10709,22-10-2020,Express,123,Product_123,Home Appliances,1163.55,731.14,4,0.1,686,5
1142,Customer_3205,47,Luxor,12/30/2023,0,13310,12/30/2023,Express,113,Product_113,Clothing,168.21,105.74,4,,368,5
2214,Customer_3206,26,Alexandria,26-03-2022,0,11350,26-03-2022,Same Day,133,Product_133,Electronics,387.22,270.58,4,,1012,3
1532,CUSTOMER_3207,29,Cairo,06-06-2020,0,11093,06-06-2020,Same Day,129,Product_129,elect,1445.28,916.71,1,,547,3
1226,customer_3208,41,Cairo,04-09-2021,0,11952,04-09-2021,Same Day,146,Product_146,Home Appliances,775.98,344.21,5,0.05,776,6
2336,Customer_3209,77,Alexandria,28-11-2020,1,13835,28-11-2020,Same Day,134,Product_134,Home Appliances,626.89,311.42,2,,625,5
1948,CUSTOMER_3210,42,Alexandria,28-02-2023,1,13776,28-02-2023,Standard,134,Product_134,Home Appliances,1267.91,678.99,2,,673,2
2325,CUSTOMER_3211,1,Cairo,07-05-2021,0,13096,07-05-2021,Same Day,127,Product_127,Sports,176.64,77.37,4,,603,5
1459,Customer_3212,30,Mansoura,06-03-2023,0,11605,06-03-2023,Same Day,115,Product_115,Home Appliances,654.57,416.58,1,,338,6
2424,  Customer_3213  ,50,Giza,07-03-2022,0,13227,07-03-2022,Same Day,109,Product_109,Electronics,594.77,331.89,2,,575,6
1550,Customer_3214,23,Giza,18-10-2023,1,11681,18-10-2023,Standard,126,Product_126,Clothing,557.28,380.81,1,,441,3
1392,Customer_3215,52,Cairo,01/12/2023,0,11854,01/12/2023,Same Day,103,Product_103,Clothing,496.15,286.18,5,,350,4
1844,Customer_3216,42,Mansoura,10-11-2021,0,12266,10-11-2021,Standard,136,Product_136,Clothing,354.61,197.47,4,,626,3
2230,Customer_3217,54,Alexandria,25-02-2022,0,10560,25-02-2022,Express,147,Product_147,Home Appliances,300.72,126.73,3,,526,7
1209,Customer_3218,31,Aswan,13-10-2020,0,13450,13-10-2020,Standard,105,Product_105,Home Appliances,978.59,435.28,4,,649,5
2138,Customer_3219,30,Cairo,12-11-2023,0,10891,12-11-2023,Same Day,120,Product_120,Clothing,1383.12,905.75,3,,416,2
1645,Customer_3220,48,Luxor,23-01-2024,0,13265,23-01-2024,Standard,120,Product_120,Sports,787.83,549.28,2,,344,7
2274,customer_3221,39,Mansoura,06/09/2020,0,13111,06/09/2020,Standard,105,Product_105,Sports,482.06,252.87,3,,467,5
1218,Customer_3222,38,Luxor,10/22/2022,1,10596,10/22/2022,Standard,110,Product_110,Sports,280.78,180.55,1,,802,2
1406,Customer_3223,63,Luxor,12/09/2021,0,12390,12/09/2021,Standard,116,Product_116,Sports,1253.71,737.53,3,,399,5
2466,Customer_3224,49,Cairo,19-04-2020,0,12550,19-04-2020,Standard,125,Product_125,Electronics,1458.66,1003.15,2,,657,5
2377,customer_3225,10,Mansoura,19-07-2020,0,10449,19-07-2020,Standard,144,Product_144,Clothing,556.28,262.25,2,0.2,407,6
1887,Customer_3226,51,Luxor,14-06-2022,1,12383,14-06-2022,Standard,125,Product_125,Electronics,471.88,265.88,4,,825,4
1557,Customer_3227,50,Mansoura,04/20/2021,0,12051,04/20/2021,Standard,130,Product_130,Home Appliances,922.16,481.96,2,,1012,3
1549,Customer_3228,57,Giza,04-06-2020,1,11825,04-06-2020,Express,114,Product_114,Sports,1174.23,660.52,1,0.05,807,3
1141,Customer_3229,25,Aswan,11/28/2021,0,12806,11/28/2021,Express,122,Product_122,Sports,710.33,341.43,3,,822,3
1611,Customer_3230,44,Luxor,24-05-2023,1,12564,24-05-2023,Same Day,143,Product_143,Clothing,963.61,529.33,5,0.05,588,3
1500,Customer_3231,41,Luxor,11-06-2023,0,13568,11-06-2023,Same Day,128,Product_128,Sports,1089.0,639.72,2,0.2,570,3
1839,CUSTOMER_3232,25,Mansoura,04-05-2023,0,11249,04-05-2023,Same Day,130,Product_130,Clothing,1442.86,612.3,3,,608,3
1701,customer_3233,54,Aswan,03/23/2022,1,11173,03/23/2022,Same Day,119,Product_119,Home Appliances,289.3,180.2,4,0.1,991,3
1595,Customer_3234,36,Giza,10/30/2021,1,12285,10/30/2021,Same Day,138,Product_138,Sports,1496.2,915.61,5,,839,4
1280,Customer_3235,57,Luxor,01-03-2020,0,11683,01-03-2020,Same Day,142,Product_142,Sports,618.63,410.86,4,,413,2
1423,Customer_3236,28,Cairo,07/22/2023,1,12150,07/22/2023,Express,120,Product_120,Electronics,1098.64,579.81,1,,529,1
1855,Customer_3237,18,Mansoura,13-07-2021,0,11198,13-07-2021,Express,135,Product_135,Clothing,880.0,368.28,4,,805,5
1269,Customer_3238,36,Mansoura,07/11/2022,0,11009,07/11/2022,Express,122,Product_122,Clothing,755.67,406.88,3,,428,5
1153,customer_3239,43,Luxor,10/01/2022,0,13532,10/01/2022,Standard,115,Product_115,Sports,1062.21,468.73,5,,423,8
1613,Customer_3240,31,Giza,04/12/2021,0,11771,04/12/2021,Standard,111,Product_111,elect,623.84,370.71,4,0.05,390,3
1661,Customer_3241,-5,Luxor,12/29/2021,0,13105,12/29/2021,Same Day,134,Product_134,Sports,232.86,96.44,4,,356,10
1082,Customer_3242,150,Alexandria,02/06/2023,0,11707,02/06/2023,Express,124,Product_124,Clothing,758.9,388.71,1,,520,5
1946,Customer_3243,45,Luxor,07-02-2022,0,12565,07-02-2022,Same Day,106,Product_106,Clothing,806.78,,3,,380,9
1898,Customer_3244,50,Aswan,06/03/2022,0,10439,06/03/2022,Express,117,Product_117,Sports,342.76,137.45,4,,599,7
2449,Customer_3245,34,Aswan,01/15/2021,1,11308,01/15/2021,Express,128,Product_128,Home Appliances,1406.65,968.01,3,,879,5
2298,Customer_3246,33,Alexandria,24-10-2023,0,12272,24-10-2023,Same Day,131,Product_131,Sports,379.84,265.45,2,0.05,435,1
1283,Customer_3247,61,Aswan,14-04-2023,1,12612,14-04-2023,Same Day,136,Product_136,Electronics,643.38,364.57,1,,472,3
1979,  Customer_3248  ,16,Aswan,15-09-2023,0,13328,15-09-2023,Standard,109,Product_109,Clothing,274.65,,1,,474,4
1172,customer_3249,-5,Cairo,02/17/2022,0,12030,02/17/2022,Express,110,Product_110,Clothing,826.91,556.78,1,,544,5
2350,Customer_3250,42,Mansoura,24-06-2020,0,13130,24-06-2020,Standard,121,Product_121,Sports,496.07,335.8,3,,443,3
2086,Customer_3251,49,Aswan,20-06-2023,0,11967,20-06-2023,Standard,134,Product_134,Home Appliances,759.45,,4,,561,5
2096,customer_3252,42,Mansoura,08/27/2021,0,10245,08/27/2021,Standard,131,Product_131,Clothing,375.69,,4,,454,6
1762,customer_3253,26,Giza,19-05-2021,1,11542,19-05-2021,Standard,129,Product_129,Sports,127.97,54.06,3,,783,7
2398,Customer_3254,57,Luxor,12/31/2023,1,11237,12/31/2023,Express,143,Product_143,Home Appliances,1179.88,503.26,3,,367,2
1632,Customer_3255,200,Cairo,05/30/2020,0,12975,05/30/2020,Express,143,Product_143,Sports,979.58,655.33,2,0.1,723,4
1786,Customer_3256,14,Alexandria,06/17/2020,0,11613,06/17/2020,Standard,111,Product_111,Sports,544.07,360.58,5,0.05,373,3
1942,CUSTOMER_3257,43,Giza,02-07-2021,0,11724,02-07-2021,Express,133,Product_133,Sports,118.87,63.04,5,,523,5
2011,Customer_3258,47,Cairo,11-11-2020,1,10952,11-11-2020,Standard,146,Product_146,Clothing,1305.08,,1,0.1,1348,5
1397,Customer_3259,69,Cairo,17-02-2022,0,12866,17-02-2022,Same Day,101,Product_101,Home Appliances,296.2,175.72,4,0.1,434,5
2143,customer_3260,46,Alexandria,28-12-2023,0,12263,28-12-2023,Standard,121,Product_121,Electronics,1399.58,898.67,1,,370,7
1933,Customer_3261,17,Alexandria,22-07-2023,0,13474,22-07-2023,Same Day,123,Product_123,Electronics,743.96,460.89,4,,529,6
2460,CUSTOMER_3262,18,Mansoura,11/11/2020,0,10282,11/11/2020,Standard,109,Product_109,Clothing,543.56,317.81,4,,949,6
1675,Customer_3263,-5,Luxor,03/08/2022,0,13902,03/08/2022,Standard,101,Product_101,Clothing,1125.55,528.39,2,,1030,4
1935,  Customer_3264  ,-10,Giza,10/10/2021,0,13644,10/10/2021,Express,121,Product_121,Sports,1321.42,632.63,3,,468,9
1464,Customer_3265,16,Luxor,01/08/2022,1,12620,01/08/2022,Same Day,122,Product_122,Sports,587.53,362.64,3,,729,4
1285,Customer_3266,55,Giza,08/06/2020,1,13286,08/06/2020,Express,104,Product_104,Home Appliances,640.65,410.52,3,,1157,3
1264,CUSTOMER_3267,32,Cairo,07/06/2020,1,12429,07/06/2020,Standard,101,Product_101,Sports,678.08,,5,,558,3
1319,Customer_3268,54,Aswan,01/11/2020,0,13116,01/11/2020,Same Day,110,Product_110,Home Appliances,1387.37,632.9,3,,436,3
1672,Customer_3269,26,Aswan,23-09-2021,1,11940,23-09-2021,Standard,115,Product_115,Sports,1054.22,,5,,1196,3
2399,Customer_3270,62,Alexandria,06/29/2022,0,10171,06/29/2022,Same Day,136,Product_136,Sports,409.09,211.38,1,,353,5
1819,Customer_3271,53,Alexandria,01/07/2022,0,11244,01/07/2022,Same Day,129,Product_129,Elec,318.25,181.08,5,,433,5
1088,Customer_3272,29,Cairo,07/06/2021,1,13456,07/06/2021,Standard,146,Product_146,Clothing,384.03,224.44,4,,1145,2
2226,CUSTOMER_3273,15,Cairo,28-07-2020,1,11118,28-07-2020,Standard,105,Product_105,Home Appliances,432.17,273.5,2,0.05,1334,2
1820,Customer_3274,74,Giza,09/28/2020,0,11882,09/28/2020,Express,129,Product_129,Electronics,383.77,246.27,2,,501,6
2000,Customer_3275,36,Cairo,27-06-2020,1,12091,27-06-2020,Express,147,Product_147,Sports,1004.83,486.37,4,,593,3
1333,Customer_3276,28,Giza,01/18/2021,1,12275,01/18/2021,Standard,147,Product_147,Electronics,218.1,122.66,1,,1141,4
1221,Customer_3277,60,Luxor,06/01/2022,0,12621,06/01/2022,Express,127,Product_127,Home Appliances,611.67,267.33,2,,945,1
1040,Customer_3278,54,Alexandria,08-07-2022,0,12364,08-07-2022,Express,125,Product_125,Clothing,956.33,624.11,4,,451,6
1067,Customer_3279,57,Alexandria,14-02-2023,0,12778,14-02-2023,Standard,116,Product_116,Electronics,471.75,308.35,2,,687,3
1987,Customer_3280,38,Aswan,02/10/2023,0,13406,02/10/2023,Same Day,116,Product_116,Home Appliances,144.65,70.86,5,,558,6
1513,Customer_3281,68,Aswan,11/15/2022,0,10600,11/15/2022,Standard,136,Product_136,Sports,168.64,75.58,2,,439,3
2150,Customer_3282,20,Alexandria,04/15/2022,0,12671,04/15/2022,Express,125,Product_125,Electronics,232.65,97.95,5,,696,7
2278,Customer_3283,31,Luxor,07/30/2020,0,13790,07/30/2020,Standard,141,Product_141,Clothing,1261.97,722.47,5,,522,2
1694,Customer_3284,45,Luxor,02/23/2020,0,12023,02/23/2020,Standard,101,Product_101,Home Appliances,1003.9,429.1,2,0.1,577,3
2039,Customer_3285,57,Mansoura,02-07-2020,0,10466,02-07-2020,Same Day,105,Product_105,Clothing,143.56,86.74,2,,738,4
1476,Customer_3286,49,Giza,12/25/2021,0,13950,12/25/2021,Same Day,141,Product_141,Sports,617.05,372.35,5,,609,4
2085,customer_3287,38,Aswan,02/09/2023,0,13889,02/09/2023,Express,120,Product_120,Clothing,453.95,,2,0.05,465,3
1880,Customer_3288,32,Giza,09-07-2020,0,11738,09-07-2020,Express,105,Product_105,Sports,888.16,588.82,1,0.1,598,10
1431,Customer_3289,57,Aswan,07-05-2023,1,10296,07-05-2023,Express,136,Product_136,Sports,808.07,414.93,3,,421,4
1267,  Customer_3290  ,51,Mansoura,05/09/2023,0,12592,05/09/2023,Express,129,Product_129,Electronics,747.63,501.42,3,,346,5
2058,Customer_3291,26,Alexandria,26-10-2021,0,12536,26-10-2021,Express,148,Product_148,Sports,506.04,208.02,4,,619,4
1778,CUSTOMER_3292,26,Giza,02/27/2022,1,11019,02/27/2022,Standard,134,Product_134,Clothing,249.81,108.37,3,,1039,5
1493,Customer_3293,31,Aswan,01/26/2020,0,12262,01/26/2020,Standard,148,Product_148,Electronics,1126.45,589.88,1,,344,5
2492,Customer_3294,29,Giza,20-08-2021,1,11547,20-08-2021,Express,118,Product_118,Sports,1325.79,766.57,3,0.2,892,4
1660,Customer_3295,55,Alexandria,27-04-2022,0,13073,27-04-2022,Same Day,102,Product_102,Home Appliances,1419.02,581.39,3,,441,8
2348,  Customer_3296  ,46,Cairo,03/05/2022,1,11898,03/05/2022,Same Day,116,Product_116,Home Appliances,135.0,76.98,1,0.2,729,4
2327,Customer_3297,48,Aswan,06/22/2020,0,10660,06/22/2020,Express,129,Product_129,Sports,1122.87,552.7,5,,365,7
2299,Customer_3298,42,Cairo,24-01-2024,0,10653,24-01-2024,Standard,133,Product_133,Electronics,1103.43,735.04,3,0.1,343,4
2012,Customer_3299,43,Mansoura,19-02-2023,0,10801,19-02-2023,Same Day,116,Product_116,Electronics,1423.31,797.03,4,,682,5
2224,CUSTOMER_3300,16,Luxor,05/12/2021,0,13278,05/12/2021,Same Day,135,Product_135,Electronics,416.73,240.19,3,,878,5
2468,CUSTOMER_3301,51,Giza,03/17/2023,1,10340,03/17/2023,Same Day,147,Product_147,Clothing,1126.16,769.94,3,0.05,656,2
2347,Customer_3302,31,Aswan,12/03/2022,0,10703,12/03/2022,Same Day,143,Product_143,Home Appliances,129.21,81.31,1,,502,5
2058,Customer_3303,39,Giza,12/13/2020,0,12454,12/13/2020,Standard,142,Product_142,Sports,965.31,513.04,1,,619,4
1976,Customer_3304,32,Mansoura,11/04/2023,1,10852,11/04/2023,Standard,117,Product_117,Sports,558.73,303.43,4,,424,3
1481,  Customer_3305  ,42,Mansoura,18-02-2022,0,10305,18-02-2022,Same Day,104,Product_104,Home Appliances,1164.92,692.4,2,,764,3
1727,customer_3306,48,Giza,12/13/2020,1,13578,12/13/2020,Standard,149,Product_149,Clothing,1301.79,598.9,1,,1480,2
1479,customer_3307,24,Aswan,11-10-2020,0,11933,11-10-2020,Standard,104,Product_104,Electronics,578.99,246.99,2,,516,3
2088,customer_3308,43,Alexandria,07/04/2021,0,13540,07/04/2021,Express,125,Product_125,Home Appliances,812.1,400.67,4,0.05,339,6
2031,CUSTOMER_3309,33,Alexandria,08-09-2021,1,11787,08-09-2021,Express,133,Product_133,Sports,220.24,139.53,3,,344,5
2324,Customer_3310,59,Luxor,03-07-2021,0,13787,03-07-2021,Express,114,Product_114,Clothing,654.52,312.34,3,,354,7
1342,customer_3311,23,Giza,10/06/2022,0,10873,10/06/2022,Express,124,Product_124,Sports,573.16,251.75,2,,818,3
2454,Customer_3312,24,Giza,25-10-2020,1,11581,25-10-2020,Same Day,111,Product_111,elect,315.53,146.94,4,0.05,492,2
2447,Customer_3313,34,Aswan,05/09/2020,0,13957,05/09/2020,Express,125,Product_125,Home Appliances,1346.99,813.17,4,,531,4
1331,  Customer_3314  ,26,Giza,08-12-2020,1,10494,08-12-2020,Express,128,Product_128,Electronics,264.73,154.65,1,,1485,2
1437,  Customer_3315  ,36,Aswan,06/09/2022,1,13332,06/09/2022,Standard,107,Product_107,Clothing,971.82,589.4,2,,937,3
1173,customer_3316,32,Giza,19-07-2021,1,12625,19-07-2021,Same Day,149,Product_149,Home Appliances,1340.71,665.78,1,,1262,2
1558,Customer_3317,41,Mansoura,05/12/2022,0,11685,05/12/2022,Standard,136,Product_136,Electronics,1372.35,,2,,519,7
1526,CUSTOMER_3318,55,Cairo,09/05/2021,1,11605,09/05/2021,Standard,110,Product_110,Elec,1200.2,,1,,853,2
1658,Customer_3319,41,Giza,18-09-2022,0,13435,18-09-2022,Standard,149,Product_149,Elec,305.4,169.23,1,,768,4
1025,CUSTOMER_3320,42,Cairo,06/06/2020,0,11537,06/06/2020,Express,136,Product_136,Clothing,1235.28,845.73,4,,667,2
1819,CUSTOMER_3321,24,Alexandria,09-01-2022,0,12588,09-01-2022,Same Day,131,Product_131,Electronics,451.02,312.91,4,0.1,433,5
1604,Customer_3322,37,Luxor,05/30/2021,0,12815,05/30/2021,Express,119,Product_119,Sports,1387.48,830.36,3,,630,4
1405,customer_3323,33,Alexandria,05/20/2021,1,13644,05/20/2021,Same Day,118,Product_118,Home Appliances,1078.18,736.88,3,,567,5
1231,Customer_3324,50,Giza,01/16/2024,0,11635,01/16/2024,Standard,149,Product_149,Home Appliances,1188.64,668.55,4,,351,3
1532,  Customer_3325  ,28,Aswan,04-07-2023,0,10895,04-07-2023,Same Day,106,Product_106,Electronics,173.3,85.3,4,,547,3
1504,Customer_3326,27,Alexandria,10/12/2022,0,12502,10/12/2022,Standard,128,Product_128,Clothing,895.01,442.61,1,,812,5
1178,Customer_3327,44,Mansoura,05/01/2023,0,11167,05/01/2023,Express,107,Product_107,Sports,1240.66,704.3,3,,611,1
1131,Customer_3328,69,Cairo,16-06-2023,0,13263,16-06-2023,Standard,138,Product_138,Sports,1299.31,755.56,4,,565,4
2478,Customer_3329,37,Aswan,04-02-2021,0,13936,04-02-2021,Express,112,Product_112,Home Appliances,91.52,48.68,2,,653,5
1347,  Customer_3330  ,42,Aswan,07/26/2022,0,13424,07/26/2022,Express,141,Product_141,Home Appliances,1411.78,,2,,890,4
1539,Customer_3331,54,Giza,07-08-2020,0,13853,07-08-2020,Express,134,Product_134,Sports,112.84,59.58,3,,597,6
1771,Customer_3332,47,Mansoura,04-10-2020,0,12346,04-10-2020,Standard,125,Product_125,Home Appliances,941.05,453.61,2,,623,4
2429,CUSTOMER_3333,47,Cairo,15-09-2021,0,13531,15-09-2021,Express,117,Product_117,Elec,1055.41,424.69,1,,1204,1
1075,CUSTOMER_3334,38,Mansoura,01/14/2020,0,12474,01/14/2020,Same Day,133,Product_133,Sports,205.65,142.14,3,0.1,374,3
1578,Customer_3335,38,Alexandria,03/21/2022,0,11861,03/21/2022,Same Day,123,Product_123,Home Appliances,119.62,77.43,4,,1000,4
1853,Customer_3336,28,Giza,11/11/2021,1,13894,11/11/2021,Same Day,109,Product_109,Electronics,1188.12,694.66,2,,891,4
1193,Customer_3337,47,Aswan,06/24/2023,0,12763,06/24/2023,Same Day,106,Product_106,Electronics,607.77,394.54,1,0.05,405,7
2185,CUSTOMER_3338,46,Aswan,17-02-2022,1,10756,17-02-2022,Express,102,Product_102,Sports,205.31,132.03,4,0.1,882,3
1346,Customer_3339,50,Alexandria,05-11-2021,0,10030,05-11-2021,Same Day,138,Product_138,Electronics,1155.87,785.48,5,,487,2
1950,customer_3340,32,Aswan,20-06-2022,0,12379,20-06-2022,Standard,109,Product_109,Sports,1281.29,660.92,1,,421,4
2384,CUSTOMER_3341,52,Luxor,16-11-2021,0,11993,16-11-2021,Same Day,103,Product_103,Electronics,901.71,510.78,2,0.1,426,4
2110,CUSTOMER_3342,57,Giza,05/31/2022,0,13482,05/31/2022,Same Day,116,Product_116,Sports,283.79,121.91,1,0.05,946,2
2285,Customer_3343,21,Alexandria,26-08-2023,1,12099,26-08-2023,Standard,125,Product_125,Sports,72.07,49.7,5,0.05,494,2
1213,Customer_3344,35,Giza,05/02/2023,0,13455,05/02/2023,Standard,124,Product_124,Sports,1066.16,741.55,5,,610,4
1572,Customer_3345,57,Cairo,10/05/2020,1,10242,10/05/2020,Same Day,147,Product_147,Sports,847.7,539.75,1,,1304,4
1779,Customer_3346,30,Giza,09/07/2021,0,12822,09/07/2021,Express,129,Product_129,Electronics,993.66,532.84,4,,678,3
1261,Customer_3347,47,Giza,10/18/2021,0,10685,10/18/2021,Standard,144,Product_144,Sports,1229.12,674.75,4,0.2,819,5
1729,Customer_3348,40,Cairo,20-05-2023,0,11635,20-05-2023,Express,140,Product_140,Home Appliances,679.63,360.62,5,0.05,592,3
1282,Customer_3349,44,Alexandria,24-11-2023,0,11440,24-11-2023,Express,126,Product_126,Electronics,230.55,112.51,3,0.1,404,5
2490,Customer_3350,40,Giza,02/15/2021,1,11498,02/15/2021,Same Day,138,Product_138,Sports,1412.98,788.92,3,,1149,3
2403,Customer_3351,51,Mansoura,09/08/2022,0,11415,09/08/2022,Express,135,Product_135,Electronics,840.63,349.73,4,,626,7
1361,Customer_3352,24,Giza,05-10-2021,0,11412,05-10-2021,Express,123,Product_123,Elec,942.18,657.23,3,,820,4
2472,Customer_3353,26,Alexandria,12/29/2020,1,10572,12/29/2020,Express,104,Product_104,Electronics,1403.45,739.92,4,0.05,547,3
1440,Customer_3354,61,Aswan,26-03-2022,0,11991,26-03-2022,Same Day,142,Product_142,Electronics,1400.8,950.04,2,,1012,2
1092,Customer_3355,71,Cairo,10/15/2021,1,12919,10/15/2021,Standard,114,Product_114,Sports,879.54,542.92,4,0.2,822,5
1752,CUSTOMER_3356,39,Aswan,19-08-2021,1,12747,19-08-2021,Same Day,147,Product_147,Electronics,481.54,234.5,2,,482,4
1866,customer_3357,65,Alexandria,24-11-2023,0,13540,24-11-2023,Standard,139,Product_139,Home Appliances,1495.81,697.97,5,,404,5
2447,CUSTOMER_3358,28,Luxor,07/20/2023,0,11431,07/20/2023,Express,107,Product_107,Elec,1037.18,724.68,3,0.2,531,4
1141,customer_3359,32,Aswan,10/02/2022,0,12566,10/02/2022,Standard,108,Product_108,Electronics,642.23,,5,,822,3
2314,Customer_3360,61,Giza,25-03-2023,0,11212,25-03-2023,Standard,142,Product_142,Home Appliances,861.76,409.25,1,,493,2
2455,Customer_3361,52,Giza,11-05-2021,1,12642,11-05-2021,Standard,119,Product_119,Sports,652.96,274.4,1,0.1,1167,2
1748,  Customer_3362  ,64,Cairo,10/29/2021,0,13422,10/29/2021,Standard,102,Product_102,Home Appliances,1338.04,814.97,5,,792,3
1652,Customer_3363,47,Giza,02/09/2022,1,12330,02/09/2022,Express,147,Product_147,Clothing,749.62,367.99,4,0.1,1057,3
1700,Customer_3364,24,Mansoura,28-07-2021,0,11659,28-07-2021,Standard,101,Product_101,Home Appliances,1244.12,580.26,4,,384,3
1997,Customer_3365,43,Mansoura,03/15/2022,1,13228,03/15/2022,Standard,142,Product_142,Sports,1268.26,786.93,3,0.05,1023,3
1048,Customer_3366,58,Aswan,17-01-2022,0,10598,17-01-2022,Express,138,Product_138,Home Appliances,1245.28,,5,,1080,4
2325,Customer_3367,38,Alexandria,08/21/2020,0,12195,08/21/2020,Standard,113,Product_113,Electronics,1097.17,597.33,1,,603,5
1880,CUSTOMER_3368,35,Cairo,02/28/2023,0,10069,02/28/2023,Same Day,142,Product_142,Sports,1289.57,880.51,5,,598,10
2213,Customer_3369,47,Luxor,13-02-2021,1,11393,13-02-2021,Standard,144,Product_144,Clothing,611.48,369.27,5,,1418,3
2159,Customer_3370,31,Aswan,27-04-2023,0,13659,27-04-2023,Same Day,124,Product_124,Sports,216.26,144.47,3,,615,2
1554,Customer_3371,44,Alexandria,22-01-2023,1,11649,22-01-2023,Same Day,132,Product_132,Electronics,1271.56,,4,0.2,710,2
1403,customer_3372,40,Cairo,01/03/2021,1,11538,01/03/2021,Same Day,130,Product_130,Clothing,772.34,377.67,1,0.05,1302,5
1891,CUSTOMER_3373,32,Cairo,28-10-2023,0,12281,28-10-2023,Express,106,Product_106,Sports,234.7,101.24,3,0.2,431,5
1864,CUSTOMER_3374,54,Aswan,31-01-2023,0,12726,31-01-2023,Same Day,138,Product_138,Sports,217.2,106.73,1,,609,3
1601,Customer_3375,49,Alexandria,02/25/2020,0,13682,02/25/2020,Same Day,133,Product_133,Electronics,280.9,194.25,1,,706,4
1340,Customer_3376,34,Alexandria,01/29/2024,0,12683,01/29/2024,Express,144,Product_144,Home Appliances,1138.91,784.55,4,,338,4
1703,Customer_3377,39,Giza,03-08-2022,0,10466,03-08-2022,Express,123,Product_123,Home Appliances,1080.74,678.83,4,0.2,681,6
1317,Customer_3378,35,Luxor,12/21/2023,0,10556,12/21/2023,Same Day,110,Product_110,Clothing,345.54,192.23,3,,377,6
1617,Customer_3379,30,Mansoura,05-03-2021,0,10893,05-03-2021,Express,146,Product_146,Elec,1278.04,,2,,1069,4
2386,  Customer_3380  ,14,Giza,06/16/2022,0,10835,06/16/2022,Standard,115,Product_115,Electronics,457.88,259.18,3,,930,2
1381,Customer_3381,32,Cairo,19-08-2021,0,11310,19-08-2021,Same Day,123,Product_123,Home Appliances,1199.83,481.19,3,,632,2
1232,Customer_3382,30,Luxor,19-11-2023,0,10617,19-11-2023,Same Day,136,Product_136,Home Appliances,758.77,417.68,2,0.2,409,4
2367,customer_3383,41,Luxor,05/21/2020,1,11317,05/21/2020,Standard,101,Product_101,Clothing,1110.75,643.88,1,,825,7
1816,customer_3384,46,Alexandria,17-04-2022,0,11504,17-04-2022,Express,108,Product_108,Home Appliances,603.01,289.28,5,0.2,550,6
1552,Customer_3385,27,Luxor,10-10-2023,0,10133,10-10-2023,Standard,103,Product_103,Clothing,553.35,255.09,2,,402,5
1855,Customer_3386,45,Aswan,10/19/2022,0,10007,10/19/2022,Standard,114,Product_114,Sports,1269.97,612.31,5,0.1,805,5
1818,Customer_3387,25,Luxor,10/12/2020,1,12075,10/12/2020,Express,117,Product_117,Clothing,101.19,59.41,1,,674,3
1182,Customer_3388,38,Cairo,07/21/2023,0,10782,07/21/2023,Express,134,Product_134,Clothing,1463.37,649.47,2,,530,7
2064,Customer_3389,30,Aswan,12-09-2021,0,13806,12-09-2021,Same Day,147,Product_147,Clothing,989.86,609.85,4,,400,5
1396,Customer_3390,51,Aswan,05/10/2021,0,13591,05/10/2021,Same Day,106,Product_106,Sports,677.1,356.7,3,,384,7
1778,Customer_3391,41,Giza,06/01/2021,1,11333,06/01/2021,Same Day,105,Product_105,Home Appliances,960.68,486.11,2,,1039,5
1906,  Customer_3392  ,38,Luxor,09/10/2023,0,13717,09/10/2023,Express,146,Product_146,Clothing,227.97,146.4,2,,479,2
2356,Customer_3393,30,Alexandria,11/11/2020,1,10540,11/11/2020,Same Day,141,Product_141,Home Appliances,795.38,438.91,1,,1512,1
1126,Customer_3394,35,Giza,04-01-2024,1,12674,04-01-2024,Standard,140,Product_140,Clothing,1478.39,759.18,4,,363,2
1000,Customer_3395,67,Alexandria,05/16/2022,0,13565,05/16/2022,Same Day,129,Product_129,Home Appliances,391.14,259.5,2,,363,5
2191,Customer_3396,32,Luxor,02/11/2022,0,11057,02/11/2022,Express,135,Product_135,Clothing,1097.3,560.14,4,,402,6
1018,Customer_3397,47,Giza,05/31/2020,0,12054,05/31/2020,Express,118,Product_118,Home Appliances,680.71,447.7,5,0.05,355,8
2355,Customer_3398,38,Luxor,08-07-2022,0,12087,08-07-2022,Same Day,140,Product_140,Electronics,996.06,549.09,2,0.2,481,4
1583,Customer_3399,46,Cairo,05/09/2023,1,13401,05/09/2023,Express,148,Product_148,Sports,347.09,160.5,4,,603,3
1455,Customer_3400,52,Giza,08-09-2022,0,10908,08-09-2022,Express,130,Product_130,Clothing,732.17,427.47,3,,347,6
1956,Customer_3401,34,Alexandria,07-04-2023,0,12109,07-04-2023,Same Day,115,Product_115,Sports,1471.13,714.38,1,,335,7
2132,Customer_3402,50,Cairo,31-03-2022,0,13157,31-03-2022,Same Day,115,Product_115,Clothing,333.17,147.98,4,,999,7
2291,Customer_3403,81,Mansoura,30-12-2022,0,13796,30-12-2022,Standard,116,Product_116,Electronics,972.85,414.39,1,0.05,586,6
1444,customer_3404,48,Alexandria,03-11-2022,0,13187,03-11-2022,Express,133,Product_133,Electronics,884.62,417.99,2,,688,7
2263,Customer_3405,64,Luxor,17-11-2023,1,13648,17-11-2023,Same Day,110,Product_110,Sports,869.32,539.82,2,,328,2
2324,Customer_3406,47,Alexandria,05/06/2022,0,11320,05/06/2022,Standard,119,Product_119,Clothing,941.93,613.57,5,,354,7
1601,Customer_3407,26,Mansoura,01/18/2023,0,12426,01/18/2023,Express,137,Product_137,Home Appliances,778.25,512.49,1,0.1,706,4
1102,Customer_3408,44,Alexandria,16-03-2020,0,13753,16-03-2020,Express,103,Product_103,Clothing,74.55,35.86,3,,759,2
1987,Customer_3409,35,Cairo,06-01-2022,0,13699,06-01-2022,Standard,136,Product_136,Home Appliances,1355.14,810.77,3,0.2,558,6
2273,Customer_3410,31,Aswan,07-12-2023,0,10321,07-12-2023,Express,104,Product_104,Sports,1249.12,585.97,4,0.2,391,2
2476,Customer_3411,38,Alexandria,01/04/2023,0,13699,01/04/2023,Same Day,111,Product_111,Sports,302.54,177.54,3,,728,3
1519,customer_3412,37,Giza,01-05-2023,0,10732,01-05-2023,Standard,141,Product_141,Elec,649.25,432.51,1,,611,6
2176,  Customer_3413  ,24,Mansoura,07/30/2023,0,11418,07/30/2023,Standard,133,Product_133,Home Appliances,1167.3,481.24,2,,351,4
1858,CUSTOMER_3414,80,Alexandria,06/23/2020,0,11380,06/23/2020,Same Day,128,Product_128,Clothing,1471.09,1023.24,1,,551,5
1173,Customer_3415,52,Mansoura,08/11/2020,1,13633,08/11/2020,Standard,132,Product_132,Electronics,1429.15,926.27,1,,1262,2
2366,  Customer_3416  ,43,Aswan,05/23/2021,1,12886,05/23/2021,Same Day,116,Product_116,Sports,1354.07,851.03,2,,1043,3
2004,  Customer_3417  ,41,Cairo,09/08/2023,0,12466,09/08/2023,Same Day,109,Product_109,Electronics,279.64,169.86,1,,481,3
1430,Customer_3418,58,Giza,09/23/2023,0,13549,09/23/2023,Express,111,Product_111,Clothing,1375.99,868.36,3,,466,3
1726,Customer_3419,71,Luxor,28-12-2021,0,11359,28-12-2021,Express,106,Product_106,Clothing,1323.75,,4,0.1,417,7
1849,Customer_3420,50,Alexandria,12/06/2020,0,13662,12/06/2020,Express,149,Product_149,Sports,596.58,376.48,4,0.2,554,3
2347,Customer_3421,41,Cairo,08/18/2023,0,12067,08/18/2023,Express,127,Product_127,Electronics,622.06,314.44,1,,502,5
1989,Customer_3422,62,Mansoura,08-06-2023,0,12459,08-06-2023,Express,112,Product_112,Home Appliances,716.87,418.78,2,,565,7
1638,CUSTOMER_3423,42,Aswan,03/31/2020,0,11914,03/31/2020,Same Day,122,Product_122,Home Appliances,1001.45,501.8,5,,753,4
1419,  Customer_3424  ,46,Mansoura,02/27/2023,0,10548,02/27/2023,Standard,140,Product_140,Home Appliances,428.21,295.9,1,0.1,401,8
1593,Customer_3425,55,Aswan,14-08-2023,0,11282,14-08-2023,Standard,148,Product_148,Clothing,83.28,55.8,1,0.2,506,5
1484,Customer_3426,34,Aswan,19-10-2023,0,10604,19-10-2023,Express,137,Product_137,Electronics,254.78,145.3,5,,440,8
1411,Customer_3427,8,Cairo,17-08-2023,0,11722,17-08-2023,Same Day,121,Product_121,Home Appliances,688.17,436.56,4,,395,4
1935,Customer_3428,33,Alexandria,03/29/2022,0,12404,03/29/2022,Same Day,133,Product_133,Electronics,458.9,308.8,4,,468,9
2107,Customer_3429,51,Luxor,11/10/2021,0,12248,11/10/2021,Same Day,117,Product_117,Sports,1158.55,548.09,5,,351,10
2136,Customer_3430,50,Alexandria,31-05-2022,0,13482,31-05-2022,Standard,129,Product_129,Home Appliances,204.7,117.47,2,,428,7
1331,Customer_3431,60,Giza,04-08-2020,1,13359,04-08-2020,Same Day,140,Product_140,Electronics,1380.32,751.6,1,,1485,2
2401,Customer_3432,34,Alexandria,01/22/2020,1,13119,01/22/2020,Express,110,Product_110,Clothing,1348.22,851.37,3,0.2,1093,6
1654,Customer_3433,63,Aswan,07/20/2020,1,12812,07/20/2020,Same Day,118,Product_118,Sports,1367.7,702.62,4,,1626,1
1040,  Customer_3434  ,42,Aswan,13-06-2021,0,11581,13-06-2021,Express,147,Product_147,Sports,1122.43,687.71,4,0.05,451,6
1958,Customer_3435,-10,Giza,30-03-2021,0,13441,30-03-2021,Standard,113,Product_113,Sports,205.15,106.86,4,,521,3
1104,Customer_3436,53,Mansoura,11/11/2022,0,12278,11/11/2022,Standard,127,Product_127,Sports,685.3,296.96,2,,592,4
1201,CUSTOMER_3437,19,Aswan,28-11-2022,0,13166,28-11-2022,Same Day,110,Product_110,Clothing,240.54,103.95,5,0.05,765,5
1449,CUSTOMER_3438,24,Giza,02/16/2023,0,12350,02/16/2023,Standard,132,Product_132,Clothing,1482.16,645.8,2,0.2,644,5
2289,Customer_3439,24,Aswan,03-04-2023,0,13289,03-04-2023,Standard,141,Product_141,Home Appliances,532.91,218.36,4,0.05,639,2
1909,CUSTOMER_3440,56,Luxor,11/09/2023,1,13623,11/09/2023,Same Day,145,Product_145,Clothing,898.73,503.19,1,0.05,419,3
1209,Customer_3441,35,Aswan,24-03-2023,0,12434,24-03-2023,Standard,103,Product_103,Clothing,1180.12,709.93,4,0.05,649,5
1562,Customer_3442,70,Cairo,28-03-2021,1,10714,28-03-2021,Express,122,Product_122,Sports,1384.89,606.61,1,,1049,6
2141,Customer_3443,40,Giza,01-07-2022,1,13699,01-07-2022,Same Day,127,Product_127,Clothing,1145.54,668.49,1,0.05,681,7
1712,  Customer_3444  ,17,Alexandria,02/05/2022,0,10924,02/05/2022,Express,103,Product_103,Sports,1028.03,595.56,4,0.05,507,2
2400,customer_3445,29,Giza,12-03-2022,1,13162,12-03-2022,Standard,133,Product_133,Elec,725.67,322.29,4,,762,5
1770,customer_3446,41,Mansoura,08/06/2022,0,10057,08/06/2022,Same Day,102,Product_102,Electronics,927.83,483.61,1,,356,3
2107,Customer_3447,47,Aswan,10/23/2023,0,10433,10/23/2023,Express,111,Product_111,Electronics,186.54,,2,0.05,351,10
1453,Customer_3448,25,Giza,20-04-2023,0,12569,20-04-2023,Same Day,146,Product_146,Elec,1331.69,539.37,2,0.1,622,4
1666,CUSTOMER_3449,48,Luxor,15-11-2023,0,12815,15-11-2023,Express,110,Product_110,Electronics,838.48,372.36,2,,370,3
1628,Customer_3450,52,Giza,10/21/2022,0,12876,10/21/2022,Express,139,Product_139,Electronics,108.2,75.6,3,0.1,344,6
1386,Customer_3451,30,Luxor,11/04/2020,0,11784,11/04/2020,Same Day,133,Product_133,Electronics,1383.86,858.08,1,0.1,721,7
2373,customer_3452,69,Aswan,12/07/2021,0,10482,12/07/2021,Express,107,Product_107,Sports,759.49,409.55,3,,579,4
1295,customer_3453,32,Alexandria,02/20/2020,0,10366,02/20/2020,Same Day,115,Product_115,Sports,1309.45,771.19,3,0.05,334,5
1257,Customer_3454,25,Aswan,15-09-2022,0,10888,15-09-2022,Standard,126,Product_126,Sports,1292.49,845.12,1,,333,3
2104,Customer_3455,17,Mansoura,08/02/2020,1,11852,08/02/2020,Express,111,Product_111,Sports,1232.84,804.66,3,,735,5
1267,CUSTOMER_3456,58,Cairo,28-08-2021,0,13478,28-08-2021,Express,138,Product_138,Clothing,139.03,69.15,1,,346,5
1418,  Customer_3457  ,40,Alexandria,05/01/2022,0,13589,05/01/2022,Express,127,Product_127,Clothing,408.25,223.47,5,0.2,485,4
1234,  Customer_3458  ,32,Alexandria,06/24/2020,1,11354,06/24/2020,Express,139,Product_139,Home Appliances,1319.54,780.4,5,,1041,6
2334,Customer_3459,17,Cairo,25-08-2020,0,11723,25-08-2020,Standard,107,Product_107,Clothing,1353.54,570.61,1,0.1,821,2
1985,Customer_3460,34,Giza,02/04/2024,0,11258,02/04/2024,Same Day,101,Product_101,Sports,714.2,488.33,1,,332,3
2380,customer_3461,75,Aswan,17-10-2020,1,12930,17-10-2020,Same Day,110,Product_110,Sports,688.06,364.55,1,0.1,1268,3
2236,Customer_3462,7,Giza,14-12-2021,0,10410,14-12-2021,Same Day,121,Product_121,Elec,303.95,155.4,2,0.1,589,4
1573,  Customer_3463  ,30,Giza,09/30/2021,1,12230,09/30/2021,Standard,115,Product_115,elect,1454.2,977.41,1,0.1,1189,4
1048,CUSTOMER_3464,66,Aswan,03-12-2021,0,13358,03-12-2021,Standard,130,Product_130,Home Appliances,359.05,156.36,4,0.05,1080,4
2150,Customer_3465,58,Mansoura,21-07-2022,0,13194,21-07-2022,Same Day,130,Product_130,Clothing,326.86,134.59,5,0.1,696,7
1222,Customer_3466,31,Alexandria,02/27/2021,1,12205,02/27/2021,Same Day,108,Product_108,Sports,1008.06,610.38,5,,786,2
1920,Customer_3467,-5,Luxor,03-12-2022,0,13394,03-12-2022,Standard,124,Product_124,Clothing,402.12,207.29,1,,547,7
2302,Customer_3468,46,Cairo,09/16/2022,1,12060,09/16/2022,Standard,119,Product_119,Home Appliances,1411.22,888.14,5,,358,3
2431,Customer_3469,42,Alexandria,12/14/2021,0,13898,12/14/2021,Express,103,Product_103,Electronics,65.82,27.68,1,0.05,458,3
2317,Customer_3470,66,Giza,02-09-2022,1,12613,02-09-2022,Same Day,115,Product_115,Sports,58.34,30.05,1,,799,4
1276,Customer_3471,45,Cairo,07/18/2020,0,12919,07/18/2020,Same Day,136,Product_136,Electronics,782.07,368.04,5,,391,8
2461,Customer_3472,57,Luxor,16-06-2022,0,11812,16-06-2022,Same Day,106,Product_106,Sports,757.69,471.19,5,0.1,709,4
2130,CUSTOMER_3473,42,Alexandria,01/18/2024,0,12602,01/18/2024,Same Day,142,Product_142,Electronics,286.88,134.3,4,0.05,349,4
1419,CUSTOMER_3474,9,Alexandria,27-11-2023,0,11802,27-11-2023,Same Day,148,Product_148,Electronics,767.05,412.2,3,0.1,401,8
1610,Customer_3475,22,Mansoura,15-07-2022,1,13692,15-07-2022,Express,118,Product_118,Home Appliances,646.91,417.69,4,,873,2
2452,Customer_3476,25,Alexandria,15-10-2021,1,13906,15-10-2021,Standard,138,Product_138,Clothing,1340.98,904.65,4,,528,4
1374,Customer_3477,36,Alexandria,05/17/2020,1,10677,05/17/2020,Express,119,Product_119,Electronics,63.42,39.12,5,,814,5
1072,Customer_3478,71,Luxor,09/06/2021,0,12910,09/06/2021,Express,149,Product_149,Sports,1465.59,774.96,4,,514,7
2053,customer_3479,45,Luxor,01-04-2020,0,13991,01-04-2020,Same Day,130,Product_130,Clothing,955.37,546.09,5,,519,3
2211,CUSTOMER_3480,38,Cairo,26-12-2023,0,10617,26-12-2023,Express,113,Product_113,Clothing,270.17,,2,,372,5
2387,Customer_3481,58,Giza,08/23/2020,1,13634,08/23/2020,Express,139,Product_139,Electronics,117.8,78.04,1,,887,6
2474,Customer_3482,18,Luxor,02/16/2020,0,12251,02/16/2020,Same Day,112,Product_112,Elec,830.25,553.42,3,,551,6
1194,Customer_3483,32,Cairo,12/03/2021,1,13004,12/03/2021,Express,134,Product_134,Electronics,390.59,265.32,2,,1117,4
2179,CUSTOMER_3484,30,Alexandria,20-08-2023,0,12349,20-08-2023,Express,112,Product_112,Clothing,486.69,313.05,1,,500,5
2195,  Customer_3485  ,45,Cairo,11-08-2020,1,13114,11-08-2020,Standard,144,Product_144,Home Appliances,405.44,180.03,1,0.05,1604,5
1846,Customer_3486,53,Cairo,18-10-2023,0,10794,18-10-2023,Same Day,124,Product_124,Electronics,992.75,619.77,3,0.05,441,3
2064,Customer_3487,47,Cairo,02-12-2020,0,12644,02-12-2020,Same Day,104,Product_104,Clothing,852.62,549.41,4,0.1,400,5
2086,Customer_3488,47,Aswan,05/14/2021,0,10728,05/14/2021,Express,136,Product_136,Clothing,163.06,108.17,1,,561,5
1022,customer_3489,34,Cairo,22-11-2022,0,11693,22-11-2022,Same Day,148,Product_148,Sports,813.46,551.07,3,0.2,414,5
1359,Customer_3490,44,Luxor,23-12-2020,0,11885,23-12-2020,Standard,114,Product_114,Electronics,1197.23,661.77,5,0.2,459,4
2098,Customer_3491,27,Aswan,04-02-2023,0,12553,04-02-2023,Express,117,Product_117,Home Appliances,167.73,100.06,1,,469,6
1559,CUSTOMER_3492,50,Giza,11/23/2020,0,10638,11/23/2020,Standard,149,Product_149,Sports,1340.12,539.89,1,,809,7
1671,Customer_3493,32,Cairo,08-11-2021,0,10190,08-11-2021,Express,103,Product_103,Electronics,888.54,508.1,4,,716,8
2141,Customer_3494,23,Mansoura,20-02-2023,1,11801,20-02-2023,Express,138,Product_138,Sports,1428.41,774.14,4,0.05,681,7
2403,Customer_3495,40,Alexandria,05/23/2022,0,10898,05/23/2022,Same Day,123,Product_123,Electronics,264.8,182.37,5,,626,7
1678,Customer_3496,11,Alexandria,04-08-2022,1,11996,04-08-2022,Same Day,113,Product_113,Sports,1490.67,999.51,1,0.2,881,2
2313,  Customer_3497  ,62,Aswan,19-04-2021,0,12107,19-04-2021,Express,109,Product_109,Home Appliances,984.2,629.18,4,,435,4
1439,Customer_3498,51,Alexandria,09-04-2022,1,13866,09-04-2022,Standard,121,Product_121,Sports,872.87,364.07,3,0.2,998,1
1932,Customer_3499,45,Alexandria,07/13/2023,0,11489,07/13/2023,Express,141,Product_141,Sports,797.16,415.01,1,0.1,538,1
1006,Customer_3500,15,Aswan,01/12/2021,1,11402,01/12/2021,Express,108,Product_108,Sports,84.3,51.32,3,0.2,586,4
2219,customer_3501,29,Alexandria,16-01-2021,0,11452,16-01-2021,Express,117,Product_117,Electronics,1412.48,577.56,2,,528,5
1420,Customer_3502,40,Cairo,08/04/2023,0,12109,08/04/2023,Standard,116,Product_116,Electronics,983.79,463.11,5,,516,4
1832,Customer_3503,36,Giza,09/08/2023,0,11943,09/08/2023,Same Day,116,Product_116,Home Appliances,182.86,121.83,4,0.05,481,6
2216,Customer_3504,14,Aswan,04-06-2022,1,12349,04-06-2022,Same Day,128,Product_128,Sports,80.38,35.28,2,0.05,858,3
1558,Customer_3505,20,Mansoura,03/21/2022,0,10637,03/21/2022,Standard,116,Product_116,Clothing,123.64,51.36,4,,519,7
2171,CUSTOMER_3506,35,Aswan,29-02-2020,1,10998,29-02-2020,Same Day,146,Product_146,Sports,933.62,536.06,2,0.05,1069,4
2225,Customer_3507,20,Luxor,11-06-2023,0,12219,11-06-2023,Express,146,Product_146,Clothing,940.32,643.12,4,,570,3
2467,Customer_3508,60,Mansoura,08-02-2021,1,11528,08-02-2021,Same Day,114,Product_114,Clothing,774.52,503.74,5,,1423,2
1913,  Customer_3509  ,47,Luxor,07/09/2022,0,10062,07/09/2022,Same Day,146,Product_146,Sports,494.81,342.62,1,,350,4
2442,Customer_3510,27,Aswan,04/27/2023,0,12819,04/27/2023,Standard,144,Product_144,Clothing,821.03,514.01,3,0.2,615,5
2450,Customer_3511,57,Luxor,05/29/2022,0,10015,05/29/2022,Standard,138,Product_138,Clothing,798.64,424.25,2,,487,4
2006,Customer_3512,54,Mansoura,07-03-2022,1,12738,07-03-2022,Express,120,Product_120,Sports,78.15,53.45,3,0.05,785,5
2498,Customer_3513,44,Cairo,10-01-2020,1,10841,10-01-2020,Express,145,Product_145,Electronics,459.58,242.65,3,,1605,2
1125,Customer_3514,39,Aswan,14-12-2023,0,13951,14-12-2023,Same Day,148,Product_148,Sports,127.12,64.2,4,0.05,384,5
1394,Customer_3515,35,Aswan,15-03-2021,0,11124,15-03-2021,Standard,141,Product_141,Home Appliances,1355.22,724.31,1,0.2,510,5
1816,Customer_3516,31,Alexandria,02/25/2021,0,13247,02/25/2021,Standard,134,Product_134,Clothing,1101.57,709.62,4,,550,6
1880,customer_3517,19,Aswan,24-07-2021,0,11216,24-07-2021,Express,129,Product_129,Home Appliances,1494.37,1009.16,3,,598,10
1575,CUSTOMER_3518,62,Aswan,12-12-2023,0,11996,12-12-2023,Same Day,103,Product_103,Clothing,488.15,247.64,5,,386,2
1324,customer_3519,32,Cairo,05/08/2020,1,13884,05/08/2020,Same Day,110,Product_110,Electronics,1323.8,713.1,1,0.2,1616,2
2415,Customer_3520,40,Alexandria,03/28/2023,0,10898,03/28/2023,Standard,120,Product_120,Clothing,924.43,618.9,1,,327,6
1929,Customer_3521,26,Giza,27-07-2020,0,13344,27-07-2020,Standard,102,Product_102,Sports,707.03,,3,,502,5
2463,customer_3522,36,Luxor,01/04/2023,1,11490,01/04/2023,Standard,127,Product_127,Clothing,372.73,236.74,4,,728,4
2227,Customer_3523,82,Mansoura,17-01-2021,0,12980,17-01-2021,Standard,132,Product_132,Home Appliances,1120.67,600.98,5,,568,5
1832,Customer_3524,29,Giza,01/19/2022,0,13844,01/19/2022,Express,110,Product_110,Sports,1361.0,698.13,2,,481,6
2054,CUSTOMER_3525,61,Alexandria,29-10-2021,1,12222,29-10-2021,Express,140,Product_140,Home Appliances,391.2,208.93,4,0.2,1160,2
2411,customer_3526,39,Cairo,02/07/2021,0,11257,02/07/2021,Standard,117,Product_117,Elec,304.32,159.95,1,,1049,2
2457,Customer_3527,50,Mansoura,26-07-2022,1,13883,26-07-2022,Same Day,133,Product_133,Home Appliances,1059.52,664.3,4,,890,2
1836,Customer_3528,58,Luxor,21-08-2020,0,13287,21-08-2020,Express,106,Product_106,Home Appliances,1466.61,994.93,2,0.1,475,6
1925,Customer_3529,44,Aswan,06/21/2021,1,11514,06/21/2021,Standard,139,Product_139,Home Appliances,1137.43,622.67,5,,1133,3
2399,Customer_3530,34,Aswan,10/05/2023,0,10416,10/05/2023,Standard,147,Product_147,Sports,462.64,300.63,5,,353,5
2367,customer_3531,37,Giza,29-09-2022,1,13830,29-09-2022,Same Day,118,Product_118,Electronics,658.94,408.27,2,0.05,825,7
1442,Customer_3532,37,Luxor,16-12-2022,0,11556,16-12-2022,Same Day,109,Product_109,Electronics,607.26,303.15,2,,519,4
1074,Customer_3533,67,Alexandria,08/01/2023,0,10450,08/01/2023,Standard,108,Product_108,Electronics,1285.54,740.72,3,,519,6
1556,Customer_3534,17,Luxor,10/03/2021,0,12883,10/03/2021,Express,125,Product_125,Home Appliances,1168.49,701.15,1,,354,5
2178,Customer_3535,13,Cairo,05/07/2023,1,13826,05/07/2023,Express,131,Product_131,Sports,904.01,367.98,3,,605,2
2453,  Customer_3536  ,14,Giza,03/06/2022,1,11823,03/06/2022,Same Day,142,Product_142,Sports,448.69,232.77,4,,1032,2
1362,Customer_3537,26,Giza,05-06-2023,1,10279,05-06-2023,Express,104,Product_104,Sports,1410.08,983.94,2,0.2,399,7
1447,Customer_3538,50,Cairo,03/14/2022,1,10243,03/14/2022,Express,120,Product_120,Home Appliances,997.31,589.59,3,,1024,2
2257,Customer_3539,51,Luxor,17-04-2023,1,10674,17-04-2023,Express,128,Product_128,Electronics,1457.19,728.99,1,0.1,625,3
1261,Customer_3540,30,Cairo,08/21/2020,0,12193,08/21/2020,Standard,140,Product_140,Home Appliances,891.17,423.31,1,,819,5
1124,Customer_3541,39,Mansoura,12/13/2021,0,13138,12/13/2021,Standard,101,Product_101,Sports,1240.73,574.27,2,0.2,382,3
1910,Customer_3542,23,Cairo,21-12-2021,0,10102,21-12-2021,Express,140,Product_140,Home Appliances,1229.0,639.69,3,0.05,741,5
1244,customer_3543,24,Luxor,07/26/2022,0,12357,07/26/2022,Standard,144,Product_144,Clothing,539.13,246.91,5,0.1,338,5
1541,  Customer_3544  ,48,Cairo,06/18/2023,0,13993,06/18/2023,Same Day,123,Product_123,Electronics,1447.83,637.85,2,,563,5
1484,Customer_3545,55,Alexandria,19-12-2020,0,13708,19-12-2020,Express,147,Product_147,Electronics,81.82,41.66,4,,440,8
1121,Customer_3546,32,Aswan,11-10-2023,0,10116,11-10-2023,Express,113,Product_113,Sports,1164.63,677.93,3,,448,5
1124,Customer_3547,64,Cairo,12/16/2023,0,11495,12/16/2023,Same Day,116,Product_116,Home Appliances,1450.06,,3,0.05,382,3
1169,Customer_3548,54,Aswan,09/01/2021,0,10762,09/01/2021,Express,126,Product_126,Sports,541.42,223.77,2,0.1,767,5
1123,  Customer_3549  ,63,Cairo,12-06-2023,0,13392,12-06-2023,Express,131,Product_131,Home Appliances,989.76,406.19,3,,393,5
2058,Customer_3550,35,Luxor,04/23/2023,0,13506,04/23/2023,Express,101,Product_101,Clothing,865.22,415.49,3,0.2,619,4
2110,Customer_3551,62,Mansoura,22-06-2020,0,13441,22-06-2020,Same Day,117,Product_117,Electronics,1154.19,527.51,4,0.2,946,2
1645,Customer_3552,72,Mansoura,10/08/2023,0,12785,10/08/2023,Standard,116,Product_116,Electronics,1305.96,733.66,4,,344,7
1785,Customer_3553,33,Aswan,10/01/2020,1,11723,10/01/2020,Standard,137,Product_137,Home Appliances,924.41,496.15,5,,1553,1
1200,Customer_3554,37,Luxor,03-10-2021,0,12234,03-10-2021,Express,110,Product_110,Electronics,1233.06,613.36,4,0.1,673,5
1368,Customer_3555,25,Luxor,29-08-2020,1,13659,29-08-2020,Standard,138,Product_138,Home Appliances,502.81,326.86,5,,1560,3
1796,Customer_3556,150,Luxor,03-05-2021,0,10784,03-05-2021,Express,144,Product_144,Sports,381.45,210.36,4,0.1,788,5
1076,CUSTOMER_3557,23,Alexandria,17-09-2021,1,11492,17-09-2021,Same Day,131,Product_131,Clothing,674.47,288.31,5,0.1,1202,2
1058,Customer_3558,27,Giza,27-08-2020,1,13732,27-08-2020,Same Day,110,Product_110,Home Appliances,1032.72,504.72,4,,1078,3
1430,customer_3559,44,Cairo,01/09/2021,0,10706,01/09/2021,Express,149,Product_149,Clothing,321.51,222.49,4,,466,3
1637,Customer_3560,28,Luxor,02/03/2022,1,12923,02/03/2022,Express,134,Product_134,Sports,1036.51,718.4,2,,1063,3
1108,Customer_3561,43,Luxor,21-11-2023,0,10795,21-11-2023,Express,106,Product_106,Sports,621.44,296.05,4,0.2,407,5
2007,Customer_3562,43,Luxor,16-10-2020,0,10472,16-10-2020,Standard,128,Product_128,Sports,1203.58,541.82,5,,580,5
2301,CUSTOMER_3563,32,Mansoura,12-11-2022,1,12603,12-11-2022,Same Day,128,Product_128,Home Appliances,103.41,56.74,2,,781,3
1067,Customer_3564,39,Luxor,03/06/2022,0,13525,03/06/2022,Express,113,Product_113,Clothing,1018.57,554.55,5,0.1,687,3
2092,  Customer_3565  ,32,Cairo,06-05-2022,0,13517,06-05-2022,Standard,141,Product_141,Clothing,992.24,518.98,4,,410,5
2188,customer_3566,35,Luxor,06-05-2023,0,10681,06-05-2023,Express,112,Product_112,Electronics,1414.36,790.35,4,,606,3
1304,Customer_3567,27,Cairo,09-10-2020,0,10093,09-10-2020,Same Day,140,Product_140,Home Appliances,1084.38,509.29,5,,522,6
1673,Customer_3568,41,Alexandria,23-03-2023,0,10735,23-03-2023,Same Day,102,Product_102,Electronics,1204.64,523.39,3,,626,4
1364,Customer_3569,30,Giza,02/24/2022,0,12837,02/24/2022,Same Day,108,Product_108,Electronics,1361.66,777.7,2,,1042,6
1820,CUSTOMER_3570,22,Mansoura,16-05-2022,0,12041,16-05-2022,Express,142,Product_142,Home Appliances,1028.83,699.38,2,,501,6
2402,customer_3571,48,Cairo,15-01-2021,1,12085,15-01-2021,Same Day,109,Product_109,elect,470.72,207.74,4,0.2,935,3
1342,Customer_3572,49,Aswan,09/23/2022,0,12829,09/23/2022,Express,108,Product_108,Electronics,1311.17,801.71,2,,818,3
1946,Customer_3573,56,Alexandria,25-07-2023,0,12529,25-07-2023,Standard,103,Product_103,Electronics,1133.99,602.57,5,,380,9
1898,  Customer_3574  ,24,Giza,01/05/2023,0,13818,01/05/2023,Standard,109,Product_109,Sports,665.43,324.86,4,,599,7
2377,Customer_3575,32,Giza,11/21/2023,0,12158,11/21/2023,Standard,113,Product_113,Home Appliances,1080.27,708.58,2,,407,6
2439,Customer_3576,43,Giza,14-08-2023,1,11913,14-08-2023,Express,109,Product_109,Sports,1308.15,702.41,1,,452,5
2132,Customer_3577,32,Cairo,12/20/2020,0,12457,12/20/2020,Same Day,131,Product_131,Electronics,1464.7,842.19,2,,999,7
1761,CUSTOMER_3578,48,Alexandria,10-02-2023,0,13239,10-02-2023,Same Day,125,Product_125,Electronics,1430.91,762.56,5,0.2,514,3
1340,customer_3579,47,Luxor,07-12-2020,0,11589,07-12-2020,Express,144,Product_144,Sports,521.73,,2,,338,4
1941,Customer_3580,47,Aswan,09/29/2022,0,12444,09/29/2022,Standard,145,Product_145,Electronics,661.46,382.64,3,,475,5
1382,Customer_3581,61,Alexandria,08/14/2021,0,11150,08/14/2021,Standard,108,Product_108,Home Appliances,208.83,109.77,3,,780,4
2003,Customer_3582,49,Alexandria,14-10-2020,0,12013,14-10-2020,Express,147,Product_147,Clothing,408.94,174.22,4,,341,3
1299,customer_3583,42,Alexandria,01/18/2021,1,13858,01/18/2021,Same Day,131,Product_131,Sports,1329.51,769.45,3,,1444,2
1138,Customer_3584,37,Cairo,10/06/2021,0,10041,10/06/2021,Same Day,145,Product_145,Clothing,573.23,230.99,5,,662,4
1358,CUSTOMER_3585,38,Aswan,12-07-2022,1,10040,12-07-2022,Same Day,145,Product_145,Clothing,949.8,439.34,1,,904,1
1835,  Customer_3586  ,24,Cairo,22-06-2023,0,13633,22-06-2023,Same Day,131,Product_131,Clothing,1015.65,644.25,1,,559,5
2408,Customer_3587,13,Aswan,04/19/2020,0,11510,04/19/2020,Standard,117,Product_117,Sports,1183.65,486.93,4,,456,5
2303,Customer_3588,46,Aswan,05-01-2022,0,13970,05-01-2022,Same Day,147,Product_147,Electronics,315.06,187.15,4,,638,4
1482,Customer_3589,58,Cairo,20-01-2020,0,11694,20-01-2020,Express,119,Product_119,Home Appliances,491.98,336.96,3,,1185,5
1908,Customer_3590,35,Aswan,19-09-2022,0,13915,19-09-2022,Same Day,103,Product_103,Electronics,700.09,315.99,5,,351,4
2134,Customer_3591,63,Alexandria,06-10-2020,0,12446,06-10-2020,Standard,146,Product_146,Home Appliances,579.02,,3,0.2,631,4
1865,Customer_3592,37,Cairo,02/03/2021,1,12229,02/03/2021,Same Day,130,Product_130,Elec,1475.21,844.78,5,0.1,907,4
1138,Customer_3593,10,Aswan,25-02-2022,0,13252,25-02-2022,Same Day,110,Product_110,Clothing,1260.66,674.61,5,0.2,662,4
1995,Customer_3594,53,Giza,24-02-2023,0,13749,24-02-2023,Express,149,Product_149,Clothing,745.55,436.98,1,,390,2
1434,Customer_3595,32,Cairo,11/01/2022,0,10743,11/01/2022,Same Day,129,Product_129,Home Appliances,1324.94,690.6,5,,792,6
1508,Customer_3596,55,Mansoura,30-08-2023,0,12765,30-08-2023,Same Day,140,Product_140,Sports,554.1,246.33,2,,428,6
1272,Customer_3597,20,Cairo,10-10-2022,1,13938,10-10-2022,Express,118,Product_118,elect,1189.45,507.55,5,0.1,814,4
2122,  Customer_3598  ,46,Cairo,17-04-2022,0,12511,17-04-2022,Express,112,Product_112,Clothing,374.33,233.33,1,,541,9
1103,Customer_3599,27,Cairo,03-11-2023,0,11073,03-11-2023,Express,149,Product_149,Home Appliances,1169.87,551.7,3,,425,6
2237,Customer_3600,43,Aswan,04-10-2022,0,11431,04-10-2022,Express,123,Product_123,Electronics,711.86,465.72,5,,391,3
1761,Customer_3601,51,Cairo,05/01/2022,0,13472,05/01/2022,Standard,111,Product_111,Home Appliances,205.87,,2,,514,3
1786,Customer_3602,48,Mansoura,25-12-2023,0,13217,25-12-2023,Same Day,109,Product_109,Sports,446.23,185.11,4,,373,3
1164,Customer_3603,41,Luxor,06/28/2022,0,10297,06/28/2022,Same Day,124,Product_124,Sports,633.3,291.55,3,,479,4
1998,  Customer_3604  ,19,Cairo,27-09-2022,0,12192,27-09-2022,Standard,125,Product_125,Electronics,1136.47,,4,,615,4
1519,Customer_3605,50,Giza,08-12-2020,0,10015,08-12-2020,Express,125,Product_125,Sports,155.82,90.12,2,0.2,611,6
2307,Customer_3606,55,Mansoura,06/18/2020,1,13156,06/18/2020,Same Day,147,Product_147,Electronics,1006.34,647.02,1,0.1,1233,3
1516,Customer_3607,24,Luxor,03/03/2023,0,13287,03/03/2023,Express,109,Product_109,Electronics,1088.22,454.98,1,,669,5
1656,Customer_3608,26,Aswan,04-03-2020,1,13553,04-03-2020,Express,112,Product_112,Sports,998.19,474.02,3,,1285,4
1612,customer_3609,56,Cairo,03/27/2021,0,11075,03/27/2021,Standard,111,Product_111,Home Appliances,1152.97,591.32,5,,521,7
1163,Customer_3610,36,Luxor,21-08-2021,0,13619,21-08-2021,Standard,149,Product_149,Home Appliances,308.34,140.3,5,,327,4
1063,Customer_3611,26,Giza,07-03-2020,1,10106,07-03-2020,Express,138,Product_138,Electronics,901.3,507.96,4,,1761,1
2114,customer_3612,44,Mansoura,16-07-2021,1,10218,16-07-2021,Same Day,128,Product_128,Clothing,1414.66,768.73,1,,902,3
2140,customer_3613,30,Mansoura,05-04-2021,0,12982,05-04-2021,Express,108,Product_108,Elec,935.64,463.09,5,0.05,429,6
1266,Customer_3614,42,Aswan,06-01-2023,0,12384,06-01-2023,Same Day,110,Product_110,Home Appliances,936.44,519.79,5,,652,3
2163,Customer_3615,33,Aswan,14-08-2021,0,12968,14-08-2021,Express,125,Product_125,Electronics,1117.84,566.46,1,,1064,2
1245,Customer_3616,35,Aswan,10-12-2020,1,10370,10-12-2020,Express,147,Product_147,Home Appliances,533.15,268.15,1,,1483,3
1394,Customer_3617,56,Luxor,25-07-2022,0,13045,25-07-2022,Same Day,136,Product_136,Sports,1065.69,511.12,2,,510,5
1475,Customer_3618,2,Cairo,04-03-2023,0,12857,04-03-2023,Standard,143,Product_143,Electronics,1378.54,774.92,4,0.05,366,7
1976,Customer_3619,48,Alexandria,10/11/2022,1,10253,10/11/2022,Standard,109,Product_109,Electronics,65.8,35.09,1,,424,3
2207,Customer_3620,54,Mansoura,30-01-2023,0,11428,30-01-2023,Express,141,Product_141,Sports,1311.66,601.92,2,,702,3
2043,Customer_3621,30,Alexandria,11/12/2022,0,12627,11/12/2022,Same Day,108,Product_108,Sports,367.0,148.23,1,,750,6
1557,  Customer_3622  ,54,Mansoura,19-08-2020,0,12008,19-08-2020,Standard,103,Product_103,Clothing,711.09,316.63,3,,1012,3
2017,Customer_3623,25,Aswan,03/18/2023,0,11722,03/18/2023,Same Day,118,Product_118,Sports,1285.9,530.88,3,,406,3
1882,Customer_3624,30,Cairo,21-08-2020,0,12683,21-08-2020,Standard,146,Product_146,Clothing,1244.67,659.03,3,,350,7
1146,Customer_3625,28,Cairo,02-07-2021,0,13101,02-07-2021,Same Day,135,Product_135,Sports,1343.29,,1,,660,5
1665,Customer_3626,54,Mansoura,17-01-2023,0,12232,17-01-2023,Express,117,Product_117,Home Appliances,1413.6,743.75,5,,715,4
2327,Customer_3627,13,Luxor,21-01-2022,0,11312,21-01-2022,Same Day,136,Product_136,Elec,698.38,348.38,5,0.05,365,7
1619,Customer_3628,64,Aswan,01/15/2023,0,13430,01/15/2023,Express,128,Product_128,Sports,1001.73,562.38,3,,478,7
1819,Customer_3629,35,Cairo,26-03-2020,0,12521,26-03-2020,Standard,115,Product_115,Home Appliances,616.19,380.29,4,,433,5
1863,CUSTOMER_3630,49,Cairo,01/12/2024,0,10984,01/12/2024,Same Day,119,Product_119,Sports,558.54,303.73,2,0.2,355,4
1581,CUSTOMER_3631,47,Giza,22-06-2022,0,13636,22-06-2022,Standard,122,Product_122,Electronics,675.81,282.89,3,,453,3
2022,Customer_3632,42,Cairo,01/23/2023,0,13471,01/23/2023,Standard,106,Product_106,Sports,1127.46,456.91,2,0.2,709,2
1694,CUSTOMER_3633,30,Giza,03/23/2021,0,13760,03/23/2021,Express,147,Product_147,Sports,777.09,360.55,2,,577,3
2251,Customer_3634,58,Cairo,05/20/2022,0,13031,05/20/2022,Same Day,107,Product_107,Electronics,1230.39,649.02,3,0.05,358,4
2125,Customer_3635,32,Cairo,07/28/2020,0,13204,07/28/2020,Express,144,Product_144,Sports,1130.57,467.46,5,,549,7
2440,CUSTOMER_3636,29,Luxor,31-08-2023,0,12549,31-08-2023,Same Day,148,Product_148,Electronics,79.69,39.71,4,0.1,453,4
2239,  Customer_3637  ,53,Luxor,05/21/2021,0,13574,05/21/2021,Standard,109,Product_109,Clothing,963.85,642.03,3,,541,4
1406,Customer_3638,42,Aswan,01-09-2021,0,12921,01-09-2021,Standard,120,Product_120,Sports,683.03,291.66,2,,399,5
1398,Customer_3639,60,Cairo,03/07/2020,0,13148,03/07/2020,Same Day,137,Product_137,Home Appliances,712.11,487.48,1,,677,6
1714,Customer_3640,39,Aswan,10-07-2022,0,10349,10-07-2022,Standard,111,Product_111,Sports,1236.64,812.47,1,0.2,420,4
1703,Customer_3641,30,Aswan,22-06-2021,0,12107,22-06-2021,Standard,102,Product_102,Electronics,844.03,548.23,2,,681,6
1760,Customer_3642,44,Aswan,12/14/2021,0,11478,12/14/2021,Express,122,Product_122,Electronics,1334.15,879.34,3,0.2,633,6
1498,Customer_3643,33,Aswan,06/27/2020,0,10878,06/27/2020,Standard,148,Product_148,Home Appliances,1083.57,459.45,5,,914,6
2488,Customer_3644,30,Mansoura,06/18/2022,1,12512,06/18/2022,Standard,136,Product_136,Home Appliances,851.62,379.27,3,,928,1
1973,CUSTOMER_3645,52,Mansoura,28-08-2020,0,10310,28-08-2020,Standard,105,Product_105,Electronics,1144.08,503.75,4,,548,6
1081,Customer_3646,67,Cairo,30-04-2021,1,11114,30-04-2021,Same Day,107,Product_107,Clothing,105.61,45.77,1,,809,4
1603,customer_3647,36,Mansoura,05-03-2021,1,12978,05-03-2021,Standard,106,Product_106,Clothing,89.27,44.48,2,0.1,836,4
1771,CUSTOMER_3648,25,Cairo,04/19/2023,0,13012,04/19/2023,Express,122,Product_122,Electronics,170.86,110.9,5,,623,4
1902,Customer_3649,37,Luxor,12-11-2023,0,11321,12-11-2023,Express,110,Product_110,Clothing,684.47,325.53,3,0.2,416,5
1364,Customer_3650,47,Alexandria,19-12-2021,0,13396,19-12-2021,Express,146,Product_146,Home Appliances,391.4,185.24,4,,1042,6
1162,Customer_3651,43,Giza,26-12-2023,1,10279,26-12-2023,Express,140,Product_140,Clothing,1477.18,890.39,3,,372,2
2071,Customer_3652,57,Mansoura,06/03/2023,0,12758,06/03/2023,Standard,146,Product_146,Home Appliances,836.32,358.85,4,0.05,578,4
1510,Customer_3653,49,Mansoura,19-07-2023,0,10966,19-07-2023,Express,146,Product_146,Sports,1010.5,513.42,3,,532,5
2352,CUSTOMER_3654,23,Luxor,05/26/2022,1,13189,05/26/2022,Same Day,120,Product_120,Home Appliances,454.29,221.98,5,,643,2
1115,Customer_3655,32,Mansoura,05-12-2020,0,10694,05-12-2020,Same Day,128,Product_128,Sports,516.61,337.96,5,,471,5
1940,customer_3656,19,Cairo,15-06-2023,0,10909,15-06-2023,Standard,123,Product_123,Home Appliances,536.42,297.36,2,,566,2
1336,Customer_3657,57,Cairo,10/12/2020,1,12614,10/12/2020,Same Day,135,Product_135,Home Appliances,1063.17,,5,0.2,730,3
1880,Customer_3658,10,Alexandria,02/27/2021,0,10270,02/27/2021,Same Day,101,Product_101,Clothing,736.87,323.27,4,0.2,598,10
1736,  Customer_3659  ,20,Alexandria,02/27/2021,1,11540,02/27/2021,Standard,129,Product_129,Home Appliances,800.64,543.37,2,0.05,1362,2
1839,Customer_3660,32,Alexandria,05/01/2020,0,11124,05/01/2020,Standard,109,Product_109,Elec,908.4,451.23,5,0.05,608,3
1146,Customer_3661,48,Cairo,03/13/2023,0,11411,03/13/2023,Express,109,Product_109,Sports,1164.78,712.91,1,,660,5
2346,CUSTOMER_3662,32,Aswan,19-12-2021,0,11309,19-12-2021,Express,122,Product_122,Sports,181.04,124.26,4,,361,5
1442,Customer_3663,34,Aswan,12/26/2022,0,13027,12/26/2022,Standard,102,Product_102,Home Appliances,1176.47,650.11,2,0.1,519,4
1836,Customer_3664,34,Alexandria,29-07-2021,0,13124,29-07-2021,Same Day,116,Product_116,Elec,866.69,478.64,4,,475,6
2036,Customer_3665,42,Alexandria,07-05-2023,0,11753,07-05-2023,Standard,140,Product_140,Home Appliances,1020.19,443.96,2,,386,6
1942,Customer_3666,21,Cairo,08-01-2023,0,10840,08-01-2023,Express,106,Product_106,Home Appliances,524.95,271.44,4,0.05,523,5
1286,Customer_3667,25,Luxor,10-12-2020,0,11821,10-12-2020,Standard,113,Product_113,Clothing,643.61,422.04,1,,356,4
1719,Customer_3668,65,Mansoura,10/24/2021,0,11003,10/24/2021,Standard,133,Product_133,Home Appliances,385.19,,5,,650,4
2137,Customer_3669,46,Giza,12/12/2023,0,10239,12/12/2023,Same Day,119,Product_119,Home Appliances,1469.98,992.61,3,0.05,386,2
1479,Customer_3670,51,Aswan,22-08-2021,0,13285,22-08-2021,Standard,115,Product_115,Clothing,770.65,462.54,3,,516,3
1021,Customer_3671,40,Aswan,15-08-2021,0,11639,15-08-2021,Express,133,Product_133,Clothing,1494.31,786.44,3,0.1,908,6
2372,Customer_3672,150,Cairo,18-03-2023,0,10360,18-03-2023,Standard,110,Product_110,Electronics,760.19,428.71,2,,369,7
1682,Customer_3673,46,Cairo,01-07-2021,0,13435,01-07-2021,Same Day,101,Product_101,Clothing,368.64,164.1,5,,562,3
1905,Customer_3674,50,Giza,19-11-2022,0,10733,19-11-2022,Standard,112,Product_112,Sports,785.81,365.59,2,,526,4
1319,Customer_3675,52,Giza,23-10-2023,0,10851,23-10-2023,Same Day,143,Product_143,Sports,107.41,52.19,2,0.05,436,3
1125,Customer_3676,38,Alexandria,07/14/2020,0,10859,07/14/2020,Standard,129,Product_129,Electronics,1361.92,702.01,2,,384,5
1276,Customer_3677,54,Giza,04-10-2020,0,10700,04-10-2020,Same Day,117,Product_117,Home Appliances,1236.9,834.48,2,,391,8
2227,Customer_3678,3,Mansoura,04/22/2022,0,11350,04/22/2022,Standard,104,Product_104,Electronics,1102.44,562.54,5,,568,5
1193,Customer_3679,53,Mansoura,05/01/2020,0,12883,05/01/2020,Standard,129,Product_129,Clothing,934.25,520.52,3,,405,7
1695,Customer_3680,33,Aswan,21-07-2021,0,13547,21-07-2021,Standard,107,Product_107,Home Appliances,890.76,399.6,4,,422,3
2309,Customer_3681,48,Mansoura,05-09-2023,0,10822,05-09-2023,Standard,144,Product_144,Electronics,1495.26,928.25,2,,484,1
1056,Customer_3682,30,Mansoura,09/16/2020,0,11634,09/16/2020,Standard,113,Product_113,Electronics,453.1,257.4,5,,433,2
2326,  Customer_3683  ,20,Mansoura,12/07/2023,0,10096,12/07/2023,Express,105,Product_105,Sports,1180.54,628.01,1,,391,7
2186,Customer_3684,45,Alexandria,28-09-2020,0,10326,28-09-2020,Express,106,Product_106,Electronics,893.04,610.98,4,,338,5
1018,Customer_3685,17,Aswan,26-05-2021,0,12120,26-05-2021,Standard,134,Product_134,Home Appliances,1465.03,977.46,2,,355,8
2393,Customer_3686,34,Cairo,10/26/2020,1,10993,10/26/2020,Same Day,107,Product_107,Elec,1250.31,747.5,2,,1085,2
1263,Customer_3687,27,Aswan,27-12-2023,0,11279,27-12-2023,Same Day,146,Product_146,Elec,1497.86,1013.37,4,,371,2
1793,Customer_3688,37,Aswan,10/21/2021,0,11766,10/21/2021,Express,128,Product_128,Clothing,903.07,514.24,4,,388,7
1112,Customer_3689,51,Aswan,21-05-2021,0,13241,21-05-2021,Express,146,Product_146,Elec,346.59,224.62,2,0.2,446,6
2350,Customer_3690,32,Giza,16-10-2023,0,10993,16-10-2023,Express,110,Product_110,Home Appliances,780.35,408.0,5,,443,3
1541,Customer_3691,44,Cairo,15-03-2022,0,10332,15-03-2022,Same Day,104,Product_104,Sports,1081.11,460.58,1,,563,5
1646,Customer_3692,51,Giza,09/29/2022,0,11180,09/29/2022,Express,103,Product_103,Sports,1172.82,818.92,5,,591,3
1578,Customer_3693,30,Alexandria,18-10-2020,0,13490,18-10-2020,Express,125,Product_125,Sports,50.74,22.82,3,0.1,1000,4
2088,Customer_3694,31,Alexandria,03/28/2023,0,11964,03/28/2023,Express,123,Product_123,Sports,782.29,371.94,3,0.2,339,6
2315,Customer_3695,60,Luxor,19-07-2023,0,12505,19-07-2023,Standard,127,Product_127,Clothing,391.09,175.57,3,,360,3
1024,CUSTOMER_3696,38,Luxor,07/04/2021,0,12781,07/04/2021,Standard,114,Product_114,Home Appliances,1318.62,660.95,2,0.1,426,6
1000,Customer_3697,47,Alexandria,07/09/2023,0,12923,07/09/2023,Express,138,Product_138,Clothing,271.71,132.26,1,,363,5
1910,CUSTOMER_3698,47,Alexandria,28-04-2022,0,12905,28-04-2022,Same Day,132,Product_132,Sports,1016.36,589.82,1,,741,5
1140,Customer_3699,22,Giza,07-02-2022,0,10098,07-02-2022,Standard,123,Product_123,Clothing,435.79,304.59,2,,857,6
1647,Customer_3700,28,Alexandria,07/14/2022,0,12779,07/14/2022,Express,147,Product_147,Electronics,566.99,235.73,2,,646,3
1187,customer_3701,45,Cairo,06/03/2020,0,12972,06/03/2020,Standard,140,Product_140,Home Appliances,1413.81,895.7,2,,346,6
2151,Customer_3702,8,Giza,21-07-2023,0,10243,21-07-2023,Same Day,137,Product_137,Elec,398.65,174.77,1,,530,3
1200,CUSTOMER_3703,36,Alexandria,09-07-2020,0,13842,09-07-2020,Express,103,Product_103,Clothing,187.75,76.22,2,,673,5
2150,Customer_3704,27,Giza,04/05/2022,0,11500,04/05/2022,Express,135,Product_135,Electronics,150.46,89.01,4,0.05,696,7
1256,Customer_3705,56,Giza,11/21/2022,1,11464,11/21/2022,Standard,113,Product_113,Clothing,781.69,517.47,4,,772,1
1546,CUSTOMER_3706,45,Mansoura,23-07-2021,1,13265,23-07-2021,Express,134,Product_134,Clothing,980.48,444.05,4,,740,4
1193,Customer_3707,57,Luxor,11/23/2023,0,11398,11/23/2023,Standard,124,Product_124,Home Appliances,524.58,263.59,2,,405,7
1702,CUSTOMER_3708,39,Giza,01/25/2022,1,12709,01/25/2022,Same Day,101,Product_101,Home Appliances,1050.88,473.55,4,,387,5
2127,customer_3709,38,Aswan,07/20/2022,0,13053,07/20/2022,Standard,112,Product_112,Home Appliances,138.5,93.07,2,,674,6
2288,Customer_3710,35,Giza,09/26/2022,1,10366,09/26/2022,Express,108,Product_108,Sports,1293.14,622.14,4,,828,3
1801,  Customer_3711  ,32,Aswan,01-11-2021,0,13226,01-11-2021,Same Day,119,Product_119,Home Appliances,1234.02,658.24,2,,365,6
1941,Customer_3712,80,Mansoura,06-04-2023,0,12546,06-04-2023,Same Day,109,Product_109,Electronics,1478.97,988.58,5,,475,5
2407,Customer_3713,52,Alexandria,01/06/2020,1,13605,01/06/2020,Same Day,128,Product_128,Home Appliances,1407.93,796.69,3,0.1,1654,2
2283,Customer_3714,24,Giza,09-02-2024,0,11481,09-02-2024,Standard,114,Product_114,Home Appliances,566.49,,5,,327,6
1413,Customer_3715,79,Mansoura,09-07-2020,0,13699,09-07-2020,Same Day,127,Product_127,Home Appliances,628.95,426.39,3,,948,7
2381,Customer_3716,33,Cairo,02/05/2024,1,12160,02/05/2024,Express,118,Product_118,Clothing,1131.65,609.37,3,,331,3
2098,Customer_3717,44,Mansoura,27-07-2022,0,12992,27-07-2022,Same Day,142,Product_142,Clothing,244.42,140.47,4,0.2,469,6
2378,customer_3718,54,Luxor,24-07-2023,0,13794,24-07-2023,Same Day,141,Product_141,Home Appliances,505.32,237.04,3,,351,4
1909,Customer_3719,16,Luxor,22-09-2023,1,11047,22-09-2023,Standard,106,Product_106,Clothing,221.88,154.69,3,,419,3
1187,customer_3720,27,Alexandria,29-11-2023,0,10282,29-11-2023,Standard,133,Product_133,Clothing,709.59,343.08,5,,346,6
2313,Customer_3721,64,Aswan,03-01-2022,0,11315,03-01-2022,Express,137,Product_137,Sports,850.41,540.0,3,,435,4
1044,Customer_3722,36,Alexandria,09-05-2020,1,11386,09-05-2020,Express,142,Product_142,Electronics,356.18,175.91,2,,1698,1
1082,Customer_3723,54,Aswan,30-12-2022,0,12448,30-12-2022,Standard,125,Product_125,Clothing,88.62,43.77,2,,520,5
2146,Customer_3724,33,Aswan,25-03-2022,1,12615,25-03-2022,Same Day,113,Product_113,Elec,1093.07,471.29,4,,1013,1
1357,  Customer_3725  ,38,Aswan,22-03-2021,1,13337,22-03-2021,Standard,123,Product_123,Clothing,79.01,44.88,5,,1031,2
2089,CUSTOMER_3726,66,Aswan,05/29/2022,0,13125,05/29/2022,Standard,136,Product_136,Home Appliances,1461.43,691.91,1,,751,4
1935,customer_3727,46,Luxor,03/09/2021,0,13920,03/09/2021,Standard,133,Product_133,Clothing,371.33,165.06,5,0.05,468,9
1374,CUSTOMER_3728,34,Luxor,10-10-2022,1,13691,10-10-2022,Express,121,Product_121,Clothing,1012.66,473.92,1,,814,5
1161,CUSTOMER_3729,29,Giza,03-07-2021,0,12761,03-07-2021,Express,134,Product_134,Electronics,680.39,323.41,3,0.1,455,6
2403,  Customer_3730  ,31,Luxor,10/23/2021,0,11737,10/23/2021,Express,136,Product_136,Home Appliances,136.53,75.26,1,,626,7
2381,customer_3731,58,Alexandria,08/03/2021,1,10421,08/03/2021,Express,117,Product_117,Sports,734.67,378.93,3,,331,3
2211,Customer_3732,51,Luxor,22-11-2021,0,12896,22-11-2021,Same Day,110,Product_110,Electronics,799.3,337.82,5,,372,5
1321,Customer_3733,22,Alexandria,01/25/2023,0,13966,01/25/2023,Express,123,Product_123,Home Appliances,1289.29,723.04,5,,665,3
1449,CUSTOMER_3734,41,Cairo,29-03-2023,0,13545,29-03-2023,Express,144,Product_144,Home Appliances,1111.91,707.54,4,,644,5
2497,Customer_3735,38,Luxor,24-09-2020,0,13801,24-09-2020,Same Day,102,Product_102,Electronics,164.99,94.42,4,0.1,644,5
2036,Customer_3736,44,Alexandria,03/05/2023,0,11266,03/05/2023,Same Day,135,Product_135,Clothing,353.29,244.6,3,,386,6
1183,customer_3737,30,Aswan,20-09-2022,0,11377,20-09-2022,Standard,114,Product_114,Home Appliances,502.24,215.84,3,0.05,834,2
1110,customer_3738,56,Mansoura,12/04/2021,0,11411,12/04/2021,Same Day,147,Product_147,Sports,218.79,141.41,2,,675,6
1507,Customer_3739,39,Aswan,29-10-2023,0,13249,29-10-2023,Same Day,145,Product_145,Clothing,712.5,393.09,2,,349,4
2313,Customer_3740,45,Giza,09-04-2020,0,10474,09-04-2020,Express,141,Product_141,Electronics,1477.25,822.06,2,0.1,435,4
1294,Customer_3741,28,Alexandria,04-04-2020,0,13644,04-04-2020,Express,102,Product_102,Electronics,796.19,442.47,5,,511,5
2474,Customer_3742,28,Aswan,07/22/2020,0,12452,07/22/2020,Express,119,Product_119,Electronics,1125.73,560.16,1,,551,6
1903,Customer_3743,79,Luxor,07/06/2023,1,12083,07/06/2023,Express,116,Product_116,Elec,1040.26,,3,,545,1
2238,Customer_3744,67,Luxor,30-07-2022,0,10357,30-07-2022,Same Day,143,Product_143,Sports,1282.37,756.03,4,,356,3
1973,CUSTOMER_3745,38,Cairo,03-02-2020,0,10557,03-02-2020,Express,144,Product_144,Sports,362.8,149.99,3,0.1,548,6
1631,  Customer_3746  ,62,Mansoura,11-09-2020,0,13678,11-09-2020,Express,125,Product_125,Home Appliances,1143.05,659.12,1,,566,5
2050,Customer_3747,58,Alexandria,19-11-2020,1,11350,19-11-2020,Standard,101,Product_101,Sports,1327.97,819.86,3,,639,2
1732,Customer_3748,30,Aswan,22-06-2022,0,11067,22-06-2022,Same Day,102,Product_102,Elec,298.69,151.41,4,0.1,371,3
2254,Customer_3749,29,Mansoura,23-07-2022,0,12367,23-07-2022,Same Day,148,Product_148,Sports,552.86,257.19,4,0.1,788,5
1320,Customer_3750,50,Cairo,02-01-2020,1,10737,02-01-2020,Same Day,127,Product_127,Clothing,1456.65,675.91,1,,715,4
1912,Customer_3751,43,Giza,05/26/2022,0,12705,05/26/2022,Standard,102,Product_102,Clothing,1182.14,501.88,4,,507,3
2256,CUSTOMER_3752,33,Mansoura,18-02-2021,0,12519,18-02-2021,Same Day,130,Product_130,Home Appliances,459.76,196.28,5,,329,8
1436,customer_3753,50,Cairo,11/11/2023,0,13340,11/11/2023,Same Day,110,Product_110,Elec,867.72,390.48,4,,417,1
1780,Customer_3754,18,Alexandria,27-09-2020,0,12572,27-09-2020,Express,119,Product_119,Sports,636.27,258.17,1,,438,6
2426,Customer_3755,41,Giza,08/24/2023,0,10024,08/24/2023,Same Day,142,Product_142,Home Appliances,760.45,364.92,1,,408,4
2076,Customer_3756,21,Luxor,09/10/2021,0,13844,09/10/2021,Express,116,Product_116,Home Appliances,564.99,277.93,3,,827,6
2336,Customer_3757,21,Cairo,21-11-2020,1,10639,21-11-2020,Standard,113,Product_113,Sports,455.03,317.87,4,,625,5
2304,  Customer_3758  ,29,Luxor,07/15/2021,0,11574,07/15/2021,Express,148,Product_148,Home Appliances,1028.41,717.32,4,,569,3
1725,Customer_3759,45,Giza,10-07-2020,0,13228,10-07-2020,Standard,108,Product_108,Electronics,1178.89,537.71,1,,504,9
1030,  Customer_3760  ,29,Cairo,02-09-2023,0,12923,02-09-2023,Standard,131,Product_131,Sports,1317.24,611.08,3,,487,2
1336,Customer_3761,21,Cairo,01/08/2022,1,11208,01/08/2022,Standard,145,Product_145,Clothing,275.23,150.71,3,,730,3
1182,Customer_3762,47,Giza,05/27/2021,0,10173,05/27/2021,Express,125,Product_125,Clothing,1243.14,552.74,5,,530,7
2046,  Customer_3763  ,62,Alexandria,17-06-2020,0,11417,17-06-2020,Standard,139,Product_139,Sports,419.46,231.21,5,,407,3
1543,Customer_3764,49,Cairo,01/31/2022,0,10185,01/31/2022,Express,121,Product_121,Home Appliances,669.64,348.09,1,,402,3
2469,Customer_3765,67,Giza,22-09-2023,0,11304,22-09-2023,Express,138,Product_138,Home Appliances,1357.09,675.0,3,,413,3
2097,Customer_3766,61,Mansoura,08/21/2023,0,11000,08/21/2023,Express,141,Product_141,Clothing,709.03,458.59,3,,484,3
2033,Customer_3767,32,Luxor,04-12-2020,0,13657,04-12-2020,Standard,129,Product_129,Clothing,335.74,217.71,5,0.05,968,4
2479,customer_3768,49,Cairo,16-04-2020,0,11318,16-04-2020,Express,106,Product_106,Electronics,281.81,196.24,5,0.05,378,3
1659,Customer_3769,38,Mansoura,22-03-2022,0,10527,22-03-2022,Express,118,Product_118,Home Appliances,735.83,343.58,1,,1016,3
1159,  Customer_3770  ,55,Cairo,05-07-2023,0,13259,05-07-2023,Standard,149,Product_149,Electronics,1155.88,770.37,3,,546,6
2037,Customer_3771,38,Alexandria,17-09-2021,1,13483,17-09-2021,Express,144,Product_144,Clothing,1495.95,839.76,1,0.1,1202,2
2201,Customer_3772,28,Giza,01/26/2024,0,13019,01/26/2024,Standard,135,Product_135,Clothing,1191.74,688.16,5,0.05,341,7
1411,Customer_3773,60,Cairo,03-12-2023,0,10683,03-12-2023,Standard,127,Product_127,Clothing,1321.67,884.05,4,0.2,395,4
2011,Customer_3774,44,Giza,24-04-2021,1,12233,24-04-2021,Standard,105,Product_105,Clothing,1134.36,774.53,5,,1348,5
1052,Customer_3775,30,Aswan,29-05-2022,1,11567,29-05-2022,Express,107,Product_107,Elec,1348.38,833.36,3,0.2,607,3
1407,Customer_3776,32,Cairo,09/04/2023,1,10574,09/04/2023,Express,110,Product_110,Clothing,160.63,81.01,1,,485,3
1846,Customer_3777,29,Alexandria,07/05/2020,0,12034,07/05/2020,Same Day,110,Product_110,Sports,1398.4,764.79,3,,441,3
2045,Customer_3778,24,Alexandria,12-12-2023,0,11884,12-12-2023,Same Day,128,Product_128,Home Appliances,624.79,365.2,5,,331,5
2053,customer_3779,32,Mansoura,13-07-2020,0,11324,13-07-2020,Same Day,136,Product_136,Clothing,1386.34,899.17,5,,519,3
1702,Customer_3780,45,Alexandria,01/03/2020,1,10308,01/03/2020,Standard,110,Product_110,Home Appliances,159.81,95.47,2,,387,5
1259,Customer_3781,40,Giza,13-03-2021,1,11212,13-03-2021,Same Day,135,Product_135,Clothing,1087.1,554.02,5,,462,2
2228,  Customer_3782  ,33,Aswan,03-09-2022,0,11841,03-09-2022,Express,135,Product_135,Electronics,1116.75,586.7,3,0.1,851,3
2082,Customer_3783,62,Alexandria,08-06-2020,0,11434,08-06-2020,Standard,137,Product_137,Home Appliances,1495.52,620.84,1,,398,8
2494,customer_3784,9,Cairo,09/28/2020,1,10537,09/28/2020,Standard,148,Product_148,Electronics,1164.84,788.92,1,0.2,876,3
1775,Customer_3785,44,Alexandria,30-04-2023,0,13458,30-04-2023,Express,120,Product_120,Clothing,604.73,257.88,2,,454,7
2489,Customer_3786,37,Aswan,08-04-2021,1,10857,08-04-2021,Same Day,113,Product_113,Sports,858.01,492.48,3,,347,5
2035,Customer_3787,25,Giza,11/29/2022,0,11574,11/29/2022,Same Day,111,Product_111,Sports,581.5,384.66,5,,548,8
2313,Customer_3788,45,Cairo,10/24/2023,0,10192,10/24/2023,Express,145,Product_145,Sports,334.23,175.89,4,,435,4
1849,Customer_3789,36,Mansoura,30-06-2022,0,11186,30-06-2022,Express,119,Product_119,Sports,410.33,262.63,1,0.05,554,3
1353,Customer_3790,58,Mansoura,20-01-2020,0,10052,20-01-2020,Same Day,128,Product_128,Sports,371.92,238.45,3,,836,3
2098,Customer_3791,53,Mansoura,01/17/2020,0,10474,01/17/2020,Express,138,Product_138,Electronics,845.78,353.5,2,,469,6
1872,Customer_3792,68,Cairo,11/25/2023,0,10173,11/25/2023,Same Day,145,Product_145,Sports,1363.93,714.21,4,0.05,403,5
2464,Customer_3793,32,Mansoura,04-12-2021,0,11219,04-12-2021,Express,104,Product_104,Clothing,1373.45,834.11,3,,388,6
1990,customer_3794,60,Alexandria,03-09-2020,1,13282,03-09-2020,Same Day,137,Product_137,Electronics,129.41,68.16,5,,1126,2
2264,Customer_3795,22,Cairo,14-05-2022,0,11813,14-05-2022,Express,119,Product_119,Electronics,165.85,93.46,1,,694,3
2017,Customer_3796,38,Cairo,22-11-2023,0,10699,22-11-2023,Standard,137,Product_137,Sports,405.42,234.47,5,,406,3
2177,Customer_3797,33,Cairo,27-09-2020,0,12437,27-09-2020,Standard,114,Product_114,Home Appliances,419.84,186.98,2,,666,6
2119,Customer_3798,49,Luxor,09/05/2022,1,13379,09/05/2022,Standard,131,Product_131,Clothing,187.59,98.22,1,,849,3
1293,CUSTOMER_3799,48,Giza,25-05-2020,1,10456,25-05-2020,Express,128,Product_128,Electronics,613.27,250.54,4,,1682,2
1208,CUSTOMER_3800,26,Luxor,13-04-2021,1,11354,13-04-2021,Same Day,136,Product_136,Clothing,902.2,401.38,1,,728,2
2366,Customer_3801,49,Luxor,02/23/2022,1,13797,02/23/2022,Same Day,144,Product_144,Home Appliances,888.34,491.85,5,0.05,1043,3
2111,  Customer_3802  ,34,Luxor,07/01/2020,0,11518,07/01/2020,Same Day,138,Product_138,Electronics,837.97,479.38,3,0.1,648,4
1817,Customer_3803,27,Giza,05-02-2024,0,13400,05-02-2024,Standard,119,Product_119,Clothing,541.07,240.16,3,,331,1
1389,Customer_3804,39,Luxor,07/28/2020,0,13100,07/28/2020,Standard,142,Product_142,Sports,1074.36,673.29,3,,789,5
1324,Customer_3805,17,Mansoura,07/30/2020,1,13754,07/30/2020,Same Day,101,Product_101,Electronics,1248.4,639.05,2,,1616,2
1939,Customer_3806,53,Cairo,10/03/2021,0,12169,10/03/2021,Express,123,Product_123,Electronics,552.1,373.33,2,,364,5
1888,Customer_3807,39,Cairo,22-01-2022,1,13529,22-01-2022,Express,128,Product_128,Electronics,174.03,,3,,1062,4
2180,Customer_3808,39,Alexandria,04-09-2021,1,12465,04-09-2021,Same Day,148,Product_148,Electronics,479.68,213.43,4,0.1,992,4
1667,  Customer_3809  ,38,Aswan,07-10-2020,1,10158,07-10-2020,Same Day,104,Product_104,Sports,249.18,156.33,5,0.1,437,3
1632,Customer_3810,64,Mansoura,02/22/2022,0,12645,02/22/2022,Express,141,Product_141,Home Appliances,727.67,415.02,4,,723,4
1576,Customer_3811,62,Giza,09/29/2020,1,11837,09/29/2020,Same Day,118,Product_118,Home Appliances,276.11,142.47,3,,1555,2
1136,  Customer_3812  ,60,Aswan,06-08-2023,0,10515,06-08-2023,Express,149,Product_149,Clothing,721.12,365.45,5,,343,6
1427,Customer_3813,38,Cairo,10/18/2023,0,11025,10/18/2023,Express,147,Product_147,Sports,370.45,164.94,2,0.1,441,4
2475,Customer_3814,23,Luxor,10/19/2020,0,13716,10/19/2020,Standard,139,Product_139,Sports,1121.16,563.1,1,0.1,1041,5
1611,Customer_3815,39,Alexandria,05/20/2020,1,13373,05/20/2020,Standard,125,Product_125,Clothing,89.97,,1,,588,3
1910,Customer_3816,44,Alexandria,12/22/2022,0,13150,12/22/2022,Standard,118,Product_118,Sports,854.38,470.52,5,,741,5
1818,customer_3817,52,Cairo,27-02-2023,1,10658,27-02-2023,Same Day,106,Product_106,Sports,295.76,197.87,4,,674,3
1140,Customer_3818,44,Mansoura,18-01-2020,0,10677,18-01-2020,Express,119,Product_119,Elec,51.44,32.85,5,,857,6
2106,Customer_3819,24,Aswan,06/03/2023,0,10314,06/03/2023,Same Day,112,Product_112,Electronics,1310.34,535.35,4,,578,1
1176,customer_3820,31,Alexandria,08/24/2023,1,13821,08/24/2023,Same Day,125,Product_125,Electronics,1023.72,680.14,4,,496,5
1197,Customer_3821,30,Cairo,12/02/2020,0,12375,12/02/2020,Same Day,135,Product_135,Sports,193.47,103.64,1,,623,6
1623,Customer_3822,48,Mansoura,06/20/2022,0,10275,06/20/2022,Express,101,Product_101,Sports,1012.9,,2,,556,5
1690,Customer_3823,48,Cairo,20-12-2021,1,12763,20-12-2021,Standard,105,Product_105,Home Appliances,936.89,586.23,3,,1108,4
2444,Customer_3824,50,Cairo,19-01-2024,0,10451,19-01-2024,Express,101,Product_101,Electronics,736.37,365.87,2,,348,2
1400,Customer_3825,44,Mansoura,03/12/2021,0,11588,03/12/2021,Express,108,Product_108,Clothing,657.92,313.17,3,,438,9
1470,Customer_3826,9,Mansoura,10-07-2023,0,10485,10-07-2023,Same Day,139,Product_139,Sports,1336.25,599.17,1,,344,7
1217,Customer_3827,14,Mansoura,06-11-2020,0,11130,06-11-2020,Same Day,147,Product_147,Electronics,405.46,221.38,3,0.1,483,5
1928,Customer_3828,37,Cairo,04/23/2022,0,10566,04/23/2022,Standard,143,Product_143,Home Appliances,627.55,268.6,4,,381,6
1631,Customer_3829,41,Alexandria,15-06-2023,0,10245,15-06-2023,Express,118,Product_118,Electronics,527.22,335.15,5,,566,5
1950,Customer_3830,58,Giza,07-11-2023,0,12982,07-11-2023,Standard,146,Product_146,Home Appliances,1168.24,632.25,3,,421,4
1905,customer_3831,41,Giza,06/25/2022,0,10888,06/25/2022,Same Day,109,Product_109,Home Appliances,1378.87,736.44,2,,526,4
1174,customer_3832,25,Cairo,03/20/2021,1,12211,03/20/2021,Same Day,105,Product_105,Sports,1282.18,513.59,1,,626,4
1022,Customer_3833,49,Cairo,06/26/2020,0,12574,06/26/2020,Standard,104,Product_104,Home Appliances,1206.67,778.74,1,,414,5
1234,Customer_3834,39,Alexandria,24-07-2020,1,10000,24-07-2020,Standard,144,Product_144,Home Appliances,1480.85,811.29,5,0.1,1041,6
2036,Customer_3835,33,Mansoura,13-10-2020,0,12910,13-10-2020,Express,129,Product_129,Clothing,1060.86,564.34,4,,386,6
2124,Customer_3836,15,Cairo,09/09/2020,0,12184,09/09/2020,Standard,101,Product_101,Home Appliances,1139.03,715.78,4,0.1,633,4
1928,Customer_3837,41,Luxor,04/22/2023,0,10150,04/22/2023,Standard,130,Product_130,Clothing,1475.06,617.86,1,,381,6
1522,Customer_3838,43,Mansoura,02/04/2024,0,13251,02/04/2024,Express,145,Product_145,Clothing,60.14,30.67,4,,332,2
2475,Customer_3839,25,Cairo,25-02-2022,0,13993,25-02-2022,Same Day,101,Product_101,Elec,969.37,555.18,5,,1041,5
1430,CUSTOMER_3840,51,Luxor,20-12-2021,0,11767,20-12-2021,Express,103,Product_103,Elec,1121.51,603.57,1,0.05,466,3
1792,Customer_3841,49,Aswan,29-05-2022,1,13051,29-05-2022,Same Day,122,Product_122,Sports,1380.85,627.58,4,0.2,948,4
1532,Customer_3842,40,Alexandria,06-10-2021,0,11510,06-10-2021,Same Day,108,Product_108,Sports,1331.57,652.18,3,0.1,547,3
1978,customer_3843,40,Luxor,10/13/2020,1,13771,10/13/2020,Standard,118,Product_118,Sports,1270.84,622.79,3,,1541,1
2316,Customer_3844,54,Cairo,22-05-2021,0,13089,22-05-2021,Standard,125,Product_125,Home Appliances,1421.4,991.56,4,,512,4
1809,Customer_3845,45,Giza,07/21/2021,1,11248,07/21/2021,Standard,148,Product_148,Electronics,829.2,412.82,3,,1260,1
1912,Customer_3846,29,Cairo,08/13/2023,0,11128,08/13/2023,Standard,120,Product_120,Home Appliances,60.03,27.71,5,,507,3
2124,  Customer_3847  ,37,Giza,06/21/2020,0,10998,06/21/2020,Standard,131,Product_131,Electronics,66.03,42.71,2,,633,4
2327,customer_3848,48,Alexandria,23-05-2021,0,13789,23-05-2021,Same Day,130,Product_130,Home Appliances,839.73,441.99,5,,365,7
1870,  Customer_3849  ,9,Alexandria,07-02-2023,0,10697,07-02-2023,Express,116,Product_116,Sports,681.14,363.16,5,,694,4
1539,Customer_3850,26,Mansoura,15-05-2023,0,11088,15-05-2023,Standard,102,Product_102,Elec,704.31,397.7,4,,597,6
2023,Customer_3851,50,Mansoura,13-05-2023,0,12380,13-05-2023,Same Day,117,Product_117,Electronics,630.59,364.93,5,,599,3
2378,customer_3852,58,Giza,16-01-2024,0,12419,16-01-2024,Standard,110,Product_110,Clothing,1380.7,796.89,4,0.05,351,4
2326,Customer_3853,55,Giza,29-05-2023,0,11230,29-05-2023,Express,107,Product_107,Electronics,570.8,234.23,1,,391,7
1226,Customer_3854,53,Alexandria,06-08-2021,0,13300,06-08-2021,Same Day,142,Product_142,elect,1291.53,833.88,4,,776,6
2259,Customer_3855,41,Luxor,11/15/2023,0,12628,11/15/2023,Express,109,Product_109,Home Appliances,1359.15,623.11,4,,413,2
1872,  Customer_3856  ,24,Giza,02/24/2020,0,13213,02/24/2020,Standard,117,Product_117,Sports,774.28,377.62,1,,403,5
1891,Customer_3857,37,Giza,10-09-2023,0,13789,10-09-2023,Same Day,109,Product_109,Clothing,698.06,315.54,2,,431,5
2478,Customer_3858,10,Luxor,09/09/2021,0,10685,09/09/2021,Express,109,Product_109,Home Appliances,1153.48,726.83,1,0.1,653,5
2036,  Customer_3859  ,59,Mansoura,02/24/2021,0,12756,02/24/2021,Standard,137,Product_137,Electronics,1076.56,619.13,4,,386,6
1209,Customer_3860,27,Mansoura,26-11-2022,0,13402,26-11-2022,Standard,124,Product_124,Home Appliances,526.38,329.82,3,,649,5
1740,Customer_3861,31,Giza,27-05-2023,1,10927,27-05-2023,Same Day,139,Product_139,Sports,198.69,118.42,4,,585,2
1396,  Customer_3862  ,55,Mansoura,09-11-2022,0,11842,09-11-2022,Standard,111,Product_111,Clothing,434.04,187.18,1,,384,7
2123,CUSTOMER_3863,15,Mansoura,21-01-2021,1,11732,21-01-2021,Express,108,Product_108,Home Appliances,239.99,117.7,4,,1257,5
1030,Customer_3864,22,Aswan,03/13/2022,0,10739,03/13/2022,Standard,125,Product_125,Electronics,477.36,263.59,1,,487,2
1897,Customer_3865,44,Mansoura,08/28/2021,1,10270,08/28/2021,Express,146,Product_146,Home Appliances,429.64,211.16,5,,1003,4
1648,Customer_3866,47,Alexandria,08/16/2023,0,11972,08/16/2023,Express,102,Product_102,Electronics,974.68,450.49,2,0.2,504,4
1328,Customer_3867,38,Cairo,04/21/2020,0,10710,04/21/2020,Express,110,Product_110,Clothing,1434.02,947.81,2,,732,4
2189,Customer_3868,39,Giza,05-05-2021,0,10324,05-05-2021,Express,124,Product_124,Clothing,1044.33,652.01,1,,376,3
2482,Customer_3869,59,Giza,10-10-2022,0,10989,10-10-2022,Same Day,148,Product_148,Home Appliances,1393.64,701.79,2,,618,5
1951,Customer_3870,49,Alexandria,03/01/2022,0,11550,03/01/2022,Express,116,Product_116,Clothing,1186.99,747.21,3,,702,5
2123,Customer_3871,47,Cairo,18-08-2020,1,10797,18-08-2020,Same Day,119,Product_119,Sports,1105.42,650.28,3,,1257,5
1620,Customer_3872,51,Cairo,08-05-2021,0,11869,08-05-2021,Same Day,131,Product_131,Home Appliances,650.39,260.89,2,0.05,433,3
2196,Customer_3873,35,Alexandria,20-10-2022,1,12967,20-10-2022,Same Day,111,Product_111,Electronics,520.95,267.81,1,0.05,572,4
1161,customer_3874,72,Luxor,30-07-2023,0,13799,30-07-2023,Standard,106,Product_106,Home Appliances,1277.1,622.13,3,,455,6
1775,CUSTOMER_3875,5,Luxor,01-05-2023,0,12594,01-05-2023,Express,106,Product_106,Electronics,1362.82,634.22,2,,454,7
2286,customer_3876,61,Cairo,25-05-2020,1,11092,25-05-2020,Standard,132,Product_132,Clothing,705.23,335.32,4,0.2,1233,2
1273,  Customer_3877  ,53,Luxor,12/17/2022,0,12955,12/17/2022,Express,139,Product_139,Electronics,63.14,43.11,3,0.1,746,4
2026,Customer_3878,43,Luxor,01/25/2020,1,10211,01/25/2020,Same Day,148,Product_148,Electronics,1199.17,654.62,5,,1123,4
2051,  Customer_3879  ,41,Luxor,01/09/2022,1,11581,01/09/2022,Standard,113,Product_113,Electronics,463.35,303.18,3,,788,3
1325,Customer_3880,37,Cairo,10-10-2021,0,13453,10-10-2021,Standard,103,Product_103,Electronics,64.34,29.87,2,0.1,1179,2
1939,Customer_3881,56,Luxor,09/27/2020,0,13831,09/27/2020,Same Day,141,Product_141,Sports,1217.23,550.58,2,,364,5
2172,CUSTOMER_3882,39,Giza,03/03/2022,1,11443,03/03/2022,Same Day,135,Product_135,Electronics,800.25,533.48,2,,1035,2
1539,Customer_3883,29,Aswan,03/10/2023,0,12644,03/10/2023,Same Day,138,Product_138,Home Appliances,1043.56,572.61,1,,597,6
1487,Customer_3884,53,Cairo,11-05-2022,0,10047,11-05-2022,Standard,117,Product_117,Sports,1376.3,920.12,1,0.05,330,5
1821,Customer_3885,63,Alexandria,01/18/2022,0,10230,01/18/2022,Same Day,103,Product_103,Elec,834.7,349.66,4,,673,7
2461,Customer_3886,11,Luxor,01/23/2023,0,10578,01/23/2023,Standard,134,Product_134,Electronics,779.63,526.2,4,,709,4
2088,  Customer_3887  ,75,Mansoura,10/30/2023,0,13548,10/30/2023,Express,112,Product_112,Electronics,471.46,247.34,3,,339,6
1355,Customer_3888,24,Cairo,19-12-2020,0,12997,19-12-2020,Same Day,124,Product_124,Sports,492.53,,2,0.1,722,5
2275,Customer_3889,25,Alexandria,22-08-2022,0,11112,22-08-2022,Standard,106,Product_106,Electronics,1204.99,729.04,4,,552,5
1234,Customer_3890,21,Aswan,29-05-2020,1,11754,29-05-2020,Same Day,142,Product_142,Electronics,701.09,448.05,2,0.1,1041,6
1226,Customer_3891,40,Giza,04-02-2020,0,12979,04-02-2020,Same Day,111,Product_111,Elec,287.11,118.92,3,0.1,776,6
2336,Customer_3892,20,Alexandria,17-04-2023,1,12099,17-04-2023,Standard,148,Product_148,Clothing,187.07,130.23,1,,625,5
1048,customer_3893,22,Luxor,18-05-2020,0,13605,18-05-2020,Standard,127,Product_127,Home Appliances,735.73,448.14,4,,1080,4
1117,Customer_3894,29,Mansoura,01/29/2020,0,10421,01/29/2020,Standard,148,Product_148,Electronics,724.18,359.5,5,,736,5
1053,Customer_3895,42,Luxor,20-06-2021,0,10610,20-06-2021,Same Day,124,Product_124,Home Appliances,997.51,444.28,5,0.1,535,5
1564,Customer_3896,43,Alexandria,17-03-2021,0,10445,17-03-2021,Express,118,Product_118,Clothing,733.05,379.54,5,,561,2
2067,  Customer_3897  ,150,Cairo,03/22/2020,1,10960,03/22/2020,Express,127,Product_127,Clothing,258.04,120.29,5,,1223,5
1052,Customer_3898,58,Mansoura,03-05-2020,1,10130,03-05-2020,Same Day,141,Product_141,Electronics,786.31,431.09,5,,607,3
1557,Customer_3899,55,Mansoura,26-03-2022,0,12647,26-03-2022,Same Day,121,Product_121,Home Appliances,1364.84,866.08,5,,1012,3
2125,Customer_3900,36,Alexandria,03-11-2022,0,11671,03-11-2022,Standard,134,Product_134,Sports,281.19,168.16,5,,549,7
1867,Customer_3901,12,Aswan,08/09/2021,1,12421,08/09/2021,Express,133,Product_133,Electronics,1050.14,557.39,4,,723,4
1397,Customer_3902,12,Aswan,11-07-2023,0,12598,11-07-2023,Express,148,Product_148,Sports,911.1,,5,,434,5
2161,  Customer_3903  ,55,Luxor,12/30/2023,0,12577,12/30/2023,Express,118,Product_118,Clothing,1135.45,780.22,5,0.1,368,1
1674,  Customer_3904  ,52,Alexandria,10/23/2022,1,13176,10/23/2022,Standard,103,Product_103,Clothing,268.37,129.12,3,,801,2
1386,Customer_3905,30,Mansoura,04/30/2022,0,12434,04/30/2022,Express,124,Product_124,Home Appliances,1415.33,684.1,4,,721,7
1110,Customer_3906,18,Alexandria,05/17/2022,0,13729,05/17/2022,Standard,101,Product_101,Sports,950.4,564.21,3,0.1,675,6
1613,customer_3907,24,Mansoura,08-12-2023,0,10335,08-12-2023,Same Day,106,Product_106,Sports,1278.25,806.77,2,,390,3
1016,CUSTOMER_3908,42,Luxor,04/03/2022,1,12783,04/03/2022,Standard,119,Product_119,Electronics,407.58,283.37,5,,683,6
2205,customer_3909,42,Cairo,06/17/2020,0,11140,06/17/2020,Same Day,122,Product_122,Home Appliances,1122.15,775.12,1,0.05,409,7
1883,Customer_3910,55,Cairo,08/04/2023,0,11024,08/04/2023,Express,143,Product_143,Home Appliances,1182.49,797.15,5,0.1,348,5
1540,customer_3911,33,Alexandria,01/03/2023,0,11652,01/03/2023,Same Day,108,Product_108,Sports,626.28,332.3,5,,502,4
1170,Customer_3912,36,Mansoura,01/06/2023,1,12943,01/06/2023,Same Day,105,Product_105,Clothing,606.73,273.03,3,0.05,726,3
1408,Customer_3913,56,Cairo,15-06-2023,1,10537,15-06-2023,Same Day,109,Product_109,Home Appliances,1003.8,577.53,2,,566,1
1739,Customer_3914,8,Mansoura,08-11-2020,1,13507,08-11-2020,Standard,147,Product_147,Clothing,185.44,75.14,3,,1115,4
2401,customer_3915,44,Luxor,07/22/2021,1,10495,07/22/2021,Standard,121,Product_121,Electronics,1116.66,512.41,4,0.1,1093,6
2211,  Customer_3916  ,34,Alexandria,20-06-2020,0,13083,20-06-2020,Standard,128,Product_128,Home Appliances,112.19,44.96,2,,372,5
1857,CUSTOMER_3917,50,Mansoura,26-09-2021,0,13365,26-09-2021,Same Day,146,Product_146,Home Appliances,326.36,148.22,2,,661,3
1229,Customer_3918,47,Alexandria,10-06-2020,0,10507,10-06-2020,Same Day,104,Product_104,Electronics,1013.01,549.48,2,,328,4
1118,Customer_3919,29,Mansoura,13-11-2022,1,13924,13-11-2022,Same Day,124,Product_124,Home Appliances,192.57,,3,,693,3
2179,customer_3920,-10,Aswan,20-02-2021,0,10680,20-02-2021,Express,108,Product_108,Sports,1459.17,745.33,5,,500,5
1783,Customer_3921,5,Aswan,11/14/2020,1,12612,11/14/2020,Standard,117,Product_117,Sports,1309.17,850.03,5,,806,3
1464,Customer_3922,51,Mansoura,03-01-2023,1,10780,03-01-2023,Express,134,Product_134,Electronics,958.14,577.28,5,,729,4
1103,Customer_3923,43,Luxor,10/31/2021,0,10759,10/31/2021,Express,120,Product_120,Clothing,1237.63,842.74,5,,425,6
1697,Customer_3924,60,Alexandria,11-03-2022,0,10127,11-03-2022,Express,116,Product_116,Clothing,1336.99,713.42,5,,393,5
1174,Customer_3925,34,Giza,16-04-2023,1,13147,16-04-2023,Same Day,110,Product_110,Home Appliances,426.24,205.31,4,,626,4
1744,  Customer_3926  ,53,Mansoura,23-07-2023,0,11292,23-07-2023,Standard,134,Product_134,Clothing,1281.65,559.83,1,,528,2
2444,CUSTOMER_3927,23,Mansoura,23-08-2023,0,12193,23-08-2023,Express,143,Product_143,Clothing,332.45,200.0,2,0.1,348,2
2157,  Customer_3928  ,0,Aswan,26-10-2023,0,13986,26-10-2023,Standard,110,Product_110,Electronics,649.35,423.72,1,,433,3
2414,Customer_3929,38,Cairo,10-08-2023,0,13474,10-08-2023,Standard,130,Product_130,Clothing,859.48,391.17,4,,510,3
1664,customer_3930,31,Aswan,05/15/2020,1,12546,05/15/2020,Same Day,130,Product_130,Clothing,1085.14,720.13,5,,1007,3
1032,Customer_3931,24,Alexandria,09/27/2021,1,10965,09/27/2021,Express,125,Product_125,Clothing,93.7,52.27,4,,1192,1
1054,Customer_3932,53,Aswan,12/01/2023,0,10559,12/01/2023,Same Day,146,Product_146,Sports,471.24,208.86,4,,397,5
1518,Customer_3933,58,Giza,14-06-2022,1,11222,14-06-2022,Standard,143,Product_143,Sports,932.35,552.75,1,,932,3
1755,Customer_3934,41,Luxor,02/03/2024,0,13654,02/03/2024,Express,141,Product_141,Electronics,568.18,315.92,2,,333,1
1011,Customer_3935,37,Giza,03-05-2021,0,10923,03-05-2021,Standard,107,Product_107,Home Appliances,1173.79,,3,,588,5
1719,Customer_3936,40,Luxor,28-04-2020,0,13574,28-04-2020,Standard,147,Product_147,Electronics,994.9,517.12,3,,650,4
1554,Customer_3937,30,Giza,15-05-2021,1,11627,15-05-2021,Same Day,120,Product_120,Home Appliances,389.88,247.74,2,,710,2
1372,Customer_3938,48,Aswan,25-06-2020,1,12450,25-06-2020,Express,117,Product_117,Home Appliances,261.6,148.23,5,,999,3
1483,customer_3939,16,Giza,06/08/2022,1,13023,06/08/2022,Same Day,103,Product_103,Clothing,962.12,466.26,4,0.2,938,2
1972,customer_3940,23,Aswan,08/25/2020,1,13280,08/25/2020,Same Day,147,Product_147,Clothing,703.18,477.17,5,0.2,1335,5
2251,customer_3941,28,Aswan,17-07-2022,0,12389,17-07-2022,Standard,146,Product_146,Electronics,294.99,139.04,4,,358,4
1622,Customer_3942,48,Alexandria,07-06-2023,0,13922,07-06-2023,Express,140,Product_140,Electronics,523.24,248.97,3,0.05,486,3
1306,Customer_3943,35,Aswan,05/31/2023,0,11071,05/31/2023,Express,136,Product_136,Electronics,489.42,,2,,581,4
1456,customer_3944,60,Cairo,22-04-2020,0,10540,22-04-2020,Express,126,Product_126,Sports,206.79,138.21,1,,400,6
1159,CUSTOMER_3945,52,Giza,25-09-2021,0,11199,25-09-2021,Same Day,110,Product_110,Sports,843.02,465.59,1,,546,6
1330,Customer_3946,27,Mansoura,26-09-2023,0,10510,26-09-2023,Same Day,134,Product_134,Sports,1157.29,699.76,2,,463,6
1775,Customer_3947,49,Mansoura,09/09/2023,0,12066,09/09/2023,Same Day,114,Product_114,Sports,884.43,612.8,3,,454,7
1224,Customer_3948,33,Mansoura,12/25/2020,0,12542,12/25/2020,Standard,108,Product_108,Sports,1248.12,792.54,4,,501,3
1982,Customer_3949,47,Cairo,09/01/2020,1,10354,09/01/2020,Same Day,127,Product_127,Clothing,234.97,106.15,1,0.2,605,4
1728,customer_3950,52,Aswan,26-01-2020,0,12606,26-01-2020,Express,110,Product_110,Home Appliances,681.64,433.87,3,0.05,789,4
2479,Customer_3951,56,Giza,12/20/2023,0,10344,12/20/2023,Standard,115,Product_115,Sports,933.65,583.07,2,0.1,378,3
2068,Customer_3952,43,Luxor,08-10-2020,1,11083,08-10-2020,Express,137,Product_137,Electronics,1030.2,483.97,5,0.1,893,2
2237,  Customer_3953  ,64,Luxor,12/07/2023,0,12735,12/07/2023,Same Day,122,Product_122,Home Appliances,1058.89,526.91,3,0.1,391,3
2082,Customer_3954,46,Alexandria,24-01-2020,0,11790,24-01-2020,Express,145,Product_145,Sports,1107.0,678.63,3,,398,8
1643,customer_3955,42,Cairo,01-12-2020,1,13987,01-12-2020,Standard,131,Product_131,Sports,994.57,468.96,5,,863,4
1615,Customer_3956,35,Giza,10/13/2022,1,12276,10/13/2022,Same Day,102,Product_102,Clothing,186.63,86.31,3,,811,3
1194,  Customer_3957  ,30,Aswan,12/11/2021,1,10146,12/11/2021,Standard,145,Product_145,Clothing,1058.19,646.6,1,,1117,4
1488,Customer_3958,46,Mansoura,07-12-2022,1,13369,07-12-2022,Same Day,131,Product_131,Clothing,1100.93,731.21,1,,756,6
1156,Customer_3959,41,Cairo,25-11-2022,0,13404,25-11-2022,Standard,114,Product_114,Sports,1490.55,629.76,1,0.1,433,3
1609,customer_3960,43,Cairo,16-01-2024,0,13822,16-01-2024,Standard,110,Product_110,Clothing,1055.38,563.33,3,0.2,351,5
2249,Customer_3961,47,Giza,14-06-2021,0,12379,14-06-2021,Express,130,Product_130,Sports,1045.9,608.87,3,,328,6
1411,Customer_3962,43,Aswan,07-12-2020,0,12480,07-12-2020,Same Day,136,Product_136,Home Appliances,796.48,480.18,3,,395,4
2228,Customer_3963,70,Alexandria,01/31/2022,0,10398,01/31/2022,Same Day,147,Product_147,Home Appliances,1308.49,914.45,2,0.1,851,3
2102,Customer_3964,32,Aswan,16-09-2020,1,11723,16-09-2020,Same Day,140,Product_140,Sports,1495.41,904.44,5,,1156,3
2147,Customer_3965,46,Alexandria,07/04/2021,0,12883,07/04/2021,Standard,115,Product_115,Electronics,1179.62,691.31,3,,654,6
1470,Customer_3966,36,Alexandria,08/29/2020,0,13406,08/29/2020,Express,114,Product_114,Sports,938.13,653.8,5,0.1,344,7
2241,Customer_3967,3,Mansoura,03/01/2020,0,13280,03/01/2020,Express,131,Product_131,Home Appliances,164.48,68.79,4,0.05,478,5
1515,Customer_3968,37,Mansoura,17-11-2021,0,11434,17-11-2021,Same Day,129,Product_129,Home Appliances,1103.77,466.16,1,,514,7
2127,Customer_3969,25,Giza,29-05-2022,0,10586,29-05-2022,Same Day,127,Product_127,Sports,1077.41,612.19,2,0.1,674,6
1392,CUSTOMER_3970,38,Aswan,07/11/2021,0,13766,07/11/2021,Standard,121,Product_121,Sports,1174.57,596.21,5,,350,4
1630,CUSTOMER_3971,39,Alexandria,08-12-2022,1,12646,08-12-2022,Standard,109,Product_109,Sports,230.61,,1,,755,2
1607,Customer_3972,45,Giza,10-05-2020,0,11294,10-05-2020,Standard,120,Product_120,Home Appliances,997.91,,2,,421,3
1979,customer_3973,32,Alexandria,22-06-2021,0,13251,22-06-2021,Express,135,Product_135,Elec,478.8,288.38,1,,474,4
1433,Customer_3974,33,Cairo,12/29/2023,0,13486,12/29/2023,Standard,115,Product_115,Sports,1152.39,765.4,3,,369,1
2354,CUSTOMER_3975,50,Luxor,26-03-2023,0,12804,26-03-2023,Standard,124,Product_124,Home Appliances,398.54,170.69,3,0.2,415,3
2166,Customer_3976,27,Luxor,09-07-2023,1,12393,09-07-2023,Standard,149,Product_149,Sports,1041.77,585.52,1,,542,3
1539,Customer_3977,150,Alexandria,06/06/2020,0,11542,06/06/2020,Same Day,116,Product_116,Home Appliances,477.74,233.54,2,,597,6
1277,  Customer_3978  ,42,Giza,13-10-2022,0,11804,13-10-2022,Standard,136,Product_136,Sports,63.04,,1,,562,3
1232,Customer_3979,56,Mansoura,07/21/2022,0,13509,07/21/2022,Same Day,111,Product_111,Home Appliances,968.37,546.97,4,,409,4
2113,Customer_3980,50,Aswan,11/12/2022,1,13084,11/12/2022,Express,108,Product_108,Sports,214.24,145.26,2,0.1,781,2
2222,Customer_3981,42,Alexandria,01/07/2022,1,12035,01/07/2022,Express,103,Product_103,Clothing,1005.97,413.76,2,,493,2
1361,  Customer_3982  ,58,Alexandria,23-04-2020,0,11427,23-04-2020,Same Day,119,Product_119,Sports,1392.13,753.16,1,,820,4
2464,Customer_3983,56,Aswan,20-10-2022,0,10737,20-10-2022,Same Day,146,Product_146,Home Appliances,1455.41,666.33,5,,388,6
1025,customer_3984,35,Mansoura,03/06/2023,0,13849,03/06/2023,Standard,141,Product_141,Sports,392.09,219.98,1,0.1,667,2
2048,Customer_3985,43,Alexandria,07-12-2020,1,11777,07-12-2020,Standard,103,Product_103,Elec,1223.42,802.65,5,,1145,3
2417,Customer_3986,44,Cairo,23-01-2022,0,10379,23-01-2022,Express,136,Product_136,Sports,562.65,378.89,2,,1003,4
1506,Customer_3987,-5,Mansoura,11/18/2020,1,13763,11/18/2020,Express,125,Product_125,Sports,1355.66,704.22,3,0.2,1505,1
2324,Customer_3988,57,Cairo,06-06-2021,0,12468,06-06-2021,Express,136,Product_136,Sports,1191.86,767.0,3,,354,7
2362,Customer_3989,37,Luxor,07/29/2020,1,11203,07/29/2020,Express,111,Product_111,Elec,157.19,76.1,1,,1617,1
1266,Customer_3990,32,Aswan,21-03-2023,0,11661,21-03-2023,Standard,116,Product_116,Elec,640.35,257.35,5,0.2,652,3
1460,Customer_3991,1,Mansoura,10/12/2023,0,13058,10/12/2023,Standard,117,Product_117,Electronics,539.11,353.96,1,,447,3
1455,CUSTOMER_3992,28,Mansoura,20-01-2024,0,11306,20-01-2024,Express,142,Product_142,Clothing,1188.51,517.98,4,0.05,347,6
2383,Customer_3993,20,Giza,08/24/2020,0,12465,08/24/2020,Standard,124,Product_124,Electronics,644.91,261.37,1,,530,3
2091,Customer_3994,39,Giza,12-04-2021,1,10355,12-04-2021,Standard,117,Product_117,Clothing,1042.65,527.73,1,,1360,3
2006,Customer_3995,21,Aswan,11/08/2022,1,13773,11/08/2022,Same Day,148,Product_148,Sports,923.53,474.52,1,,785,5
1862,customer_3996,49,Mansoura,01/06/2020,1,10015,01/06/2020,Same Day,120,Product_120,Clothing,1464.68,619.8,1,0.2,1230,3
2435,Customer_3997,56,Luxor,03/31/2020,0,10314,03/31/2020,Express,122,Product_122,Sports,1409.79,908.26,5,0.2,709,3
1490,Customer_3998,39,Alexandria,26-01-2020,1,12580,26-01-2020,Express,106,Product_106,Clothing,670.16,349.61,5,,1223,2
2072,customer_3999,25,Aswan,05/15/2021,0,11039,05/15/2021,Express,107,Product_107,Elec,1099.19,,5,,340,5
1563,Customer_4000,44,Aswan,04-04-2020,1,13536,04-04-2020,Express,114,Product_114,Electronics,1252.72,600.54,4,,737,4
2125,Customer_4001,68,Giza,24-08-2022,0,11486,24-08-2022,Express,111,Product_111,Clothing,1353.38,749.03,4,,549,7
1215,Customer_4002,63,Luxor,01/15/2022,0,13852,01/15/2022,Standard,112,Product_112,Clothing,148.79,93.74,1,,511,5
2461,Customer_4003,18,Aswan,23-02-2022,0,12592,23-02-2022,Same Day,146,Product_146,Electronics,488.01,327.87,5,0.05,709,4
1558,CUSTOMER_4004,18,Luxor,11/03/2020,0,10693,11/03/2020,Same Day,105,Product_105,Sports,514.33,355.48,4,0.1,519,7
1158,  Customer_4005  ,14,Aswan,01-01-2021,0,10068,01-01-2021,Same Day,105,Product_105,Sports,679.95,359.03,3,0.05,393,4
1488,Customer_4006,22,Giza,03/13/2020,1,10410,03/13/2020,Standard,120,Product_120,Sports,295.43,205.92,1,,756,6
1685,Customer_4007,43,Alexandria,02/06/2023,0,13123,02/06/2023,Standard,115,Product_115,Sports,769.5,375.89,2,0.05,452,4
2265,Customer_4008,31,Giza,02-01-2024,1,13136,02-01-2024,Standard,126,Product_126,Home Appliances,1011.66,406.78,5,0.05,365,3
1793,Customer_4009,27,Aswan,04-09-2023,0,12859,04-09-2023,Same Day,133,Product_133,Sports,771.18,486.06,1,,388,7
1004,Customer_4010,55,Luxor,08-05-2022,0,13997,08-05-2022,Same Day,130,Product_130,Home Appliances,1015.4,460.52,1,,969,3
1360,Customer_4011,47,Cairo,04-04-2021,1,10918,04-04-2021,Same Day,124,Product_124,Home Appliances,146.34,60.84,2,,809,4
1458,Customer_4012,14,Giza,10/21/2021,1,12894,10/21/2021,Same Day,123,Product_123,Electronics,1320.18,894.03,3,,415,5
1247,Customer_4013,54,Luxor,05/23/2021,1,10739,05/23/2021,Same Day,109,Product_109,Electronics,1411.65,899.99,4,0.2,1319,2
1945,Customer_4014,47,Giza,02-05-2022,0,11490,02-05-2022,Standard,103,Product_103,Clothing,945.97,407.52,4,,430,5
1421,Customer_4015,47,Aswan,01/15/2024,0,13805,01/15/2024,Standard,136,Product_136,Sports,1328.02,840.73,2,0.2,352,4
1014,Customer_4016,31,Luxor,10/17/2021,0,13343,10/17/2021,Same Day,148,Product_148,Sports,240.6,157.16,2,,699,3
1735,Customer_4017,37,Alexandria,07/09/2021,0,12486,07/09/2021,Standard,107,Product_107,Electronics,1206.3,810.14,4,0.05,800,5
2145,CUSTOMER_4018,10,Luxor,08-06-2020,1,12577,08-06-2020,Same Day,122,Product_122,Electronics,222.76,,3,0.1,1298,3
1276,Customer_4019,53,Mansoura,03/16/2023,0,12777,03/16/2023,Same Day,114,Product_114,Elec,641.61,392.04,3,,391,8
1452,Customer_4020,-10,Cairo,02-02-2022,0,10272,02-02-2022,Same Day,148,Product_148,Clothing,519.54,326.62,1,0.2,334,5
2413,customer_4021,26,Aswan,01-09-2020,0,10458,01-09-2020,Standard,129,Product_129,Sports,899.11,545.39,2,,526,4
2317,  Customer_4022  ,26,Luxor,10/25/2022,1,10819,10/25/2022,Express,116,Product_116,Clothing,487.2,289.42,2,,799,4
1597,customer_4023,67,Aswan,10-10-2023,0,11196,10-10-2023,Express,148,Product_148,Home Appliances,974.1,549.65,2,,397,7
1445,  Customer_4024  ,29,Giza,04/17/2020,0,12615,04/17/2020,Express,134,Product_134,Home Appliances,582.71,316.85,4,,616,3
1209,  Customer_4025  ,54,Giza,01/02/2021,0,10860,01/02/2021,Express,110,Product_110,Sports,1298.15,907.2,4,0.2,649,5
1713,Customer_4026,39,Luxor,02-04-2021,0,11973,02-04-2021,Express,107,Product_107,Electronics,969.13,485.79,4,,522,8
1301,  Customer_4027  ,27,Mansoura,11/22/2022,0,11544,11/22/2022,Standard,125,Product_125,Electronics,362.18,154.46,3,,434,6
2246,Customer_4028,24,Luxor,04-04-2020,0,12544,04-04-2020,Same Day,127,Product_127,Clothing,537.39,338.29,4,0.05,492,8
1002,Customer_4029,30,Alexandria,01-04-2022,1,13984,01-04-2022,Express,115,Product_115,Home Appliances,1278.76,593.53,1,,687,4
1989,Customer_4030,38,Mansoura,05/21/2020,0,10794,05/21/2020,Express,132,Product_132,Home Appliances,610.4,341.71,4,,565,7
2116,Customer_4031,49,Aswan,08/10/2022,1,10804,08/10/2022,Express,128,Product_128,Sports,826.91,354.53,3,,875,2
1519,  Customer_4032  ,32,Luxor,08/01/2021,0,13605,08/01/2021,Same Day,109,Product_109,Home Appliances,990.97,580.5,2,,611,6
2451,CUSTOMER_4033,32,Aswan,28-09-2021,0,11095,28-09-2021,Express,107,Product_107,Electronics,554.32,378.71,1,,403,3
1492,Customer_4034,26,Cairo,01-11-2021,0,12981,01-11-2021,Standard,116,Product_116,Elec,476.27,293.77,3,,425,4
2258,Customer_4035,22,Mansoura,06/25/2020,1,11890,06/25/2020,Same Day,126,Product_126,Electronics,739.12,343.22,5,,435,4
1619,customer_4036,20,Luxor,06-02-2023,0,13039,06-02-2023,Same Day,135,Product_135,Sports,361.58,249.98,2,,478,7
2184,customer_4037,54,Cairo,24-07-2022,0,10839,24-07-2022,Same Day,117,Product_117,Clothing,462.11,227.42,4,,338,9
1330,CUSTOMER_4038,32,Luxor,01/17/2020,0,13243,01/17/2020,Same Day,123,Product_123,Home Appliances,140.01,74.34,3,0.05,463,6
1332,  Customer_4039  ,33,Alexandria,01/25/2022,0,12682,01/25/2022,Express,108,Product_108,Sports,490.76,269.64,5,,733,2
1049,CUSTOMER_4040,30,Giza,14-02-2021,0,10602,14-02-2021,Express,102,Product_102,Clothing,515.02,359.08,3,0.2,1417,4
1862,Customer_4041,35,Aswan,08/20/2021,1,12783,08/20/2021,Standard,131,Product_131,Sports,1444.66,607.72,4,0.1,1230,3
1271,Customer_4042,45,Luxor,02/28/2023,0,13363,02/28/2023,Express,132,Product_132,Home Appliances,905.11,551.23,3,0.2,667,4
1579,customer_4043,32,Mansoura,09/14/2021,1,13937,09/14/2021,Same Day,129,Product_129,Electronics,1191.7,606.07,5,,1205,2
2275,customer_4044,42,Luxor,06/29/2023,0,13323,06/29/2023,Standard,103,Product_103,Clothing,115.8,49.04,3,0.1,552,5
1559,CUSTOMER_4045,61,Luxor,05/11/2021,0,11432,05/11/2021,Express,108,Product_108,Clothing,204.48,,1,0.05,809,7
1695,CUSTOMER_4046,27,Luxor,08/08/2022,0,13038,08/08/2022,Same Day,102,Product_102,Sports,1231.08,710.28,1,,422,3
2113,Customer_4047,33,Luxor,24-01-2022,1,11833,24-01-2022,Standard,131,Product_131,Sports,954.15,597.35,4,,781,2
1445,Customer_4048,49,Mansoura,04/26/2023,0,10366,04/26/2023,Standard,149,Product_149,Electronics,326.92,154.34,5,,616,3
2016,Customer_4049,62,Mansoura,07-10-2022,0,10255,07-10-2022,Express,137,Product_137,Sports,636.95,400.3,5,,478,6
2355,Customer_4050,21,Luxor,02/04/2021,0,13596,02/04/2021,Same Day,120,Product_120,Home Appliances,831.08,538.99,5,,481,4
2162,CUSTOMER_4051,14,Giza,02/09/2024,1,12487,02/09/2024,Express,129,Product_129,Home Appliances,1273.23,673.86,5,,327,3
1356,customer_4052,39,Luxor,24-01-2023,0,11358,24-01-2023,Standard,117,Product_117,Home Appliances,137.6,78.65,5,,708,2
1273,Customer_4053,38,Aswan,17-05-2021,0,13701,17-05-2021,Same Day,110,Product_110,Home Appliances,915.25,632.95,2,0.2,746,4
2042,Customer_4054,50,Aswan,11/04/2020,0,12482,11/04/2020,Standard,141,Product_141,Electronics,1089.7,712.68,3,,984,3
1310,customer_4055,48,Mansoura,14-01-2020,0,10689,14-01-2020,Standard,122,Product_122,Electronics,1467.94,783.08,5,,450,5
1869,Customer_4056,39,Aswan,04/19/2022,1,13532,04/19/2022,Same Day,106,Product_106,Elec,1220.38,731.46,1,,908,2
1885,Customer_4057,55,Aswan,18-02-2020,1,10307,18-02-2020,Express,143,Product_143,Sports,450.53,286.21,3,,356,4
1153,Customer_4058,29,Alexandria,04/22/2021,0,12035,04/22/2021,Standard,134,Product_134,Electronics,1078.89,439.43,4,,423,8
2413,CUSTOMER_4059,43,Luxor,14-01-2023,0,11696,14-01-2023,Same Day,131,Product_131,Clothing,1156.75,666.88,4,0.1,526,4
2283,Customer_4060,21,Luxor,10-12-2021,0,13166,10-12-2021,Express,112,Product_112,Clothing,1108.12,770.54,5,,327,6
1619,Customer_4061,39,Luxor,07/26/2023,0,10408,07/26/2023,Express,112,Product_112,Clothing,1239.21,847.81,2,,478,7
1882,  Customer_4062  ,18,Luxor,21-11-2023,0,13951,21-11-2023,Standard,116,Product_116,Sports,1360.41,883.9,2,,350,7
1796,Customer_4063,23,Cairo,01/20/2020,0,10825,01/20/2020,Same Day,125,Product_125,Sports,192.72,83.23,3,0.1,788,5
1124,Customer_4064,65,Luxor,11/17/2021,0,11191,11/17/2021,Express,122,Product_122,Electronics,201.91,140.98,2,0.2,382,3
2377,Customer_4065,12,Mansoura,01/03/2020,0,12134,01/03/2020,Same Day,127,Product_127,Home Appliances,1204.78,702.22,4,,407,6
2296,Customer_4066,36,Mansoura,09/08/2023,0,12050,09/08/2023,Express,124,Product_124,Clothing,415.94,194.19,5,,481,5
1618,Customer_4067,52,Cairo,02/09/2022,0,12419,02/09/2022,Same Day,112,Product_112,Sports,134.89,81.24,1,0.05,342,3
1244,Customer_4068,73,Luxor,29-01-2024,0,11551,29-01-2024,Same Day,118,Product_118,Clothing,631.78,415.05,4,0.1,338,5
1847,Customer_4069,42,Giza,21-09-2021,0,12689,21-09-2021,Same Day,145,Product_145,Electronics,1238.82,537.27,4,,1198,4
1449,customer_4070,43,Luxor,31-07-2020,0,13094,31-07-2020,Standard,147,Product_147,Sports,233.52,157.61,3,,644,5
1929,CUSTOMER_4071,40,Mansoura,02/24/2021,0,10097,02/24/2021,Express,116,Product_116,Home Appliances,1024.17,692.4,2,,502,5
2270,Customer_4072,55,Alexandria,12/21/2022,1,12717,12/21/2022,Express,104,Product_104,Home Appliances,55.24,22.32,1,,742,3
1519,Customer_4073,46,Aswan,02-05-2021,0,11774,02-05-2021,Standard,112,Product_112,Sports,209.12,140.13,1,,611,6
2164,CUSTOMER_4074,31,Alexandria,09-05-2022,0,11545,09-05-2022,Express,149,Product_149,Home Appliances,558.73,382.2,2,,674,5
1361,Customer_4075,56,Giza,10/04/2022,0,10320,10/04/2022,Express,133,Product_133,Electronics,171.22,70.42,5,,820,4
1007,Customer_4076,33,Luxor,02-05-2020,0,10533,02-05-2020,Standard,122,Product_122,Home Appliances,1276.56,623.28,2,,513,3
1477,Customer_4077,16,Cairo,18-10-2020,0,12867,18-10-2020,Standard,118,Product_118,Clothing,1302.9,667.0,5,0.2,1175,3
2375,Customer_4078,16,Luxor,28-12-2023,0,12414,28-12-2023,Standard,148,Product_148,Clothing,1145.58,578.14,1,0.2,370,5
1494,  Customer_4079  ,36,Giza,27-07-2021,0,11207,27-07-2021,Same Day,133,Product_133,Clothing,401.6,,3,,511,3
1832,customer_4080,41,Giza,07/09/2020,0,10416,07/09/2020,Standard,127,Product_127,Sports,808.71,410.36,4,0.1,481,6
2450,Customer_4081,54,Aswan,30-03-2020,0,12776,30-03-2020,Same Day,142,Product_142,Sports,317.07,217.82,1,,487,4
2062,CUSTOMER_4082,49,Giza,04/19/2021,0,11237,04/19/2021,Express,119,Product_119,Sports,457.85,319.81,1,,370,10
1592,Customer_4083,41,Alexandria,30-11-2022,0,10847,30-11-2022,Standard,148,Product_148,Sports,798.21,395.15,1,,569,6
1186,Customer_4084,55,Aswan,25-04-2022,0,10669,25-04-2022,Standard,114,Product_114,Sports,1115.77,616.62,4,0.05,378,4
1753,Customer_4085,40,Luxor,06-12-2023,0,13281,06-12-2023,Standard,125,Product_125,Electronics,187.25,106.23,5,0.2,392,4
1092,customer_4086,20,Luxor,02/01/2022,1,11943,02/01/2022,Standard,134,Product_134,Sports,480.21,275.55,3,0.1,822,5
1085,Customer_4087,17,Cairo,27-07-2022,1,12180,27-07-2022,Express,124,Product_124,Home Appliances,1393.6,713.89,3,,889,3
2067,Customer_4088,59,Giza,06/22/2020,1,12100,06/22/2020,Same Day,138,Product_138,Electronics,672.23,302.37,3,0.05,1223,5
1136,Customer_4089,6,Giza,04-04-2023,0,10740,04-04-2023,Express,123,Product_123,Sports,1411.36,587.65,5,0.2,343,6
1420,Customer_4090,36,Mansoura,07/14/2020,0,12742,07/14/2020,Same Day,105,Product_105,Home Appliances,1487.53,642.47,2,,516,4
1073,Customer_4091,84,Aswan,01-11-2022,1,10022,01-11-2022,Express,144,Product_144,Electronics,813.66,545.47,2,0.05,792,2
2179,  Customer_4092  ,46,Mansoura,09/30/2020,0,13177,09/30/2020,Express,136,Product_136,Clothing,467.66,226.4,3,,500,5
2278,customer_4093,36,Aswan,07/29/2023,0,13674,07/29/2023,Express,124,Product_124,Electronics,1196.63,,1,0.1,522,2
1170,Customer_4094,14,Alexandria,18-03-2022,1,11654,18-03-2022,Standard,136,Product_136,Sports,281.0,164.96,1,,726,3
1169,Customer_4095,64,Aswan,06/02/2020,0,10459,06/02/2020,Standard,105,Product_105,Electronics,415.47,175.57,4,,767,5
1871,customer_4096,58,Luxor,27-04-2023,0,10649,27-04-2023,Same Day,139,Product_139,Elec,1188.08,500.2,2,0.05,346,4
1321,Customer_4097,50,Cairo,08-03-2023,0,10481,08-03-2023,Express,106,Product_106,Clothing,678.79,,1,,665,3
1455,Customer_4098,39,Aswan,07-05-2020,0,10119,07-05-2020,Standard,145,Product_145,Electronics,342.23,197.61,3,,347,6
1943,Customer_4099,48,Aswan,06/09/2022,0,10672,06/09/2022,Express,136,Product_136,Electronics,994.13,410.02,4,,378,5
1789,Customer_4100,37,Aswan,09/18/2023,0,12255,09/18/2023,Express,145,Product_145,Clothing,1112.5,598.68,2,0.1,356,3
1612,Customer_4101,25,Cairo,24-09-2020,0,11884,24-09-2020,Same Day,104,Product_104,Sports,231.35,122.78,4,,521,7
2178,Customer_4102,54,Giza,04/29/2021,1,10317,04/29/2021,Same Day,110,Product_110,Home Appliances,451.62,254.72,1,0.1,605,2
1888,Customer_4103,39,Cairo,08/20/2021,1,12385,08/20/2021,Express,101,Product_101,Electronics,370.85,230.43,3,0.1,1062,4
1348,Customer_4104,47,Giza,18-06-2021,1,12202,18-06-2021,Express,121,Product_121,Clothing,600.79,291.29,3,,906,3
2474,Customer_4105,38,Luxor,07-10-2021,0,13846,07-10-2021,Express,140,Product_140,Electronics,1157.0,613.02,3,,551,6
2196,Customer_4106,46,Cairo,03/15/2022,1,10867,03/15/2022,Same Day,139,Product_139,Sports,1084.88,691.96,1,,572,4
1009,Customer_4107,39,Giza,12/06/2023,0,13226,12/06/2023,Same Day,137,Product_137,Sports,1010.66,683.98,5,,359,5
1739,  Customer_4108  ,38,Luxor,30-10-2021,1,13913,30-10-2021,Standard,103,Product_103,Clothing,59.11,39.45,3,,1115,4
2288,Customer_4109,40,Luxor,10/13/2021,1,10393,10/13/2021,Same Day,147,Product_147,Home Appliances,256.11,139.14,5,,828,3
2461,Customer_4110,84,Giza,16-07-2022,0,12552,16-07-2022,Express,131,Product_131,Home Appliances,373.78,207.92,3,,709,4
2270,Customer_4111,52,Giza,07/10/2021,1,10970,07/10/2021,Express,127,Product_127,Elec,444.34,248.27,5,,742,3
1666,customer_4112,78,Alexandria,04/23/2021,0,10312,04/23/2021,Same Day,117,Product_117,Clothing,262.32,173.29,2,0.05,370,3
1545,  Customer_4113  ,39,Luxor,01-06-2020,0,13869,01-06-2020,Standard,123,Product_123,Home Appliances,644.96,420.5,2,,696,6
1128,  Customer_4114  ,35,Giza,02/19/2021,0,11282,02/19/2021,Same Day,113,Product_113,Sports,159.01,78.47,3,0.2,587,4
1600,Customer_4115,23,Luxor,10/05/2020,1,13228,10/05/2020,Same Day,147,Product_147,Home Appliances,1137.53,510.59,4,,1115,4
1604,Customer_4116,64,Cairo,04/12/2023,0,12061,04/12/2023,Express,127,Product_127,Clothing,1192.2,612.42,4,,630,4
1326,Customer_4117,26,Mansoura,08/11/2020,1,10076,08/11/2020,Express,120,Product_120,Sports,882.69,429.45,1,,1055,4
1979,Customer_4118,67,Mansoura,11/14/2020,0,13410,11/14/2020,Standard,146,Product_146,Electronics,180.07,123.39,2,,474,4
1403,Customer_4119,24,Aswan,04-08-2020,1,10408,04-08-2020,Express,113,Product_113,Sports,1340.62,643.2,2,0.05,1302,5
1628,Customer_4120,53,Giza,12/02/2020,0,12441,12/02/2020,Standard,144,Product_144,Home Appliances,1450.17,658.9,4,,344,6
2382,Customer_4121,16,Giza,07/09/2022,1,13918,07/09/2022,Same Day,124,Product_124,Home Appliances,343.43,230.04,3,,907,6
1717,Customer_4122,33,Luxor,08/12/2022,1,12267,08/12/2022,Standard,141,Product_141,Home Appliances,1071.73,456.5,1,,873,3
2040,CUSTOMER_4123,40,Aswan,10/05/2021,1,10743,10/05/2021,Same Day,103,Product_103,Electronics,1270.81,607.55,2,,935,5
1273,customer_4124,31,Giza,12-04-2022,0,10432,12-04-2022,Same Day,143,Product_143,Home Appliances,832.77,442.81,1,,746,4
1684,Customer_4125,37,Luxor,04-09-2020,0,12853,04-09-2020,Express,110,Product_110,Clothing,518.82,300.15,2,,367,7
1115,Customer_4126,37,Giza,02-01-2023,0,11478,02-01-2023,Same Day,101,Product_101,Electronics,743.91,370.69,5,,471,5
1860,Customer_4127,52,Luxor,03-01-2022,1,11677,03-01-2022,Same Day,149,Product_149,Sports,792.79,435.14,5,,1094,3
1692,Customer_4128,8,Giza,01-03-2021,0,13834,01-03-2021,Standard,113,Product_113,Home Appliances,630.92,290.0,1,,493,4
2114,Customer_4129,31,Alexandria,14-07-2022,1,13997,14-07-2022,Express,114,Product_114,Clothing,1398.27,800.21,4,0.05,902,3
2105,Customer_4130,58,Luxor,09/23/2021,1,11831,09/23/2021,Express,133,Product_133,Clothing,1128.63,589.53,4,,846,3
1323,Customer_4131,48,Alexandria,06-08-2022,0,13211,06-08-2022,Express,102,Product_102,Electronics,399.89,261.84,2,,386,4
1960,Customer_4132,59,Alexandria,06/26/2021,1,10987,06/26/2021,Same Day,102,Product_102,Clothing,899.06,,5,,784,2
1113,Customer_4133,51,Alexandria,09/02/2020,0,11521,09/02/2020,Same Day,139,Product_139,Electronics,1048.6,559.06,5,,423,5
2081,Customer_4134,23,Alexandria,07/04/2020,0,12701,07/04/2020,Standard,141,Product_141,Electronics,253.23,146.28,1,,412,4
1153,Customer_4135,49,Cairo,18-11-2020,0,13712,18-11-2020,Express,131,Product_131,Electronics,569.72,,1,,423,8
2427,CUSTOMER_4136,41,Aswan,11/06/2023,0,13907,11/06/2023,Express,104,Product_104,Sports,1363.05,609.34,4,,422,1
2289,  Customer_4137  ,74,Mansoura,15-09-2021,0,12864,15-09-2021,Same Day,134,Product_134,Sports,872.4,555.78,4,,639,2
1314,Customer_4138,52,Cairo,14-12-2023,0,11553,14-12-2023,Standard,119,Product_119,Clothing,364.65,175.77,4,0.1,384,2
2064,Customer_4139,47,Giza,28-11-2023,0,10754,28-11-2023,Same Day,137,Product_137,Sports,228.04,138.06,3,0.1,400,5
1104,customer_4140,50,Giza,05/20/2023,0,10675,05/20/2023,Express,109,Product_109,Electronics,801.43,344.0,5,,592,4
2216,Customer_4141,47,Aswan,03/23/2020,1,10831,03/23/2020,Same Day,124,Product_124,Elec,844.14,545.78,5,,858,3
2424,Customer_4142,46,Mansoura,16-03-2021,0,11119,16-03-2021,Standard,113,Product_113,Sports,534.9,372.54,1,,575,6
2301,Customer_4143,36,Mansoura,11/02/2021,1,10027,11/02/2021,Standard,144,Product_144,Clothing,964.1,493.72,5,0.1,781,3
1353,Customer_4144,48,Mansoura,10/30/2020,0,13035,10/30/2020,Same Day,130,Product_130,Elec,149.59,82.52,1,0.2,836,3
2015,Customer_4145,54,Alexandria,05-07-2020,0,11253,05-07-2020,Express,119,Product_119,Sports,260.45,138.77,3,,436,3
1732,customer_4146,-5,Cairo,12/27/2023,0,10415,12/27/2023,Same Day,141,Product_141,Home Appliances,842.1,562.74,4,,371,3
1708,customer_4147,54,Giza,05/23/2021,0,13527,05/23/2021,Same Day,110,Product_110,Clothing,139.63,56.27,3,0.05,425,6
2279,customer_4148,62,Cairo,29-12-2021,0,12072,29-12-2021,Standard,142,Product_142,Clothing,1327.32,791.13,4,0.1,456,4
1650,  Customer_4149  ,56,Cairo,03/22/2022,0,11710,03/22/2022,Same Day,144,Product_144,Clothing,256.11,152.57,4,,1016,1
1823,CUSTOMER_4150,49,Cairo,17-11-2022,0,13475,17-11-2022,Standard,114,Product_114,Home Appliances,1027.18,528.71,1,,776,3
1946,Customer_4151,22,Mansoura,04/10/2020,0,12720,04/10/2020,Standard,140,Product_140,Electronics,617.24,287.51,4,,380,9
1660,Customer_4152,22,Aswan,18-10-2023,0,10541,18-10-2023,Same Day,148,Product_148,Clothing,629.69,297.15,3,,441,8
1098,Customer_4153,36,Aswan,04-09-2021,0,10164,04-09-2021,Standard,149,Product_149,Sports,1159.09,741.98,2,,700,4
1587,Customer_4154,40,Mansoura,06/16/2021,0,12255,06/16/2021,Same Day,120,Product_120,Clothing,774.22,,1,,427,8
1281,  Customer_4155  ,60,Giza,12/22/2020,1,12996,12/22/2020,Express,104,Product_104,Sports,1102.2,627.31,4,0.05,713,2
1402,Customer_4156,-1,Giza,04-03-2020,0,10984,04-03-2020,Express,138,Product_138,Clothing,782.53,385.05,4,0.05,571,3
2132,Customer_4157,24,Giza,04/08/2022,0,12661,04/08/2022,Standard,144,Product_144,Sports,909.71,436.27,5,0.1,999,7
1699,Customer_4158,37,Aswan,07/15/2022,0,10372,07/15/2022,Express,139,Product_139,Sports,1153.04,636.16,1,,433,9
1198,Customer_4159,25,Aswan,02/12/2023,1,10617,02/12/2023,Express,105,Product_105,Sports,930.6,622.9,1,,689,3
2326,Customer_4160,28,Cairo,31-01-2023,0,13913,31-01-2023,Same Day,142,Product_142,Home Appliances,942.64,551.85,3,,391,7
1326,Customer_4161,32,Mansoura,05/26/2021,1,10068,05/26/2021,Same Day,132,Product_132,Home Appliances,1194.37,760.32,2,,1055,4
1153,customer_4162,25,Alexandria,12-07-2020,0,11543,12-07-2020,Express,106,Product_106,Home Appliances,1426.18,827.48,3,,423,8
1551,  Customer_4163  ,28,Cairo,08/04/2022,1,11658,08/04/2022,Express,114,Product_114,Electronics,596.24,363.3,3,,881,2
1404,Customer_4164,60,Luxor,27-07-2020,0,13424,27-07-2020,Same Day,106,Product_106,Sports,886.82,469.77,3,,338,5
1461,Customer_4165,49,Aswan,13-10-2020,1,10100,13-10-2020,Same Day,114,Product_114,Electronics,175.1,118.68,2,,1407,2
1131,Customer_4166,51,Cairo,05-09-2020,0,10000,05-09-2020,Express,112,Product_112,Home Appliances,570.27,313.98,3,,565,4
1790,Customer_4167,39,Mansoura,25-01-2020,0,12398,25-01-2020,Standard,127,Product_127,Sports,647.47,366.17,1,,635,3
1873,Customer_4168,55,Luxor,06-05-2020,1,12054,06-05-2020,Same Day,126,Product_126,Electronics,1261.09,703.04,2,,727,3
1083,Customer_4169,52,Cairo,31-03-2021,1,10317,31-03-2021,Same Day,112,Product_112,Home Appliances,794.42,393.12,4,0.1,616,2
2422,Customer_4170,48,Mansoura,09/24/2020,0,12670,09/24/2020,Express,108,Product_108,Electronics,1110.05,521.03,5,,726,2
1753,Customer_4171,30,Mansoura,02/09/2021,0,11878,02/09/2021,Express,110,Product_110,Electronics,77.56,32.74,5,,392,4
1627,Customer_4172,33,Aswan,31-03-2022,0,12556,31-03-2022,Standard,116,Product_116,Home Appliances,723.51,445.29,1,,729,5
2132,CUSTOMER_4173,55,Alexandria,02/01/2022,0,10185,02/01/2022,Same Day,126,Product_126,Sports,1356.91,660.52,5,0.05,999,7
1220,Customer_4174,150,Cairo,06-11-2023,0,10727,06-11-2023,Express,108,Product_108,Clothing,375.26,193.92,5,,422,2
1552,  Customer_4175  ,20,Mansoura,07/14/2023,0,12509,07/14/2023,Express,141,Product_141,Clothing,95.71,64.7,5,0.05,402,5
2391,Customer_4176,31,Giza,13-08-2023,0,10342,13-08-2023,Standard,145,Product_145,Electronics,678.44,386.67,4,,507,2
2170,Customer_4177,63,Mansoura,06/21/2020,0,12682,06/21/2020,Standard,129,Product_129,Electronics,1071.43,459.78,5,,778,4
1111,Customer_4178,31,Alexandria,04/07/2023,0,10712,04/07/2023,Same Day,120,Product_120,Electronics,708.97,453.66,3,0.2,635,2
1614,Customer_4179,44,Mansoura,04/15/2023,0,13079,04/15/2023,Express,117,Product_117,Sports,716.97,341.88,1,,627,2
1923,Customer_4180,30,Aswan,14-06-2021,1,12623,14-06-2021,Express,119,Product_119,Electronics,1021.22,577.82,1,,438,3
1474,Customer_4181,51,Cairo,06/02/2020,1,10135,06/02/2020,Same Day,117,Product_117,Electronics,418.86,231.63,1,,1501,3
1835,Customer_4182,48,Aswan,14-02-2020,0,11922,14-02-2020,Standard,139,Product_139,Electronics,1140.24,537.54,4,,559,5
1270,Customer_4183,17,Cairo,12-05-2020,1,10382,12-05-2020,Same Day,101,Product_101,Home Appliances,272.01,118.25,4,,1695,1
1420,Customer_4184,44,Luxor,08-02-2021,0,10185,08-02-2021,Same Day,129,Product_129,Clothing,623.84,289.07,5,,516,4
1706,CUSTOMER_4185,14,Cairo,08/15/2023,1,12686,08/15/2023,Same Day,114,Product_114,Clothing,1001.21,,3,,505,2
2390,Customer_4186,31,Luxor,27-06-2022,0,10927,27-06-2022,Standard,117,Product_117,Home Appliances,1251.14,603.91,5,0.2,385,5
2303,Customer_4187,39,Aswan,09/20/2020,0,13443,09/20/2020,Standard,113,Product_113,Sports,1197.72,837.43,1,,638,4
2306,  Customer_4188  ,67,Giza,07/07/2020,0,10963,07/07/2020,Express,129,Product_129,Sports,1096.44,570.84,3,,594,6
1039,Customer_4189,44,Alexandria,10-11-2021,0,10560,10-11-2021,Express,134,Product_134,Sports,570.69,,1,,531,5
1188,Customer_4190,28,Giza,07-09-2020,1,11189,07-09-2020,Same Day,127,Product_127,Home Appliances,227.34,128.39,3,,1577,1
2187,Customer_4191,35,Luxor,03/28/2020,1,10897,03/28/2020,Express,146,Product_146,Clothing,364.41,218.64,2,,769,3
1993,Customer_4192,53,Mansoura,08/02/2022,0,12686,08/02/2022,Standard,133,Product_133,Clothing,1304.01,,4,,510,4
1535,CUSTOMER_4193,28,Mansoura,13-04-2020,0,11928,13-04-2020,Express,129,Product_129,Electronics,1293.13,623.86,4,0.2,861,3
2027,Customer_4194,56,Giza,10-12-2020,1,11837,10-12-2020,Express,137,Product_137,Clothing,1429.76,790.85,1,,1483,1
1289,customer_4195,32,Mansoura,03/21/2023,1,12368,03/21/2023,Standard,139,Product_139,Sports,160.18,106.41,1,,652,1
1432,Customer_4196,26,Luxor,06-06-2022,0,11712,06-06-2022,Express,119,Product_119,Sports,828.37,342.01,2,,940,1
1470,Customer_4197,32,Aswan,01/23/2024,0,11738,01/23/2024,Standard,146,Product_146,Electronics,990.59,546.88,5,,344,7
2204,Customer_4198,15,Alexandria,19-03-2022,1,11180,19-03-2022,Express,124,Product_124,Electronics,1080.45,448.71,3,0.05,1019,1
2271,Customer_4199,7,Cairo,13-10-2022,0,10857,13-10-2022,Express,114,Product_114,Clothing,983.6,528.24,2,,811,4
1627,Customer_4200,38,Luxor,01-03-2020,0,13802,01-03-2020,Same Day,147,Product_147,Electronics,1166.52,686.68,2,,729,5
1278,Customer_4201,38,Luxor,22-02-2022,1,13045,22-02-2022,Express,137,Product_137,Elec,571.23,356.11,1,0.05,804,3
1876,Customer_4202,43,Cairo,31-10-2023,0,10284,31-10-2023,Same Day,105,Product_105,Home Appliances,310.18,136.96,1,0.1,428,5
1580,Customer_4203,38,Cairo,05/23/2022,0,13872,05/23/2022,Express,124,Product_124,Clothing,346.65,155.98,5,,387,5
1862,Customer_4204,74,Alexandria,12/19/2020,1,13099,12/19/2020,Same Day,134,Product_134,Sports,67.37,36.45,5,0.1,1230,3
1253,customer_4205,42,Alexandria,25-12-2021,0,12398,25-12-2021,Express,131,Product_131,Home Appliances,557.97,390.25,1,,605,6
1180,Customer_4206,19,Alexandria,03/15/2021,1,12130,03/15/2021,Standard,130,Product_130,Sports,183.03,92.76,4,,1388,2
1680,Customer_4207,23,Mansoura,01/18/2021,0,11647,01/18/2021,Express,109,Product_109,Electronics,516.16,272.67,5,,665,3
1824,CUSTOMER_4208,40,Luxor,07/17/2021,1,10665,07/17/2021,Standard,127,Product_127,Electronics,960.9,509.02,2,,1125,5
1699,Customer_4209,33,Aswan,07/27/2021,0,11393,07/27/2021,Standard,128,Product_128,Sports,1346.99,571.41,1,,433,9
1565,Customer_4210,21,Cairo,07/02/2022,1,12588,07/02/2022,Same Day,142,Product_142,Home Appliances,1267.43,801.33,3,,914,4
2349,Customer_4211,39,Luxor,31-10-2020,1,13466,31-10-2020,Standard,126,Product_126,Home Appliances,416.38,198.17,3,,535,5
2380,Customer_4212,39,Luxor,11-03-2020,1,12024,11-03-2020,Standard,118,Product_118,Home Appliances,244.42,149.37,4,,1268,3
1679,Customer_4213,63,Alexandria,11-06-2023,1,12527,11-06-2023,Same Day,136,Product_136,Elec,329.95,179.01,1,,570,3
1390,Customer_4214,26,Alexandria,22-06-2023,0,12260,22-06-2023,Express,108,Product_108,Clothing,1457.93,850.75,2,0.05,559,5
2108,Customer_4215,33,Luxor,06/17/2023,0,13685,06/17/2023,Express,118,Product_118,Electronics,846.74,352.41,4,,440,3
2340,  Customer_4216  ,63,Alexandria,18-05-2021,0,10929,18-05-2021,Standard,120,Product_120,Sports,314.63,209.85,2,,368,2
1211,Customer_4217,44,Mansoura,18-08-2023,0,12407,18-08-2023,Same Day,132,Product_132,Home Appliances,1269.08,600.47,3,,401,2
1383,Customer_4218,26,Cairo,27-08-2021,1,10213,27-08-2021,Express,129,Product_129,Clothing,623.03,374.46,2,,485,5
1341,CUSTOMER_4219,29,Luxor,18-10-2022,0,10303,18-10-2022,Same Day,149,Product_149,Home Appliances,1353.87,865.67,3,,806,5
1843,CUSTOMER_4220,21,Cairo,23-04-2022,1,13226,23-04-2022,Same Day,148,Product_148,Elec,427.98,,5,0.2,984,4
2061,Customer_4221,41,Mansoura,01-02-2023,1,11403,01-02-2023,Standard,118,Product_118,Clothing,620.17,310.83,3,,700,2
1419,Customer_4222,55,Alexandria,08-09-2022,0,10199,08-09-2022,Same Day,107,Product_107,Clothing,782.17,542.33,3,0.05,401,8
1750,Customer_4223,-10,Giza,05/04/2020,0,13751,05/04/2020,Standard,101,Product_101,Electronics,1344.29,650.01,4,,414,5
2192,customer_4224,17,Mansoura,06/28/2020,1,12285,06/28/2020,Same Day,128,Product_128,Home Appliances,1309.7,896.62,4,0.1,1648,1
2366,CUSTOMER_4225,53,Giza,07/26/2021,1,10670,07/26/2021,Standard,133,Product_133,Home Appliances,882.81,394.5,1,,1043,3
1305,Customer_4226,42,Cairo,02/23/2022,1,11728,02/23/2022,Express,104,Product_104,Home Appliances,371.57,192.01,1,0.2,1043,2
1701,customer_4227,36,Luxor,10/08/2020,1,13238,10/08/2020,Same Day,120,Product_120,Electronics,634.87,280.33,3,,991,3
1868,Customer_4228,33,Alexandria,08-05-2022,0,11249,08-05-2022,Standard,136,Product_136,Sports,1464.67,586.85,5,,470,4
1536,Customer_4229,11,Mansoura,12-02-2021,1,10878,12-02-2021,Express,131,Product_131,Sports,931.27,445.22,1,,750,5
2135,CUSTOMER_4230,49,Alexandria,09-08-2023,0,10250,09-08-2023,Standard,138,Product_138,Home Appliances,1182.59,503.98,3,,511,3
2434,customer_4231,20,Giza,12-12-2022,0,13351,12-12-2022,Standard,128,Product_128,Clothing,702.3,488.73,4,,751,4
1205,Customer_4232,28,Giza,05/25/2021,0,12523,05/25/2021,Standard,103,Product_103,Sports,821.41,516.25,1,,417,5
2208,  Customer_4233  ,46,Aswan,15-07-2023,0,10497,15-07-2023,Standard,106,Product_106,Home Appliances,671.98,269.54,1,0.05,536,3
2405,  Customer_4234  ,12,Luxor,18-01-2023,0,11987,18-01-2023,Standard,145,Product_145,Sports,1069.24,499.44,3,,692,6
1495,Customer_4235,20,Giza,02/09/2020,0,10977,02/09/2020,Same Day,123,Product_123,Home Appliances,1284.63,772.11,3,,1788,1
2402,customer_4236,58,Luxor,22-02-2022,1,13804,22-02-2022,Express,107,Product_107,Sports,785.68,408.21,2,,935,3
2070,customer_4237,41,Aswan,31-12-2023,0,13606,31-12-2023,Express,136,Product_136,Sports,747.26,485.38,2,,367,6
1503,Customer_4238,30,Mansoura,01/05/2022,1,13044,01/05/2022,Express,101,Product_101,Clothing,543.42,299.67,5,,827,5
2045,CUSTOMER_4239,41,Aswan,09-09-2022,0,12748,09-09-2022,Same Day,106,Product_106,Clothing,306.79,182.88,1,,331,5
1212,Customer_4240,50,Luxor,01/20/2023,0,13482,01/20/2023,Standard,124,Product_124,Sports,1411.91,817.65,2,,712,4
1309,Customer_4241,56,Giza,09/19/2022,0,10783,09/19/2022,Same Day,137,Product_137,Home Appliances,508.32,300.65,3,,835,1
1660,CUSTOMER_4242,23,Cairo,05-12-2021,0,12476,05-12-2021,Standard,145,Product_145,Clothing,1211.0,567.99,1,,441,8
1752,CUSTOMER_4243,24,Luxor,03/04/2023,1,10538,03/04/2023,Same Day,136,Product_136,Electronics,1087.25,556.66,2,0.2,482,4
1271,Customer_4244,49,Alexandria,10/25/2022,0,10900,10/25/2022,Express,124,Product_124,Clothing,1196.83,496.91,5,,667,4
1937,Customer_4245,49,Cairo,20-10-2021,0,11466,20-10-2021,Same Day,138,Product_138,Sports,1408.31,811.6,5,,362,3
2225,customer_4246,19,Luxor,06-03-2022,0,13015,06-03-2022,Standard,145,Product_145,Sports,953.89,512.98,5,,570,3
1031,Customer_4247,25,Alexandria,07/07/2021,1,10209,07/07/2021,Express,129,Product_129,Electronics,1352.03,849.37,5,,1196,3
1442,Customer_4248,37,Aswan,03-01-2021,0,13618,03-01-2021,Express,137,Product_137,Clothing,293.16,135.41,3,,519,4
1161,CUSTOMER_4249,40,Cairo,02/23/2020,0,11733,02/23/2020,Standard,145,Product_145,Sports,958.73,509.13,5,0.2,455,6
1766,  Customer_4250  ,40,Luxor,10/15/2021,1,10490,10/15/2021,Standard,132,Product_132,Elec,1169.8,531.35,4,0.2,1174,5
1253,Customer_4251,19,Mansoura,05/07/2023,0,12518,05/07/2023,Same Day,125,Product_125,Elec,443.88,259.31,5,,605,6
1520,Customer_4252,40,Aswan,03/24/2021,0,11709,03/24/2021,Standard,110,Product_110,Home Appliances,1124.09,735.61,2,,365,6
1976,Customer_4253,29,Alexandria,03/01/2020,1,11753,03/01/2020,Standard,135,Product_135,Clothing,1178.79,742.21,1,0.2,424,3
1009,Customer_4254,22,Mansoura,07/29/2021,0,12615,07/29/2021,Standard,125,Product_125,Clothing,1255.22,857.64,2,,359,5
1725,Customer_4255,39,Giza,29-04-2020,0,11918,29-04-2020,Express,127,Product_127,Clothing,503.68,348.3,1,,504,9
1504,Customer_4256,38,Aswan,24-08-2022,0,12034,24-08-2022,Standard,145,Product_145,Sports,1038.33,655.82,3,,812,5
1784,Customer_4257,52,Aswan,12/20/2022,0,12711,12/20/2022,Express,132,Product_132,Electronics,491.17,238.73,1,,351,5
1435,Customer_4258,27,Luxor,01/02/2022,1,11929,01/02/2022,Express,112,Product_112,Home Appliances,1121.61,522.42,4,0.2,860,3
2134,  Customer_4259  ,43,Luxor,11-04-2023,0,11486,11-04-2023,Express,104,Product_104,Clothing,721.31,385.37,5,0.05,631,4
1152,customer_4260,16,Alexandria,04/21/2021,1,12597,04/21/2021,Standard,142,Product_142,Home Appliances,916.44,639.83,2,,1253,3
1916,CUSTOMER_4261,35,Aswan,22-11-2020,0,12003,22-11-2020,Standard,126,Product_126,Home Appliances,652.97,342.03,1,0.1,1265,6
1868,customer_4262,46,Luxor,24-07-2020,0,11500,24-07-2020,Express,103,Product_103,Electronics,284.88,130.97,2,,470,4
2125,Customer_4263,48,Giza,22-05-2021,0,10197,22-05-2021,Same Day,117,Product_117,Clothing,308.14,210.55,5,0.1,549,7
1752,Customer_4264,48,Luxor,09/07/2023,1,11967,09/07/2023,Same Day,109,Product_109,Home Appliances,162.47,83.8,3,,482,4
2214,Customer_4265,52,Aswan,05/08/2021,0,10520,05/08/2021,Same Day,129,Product_129,Clothing,946.21,574.6,5,,1012,3
1562,Customer_4266,33,Cairo,29-06-2021,1,11522,29-06-2021,Standard,101,Product_101,Clothing,1280.53,814.99,3,,1049,6
2104,Customer_4267,47,Mansoura,12/28/2022,1,11534,12/28/2022,Express,118,Product_118,Clothing,80.21,52.37,2,,735,5
1488,Customer_4268,68,Aswan,04/24/2020,1,11713,04/24/2020,Standard,141,Product_141,Home Appliances,146.05,94.4,3,,756,6
1894,Customer_4269,32,Giza,25-03-2021,0,11348,25-03-2021,Express,120,Product_120,Electronics,713.33,464.29,3,,742,6
2111,Customer_4270,60,Aswan,25-03-2023,0,10687,25-03-2023,Same Day,141,Product_141,Electronics,1119.7,672.15,3,0.2,648,4
2217,  Customer_4271  ,53,Giza,03/06/2022,1,10466,03/06/2022,Standard,134,Product_134,Home Appliances,278.68,145.23,3,0.2,1032,2
1103,Customer_4272,36,Aswan,27-12-2021,0,13844,27-12-2021,Same Day,128,Product_128,Sports,443.89,266.42,3,,425,6
2119,Customer_4273,37,Mansoura,21-12-2020,1,10595,21-12-2020,Express,148,Product_148,Clothing,386.41,251.56,1,0.1,849,3
2446,Customer_4274,41,Mansoura,26-12-2020,0,10138,26-12-2020,Same Day,135,Product_135,Clothing,628.62,,3,0.2,679,2
2221,Customer_4275,52,Giza,04/29/2021,1,11014,04/29/2021,Express,116,Product_116,Electronics,376.25,183.97,3,,1343,1
2024,  Customer_4276  ,46,Aswan,04/28/2023,0,10241,04/28/2023,Standard,121,Product_121,Home Appliances,561.27,282.38,5,,614,5
2006,Customer_4277,32,Mansoura,13-10-2021,1,12363,13-10-2021,Standard,113,Product_113,Home Appliances,1106.39,625.54,5,0.1,785,5
1406,Customer_4278,8,Alexandria,29-11-2023,0,12714,29-11-2023,Same Day,135,Product_135,Sports,935.96,389.11,5,,399,5
2401,CUSTOMER_4279,50,Aswan,04-01-2022,1,10732,04-01-2022,Standard,142,Product_142,Sports,167.71,106.28,3,,1093,6
1166,  Customer_4280  ,11,Mansoura,04/26/2023,0,10134,04/26/2023,Express,132,Product_132,Electronics,974.73,430.49,5,,333,3
1508,Customer_4281,19,Cairo,02/27/2020,0,13259,02/27/2020,Express,138,Product_138,Sports,741.76,,1,,428,6
1312,Customer_4282,33,Cairo,11-12-2023,0,13761,11-12-2023,Same Day,106,Product_106,Sports,1405.12,645.37,2,0.2,387,5
2441,Customer_4283,21,Alexandria,05-12-2023,0,12626,05-12-2023,Express,138,Product_138,Home Appliances,469.49,269.05,5,,393,4
1762,Customer_4284,44,Mansoura,12/21/2021,1,13140,12/21/2021,Standard,138,Product_138,Home Appliances,1102.94,535.67,5,0.1,783,7
1680,CUSTOMER_4285,35,Cairo,08-03-2023,0,12486,08-03-2023,Same Day,113,Product_113,Sports,1109.75,,1,0.05,665,3
1476,Customer_4286,51,Aswan,02/28/2023,0,12124,02/28/2023,Same Day,146,Product_146,Electronics,371.18,252.21,4,,609,4
1072,Customer_4287,15,Luxor,18-10-2020,0,12447,18-10-2020,Standard,139,Product_139,Sports,1359.67,889.44,4,0.05,514,7
2164,Customer_4288,30,Mansoura,02/27/2023,0,12421,02/27/2023,Standard,113,Product_113,Electronics,762.22,499.76,1,,674,5
1581,  Customer_4289  ,40,Alexandria,20-01-2021,0,13083,20-01-2021,Standard,147,Product_147,Sports,1034.38,593.0,5,,453,3
1261,Customer_4290,40,Mansoura,05-10-2022,0,11510,05-10-2022,Same Day,112,Product_112,Home Appliances,261.49,172.57,2,0.1,819,5
2363,  Customer_4291  ,50,Giza,01/15/2023,0,11818,01/15/2023,Same Day,133,Product_133,Home Appliances,423.82,268.52,5,,645,4
2331,Customer_4292,26,Giza,09/24/2021,1,10757,09/24/2021,Express,128,Product_128,Elec,899.86,617.28,1,0.1,1195,2
1244,  Customer_4293  ,200,Cairo,12/25/2020,0,12796,12/25/2020,Same Day,103,Product_103,Sports,512.59,214.93,1,,338,5
2360,Customer_4294,47,Giza,10/01/2022,1,12811,10/01/2022,Same Day,118,Product_118,Sports,774.55,316.5,3,0.05,823,2
1560,Customer_4295,7,Alexandria,18-03-2020,0,10416,18-03-2020,Express,126,Product_126,Electronics,592.31,268.03,1,,386,6
2099,Customer_4296,45,Cairo,03-07-2020,0,10206,03-07-2020,Same Day,140,Product_140,Sports,978.8,664.34,3,,909,4
1174,  Customer_4297  ,51,Alexandria,25-04-2020,1,12388,25-04-2020,Express,102,Product_102,Clothing,756.36,439.95,1,,626,4
1108,Customer_4298,19,Aswan,04/21/2021,0,11643,04/21/2021,Express,104,Product_104,Home Appliances,56.68,29.92,3,,407,5
1182,Customer_4299,35,Alexandria,05/17/2023,0,12768,05/17/2023,Express,128,Product_128,Home Appliances,992.04,549.4,3,,530,7
1191,Customer_4300,62,Giza,24-03-2021,0,10310,24-03-2021,Standard,128,Product_128,Electronics,662.08,429.61,5,,692,4
1064,Customer_4301,49,Aswan,10-02-2020,0,11331,10-02-2020,Standard,125,Product_125,Sports,545.46,370.22,3,,471,3
1962,customer_4302,46,Giza,14-12-2022,0,13364,14-12-2022,Same Day,126,Product_126,Electronics,186.51,115.43,4,,581,4
2497,CUSTOMER_4303,54,Alexandria,09/05/2022,0,12672,09/05/2022,Express,145,Product_145,Clothing,369.54,232.05,1,,644,5
2123,Customer_4304,67,Giza,02-01-2020,1,11399,02-01-2020,Standard,147,Product_147,Sports,374.47,185.78,2,,1257,5
1863,Customer_4305,40,Giza,10-11-2021,0,11550,10-11-2021,Express,102,Product_102,Clothing,1406.29,759.55,1,0.2,355,4
2151,Customer_4306,150,Giza,06/11/2023,0,13411,06/11/2023,Express,142,Product_142,Elec,677.14,,5,0.2,530,3
2475,  Customer_4307  ,54,Mansoura,16-02-2021,0,10082,16-02-2021,Standard,134,Product_134,Home Appliances,111.0,70.57,5,,1041,5
1368,Customer_4308,37,Aswan,24-09-2020,1,11600,24-09-2020,Express,130,Product_130,Clothing,251.28,152.1,3,,1560,3
1850,Customer_4309,26,Aswan,11/28/2021,1,11475,11/28/2021,Same Day,121,Product_121,Sports,164.6,69.06,5,,629,4
1042,customer_4310,31,Aswan,01/08/2024,0,11026,01/08/2024,Same Day,144,Product_144,Electronics,903.86,372.26,5,,359,7
2442,Customer_4311,44,Alexandria,29-12-2020,0,11479,29-12-2020,Same Day,137,Product_137,elect,320.6,140.78,1,,615,5
1487,Customer_4312,33,Luxor,10/24/2021,0,12920,10/24/2021,Same Day,144,Product_144,Elec,772.91,443.97,4,,330,5
1077,Customer_4313,34,Alexandria,01-05-2020,0,12283,01-05-2020,Standard,123,Product_123,Home Appliances,586.59,329.03,4,,527,4
1825,Customer_4314,24,Aswan,02/14/2020,1,12436,02/14/2020,Standard,133,Product_133,Elec,1215.62,830.03,3,,1185,3
2293,Customer_4315,61,Cairo,10/29/2020,1,12440,10/29/2020,Same Day,102,Product_102,Electronics,514.71,313.16,5,,1525,2
1673,Customer_4316,34,Giza,16-04-2023,0,11664,16-04-2023,Standard,127,Product_127,Home Appliances,714.48,348.8,5,,626,4
1700,customer_4317,29,Giza,12/14/2023,0,11782,12/14/2023,Same Day,148,Product_148,Electronics,1095.86,491.44,4,0.1,384,3
1758,CUSTOMER_4318,30,Luxor,17-10-2020,0,12794,17-10-2020,Standard,122,Product_122,elect,678.36,444.23,3,0.1,475,7
1727,Customer_4319,52,Cairo,08/15/2020,1,12077,08/15/2020,Standard,134,Product_134,Clothing,1200.16,645.55,5,0.1,1480,2
2338,Customer_4320,48,Mansoura,12/13/2022,0,11606,12/13/2022,Express,116,Product_116,Electronics,1009.44,601.67,3,,750,2
1924,Customer_4321,32,Alexandria,01/17/2022,0,10981,01/17/2022,Same Day,120,Product_120,Home Appliances,645.27,367.51,1,,375,6
1901,Customer_4322,40,Mansoura,05/28/2020,0,13219,05/28/2020,Express,126,Product_126,Clothing,780.77,337.48,5,,366,5
1888,customer_4323,44,Cairo,04-02-2022,1,10604,04-02-2022,Same Day,116,Product_116,Electronics,1452.45,605.84,5,,1062,4
1992,Customer_4324,29,Luxor,12/13/2023,0,12330,12/13/2023,Standard,106,Product_106,Home Appliances,1009.34,517.9,5,,385,6
2191,  Customer_4325  ,16,Cairo,09/18/2023,0,13800,09/18/2023,Same Day,145,Product_145,Sports,1362.24,692.65,4,0.1,402,6
1338,Customer_4326,47,Luxor,21-03-2022,0,10237,21-03-2022,Express,144,Product_144,Electronics,309.2,186.18,4,0.2,460,5
1192,CUSTOMER_4327,30,Mansoura,15-04-2023,0,13810,15-04-2023,Express,123,Product_123,Sports,750.69,442.65,5,0.1,627,2
2476,Customer_4328,46,Mansoura,07/25/2020,0,10730,07/25/2020,Standard,142,Product_142,Clothing,1367.56,944.55,5,0.05,728,3
1282,Customer_4329,44,Cairo,11/20/2021,0,11342,11/20/2021,Express,137,Product_137,Home Appliances,517.79,340.41,1,,404,5
2359,CUSTOMER_4330,40,Cairo,10-09-2021,1,11994,10-09-2021,Standard,108,Product_108,Clothing,1453.11,797.72,1,0.05,1209,3
1389,customer_4331,33,Giza,22-10-2021,0,11360,22-10-2021,Standard,106,Product_106,Sports,190.76,104.92,3,0.2,789,5
1999,CUSTOMER_4332,30,Luxor,10/06/2020,1,12078,10/06/2020,Standard,137,Product_137,Sports,1358.87,818.36,3,,1548,1
1524,  Customer_4333  ,22,Giza,11/18/2020,0,10977,11/18/2020,Standard,122,Product_122,Sports,695.56,302.03,4,,1226,3
2263,Customer_4334,30,Alexandria,02/08/2024,1,10914,02/08/2024,Standard,106,Product_106,Home Appliances,156.93,109.85,2,,328,2
1658,Customer_4335,48,Alexandria,06/13/2022,0,13697,06/13/2022,Express,132,Product_132,Sports,1325.31,736.4,1,,768,4
1715,customer_4336,60,Cairo,08/02/2023,0,11637,08/02/2023,Express,117,Product_117,Sports,415.31,279.49,3,,518,5
1890,Customer_4337,58,Mansoura,09/24/2022,0,11628,09/24/2022,Express,138,Product_138,Home Appliances,82.26,56.78,1,0.2,830,6
2481,Customer_4338,42,Alexandria,22-08-2023,1,12254,22-08-2023,Express,117,Product_117,Sports,246.92,141.85,1,,498,3
2112,CUSTOMER_4339,60,Alexandria,11-10-2021,0,11981,11-10-2021,Standard,137,Product_137,Electronics,1005.72,433.47,2,,721,4
2118,Customer_4340,35,Giza,22-12-2020,1,12950,22-12-2020,Same Day,123,Product_123,Sports,1467.83,839.6,1,,1167,2
1451,  Customer_4341  ,20,Giza,19-12-2023,0,13300,19-12-2023,Same Day,149,Product_149,Home Appliances,211.62,122.59,2,,334,3
1427,customer_4342,68,Alexandria,02/24/2023,0,10582,02/24/2023,Same Day,149,Product_149,Sports,719.82,458.35,2,,441,4
2174,Customer_4343,47,Cairo,11/21/2023,0,13413,11/21/2023,Same Day,113,Product_113,Home Appliances,311.92,129.28,1,0.05,407,2
2399,  Customer_4344  ,16,Giza,06/10/2023,0,10459,06/10/2023,Express,132,Product_132,Sports,1130.3,610.24,1,,353,5
2045,Customer_4345,63,Alexandria,31-12-2021,0,10135,31-12-2021,Standard,122,Product_122,Elec,221.19,149.71,3,0.2,331,5
1882,Customer_4346,28,Mansoura,04/02/2021,0,11976,04/02/2021,Express,107,Product_107,Home Appliances,397.77,277.4,1,,350,7
1312,Customer_4347,32,Giza,25-09-2023,0,10977,25-09-2023,Express,122,Product_122,Home Appliances,334.79,153.14,1,,387,5
1839,Customer_4348,55,Alexandria,21-04-2023,0,10283,21-04-2023,Express,121,Product_121,Home Appliances,851.15,562.76,1,0.2,608,3
1518,Customer_4349,60,Luxor,25-12-2020,1,12897,25-12-2020,Standard,106,Product_106,Home Appliances,1316.12,584.19,3,0.2,932,3
2229,Customer_4350,24,Giza,13-02-2022,1,12398,13-02-2022,Express,114,Product_114,Sports,791.08,516.06,2,,1053,3
1374,Customer_4351,62,Luxor,09/20/2021,1,10016,09/20/2021,Standard,116,Product_116,Sports,134.45,64.96,3,0.1,814,5
1450,Customer_4352,53,Giza,11/11/2023,0,11238,11/11/2023,Same Day,103,Product_103,Electronics,866.91,596.34,1,,417,1
2014,customer_4353,28,Giza,26-08-2021,0,13466,26-08-2021,Express,109,Product_109,Electronics,1206.41,734.28,5,,434,8
1594,customer_4354,36,Aswan,17-09-2020,0,11422,17-09-2020,Standard,147,Product_147,Sports,241.63,125.58,1,,975,3
2202,Customer_4355,62,Aswan,29-12-2020,1,12461,29-12-2020,Express,121,Product_121,Clothing,155.43,75.27,3,,551,3
2233,Customer_4356,16,Luxor,01-02-2024,0,11267,01-02-2024,Same Day,130,Product_130,Home Appliances,322.32,151.67,3,,335,4
1499,Customer_4357,60,Cairo,04-01-2020,0,13166,04-01-2020,Standard,130,Product_130,Sports,1131.83,683.89,4,,608,5
1463,Customer_4358,52,Alexandria,12/08/2023,0,13704,12/08/2023,Same Day,142,Product_142,Electronics,907.94,607.17,5,,390,2
2147,  Customer_4359  ,47,Cairo,19-03-2023,0,12053,19-03-2023,Same Day,142,Product_142,Home Appliances,833.86,522.4,3,,654,6
1112,customer_4360,200,Cairo,03/12/2022,0,10779,03/12/2022,Standard,132,Product_132,Electronics,411.75,267.82,2,,446,6
2035,Customer_4361,69,Aswan,03/08/2023,0,12134,03/08/2023,Express,123,Product_123,Clothing,531.74,337.34,1,0.1,548,8
2149,Customer_4362,71,Alexandria,03/07/2020,0,12236,03/07/2020,Standard,103,Product_103,Home Appliances,1450.53,1006.3,2,,760,2
1330,Customer_4363,30,Aswan,07-01-2021,0,13686,07-01-2021,Same Day,101,Product_101,Clothing,398.91,,3,,463,6
2306,CUSTOMER_4364,49,Aswan,18-05-2023,0,11639,18-05-2023,Standard,103,Product_103,Clothing,1357.39,628.56,3,0.2,594,6
1139,Customer_4365,68,Aswan,13-10-2021,1,10419,13-10-2021,Express,137,Product_137,Clothing,891.77,568.49,2,,1176,3
2424,  Customer_4366  ,200,Mansoura,06/06/2023,0,11826,06/06/2023,Standard,107,Product_107,Sports,228.78,113.62,2,,575,6
1901,Customer_4367,43,Cairo,28-03-2021,0,13138,28-03-2021,Same Day,103,Product_103,Electronics,727.6,508.4,4,,366,5
2120,Customer_4368,55,Cairo,02-08-2023,1,13689,02-08-2023,Express,136,Product_136,Home Appliances,1425.4,731.23,1,,518,4
1516,Customer_4369,9,Cairo,03/04/2023,0,12295,03/04/2023,Express,149,Product_149,Sports,656.92,320.47,2,,669,5
1568,CUSTOMER_4370,52,Mansoura,01-08-2020,0,10859,01-08-2020,Standard,103,Product_103,elect,1301.91,614.2,1,0.1,930,3
1845,CUSTOMER_4371,23,Giza,10/13/2022,1,10206,10/13/2022,Standard,104,Product_104,Sports,421.82,252.06,5,,811,3
2092,Customer_4372,42,Luxor,15-10-2020,0,13276,15-10-2020,Standard,131,Product_131,elect,877.84,379.9,3,,410,5
1117,CUSTOMER_4373,57,Luxor,09-11-2021,0,13390,09-11-2021,Same Day,102,Product_102,Home Appliances,1273.59,873.77,2,,736,5
1887,Customer_4374,4,Mansoura,06/08/2020,1,13154,06/08/2020,Express,114,Product_114,Home Appliances,1385.0,676.29,5,,825,4
2082,Customer_4375,51,Cairo,02-05-2021,0,12471,02-05-2021,Express,137,Product_137,Home Appliances,754.44,368.63,3,0.05,398,8
2056,CUSTOMER_4376,70,Luxor,11-12-2021,0,13153,11-12-2021,Express,131,Product_131,Home Appliances,977.55,404.53,4,0.1,1028,4
2341,  Customer_4377  ,32,Mansoura,10/16/2021,0,13870,10/16/2021,Express,102,Product_102,Electronics,54.32,25.74,3,,627,7
1049,Customer_4378,48,Aswan,12/09/2020,0,12596,12/09/2020,Express,131,Product_131,Sports,417.17,219.3,2,0.05,1417,4
1018,Customer_4379,60,Alexandria,26-07-2023,0,13796,26-07-2023,Same Day,147,Product_147,Home Appliances,454.13,232.01,5,0.05,355,8
1725,CUSTOMER_4380,16,Luxor,06/30/2020,0,12534,06/30/2020,Express,143,Product_143,Home Appliances,185.56,89.42,5,,504,9
1196,  Customer_4381  ,51,Alexandria,22-12-2023,1,12180,22-12-2023,Standard,122,Product_122,Home Appliances,455.56,187.79,5,0.2,376,1
2473,Customer_4382,55,Cairo,10/04/2023,0,12040,10/04/2023,Same Day,110,Product_110,Clothing,515.63,252.75,3,0.1,391,7
1558,CUSTOMER_4383,49,Luxor,08/01/2023,0,10114,08/01/2023,Same Day,130,Product_130,Home Appliances,1454.71,921.56,1,,519,7
1451,Customer_4384,41,Mansoura,02-02-2024,0,12424,02-02-2024,Express,133,Product_133,Home Appliances,1019.47,541.99,1,,334,3
1288,Customer_4385,24,Giza,11/18/2021,0,13024,11/18/2021,Standard,119,Product_119,Electronics,667.71,325.33,3,0.05,593,6
2164,Customer_4386,60,Luxor,03-07-2022,0,10210,03-07-2022,Standard,146,Product_146,Clothing,1482.68,728.64,2,,674,5
2107,Customer_4387,40,Luxor,01/24/2020,0,10131,01/24/2020,Express,125,Product_125,Electronics,272.19,154.15,3,0.1,351,10
1390,customer_4388,26,Luxor,27-06-2021,0,11397,27-06-2021,Same Day,146,Product_146,Sports,740.27,,1,,559,5
1214,Customer_4389,35,Luxor,03/05/2021,1,10153,03/05/2021,Express,101,Product_101,Clothing,988.24,582.31,3,,406,3
1214,Customer_4390,45,Mansoura,05/26/2021,1,10919,05/26/2021,Same Day,132,Product_132,Electronics,130.59,91.0,5,,406,3
2426,Customer_4391,16,Mansoura,11/20/2023,0,11446,11/20/2023,Express,125,Product_125,Electronics,1089.65,449.32,2,,408,4
1127,customer_4392,40,Giza,05/18/2020,1,10951,05/18/2020,Standard,141,Product_141,Sports,194.81,87.79,2,,740,5
1759,  Customer_4393  ,33,Mansoura,18-12-2021,1,12853,18-12-2021,Express,117,Product_117,Sports,253.41,,4,0.05,1110,1
1403,Customer_4394,60,Mansoura,09-06-2021,1,11389,09-06-2021,Standard,114,Product_114,Home Appliances,281.55,150.38,3,,1302,5
2052,Customer_4395,11,Cairo,09-08-2020,1,11717,09-08-2020,Express,145,Product_145,Home Appliances,1396.89,576.11,5,,715,2
1337,Customer_4396,54,Cairo,01/15/2024,0,10146,01/15/2024,Standard,113,Product_113,Clothing,1040.69,565.36,3,,352,8
1830,CUSTOMER_4397,61,Alexandria,03-01-2020,0,13805,03-01-2020,Standard,138,Product_138,Clothing,1000.37,678.93,4,,337,5
1713,Customer_4398,12,Giza,04/08/2020,0,11817,04/08/2020,Standard,139,Product_139,Sports,855.47,345.16,4,0.05,522,8
1360,Customer_4399,14,Cairo,03/01/2022,1,13198,03/01/2022,Standard,102,Product_102,Clothing,474.57,241.78,3,0.05,809,4
1568,Customer_4400,66,Giza,16-06-2022,0,13379,16-06-2022,Standard,132,Product_132,Home Appliances,950.29,597.04,3,,930,3
2415,CUSTOMER_4401,26,Giza,02/09/2024,0,10714,02/09/2024,Express,132,Product_132,Sports,644.72,287.77,3,,327,6
1217,Customer_4402,86,Luxor,05/09/2022,0,13189,05/09/2022,Express,140,Product_140,Electronics,260.85,110.41,1,,483,5
1201,Customer_4403,12,Aswan,12/06/2020,0,11596,12/06/2020,Express,106,Product_106,Sports,1049.92,618.65,4,,765,5
1016,Customer_4404,42,Aswan,04/27/2022,1,12278,04/27/2022,Same Day,125,Product_125,Clothing,237.89,95.87,2,0.05,683,6
1321,Customer_4405,39,Aswan,06-10-2022,0,12498,06-10-2022,Standard,103,Product_103,Home Appliances,326.47,209.11,1,,665,3
1517,Customer_4406,36,Giza,14-02-2022,0,11523,14-02-2022,Same Day,118,Product_118,Home Appliances,1235.66,519.05,5,,970,4
2348,Customer_4407,46,Luxor,12/20/2021,1,13733,12/20/2021,Standard,138,Product_138,Electronics,1007.17,561.3,2,,729,4
2435,Customer_4408,47,Alexandria,01/23/2023,0,13216,01/23/2023,Standard,143,Product_143,Electronics,964.94,600.23,2,0.2,709,3
2341,Customer_4409,37,Alexandria,07-02-2022,0,10906,07-02-2022,Express,103,Product_103,Sports,656.39,310.21,2,0.2,627,7
1680,Customer_4410,-10,Aswan,26-07-2020,0,11646,26-07-2020,Same Day,148,Product_148,Home Appliances,624.61,269.25,4,0.2,665,3
2105,Customer_4411,55,Alexandria,09/08/2022,1,13750,09/08/2022,Standard,105,Product_105,Electronics,1050.88,475.72,5,0.05,846,3
2497,Customer_4412,49,Luxor,29-03-2023,0,11724,29-03-2023,Express,124,Product_124,Electronics,1123.01,737.15,1,0.05,644,5
2491,Customer_4413,41,Aswan,08/26/2023,0,12030,08/26/2023,Same Day,134,Product_134,Sports,789.81,483.15,5,0.05,494,1
1424,Customer_4414,48,Luxor,11/08/2023,0,13120,11/08/2023,Same Day,147,Product_147,Sports,1455.44,,1,0.1,420,7
2227,Customer_4415,51,Alexandria,04/06/2021,0,12154,04/06/2021,Standard,148,Product_148,Home Appliances,1435.76,882.76,4,0.2,568,5
2018,Customer_4416,28,Aswan,11/29/2020,1,12140,11/29/2020,Standard,139,Product_139,Clothing,648.02,,5,,1494,1
1386,Customer_4417,48,Luxor,07/13/2022,0,11659,07/13/2022,Express,148,Product_148,Clothing,1239.9,867.08,2,,721,7
1777,Customer_4418,31,Mansoura,05/30/2020,0,10828,05/30/2020,Same Day,124,Product_124,Home Appliances,837.74,433.5,5,,448,4
1097,Customer_4419,52,Mansoura,03/09/2020,0,12187,03/09/2020,Same Day,136,Product_136,Clothing,792.05,522.32,4,,590,4
2368,  Customer_4420  ,37,Luxor,08/26/2021,0,13980,08/26/2021,Standard,128,Product_128,Home Appliances,129.7,69.25,4,0.05,748,4
1207,Customer_4421,49,Luxor,11-02-2020,0,11337,11-02-2020,Express,148,Product_148,Home Appliances,882.26,590.52,4,0.1,336,5
1585,Customer_4422,33,Cairo,14-10-2021,1,10010,14-10-2021,Same Day,149,Product_149,Electronics,1355.84,579.59,1,,999,2
1165,  Customer_4423  ,49,Cairo,06/18/2021,0,12495,06/18/2021,Standard,134,Product_134,Clothing,1181.19,534.6,5,,390,4
1021,Customer_4424,25,Giza,08/02/2020,0,12974,08/02/2020,Same Day,116,Product_116,Home Appliances,1190.16,779.54,2,0.2,908,6
1153,Customer_4425,40,Aswan,31-05-2020,0,12442,31-05-2020,Same Day,136,Product_136,Clothing,281.9,182.05,2,,423,8
2462,Customer_4426,54,Giza,12/01/2021,1,11528,12/01/2021,Same Day,107,Product_107,Clothing,569.75,280.11,3,,930,3
2318,Customer_4427,47,Giza,14-12-2020,1,10377,14-12-2020,Express,118,Product_118,Sports,388.15,224.75,4,0.05,796,3
1218,Customer_4428,42,Alexandria,02/07/2022,1,10360,02/07/2022,Express,106,Product_106,Clothing,508.08,261.56,2,,802,2
1668,Customer_4429,67,Mansoura,25-11-2020,1,12730,25-11-2020,Express,128,Product_128,Home Appliances,890.33,358.89,4,,1498,2
1229,customer_4430,55,Alexandria,02/08/2024,0,13064,02/08/2024,Express,139,Product_139,Electronics,578.94,,2,,328,4
1019,Customer_4431,52,Aswan,02-06-2020,1,11571,02-06-2020,Same Day,134,Product_134,Clothing,863.01,,5,,930,2
1552,  Customer_4432  ,49,Luxor,01/25/2023,0,10641,01/25/2023,Express,141,Product_141,Home Appliances,685.83,396.56,3,,402,5
1949,CUSTOMER_4433,51,Cairo,07/09/2020,1,13926,07/09/2020,Standard,129,Product_129,Sports,465.59,225.24,4,,918,2
1147,  Customer_4434  ,64,Aswan,11/23/2021,0,10572,11/23/2021,Standard,104,Product_104,Clothing,188.33,83.46,1,,1135,3
2131,customer_4435,33,Luxor,05/01/2023,0,11955,05/01/2023,Standard,114,Product_114,Electronics,1343.17,916.5,1,,611,4
1402,Customer_4436,55,Aswan,06/10/2023,0,13917,06/10/2023,Standard,105,Product_105,Clothing,66.49,29.02,2,0.05,571,3
1595,Customer_4437,45,Luxor,15-09-2022,1,13044,15-09-2022,Standard,125,Product_125,Home Appliances,52.4,31.55,5,,839,4
1366,Customer_4438,34,Cairo,13-12-2023,0,11584,13-12-2023,Standard,139,Product_139,Clothing,1248.86,834.55,4,,385,2
2437,Customer_4439,38,Luxor,03/04/2020,0,10922,03/04/2020,Same Day,108,Product_108,Clothing,1495.38,671.65,3,,432,5
2332,Customer_4440,43,Giza,06/02/2022,0,12443,06/02/2022,Express,115,Product_115,Sports,1104.3,512.86,5,,789,4
1801,  Customer_4441  ,27,Aswan,08/31/2023,0,12233,08/31/2023,Standard,119,Product_119,Clothing,72.15,41.28,2,,365,6
1917,Customer_4442,52,Cairo,12/03/2020,0,13292,12/03/2020,Standard,111,Product_111,Electronics,378.7,209.24,5,,1007,4
2157,Customer_4443,38,Luxor,28-05-2023,0,11541,28-05-2023,Express,120,Product_120,Clothing,1459.14,811.73,3,0.2,433,3
2306,Customer_4444,41,Giza,08-06-2022,0,13371,08-06-2022,Express,136,Product_136,Sports,1222.48,,5,0.2,594,6
1072,Customer_4445,60,Giza,11/17/2020,0,13246,11/17/2020,Same Day,118,Product_118,Home Appliances,871.86,597.2,4,,514,7
1480,Customer_4446,41,Mansoura,04/19/2020,0,11814,04/19/2020,Standard,114,Product_114,Clothing,393.45,163.73,2,,744,3
2375,  Customer_4447  ,63,Giza,07/26/2020,0,12418,07/26/2020,Standard,138,Product_138,Clothing,70.84,44.5,3,,370,5
1559,customer_4448,32,Alexandria,11/09/2021,0,11889,11/09/2021,Standard,125,Product_125,Sports,80.25,37.7,2,,809,7
2349,Customer_4449,23,Cairo,24-02-2021,1,13580,24-02-2021,Same Day,116,Product_116,Sports,937.37,480.03,4,0.05,535,5
1744,Customer_4450,35,Cairo,24-01-2021,0,11899,24-01-2021,Express,118,Product_118,Sports,81.66,34.85,3,,528,2
2466,  Customer_4451  ,-2,Cairo,18-04-2022,0,11227,18-04-2022,Same Day,101,Product_101,Clothing,1490.76,795.6,3,0.1,657,5
1099,Customer_4452,53,Luxor,11/28/2023,0,12655,11/28/2023,Same Day,140,Product_140,Elec,315.91,202.58,2,0.2,400,2
2082,Customer_4453,24,Aswan,08-02-2023,0,12329,08-02-2023,Standard,101,Product_101,Sports,1080.53,464.22,5,,398,8
1507,Customer_4454,30,Luxor,01/18/2024,0,13718,01/18/2024,Express,101,Product_101,Home Appliances,274.84,132.66,5,,349,4
1257,  Customer_4455  ,50,Alexandria,02/03/2024,0,11439,02/03/2024,Standard,121,Product_121,Clothing,833.14,426.5,1,,333,3
1412,Customer_4456,41,Aswan,01/11/2023,0,11056,01/11/2023,Same Day,125,Product_125,Home Appliances,166.89,71.96,1,,721,3
2475,Customer_4457,33,Giza,06/27/2021,0,12129,06/27/2021,Same Day,127,Product_127,Home Appliances,1161.83,730.44,3,0.2,1041,5
2088,Customer_4458,9,Luxor,09/14/2023,0,11506,09/14/2023,Express,110,Product_110,Electronics,898.14,571.29,2,,339,6
1594,Customer_4459,59,Aswan,07/30/2021,0,12195,07/30/2021,Express,112,Product_112,Home Appliances,174.94,113.85,3,,975,3
2177,Customer_4460,50,Giza,01-09-2021,0,11630,01-09-2021,Express,128,Product_128,Sports,1280.45,736.47,2,0.05,666,6
1265,Customer_4461,70,Aswan,05/01/2021,1,10964,05/01/2021,Standard,149,Product_149,Sports,843.18,465.58,4,,980,3
1820,customer_4462,31,Giza,15-07-2020,0,10991,15-07-2020,Same Day,132,Product_132,Clothing,1386.31,663.72,1,,501,6
2102,Customer_4463,18,Aswan,11-04-2020,1,12995,11-04-2020,Express,133,Product_133,elect,1379.1,822.7,3,,1156,3
2338,customer_4464,54,Luxor,15-03-2022,0,10494,15-03-2022,Express,108,Product_108,Electronics,1384.74,738.58,4,,750,2
1661,CUSTOMER_4465,200,Luxor,16-03-2023,0,11193,16-03-2023,Express,142,Product_142,Home Appliances,162.79,112.53,5,,356,10
1946,Customer_4466,49,Alexandria,30-01-2023,0,12770,30-01-2023,Standard,126,Product_126,Electronics,225.39,155.62,1,,380,9
1559,CUSTOMER_4467,64,Mansoura,10/02/2022,0,13968,10/02/2022,Standard,142,Product_142,Home Appliances,1482.17,995.37,2,,809,7
1916,  Customer_4468  ,45,Cairo,11/10/2020,0,10702,11/10/2020,Standard,141,Product_141,Home Appliances,757.02,384.59,5,,1265,6
1890,customer_4469,42,Luxor,04/21/2020,0,11030,04/21/2020,Standard,102,Product_102,Electronics,395.41,201.81,5,,830,6
2271,Customer_4470,43,Luxor,01/08/2022,0,11403,01/08/2022,Express,135,Product_135,Clothing,1166.01,764.67,4,0.2,811,4
1867,Customer_4471,15,Giza,08-01-2020,1,10825,08-01-2020,Same Day,134,Product_134,Home Appliances,433.21,268.04,3,,723,4
1609,Customer_4472,56,Mansoura,25-05-2022,0,13925,25-05-2022,Same Day,106,Product_106,Sports,1104.46,675.17,3,,351,5
1413,  Customer_4473  ,57,Luxor,06/28/2020,0,12481,06/28/2020,Express,131,Product_131,Sports,1264.06,611.66,4,0.2,948,7
1024,customer_4474,47,Aswan,26-08-2021,0,11057,26-08-2021,Same Day,123,Product_123,Elec,1187.18,771.67,5,0.2,426,6
1283,Customer_4475,17,Mansoura,09/17/2023,1,10562,09/17/2023,Standard,112,Product_112,Electronics,447.37,256.71,1,0.1,472,3
2472,Customer_4476,38,Cairo,04-07-2023,1,13703,04-07-2023,Standard,128,Product_128,Home Appliances,632.35,337.71,5,,547,3
1880,Customer_4477,61,Aswan,05/14/2023,0,12185,05/14/2023,Standard,115,Product_115,Home Appliances,649.21,428.24,4,,598,10
1300,  Customer_4478  ,31,Giza,09/10/2022,1,10366,09/10/2022,Express,119,Product_119,Sports,762.35,395.1,5,,844,2
2091,CUSTOMER_4479,57,Alexandria,02/12/2021,1,12153,02/12/2021,Standard,112,Product_112,Home Appliances,292.69,174.5,5,0.1,1360,3
2030,  Customer_4480  ,40,Aswan,17-07-2020,0,10793,17-07-2020,Standard,148,Product_148,Sports,706.08,381.12,5,,441,5
1816,  Customer_4481  ,50,Cairo,02/22/2020,0,13103,02/22/2020,Standard,102,Product_102,Home Appliances,790.64,456.85,5,,550,6
2160,Customer_4482,33,Aswan,27-02-2021,0,10635,27-02-2021,Same Day,111,Product_111,Clothing,820.98,338.38,1,,447,4
2187,Customer_4483,41,Mansoura,15-12-2020,1,11705,15-12-2020,Express,144,Product_144,Clothing,1238.86,666.92,2,,769,3
1082,  Customer_4484  ,46,Mansoura,07/31/2023,0,10986,07/31/2023,Express,137,Product_137,Sports,800.14,453.64,2,,520,5
2443,Customer_4485,23,Cairo,08/20/2021,1,10957,08/20/2021,Express,138,Product_138,Clothing,384.64,210.71,3,0.1,1212,4
2096,customer_4486,44,Mansoura,16-06-2020,0,13595,16-06-2020,Same Day,125,Product_125,Clothing,1011.54,661.77,2,0.05,454,6
2260,Customer_4487,0,Aswan,27-08-2022,1,13239,27-08-2022,Standard,143,Product_143,Electronics,1206.11,595.02,2,,799,4
1045,Customer_4488,30,Alexandria,24-08-2020,1,10854,24-08-2020,Express,121,Product_121,Home Appliances,513.09,341.32,2,0.1,1591,1
1617,CUSTOMER_4489,48,Aswan,09/23/2021,0,12125,09/23/2021,Express,142,Product_142,Elec,985.69,513.58,5,,1069,4
1927,Customer_4490,56,Alexandria,03/25/2022,1,11569,03/25/2022,Standard,136,Product_136,Sports,263.06,160.03,5,,1013,3
1261,Customer_4491,47,Mansoura,22-08-2022,0,12256,22-08-2022,Standard,109,Product_109,Electronics,545.79,232.52,1,,819,5
1175,Customer_4492,19,Aswan,28-09-2022,1,13909,28-09-2022,Same Day,112,Product_112,Sports,1368.37,629.51,5,,826,1
2189,Customer_4493,55,Mansoura,09/15/2023,0,11434,09/15/2023,Express,110,Product_110,Clothing,1371.4,861.72,5,,376,3
1656,Customer_4494,22,Alexandria,06/26/2021,1,10007,06/26/2021,Express,146,Product_146,Electronics,884.22,356.96,2,,1285,4
1841,Customer_4495,49,Mansoura,05-07-2020,0,10736,05-07-2020,Express,105,Product_105,Clothing,1068.41,737.8,1,0.2,403,4
1369,customer_4496,23,Luxor,08/07/2023,0,12274,08/07/2023,Same Day,133,Product_133,Home Appliances,1288.32,589.01,1,0.2,382,3
1053,Customer_4497,28,Giza,01/19/2023,0,12222,01/19/2023,Express,105,Product_105,Clothing,1439.9,965.3,2,,535,5
1689,Customer_4498,25,Aswan,04-03-2022,0,10080,04-03-2022,Express,116,Product_116,Home Appliances,760.34,421.82,2,,679,7
2442,Customer_4499,42,Luxor,01/13/2021,0,13865,01/13/2021,Express,137,Product_137,Clothing,864.28,492.1,1,,615,5
2364,Customer_4500,37,Mansoura,29-01-2022,1,13128,29-01-2022,Same Day,137,Product_137,Elec,652.68,277.55,4,,656,3
2150,Customer_4501,47,Mansoura,02/20/2022,0,11158,02/20/2022,Express,129,Product_129,Electronics,154.37,78.66,2,,696,7
2432,CUSTOMER_4502,39,Giza,01/26/2022,0,10237,01/26/2022,Express,118,Product_118,Clothing,663.07,296.3,2,,406,3
1366,Customer_4503,17,Mansoura,01/17/2021,0,11495,01/17/2021,Same Day,129,Product_129,Sports,1196.41,667.33,1,,385,2
2294,  Customer_4504  ,44,Giza,07/01/2022,0,13288,07/01/2022,Express,106,Product_106,Sports,1217.08,687.92,4,,673,5
1643,Customer_4505,13,Aswan,01-04-2020,1,13810,01-04-2020,Standard,118,Product_118,Home Appliances,1343.95,823.71,4,,863,4
1378,Customer_4506,26,Alexandria,23-06-2021,1,11049,23-06-2021,Same Day,132,Product_132,Home Appliances,124.63,82.69,3,0.05,805,3
1072,Customer_4507,34,Giza,19-06-2022,0,10186,19-06-2022,Standard,142,Product_142,Clothing,814.37,440.13,4,0.05,514,7
1914,Customer_4508,200,Giza,10-08-2022,1,11905,10-08-2022,Standard,147,Product_147,Electronics,205.77,96.71,2,,514,4
2271,customer_4509,15,Luxor,23-06-2021,0,10629,23-06-2021,Express,131,Product_131,Home Appliances,341.08,170.56,5,,811,4
1859,CUSTOMER_4510,60,Mansoura,08-04-2021,1,11732,08-04-2021,Express,111,Product_111,Clothing,1355.31,886.54,1,0.2,635,3
1042,Customer_4511,64,Aswan,04-07-2021,0,13187,04-07-2021,Express,126,Product_126,Home Appliances,770.35,341.85,2,,359,7
1376,CUSTOMER_4512,73,Alexandria,03/01/2023,1,13061,03/01/2023,Same Day,128,Product_128,Electronics,1149.89,676.34,1,,672,2
2064,CUSTOMER_4513,57,Cairo,06-05-2020,0,10814,06-05-2020,Same Day,127,Product_127,Home Appliances,143.36,57.91,4,,400,5
1169,customer_4514,34,Giza,05-11-2020,0,10613,05-11-2020,Same Day,119,Product_119,Clothing,654.4,309.99,1,,767,5
1211,Customer_4515,33,Cairo,11/27/2023,0,12939,11/27/2023,Standard,145,Product_145,Home Appliances,1027.65,593.39,2,,401,2
1038,Customer_4516,32,Mansoura,28-09-2023,0,11186,28-09-2023,Same Day,127,Product_127,Sports,243.44,130.71,5,,461,5
1368,Customer_4517,69,Giza,07/17/2020,1,13485,07/17/2020,Same Day,120,Product_120,Home Appliances,522.44,286.33,2,,1560,3
1756,Customer_4518,38,Cairo,24-06-2020,0,12225,24-06-2020,Express,103,Product_103,Elec,143.59,85.89,3,0.05,611,2
1150,Customer_4519,59,Luxor,09/30/2023,0,10984,09/30/2023,Standard,116,Product_116,Electronics,994.44,467.76,1,,459,4
2134,Customer_4520,57,Cairo,05-12-2021,0,12327,05-12-2021,Same Day,139,Product_139,Electronics,1457.79,705.92,2,,631,4
2459,Customer_4521,-5,Luxor,01/13/2023,0,10797,01/13/2023,Express,144,Product_144,Electronics,1249.22,756.2,4,,661,6
2070,Customer_4522,18,Alexandria,04/27/2022,0,13283,04/27/2022,Express,129,Product_129,Clothing,1463.2,821.57,4,,367,6
2023,Customer_4523,38,Mansoura,04/22/2023,0,11077,04/22/2023,Same Day,115,Product_115,Home Appliances,1276.13,516.04,2,,599,3
1736,Customer_4524,42,Aswan,04/10/2021,1,10066,04/10/2021,Standard,130,Product_130,Home Appliances,1290.03,775.43,3,,1362,2
2389,Customer_4525,59,Cairo,07-02-2023,0,10543,07-02-2023,Standard,140,Product_140,Home Appliances,886.91,519.75,1,,694,3
1068,customer_4526,40,Giza,04-05-2020,0,11786,04-05-2020,Same Day,149,Product_149,Home Appliances,801.47,339.49,3,,383,5
1298,Customer_4527,21,Mansoura,03/03/2022,1,10519,03/03/2022,Same Day,101,Product_101,Clothing,639.07,398.94,5,0.05,371,2
1943,Customer_4528,54,Cairo,12/06/2022,0,12546,12/06/2022,Same Day,129,Product_129,Electronics,1236.24,688.13,2,0.05,378,5
1801,Customer_4529,36,Giza,07-05-2022,0,10945,07-05-2022,Standard,130,Product_130,Home Appliances,314.0,144.89,3,,365,6
1295,CUSTOMER_4530,1,Giza,01/01/2023,0,11454,01/01/2023,Standard,140,Product_140,Home Appliances,131.53,74.68,5,,334,5
1202,Customer_4531,44,Aswan,08-11-2023,0,12774,08-11-2023,Express,146,Product_146,Electronics,1424.45,824.24,3,0.2,420,4
1060,  Customer_4532  ,47,Aswan,30-08-2022,0,13117,30-08-2022,Express,132,Product_132,Sports,55.48,,5,,688,6
1945,Customer_4533,27,Giza,18-03-2023,0,13663,18-03-2023,Standard,110,Product_110,Sports,1466.4,913.04,4,0.2,430,5
1962,Customer_4534,37,Aswan,27-04-2021,0,11058,27-04-2021,Express,127,Product_127,Elec,1106.84,,4,,581,4
2337,Customer_4535,49,Giza,09/02/2022,0,12236,09/02/2022,Standard,108,Product_108,Home Appliances,526.32,229.18,2,,388,7
2184,Customer_4536,44,Cairo,09/04/2021,0,11112,09/04/2021,Express,136,Product_136,Elec,1061.84,696.52,3,,338,9
1330,Customer_4537,16,Alexandria,06/10/2020,0,13406,06/10/2020,Same Day,142,Product_142,Home Appliances,1235.92,808.07,4,0.05,463,6
1337,Customer_4538,58,Aswan,19-03-2022,0,10946,19-03-2022,Standard,135,Product_135,Home Appliances,405.77,183.65,1,,352,8
2327,Customer_4539,65,Luxor,01/02/2024,0,10135,01/02/2024,Express,136,Product_136,Sports,1167.8,488.89,4,0.05,365,7
2361,Customer_4540,32,Luxor,03/12/2020,1,12593,03/12/2020,Same Day,148,Product_148,Sports,1216.34,746.3,4,0.1,1756,1
1638,Customer_4541,11,Luxor,10/25/2022,0,10792,10/25/2022,Express,136,Product_136,Home Appliances,411.56,253.84,3,,753,4
1274,  Customer_4542  ,51,Alexandria,15-03-2023,1,11136,15-03-2023,Express,125,Product_125,Home Appliances,110.79,50.2,5,,658,2
2187,customer_4543,29,Giza,11/24/2022,1,13243,11/24/2022,Same Day,120,Product_120,Home Appliances,345.98,207.75,1,,769,3
2466,Customer_4544,48,Giza,16-03-2023,0,11362,16-03-2023,Same Day,145,Product_145,Sports,340.94,,1,,657,5
1318,Customer_4545,73,Mansoura,19-10-2023,0,10554,19-10-2023,Standard,117,Product_117,Home Appliances,144.6,69.15,5,0.1,440,1
1588,Customer_4546,16,Luxor,06/24/2023,0,12941,06/24/2023,Express,123,Product_123,Electronics,1102.71,548.44,3,,397,5
1503,Customer_4547,28,Luxor,10/28/2020,1,10945,10/28/2020,Same Day,125,Product_125,Clothing,600.96,334.21,4,,827,5
1386,Customer_4548,37,Giza,03-09-2020,0,12572,03-09-2020,Express,148,Product_148,Clothing,1332.36,,5,,721,7
1869,  Customer_4549  ,59,Luxor,08-07-2022,1,12221,08-07-2022,Same Day,149,Product_149,Home Appliances,415.65,228.44,1,0.1,908,2
1832,Customer_4550,93,Giza,20-12-2020,0,12684,20-12-2020,Standard,131,Product_131,Electronics,707.19,346.11,1,,481,6
2014,Customer_4551,43,Giza,08-12-2020,0,13403,08-12-2020,Same Day,106,Product_106,Home Appliances,976.58,649.61,4,0.2,434,8
1602,  Customer_4552  ,15,Aswan,03/09/2021,1,12254,03/09/2021,Express,135,Product_135,Electronics,1322.32,550.78,4,0.05,1394,1
1690,Customer_4553,34,Giza,01/29/2021,1,11366,01/29/2021,Express,104,Product_104,Sports,810.7,518.14,2,0.1,1108,4
1493,Customer_4554,28,Cairo,15-09-2020,0,10948,15-09-2020,Standard,140,Product_140,Sports,591.61,375.86,5,,344,5
1489,Customer_4555,50,Cairo,03/28/2020,0,10103,03/28/2020,Standard,120,Product_120,Home Appliances,1307.17,,4,,338,6
1720,customer_4556,45,Cairo,05/17/2022,0,13713,05/17/2022,Same Day,141,Product_141,Sports,499.86,229.68,2,,579,4
2096,Customer_4557,24,Cairo,09-06-2020,0,13111,09-06-2020,Same Day,101,Product_101,Home Appliances,165.16,109.4,3,,454,6
1508,Customer_4558,27,Alexandria,31-10-2023,0,11046,31-10-2023,Express,145,Product_145,Clothing,695.31,394.7,1,0.05,428,6
1389,Customer_4559,34,Mansoura,10-06-2022,0,13323,10-06-2022,Same Day,126,Product_126,Electronics,1188.39,491.76,5,,789,5
1294,Customer_4560,36,Mansoura,02/17/2021,0,11860,02/17/2021,Standard,134,Product_134,Electronics,94.63,63.14,3,,511,5
2392,Customer_4561,39,Giza,08-07-2023,0,12337,08-07-2023,Same Day,110,Product_110,Clothing,899.53,453.99,5,,543,5
1795,Customer_4562,40,Luxor,10/29/2020,1,13273,10/29/2020,Standard,123,Product_123,Clothing,911.97,458.4,5,,1462,3
1864,Customer_4563,58,Cairo,05/03/2023,0,13226,05/03/2023,Express,149,Product_149,Clothing,1396.39,828.04,4,,609,3
1548,CUSTOMER_4564,34,Mansoura,06/12/2021,1,12614,06/12/2021,Same Day,124,Product_124,Clothing,465.37,,2,,1299,2
1648,Customer_4565,31,Mansoura,10/16/2021,0,13177,10/16/2021,Standard,113,Product_113,Sports,454.31,229.88,5,,504,4
1567,Customer_4566,19,Cairo,29-01-2024,0,13331,29-01-2024,Same Day,129,Product_129,Electronics,688.7,,3,,338,1
2210,  Customer_4567  ,36,Alexandria,17-05-2020,1,10963,17-05-2020,Standard,146,Product_146,Electronics,567.53,321.04,5,,1690,1
1852,Customer_4568,43,Alexandria,06/27/2020,1,13271,06/27/2020,Standard,127,Product_127,Clothing,1117.7,656.71,2,,379,5
1769,Customer_4569,14,Mansoura,05-03-2022,0,10837,05-03-2022,Standard,131,Product_131,Home Appliances,980.54,645.26,1,,654,7
1444,Customer_4570,34,Alexandria,13-02-2023,0,13288,13-02-2023,Same Day,143,Product_143,Home Appliances,1150.44,627.37,5,0.1,688,7
1362,Customer_4571,57,Aswan,03/24/2022,1,12458,03/24/2022,Standard,110,Product_110,Home Appliances,1239.06,735.64,3,0.05,399,7
1122,Customer_4572,49,Cairo,02/04/2023,1,11582,02/04/2023,Same Day,131,Product_131,Home Appliances,1388.32,577.99,1,,697,2
2211,Customer_4573,45,Mansoura,29-10-2021,0,10881,29-10-2021,Standard,139,Product_139,Sports,674.86,451.05,1,,372,5
1741,Customer_4574,49,Cairo,07/19/2021,0,13188,07/19/2021,Standard,110,Product_110,Electronics,1477.81,736.19,4,,382,2
1679,Customer_4575,31,Alexandria,30-11-2022,1,12933,30-11-2022,Same Day,124,Product_124,Electronics,362.71,213.88,4,0.1,570,3
1419,customer_4576,29,Cairo,27-07-2022,0,10423,27-07-2022,Same Day,133,Product_133,Electronics,1085.83,732.73,5,0.05,401,8
2275,Customer_4577,59,Alexandria,26-01-2020,0,13283,26-01-2020,Same Day,114,Product_114,Home Appliances,824.31,530.16,3,,552,5
2358,Customer_4578,52,Alexandria,12/05/2023,0,12202,12/05/2023,Express,135,Product_135,Clothing,1234.51,729.98,4,0.2,330,4
1091,Customer_4579,28,Cairo,06/30/2023,0,13334,06/30/2023,Express,145,Product_145,Home Appliances,741.32,453.01,2,,551,6
1062,CUSTOMER_4580,11,Alexandria,18-04-2023,1,13578,18-04-2023,Express,134,Product_134,Elec,1186.71,802.54,2,,624,3
1511,Customer_4581,29,Aswan,06-12-2022,0,12198,06-12-2022,Standard,117,Product_117,Home Appliances,1398.74,900.27,1,0.2,387,2
2162,Customer_4582,48,Giza,05/09/2022,1,10211,05/09/2022,Standard,121,Product_121,Clothing,1111.83,648.15,1,,327,3
2208,Customer_4583,30,Cairo,08/18/2020,0,11215,08/18/2020,Standard,132,Product_132,Clothing,1175.34,702.4,1,,536,3
2228,Customer_4584,44,Giza,28-04-2022,0,10880,28-04-2022,Same Day,103,Product_103,Home Appliances,147.4,65.47,2,0.05,851,3
1771,Customer_4585,61,Cairo,11/02/2020,0,10754,11/02/2020,Express,115,Product_115,Electronics,347.19,187.85,4,,623,4
2237,Customer_4586,38,Alexandria,10/30/2020,0,11121,10/30/2020,Standard,108,Product_108,Sports,1462.74,717.18,4,0.1,391,3
1255,customer_4587,43,Alexandria,06-03-2023,1,12588,06-03-2023,Same Day,132,Product_132,Electronics,1055.12,558.78,5,,667,3
1134,customer_4588,50,Mansoura,19-04-2023,0,10700,19-04-2023,Express,138,Product_138,Sports,864.1,517.31,3,,623,2
1874,Customer_4589,23,Aswan,04/08/2023,0,12219,04/08/2023,Express,126,Product_126,Elec,582.12,258.9,2,,634,2
1821,Customer_4590,28,Mansoura,24-07-2020,0,10370,24-07-2020,Same Day,130,Product_130,Home Appliances,114.36,46.34,1,,673,7
1087,Customer_4591,50,Giza,08/04/2020,0,11732,08/04/2020,Standard,109,Product_109,Sports,585.25,303.79,3,0.1,460,3
1987,Customer_4592,40,Alexandria,02/26/2023,0,13226,02/26/2023,Express,132,Product_132,Electronics,773.42,384.12,1,0.05,558,6
2230,CUSTOMER_4593,41,Mansoura,07/25/2020,0,11163,07/25/2020,Standard,111,Product_111,Home Appliances,356.62,187.63,3,,526,7
2152,Customer_4594,40,Alexandria,08/08/2021,0,10912,08/08/2021,Standard,122,Product_122,Electronics,301.05,204.52,3,,442,6
1822,Customer_4595,54,Cairo,01/01/2023,1,11828,01/01/2023,Standard,134,Product_134,Clothing,787.2,481.86,4,0.05,423,5
2026,CUSTOMER_4596,46,Mansoura,05-12-2021,1,10801,05-12-2021,Standard,141,Product_141,Clothing,899.56,448.19,5,0.1,1123,4
1973,CUSTOMER_4597,46,Giza,21-04-2022,0,12303,21-04-2022,Standard,118,Product_118,Electronics,397.88,180.55,5,0.05,548,6
1933,Customer_4598,58,Mansoura,06/24/2021,0,10989,06/24/2021,Standard,119,Product_119,Home Appliances,901.71,,1,,529,6
1120,Customer_4599,64,Alexandria,23-02-2022,1,10675,23-02-2022,Standard,118,Product_118,Electronics,1355.49,809.6,2,,1043,1
2408,Customer_4600,73,Luxor,03-09-2023,0,13717,03-09-2023,Same Day,137,Product_137,Home Appliances,736.1,401.24,5,0.1,456,5
2061,CUSTOMER_4601,31,Luxor,09/21/2022,1,12911,09/21/2022,Standard,118,Product_118,Sports,1293.22,599.83,2,0.05,700,2
2364,customer_4602,77,Aswan,17-03-2023,1,10415,17-03-2023,Standard,112,Product_112,Clothing,1394.54,569.76,1,,656,3
2007,CUSTOMER_4603,23,Alexandria,06/01/2023,0,12376,06/01/2023,Express,104,Product_104,Sports,183.97,88.25,2,,580,5
1924,Customer_4604,69,Cairo,26-08-2022,0,13449,26-08-2022,Express,147,Product_147,Home Appliances,188.93,101.48,3,,375,6
1644,  Customer_4605  ,30,Mansoura,17-03-2020,0,12965,17-03-2020,Standard,143,Product_143,Elec,740.26,471.09,3,0.1,754,3
1713,Customer_4606,38,Luxor,18-12-2020,0,13337,18-12-2020,Express,127,Product_127,Clothing,902.75,592.32,1,0.05,522,8
1859,Customer_4607,40,Cairo,07/18/2021,1,13612,07/18/2021,Same Day,105,Product_105,Home Appliances,667.53,349.71,2,0.1,635,3
1020,Customer_4608,26,Alexandria,05-04-2022,0,11162,05-04-2022,Same Day,106,Product_106,Home Appliances,523.35,334.34,2,,534,7
1241,Customer_4609,41,Cairo,10/21/2020,0,13931,10/21/2020,Same Day,113,Product_113,Clothing,979.44,683.65,1,,482,7
1454,Customer_4610,27,Alexandria,20-06-2023,0,10961,20-06-2023,Express,123,Product_123,Electronics,53.02,32.61,5,0.1,561,7
1962,CUSTOMER_4611,21,Aswan,05/31/2023,0,12871,05/31/2023,Same Day,142,Product_142,Clothing,1453.71,899.24,4,,581,4
1620,  Customer_4612  ,150,Mansoura,26-10-2023,0,11620,26-10-2023,Same Day,125,Product_125,Electronics,386.51,260.07,5,,433,3
1302,Customer_4613,63,Cairo,21-11-2023,0,11535,21-11-2023,Express,146,Product_146,Electronics,1379.79,691.89,4,,407,4
1802,  Customer_4614  ,36,Mansoura,04/02/2022,1,10248,04/02/2022,Standard,104,Product_104,Home Appliances,208.07,83.93,2,0.2,1005,3
1963,Customer_4615,54,Cairo,20-03-2020,0,11886,20-03-2020,Standard,132,Product_132,Electronics,395.23,275.12,4,,772,4
1068,Customer_4616,27,Alexandria,03/21/2022,0,13897,03/21/2022,Standard,144,Product_144,Electronics,390.57,213.7,4,,383,5
2152,Customer_4617,-10,Alexandria,11/09/2021,0,12792,11/09/2021,Express,115,Product_115,Clothing,1494.42,950.01,2,,442,6
1195,Customer_4618,46,Cairo,15-11-2023,0,12355,15-11-2023,Standard,126,Product_126,Clothing,56.67,36.48,3,,413,4
1139,CUSTOMER_4619,66,Aswan,01-05-2021,1,10572,01-05-2021,Same Day,142,Product_142,Electronics,977.48,507.56,4,,1176,3
2467,customer_4620,43,Alexandria,10-04-2020,1,11808,10-04-2020,Standard,111,Product_111,Home Appliances,1311.05,737.31,1,,1423,2
1282,Customer_4621,52,Giza,08/31/2022,0,13290,08/31/2022,Same Day,109,Product_109,Clothing,1024.8,575.91,5,0.1,404,5
1311,customer_4622,62,Giza,04-07-2021,0,10797,04-07-2021,Standard,111,Product_111,Sports,575.96,268.43,2,,867,3
1745,Customer_4623,39,Mansoura,01-02-2022,0,11000,01-02-2022,Standard,102,Product_102,Home Appliances,1439.55,626.62,2,,361,3
1276,Customer_4624,37,Giza,02/11/2020,0,10760,02/11/2020,Standard,145,Product_145,Clothing,1345.61,757.67,4,0.1,391,8
1060,customer_4625,47,Giza,11/22/2021,0,13655,11/22/2021,Express,127,Product_127,Clothing,679.23,296.17,3,,688,6
2342,Customer_4626,49,Aswan,12-09-2021,0,10292,12-09-2021,Standard,126,Product_126,Sports,881.33,444.04,3,,334,4
1051,customer_4627,19,Aswan,09/28/2021,1,13972,09/28/2021,Same Day,108,Product_108,Electronics,1452.9,662.27,5,,1191,1
1152,Customer_4628,44,Luxor,07/28/2021,1,12457,07/28/2021,Same Day,121,Product_121,Clothing,1474.71,902.63,5,0.05,1253,3
2334,Customer_4629,39,Luxor,10/03/2022,0,10197,10/03/2022,Standard,121,Product_121,Sports,702.24,464.6,3,0.05,821,2
1543,Customer_4630,28,Aswan,11/26/2023,0,10079,11/26/2023,Express,108,Product_108,Sports,1278.66,733.15,3,,402,3
1566,Customer_4631,38,Luxor,11/03/2023,0,11408,11/03/2023,Standard,101,Product_101,Clothing,487.87,255.18,3,,383,3
2412,Customer_4632,22,Aswan,07/20/2020,1,10136,07/20/2020,Standard,138,Product_138,Home Appliances,589.13,,4,0.1,1626,1
1621,Customer_4633,17,Luxor,11-04-2021,1,10212,11-04-2021,Same Day,113,Product_113,Clothing,288.99,117.43,1,,1361,1
2200,Customer_4634,41,Alexandria,02-10-2020,1,11862,02-10-2020,Express,109,Product_109,Sports,353.32,173.59,5,0.05,1552,1
2385,Customer_4635,53,Aswan,07-09-2021,0,10618,07-09-2021,Same Day,128,Product_128,Clothing,1002.47,484.8,2,,693,2
1313,Customer_4636,34,Mansoura,06/26/2022,0,10959,06/26/2022,Express,106,Product_106,Home Appliances,790.63,400.74,3,,742,5
1806,Customer_4637,25,Mansoura,10/19/2021,0,13278,10/19/2021,Standard,147,Product_147,Elec,385.14,180.7,3,,632,4
1847,Customer_4638,27,Aswan,07/05/2021,0,13735,07/05/2021,Same Day,123,Product_123,Electronics,634.22,303.97,1,,1198,4
1096,Customer_4639,48,Giza,01-02-2024,0,13204,01-02-2024,Standard,148,Product_148,Clothing,591.12,282.14,3,,335,1
1880,Customer_4640,65,Mansoura,03-05-2022,0,12213,03-05-2022,Standard,136,Product_136,Clothing,1481.67,,5,,598,10
2236,Customer_4641,51,Giza,23-05-2023,0,13574,23-05-2023,Same Day,117,Product_117,Sports,1287.67,666.13,3,,589,4
1828,customer_4642,59,Mansoura,08/15/2023,1,13996,08/15/2023,Standard,109,Product_109,Home Appliances,612.55,,1,,505,2
1136,Customer_4643,24,Cairo,01-07-2020,0,12477,01-07-2020,Express,112,Product_112,Sports,1375.18,762.29,4,,343,6
2029,Customer_4644,38,Cairo,19-01-2021,1,13251,19-01-2021,Standard,122,Product_122,Sports,546.82,248.82,5,,1443,1
2010,CUSTOMER_4645,55,Aswan,23-06-2022,1,12168,23-06-2022,Express,112,Product_112,Elec,1018.46,654.88,4,0.1,923,2
1108,Customer_4646,-5,Mansoura,08-03-2021,0,13245,08-03-2021,Standard,106,Product_106,Sports,1451.64,786.29,2,0.2,407,5
1546,Customer_4647,30,Alexandria,13-04-2022,1,12378,13-04-2022,Express,144,Product_144,Sports,615.9,274.67,1,,740,4
2062,Customer_4648,54,Giza,19-09-2022,0,13139,19-09-2022,Same Day,109,Product_109,Electronics,1035.83,466.19,2,,370,10
1661,Customer_4649,43,Mansoura,11/23/2022,0,11722,11/23/2022,Standard,137,Product_137,Electronics,479.09,306.18,2,,356,10
1424,CUSTOMER_4650,25,Aswan,02/04/2022,0,11161,02/04/2022,Same Day,103,Product_103,Home Appliances,436.15,266.44,2,,420,7
1629,Customer_4651,15,Giza,25-04-2020,0,11889,25-04-2020,Same Day,134,Product_134,Home Appliances,882.53,487.12,2,,371,4
1260,Customer_4652,60,Luxor,21-11-2022,1,12040,21-11-2022,Express,108,Product_108,Home Appliances,1469.93,722.95,1,,747,5
2449,  Customer_4653  ,9,Aswan,21-11-2020,1,13971,21-11-2020,Standard,110,Product_110,Clothing,707.04,380.5,4,0.05,879,5
1086,Customer_4654,49,Mansoura,05/14/2020,0,13379,05/14/2020,Same Day,147,Product_147,Electronics,1409.57,832.98,3,,875,5
1464,Customer_4655,32,Alexandria,29-09-2021,1,13401,29-09-2021,Standard,141,Product_141,Clothing,1375.83,913.25,2,,729,4
1075,Customer_4656,55,Luxor,12/24/2023,0,13309,12/24/2023,Express,142,Product_142,Clothing,417.96,236.88,3,0.1,374,3
1470,Customer_4657,24,Aswan,11/03/2022,0,11553,11/03/2022,Same Day,143,Product_143,Home Appliances,632.64,305.58,3,,344,7
1413,Customer_4658,79,Mansoura,04/06/2022,0,11099,04/06/2022,Express,109,Product_109,Electronics,982.79,405.72,2,,948,7
1824,Customer_4659,46,Cairo,10/04/2020,1,13222,10/04/2020,Same Day,114,Product_114,Clothing,801.17,362.64,5,,1125,5
1894,Customer_4660,48,Mansoura,12/09/2022,0,12667,12/09/2022,Express,137,Product_137,Sports,189.14,112.55,3,0.2,742,6
1725,CUSTOMER_4661,28,Cairo,10-03-2023,0,11688,10-03-2023,Standard,127,Product_127,Sports,1490.86,668.1,5,,504,9
1456,Customer_4662,37,Cairo,29-02-2020,0,13387,29-02-2020,Same Day,141,Product_141,Electronics,1141.35,621.42,4,,400,6
2308,Customer_4663,38,Aswan,12/21/2020,1,10036,12/21/2020,Same Day,132,Product_132,Clothing,684.66,,3,0.05,456,4
2262,Customer_4664,66,Mansoura,01/29/2021,1,13011,01/29/2021,Standard,104,Product_104,Home Appliances,946.34,466.04,1,,892,5
1652,customer_4665,46,Mansoura,15-02-2021,1,10844,15-02-2021,Same Day,102,Product_102,Clothing,176.98,106.32,4,0.1,1057,3
1671,Customer_4666,48,Cairo,28-04-2020,0,11681,28-04-2020,Express,133,Product_133,Sports,768.19,441.19,4,,716,8
2395,customer_4667,47,Giza,05/25/2021,0,13197,05/25/2021,Same Day,121,Product_121,Sports,1399.71,744.2,5,0.2,749,2
1494,Customer_4668,49,Luxor,08-03-2020,0,12844,08-03-2020,Same Day,101,Product_101,Home Appliances,1350.07,903.43,2,0.05,511,3
2068,Customer_4669,19,Alexandria,23-07-2022,1,11643,23-07-2022,Same Day,144,Product_144,Elec,539.2,327.63,1,,893,2
2424,Customer_4670,70,Mansoura,13-04-2020,0,12333,13-04-2020,Express,111,Product_111,Clothing,820.48,416.95,1,,575,6
2270,Customer_4671,26,Luxor,08-01-2022,1,11263,08-01-2022,Standard,101,Product_101,Sports,1061.21,680.53,5,0.2,742,3
1596,Customer_4672,39,Luxor,12/14/2023,1,12934,12/14/2023,Express,146,Product_146,Clothing,543.01,337.44,5,,384,1
1449,Customer_4673,62,Giza,02/11/2021,0,13685,02/11/2021,Express,111,Product_111,Home Appliances,144.07,91.85,4,,644,5
1484,customer_4674,69,Luxor,07/15/2021,0,12267,07/15/2021,Same Day,107,Product_107,Home Appliances,782.89,463.7,5,0.05,440,8
1645,Customer_4675,52,Mansoura,01/24/2022,0,12043,01/24/2022,Same Day,102,Product_102,Electronics,922.37,473.92,2,,344,7
1619,Customer_4676,32,Aswan,08/08/2022,0,13078,08/08/2022,Standard,115,Product_115,Home Appliances,58.47,29.5,4,,478,7
2041,Customer_4677,41,Aswan,10/31/2022,1,10215,10/31/2022,Same Day,108,Product_108,Electronics,188.58,112.44,4,,793,1
1661,Customer_4678,42,Luxor,03/23/2022,0,10680,03/23/2022,Express,147,Product_147,Clothing,350.57,153.99,4,,356,10
1757,Customer_4679,43,Mansoura,07/25/2023,1,13657,07/25/2023,Same Day,126,Product_126,Sports,554.68,358.31,1,,526,4
1288,Customer_4680,21,Mansoura,09/10/2020,0,12340,09/10/2020,Same Day,140,Product_140,Sports,834.52,426.52,1,,593,6
2437,Customer_4681,58,Cairo,27-10-2023,0,13610,27-10-2023,Standard,142,Product_142,Electronics,476.07,280.46,4,0.05,432,5
1720,  Customer_4682  ,42,Giza,03-03-2020,0,11812,03-03-2020,Express,135,Product_135,Sports,450.47,247.63,2,,579,4
1637,CUSTOMER_4683,29,Alexandria,05/10/2021,1,11507,05/10/2021,Express,146,Product_146,Electronics,1310.56,728.41,3,,1063,3
1234,CUSTOMER_4684,32,Cairo,02/01/2022,1,12090,02/01/2022,Standard,141,Product_141,Electronics,260.32,,4,0.1,1041,6
1415,Customer_4685,44,Alexandria,28-09-2022,1,13378,28-09-2022,Express,141,Product_141,Clothing,768.42,451.83,5,,611,2
1937,Customer_4686,18,Mansoura,01-05-2023,0,11116,01-05-2023,Express,121,Product_121,Clothing,1431.6,680.14,3,,362,3
1498,Customer_4687,53,Aswan,02-07-2022,0,13654,02-07-2022,Same Day,138,Product_138,Home Appliances,956.27,403.8,1,0.1,914,6
1973,Customer_4688,43,Cairo,12/29/2020,0,11292,12/29/2020,Standard,108,Product_108,Electronics,1089.95,710.72,1,,548,6
1633,CUSTOMER_4689,63,Luxor,08/29/2022,0,11644,08/29/2022,Standard,143,Product_143,Clothing,675.29,449.38,3,,538,6
2019,Customer_4690,41,Luxor,16-04-2023,1,12740,16-04-2023,Same Day,132,Product_132,Electronics,78.9,35.45,5,,355,5
1114,Customer_4691,23,Alexandria,02/03/2023,0,11238,02/03/2023,Standard,108,Product_108,Electronics,986.89,486.38,1,,467,3
1931,Customer_4692,22,Mansoura,12/17/2021,0,10958,12/17/2021,Standard,144,Product_144,Electronics,966.29,468.36,1,0.1,672,3
1673,Customer_4693,34,Aswan,12/06/2021,0,12161,12/06/2021,Same Day,110,Product_110,Clothing,210.12,143.14,4,,626,4
2257,Customer_4694,35,Alexandria,11/30/2020,1,13256,11/30/2020,Same Day,123,Product_123,Electronics,720.13,332.29,2,,625,3
2034,CUSTOMER_4695,31,Aswan,06/13/2021,1,12968,06/13/2021,Express,104,Product_104,Electronics,1377.23,619.7,5,0.1,1298,1
1205,Customer_4696,41,Giza,11-11-2023,0,11148,11-11-2023,Express,148,Product_148,Home Appliances,347.37,157.9,4,,417,5
1246,CUSTOMER_4697,31,Aswan,04-07-2020,1,13176,04-07-2020,Same Day,138,Product_138,Electronics,718.59,444.78,2,,497,4
1757,Customer_4698,43,Luxor,06-08-2021,1,12284,06-08-2021,Standard,130,Product_130,Home Appliances,718.6,478.88,1,,526,4
2150,  Customer_4699  ,32,Cairo,02/26/2020,0,12700,02/26/2020,Same Day,141,Product_141,Electronics,1225.6,634.87,2,,696,7
1146,  Customer_4700  ,49,Cairo,02-03-2022,0,11828,02-03-2022,Same Day,123,Product_123,Home Appliances,1245.64,549.11,1,,660,5
1117,Customer_4701,35,Cairo,11-04-2020,0,10157,11-04-2020,Same Day,105,Product_105,Clothing,1150.94,662.62,4,,736,5
2405,Customer_4702,58,Aswan,29-11-2020,0,13545,29-11-2020,Express,121,Product_121,Clothing,579.91,268.49,1,,692,6
1411,customer_4703,49,Luxor,17-03-2023,0,10907,17-03-2023,Same Day,106,Product_106,Sports,154.45,64.75,2,,395,4
1362,Customer_4704,42,Aswan,14-03-2021,1,11528,14-03-2021,Standard,149,Product_149,Electronics,556.75,370.72,4,,399,7
1136,Customer_4705,36,Mansoura,03/29/2021,0,13008,03/29/2021,Same Day,117,Product_117,Sports,1035.7,684.86,2,0.2,343,6
2198,CUSTOMER_4706,17,Luxor,08/18/2023,0,13345,08/18/2023,Same Day,125,Product_125,Sports,1068.98,740.56,2,,502,3
2312,Customer_4707,61,Luxor,06-04-2021,0,13961,06-04-2021,Same Day,124,Product_124,Home Appliances,1449.25,785.79,3,,622,7
1957,Customer_4708,29,Aswan,10/19/2023,0,12900,10/19/2023,Express,122,Product_122,Clothing,707.78,345.54,1,,390,7
1018,Customer_4709,-10,Aswan,27-02-2021,0,11140,27-02-2021,Standard,113,Product_113,Electronics,967.03,610.13,1,,355,8
1194,  Customer_4710  ,45,Cairo,05-07-2021,1,12933,05-07-2021,Standard,117,Product_117,Electronics,831.83,377.77,2,,1117,4
1329,  Customer_4711  ,37,Luxor,08/27/2023,0,13645,08/27/2023,Express,114,Product_114,Home Appliances,268.4,,1,0.2,493,3
1174,Customer_4712,60,Cairo,04/18/2022,1,11559,04/18/2022,Express,134,Product_134,Sports,718.74,342.63,5,0.05,626,4
2001,Customer_4713,21,Mansoura,17-11-2022,0,12107,17-11-2022,Express,126,Product_126,Home Appliances,840.01,575.81,1,,776,1
1448,CUSTOMER_4714,66,Giza,02/11/2020,0,12448,02/11/2020,Standard,119,Product_119,Sports,1428.59,884.22,4,,390,5
1945,CUSTOMER_4715,50,Cairo,29-10-2023,0,11897,29-10-2023,Standard,126,Product_126,Electronics,581.48,255.91,1,,430,5
2377,Customer_4716,36,Aswan,01/19/2020,0,10827,01/19/2020,Same Day,103,Product_103,Home Appliances,1471.14,629.43,5,,407,6
1140,Customer_4717,36,Alexandria,08/28/2022,0,11800,08/28/2022,Standard,102,Product_102,Sports,836.34,546.0,2,,857,6
1757,customer_4718,6,Giza,09/27/2020,1,11203,09/27/2020,Express,128,Product_128,Home Appliances,401.58,257.29,1,,526,4
1929,Customer_4719,27,Mansoura,08/18/2023,0,13303,08/18/2023,Standard,102,Product_102,Clothing,327.91,197.17,4,,502,5
1092,Customer_4720,34,Aswan,12/20/2020,1,12523,12/20/2020,Standard,122,Product_122,Home Appliances,255.46,117.21,5,,822,5
1238,Customer_4721,42,Giza,05/16/2023,0,12702,05/16/2023,Standard,107,Product_107,elect,706.75,384.53,3,,596,3
1204,Customer_4722,58,Aswan,01/18/2020,0,10844,01/18/2020,Standard,104,Product_104,Home Appliances,81.79,47.51,2,0.2,510,3
1559,Customer_4723,70,Cairo,04/03/2021,0,12971,04/03/2021,Same Day,149,Product_149,Electronics,695.32,472.57,2,0.2,809,7
2456,Customer_4724,44,Aswan,31-05-2021,0,11268,31-05-2021,Express,138,Product_138,Electronics,1483.19,668.66,2,,537,2
1244,Customer_4725,43,Mansoura,30-05-2023,0,13664,30-05-2023,Standard,139,Product_139,Home Appliances,1021.65,566.64,5,,338,5
1831,Customer_4726,32,Alexandria,17-09-2021,1,10637,17-09-2021,Express,120,Product_120,Home Appliances,1151.69,515.18,1,,1092,2
2340,Customer_4727,14,Cairo,30-12-2023,0,10648,30-12-2023,Express,106,Product_106,Home Appliances,222.56,,1,0.1,368,2
1924,Customer_4728,30,Cairo,23-12-2023,0,13639,23-12-2023,Standard,109,Product_109,Clothing,736.0,338.59,1,0.2,375,6
1294,Customer_4729,36,Mansoura,09-08-2023,0,12260,09-08-2023,Same Day,131,Product_131,Clothing,465.02,302.66,1,0.1,511,5
1639,Customer_4730,54,Mansoura,07/17/2021,1,11629,07/17/2021,Same Day,126,Product_126,Sports,1346.44,641.47,2,,1264,4
1855,Customer_4731,47,Giza,05/17/2022,0,13966,05/17/2022,Same Day,136,Product_136,Home Appliances,312.87,164.3,3,,805,5
2305,Customer_4732,43,Alexandria,10-02-2022,1,13530,10-02-2022,Standard,126,Product_126,Sports,715.16,373.55,2,,555,3
1016,  Customer_4733  ,31,Aswan,15-12-2021,1,10989,15-12-2021,Standard,128,Product_128,Sports,902.67,595.66,3,,683,6
1070,CUSTOMER_4734,10,Giza,07/29/2022,1,10803,07/29/2022,Standard,105,Product_105,Electronics,795.36,498.96,3,,887,1
2292,customer_4735,11,Aswan,31-05-2021,1,10127,31-05-2021,Standard,110,Product_110,Sports,1253.85,523.2,1,,829,2
2348,customer_4736,15,Aswan,22-03-2021,1,10951,22-03-2021,Standard,118,Product_118,Home Appliances,385.61,162.0,4,0.05,729,4
1304,Customer_4737,35,Aswan,13-08-2022,0,12264,13-08-2022,Express,115,Product_115,Clothing,597.22,337.64,5,0.05,522,6
2474,Customer_4738,54,Giza,09/10/2021,0,12758,09/10/2021,Express,133,Product_133,Sports,1198.52,633.2,4,,551,6
2030,Customer_4739,54,Cairo,18-10-2023,0,10019,18-10-2023,Standard,105,Product_105,Sports,815.7,393.72,3,0.2,441,5
2337,CUSTOMER_4740,51,Mansoura,02-12-2022,0,13638,02-12-2022,Same Day,137,Product_137,Clothing,633.07,403.76,4,,388,7
1816,Customer_4741,32,Cairo,01-07-2023,0,11781,01-07-2023,Express,140,Product_140,Sports,92.69,40.65,3,0.2,550,6
2126,Customer_4742,57,Alexandria,24-03-2022,0,13834,24-03-2022,Standard,122,Product_122,Home Appliances,1142.41,790.8,2,0.2,518,4
1820,Customer_4743,26,Giza,12-04-2023,0,13131,12-04-2023,Standard,122,Product_122,Sports,1459.66,594.42,2,,501,6
1192,Customer_4744,52,Alexandria,28-07-2020,0,10674,28-07-2020,Express,122,Product_122,Electronics,949.42,413.44,1,,627,2
1528,customer_4745,14,Mansoura,16-01-2020,1,12761,16-01-2020,Express,115,Product_115,Sports,1291.98,637.46,5,,846,2
1170,customer_4746,22,Mansoura,11/13/2022,1,10738,11/13/2022,Standard,117,Product_117,Electronics,799.47,441.9,2,0.05,726,3
1250,Customer_4747,64,Luxor,09/18/2023,0,13200,09/18/2023,Same Day,145,Product_145,Clothing,385.94,179.4,5,,471,3
2410,Customer_4748,36,Alexandria,02/05/2022,1,10556,02/05/2022,Standard,128,Product_128,Clothing,70.94,44.04,1,0.2,476,3
2230,Customer_4749,29,Cairo,23-02-2023,0,12244,23-02-2023,Express,122,Product_122,Sports,997.43,505.96,5,,526,7
1540,Customer_4750,56,Alexandria,18-08-2023,0,12983,18-08-2023,Express,121,Product_121,Sports,765.01,314.85,2,,502,4
1415,Customer_4751,58,Giza,05/01/2023,1,13563,05/01/2023,Standard,142,Product_142,Clothing,1184.04,785.39,2,0.2,611,2
1793,Customer_4752,33,Mansoura,01-06-2023,0,12725,01-06-2023,Express,117,Product_117,Electronics,1057.29,722.3,4,,388,7
2403,Customer_4753,44,Mansoura,01-08-2021,0,10503,01-08-2021,Standard,105,Product_105,Clothing,1482.53,868.12,4,,626,7
2167,Customer_4754,42,Alexandria,03-09-2021,0,11270,03-09-2021,Same Day,118,Product_118,Clothing,789.95,507.12,4,,367,5
1024,Customer_4755,-2,Alexandria,11/02/2023,0,10737,11/02/2023,Same Day,117,Product_117,Elec,669.4,292.08,5,,426,6
1667,  Customer_4756  ,19,Aswan,09-08-2020,1,10791,09-08-2020,Standard,104,Product_104,Clothing,465.77,223.87,2,,437,3
2096,Customer_4757,54,Alexandria,09/13/2022,0,13331,09/13/2022,Express,107,Product_107,Sports,741.45,368.92,1,,454,6
1631,Customer_4758,27,Aswan,10-05-2020,0,11370,10-05-2020,Express,125,Product_125,Sports,1315.66,905.47,3,,566,5
2116,Customer_4759,47,Giza,11/19/2021,1,10196,11/19/2021,Same Day,137,Product_137,Clothing,111.54,61.76,2,0.05,875,2
1504,CUSTOMER_4760,43,Giza,20-07-2021,0,11130,20-07-2021,Express,140,Product_140,Sports,1467.96,590.45,4,,812,5
1335,Customer_4761,58,Cairo,04-08-2023,0,12828,04-08-2023,Express,140,Product_140,Home Appliances,1490.3,766.1,4,0.05,516,6
1424,Customer_4762,19,Alexandria,10/27/2021,0,10743,10/27/2021,Standard,143,Product_143,Clothing,916.84,368.87,5,,420,7
1498,Customer_4763,45,Cairo,21-07-2021,0,13988,21-07-2021,Same Day,109,Product_109,Home Appliances,530.74,250.16,4,,914,6
2387,Customer_4764,39,Luxor,18-06-2021,1,11636,18-06-2021,Same Day,119,Product_119,Clothing,373.42,200.31,5,,887,6
1946,Customer_4765,28,Giza,05-09-2023,0,11183,05-09-2023,Standard,109,Product_109,Clothing,450.91,224.11,1,,380,9
1629,CUSTOMER_4766,28,Mansoura,12/27/2023,0,12469,12/27/2023,Standard,123,Product_123,Home Appliances,122.65,50.26,4,,371,4
2222,Customer_4767,43,Aswan,27-08-2023,1,11630,27-08-2023,Same Day,131,Product_131,Clothing,738.91,321.35,5,,493,2
1717,Customer_4768,49,Luxor,09/03/2021,1,11951,09/03/2021,Same Day,132,Product_132,Sports,133.12,75.25,4,0.2,873,3
2436,Customer_4769,40,Mansoura,01/20/2021,0,13278,01/20/2021,Standard,131,Product_131,Home Appliances,1091.79,664.55,5,,1442,1
1338,Customer_4770,41,Luxor,11/03/2020,0,12038,11/03/2020,Same Day,117,Product_117,Clothing,589.3,307.24,2,,460,5
1658,Customer_4771,32,Cairo,25-11-2022,0,11336,25-11-2022,Same Day,148,Product_148,Sports,339.08,210.04,5,,768,4
1961,Customer_4772,33,Cairo,07-05-2021,0,12479,07-05-2021,Express,139,Product_139,Home Appliances,840.04,377.18,3,0.1,347,4
1428,CUSTOMER_4773,28,Aswan,04/26/2020,0,10925,04/26/2020,Same Day,122,Product_122,Home Appliances,1461.95,638.31,1,,945,2
1898,Customer_4774,32,Giza,13-05-2023,0,10234,13-05-2023,Standard,135,Product_135,Sports,1057.94,689.6,2,0.05,599,7
1138,Customer_4775,48,Aswan,07-04-2022,0,12374,07-04-2022,Express,130,Product_130,Clothing,763.03,382.86,1,,662,4
1941,Customer_4776,50,Mansoura,14-09-2023,0,12981,14-09-2023,Express,140,Product_140,Clothing,1176.53,623.18,2,,475,5
1541,Customer_4777,20,Luxor,10/16/2021,0,10478,10/16/2021,Same Day,137,Product_137,Home Appliances,1119.34,765.94,4,,563,5
1056,Customer_4778,26,Aswan,26-10-2023,0,12475,26-10-2023,Express,126,Product_126,Electronics,1343.02,708.09,5,0.1,433,2
2255,Customer_4779,29,Alexandria,13-10-2020,1,10665,13-10-2020,Standard,106,Product_106,Clothing,346.77,139.07,4,,1541,1
1657,Customer_4780,39,Alexandria,01/17/2024,0,11123,01/17/2024,Standard,134,Product_134,Clothing,1295.37,882.65,1,,350,3
1434,Customer_4781,14,Giza,02/22/2020,0,13309,02/22/2020,Same Day,132,Product_132,Sports,486.49,196.66,1,,792,6
1383,Customer_4782,26,Aswan,04-09-2023,1,13178,04-09-2023,Same Day,125,Product_125,Electronics,1414.45,846.81,2,,485,5
1559,Customer_4783,19,Mansoura,15-10-2022,0,12905,15-10-2022,Standard,113,Product_113,Electronics,457.54,227.34,1,,809,7
1193,  Customer_4784  ,46,Alexandria,28-08-2021,0,11387,28-08-2021,Standard,138,Product_138,Home Appliances,1393.93,754.28,5,,405,7
1533,Customer_4785,39,Giza,15-06-2021,0,10641,15-06-2021,Same Day,138,Product_138,Sports,1447.5,816.66,1,,468,4
1517,Customer_4786,33,Aswan,07-05-2022,0,12858,07-05-2022,Standard,102,Product_102,Sports,260.96,136.36,4,0.2,970,4
1715,Customer_4787,24,Giza,08-04-2022,0,11516,08-04-2022,Same Day,105,Product_105,Clothing,1463.02,925.08,5,,518,5
1750,customer_4788,33,Mansoura,06-03-2022,0,13114,06-03-2022,Express,111,Product_111,Home Appliances,174.3,118.39,1,,414,5
1184,Customer_4789,31,Alexandria,03/13/2020,1,10574,03/13/2020,Express,111,Product_111,Clothing,366.92,156.28,3,,1755,1
1291,CUSTOMER_4790,64,Alexandria,09-04-2023,1,13144,09-04-2023,Same Day,124,Product_124,Electronics,694.04,444.24,3,0.1,633,1
2358,Customer_4791,54,Alexandria,21-12-2023,0,11721,21-12-2023,Same Day,114,Product_114,Sports,1490.72,653.83,4,,330,4
1731,Customer_4792,29,Cairo,17-03-2023,0,11018,17-03-2023,Same Day,145,Product_145,Home Appliances,758.42,321.63,2,,656,4
1115,Customer_4793,42,Alexandria,23-01-2021,0,13700,23-01-2021,Standard,130,Product_130,Clothing,848.09,582.43,2,,471,5
1824,Customer_4794,54,Luxor,03-12-2021,1,11327,03-12-2021,Same Day,140,Product_140,Clothing,1056.92,577.91,1,,1125,5
2072,Customer_4795,29,Cairo,27-01-2024,0,13076,27-01-2024,Same Day,147,Product_147,Elec,1454.03,,5,,340,5
1684,Customer_4796,18,Aswan,12/31/2023,0,13659,12/31/2023,Express,144,Product_144,Sports,1185.86,677.11,2,,367,7
1081,Customer_4797,13,Cairo,31-03-2021,1,12850,31-03-2021,Same Day,135,Product_135,Electronics,375.02,179.62,3,,809,4
1833,Customer_4798,59,Cairo,06-11-2023,0,13420,06-11-2023,Same Day,121,Product_121,Clothing,489.34,263.9,2,0.05,422,2
1332,Customer_4799,37,Cairo,30-12-2022,0,10399,30-12-2022,Express,105,Product_105,Sports,191.56,112.52,3,0.1,733,2
1556,Customer_4800,44,Giza,31-07-2023,0,10594,31-07-2023,Standard,138,Product_138,Sports,984.46,650.51,2,,354,5
1334,Customer_4801,31,Luxor,01-09-2022,0,11456,01-09-2022,Same Day,102,Product_102,Electronics,312.07,125.12,4,,853,4
1531,Customer_4802,20,Mansoura,10/07/2023,0,11595,10/07/2023,Same Day,140,Product_140,Sports,423.24,196.49,5,0.2,452,4
1220,Customer_4803,23,Alexandria,01/04/2022,0,13178,01/04/2022,Same Day,137,Product_137,Electronics,1337.76,573.74,1,0.05,422,2
1634,  Customer_4804  ,19,Cairo,04-11-2022,0,10116,04-11-2022,Same Day,149,Product_149,Sports,523.8,,3,,749,3
1322,Customer_4805,52,Mansoura,09/06/2021,1,13890,09/06/2021,Express,134,Product_134,Sports,871.64,595.97,2,,1213,1
1002,CUSTOMER_4806,62,Giza,14-12-2020,1,10382,14-12-2020,Express,111,Product_111,Home Appliances,626.47,426.52,1,0.2,687,4
1205,Customer_4807,40,Mansoura,08-09-2023,0,10858,08-09-2023,Express,136,Product_136,Sports,157.35,98.31,3,,417,5
1039,Customer_4808,17,Cairo,17-02-2023,0,12129,17-02-2023,Same Day,111,Product_111,Clothing,576.15,341.61,3,0.1,531,5
1058,CUSTOMER_4809,47,Aswan,01/05/2021,1,11850,01/05/2021,Standard,109,Product_109,Home Appliances,641.7,419.92,4,,1078,3
1950,Customer_4810,58,Luxor,08/24/2021,0,10831,08/24/2021,Same Day,106,Product_106,Electronics,1348.77,563.14,2,,421,4
1573,Customer_4811,54,Mansoura,07/18/2020,1,10872,07/18/2020,Same Day,134,Product_134,Clothing,520.45,226.84,1,,1189,4
1643,Customer_4812,39,Cairo,22-08-2022,1,12700,22-08-2022,Standard,147,Product_147,Electronics,599.9,297.03,2,,863,4
1842,Customer_4813,36,Cairo,09/19/2020,1,12781,09/19/2020,Same Day,137,Product_137,Electronics,1185.2,770.08,2,,1565,2
2145,Customer_4814,39,Alexandria,13-06-2021,1,13481,13-06-2021,Express,132,Product_132,Clothing,1150.49,623.19,5,0.1,1298,3
1618,Customer_4815,58,Aswan,01/25/2024,0,12117,01/25/2024,Express,112,Product_112,Electronics,1207.51,665.43,3,,342,3
1095,CUSTOMER_4816,51,Alexandria,18-02-2023,1,10386,18-02-2023,Standard,145,Product_145,Home Appliances,1432.97,671.75,3,0.05,351,4
2437,CUSTOMER_4817,34,Aswan,09-01-2021,0,12006,09-01-2021,Express,132,Product_132,Clothing,1203.56,715.54,5,,432,5
2258,Customer_4818,33,Luxor,10/24/2023,1,12571,10/24/2023,Standard,117,Product_117,Electronics,641.03,427.15,5,,435,4
1897,  Customer_4819  ,32,Alexandria,11/18/2021,1,10296,11/18/2021,Standard,104,Product_104,Electronics,1241.19,619.17,2,,1003,4
2085,CUSTOMER_4820,24,Luxor,02-09-2023,0,12664,02-09-2023,Same Day,142,Product_142,Sports,787.58,461.33,3,0.2,465,3
2279,  Customer_4821  ,60,Giza,01-07-2020,0,10718,01-07-2020,Express,133,Product_133,Sports,452.69,226.16,1,,456,4
1560,Customer_4822,28,Giza,03/31/2021,0,13136,03/31/2021,Standard,143,Product_143,Electronics,489.23,312.04,4,,386,6
1904,Customer_4823,47,Aswan,12/28/2021,0,11598,12/28/2021,Same Day,148,Product_148,Clothing,374.57,203.2,5,0.2,352,3
1347,customer_4824,30,Aswan,04/02/2021,0,12225,04/02/2021,Standard,143,Product_143,Home Appliances,260.24,130.6,1,,890,4
1670,Customer_4825,32,Alexandria,20-09-2021,1,11966,20-09-2021,Express,109,Product_109,Elec,317.51,167.01,1,0.1,1199,1
2147,Customer_4826,38,Giza,05/11/2022,0,13079,05/11/2022,Express,134,Product_134,Electronics,141.61,60.52,2,0.1,654,6
1316,Customer_4827,48,Mansoura,11/09/2021,1,11182,11/09/2021,Same Day,139,Product_139,Electronics,1338.25,,5,,424,2
1718,Customer_4828,36,Mansoura,31-01-2022,0,10010,31-01-2022,Standard,130,Product_130,Sports,1399.96,962.36,1,,344,2
2071,CUSTOMER_4829,22,Mansoura,17-06-2021,0,10784,17-06-2021,Express,120,Product_120,Clothing,900.82,489.35,4,0.2,578,4
2432,Customer_4830,40,Giza,04/14/2023,0,10410,04/14/2023,Express,139,Product_139,Electronics,1268.71,,1,,406,3
2159,Customer_4831,28,Mansoura,25-08-2021,0,12939,25-08-2021,Express,123,Product_123,Sports,316.18,189.52,4,,615,2
2224,Customer_4832,150,Luxor,08/07/2022,0,12654,08/07/2022,Express,141,Product_141,Elec,1357.43,727.19,4,,878,5
1249,Customer_4833,36,Cairo,08/29/2020,0,12202,08/29/2020,Express,144,Product_144,Electronics,784.22,373.05,4,,401,4
1313,customer_4834,29,Aswan,08/21/2022,0,11229,08/21/2022,Standard,135,Product_135,Clothing,147.39,60.66,5,0.05,742,5
2391,Customer_4835,69,Alexandria,04/19/2020,0,13186,04/19/2020,Standard,123,Product_123,Sports,254.9,170.0,4,0.2,507,2
2452,CUSTOMER_4836,51,Luxor,23-07-2023,1,13450,23-07-2023,Same Day,148,Product_148,Home Appliances,498.02,318.24,5,0.2,528,4
1806,customer_4837,26,Mansoura,04/10/2023,0,10598,04/10/2023,Express,139,Product_139,Clothing,113.16,73.41,1,0.2,632,4
2337,Customer_4838,28,Cairo,04/03/2023,0,10823,04/03/2023,Same Day,123,Product_123,Home Appliances,498.48,265.17,4,,388,7
2378,Customer_4839,47,Alexandria,25-06-2023,0,13780,25-06-2023,Standard,137,Product_137,Sports,136.9,85.7,3,0.05,351,4
1484,Customer_4840,40,Luxor,05/25/2020,0,12397,05/25/2020,Standard,123,Product_123,Sports,392.24,225.29,1,,440,8
2234,Customer_4841,53,Alexandria,08/25/2022,1,11121,08/25/2022,Same Day,139,Product_139,Home Appliances,435.22,223.02,3,,359,3
1043,Customer_4842,30,Aswan,02/02/2021,1,12990,02/02/2021,Standard,128,Product_128,Sports,1491.84,973.91,3,0.1,1429,1
1570,Customer_4843,50,Giza,21-10-2022,0,10018,21-10-2022,Express,119,Product_119,Clothing,391.54,273.93,2,,803,3
1582,customer_4844,6,Mansoura,09/02/2020,0,10312,09/02/2020,Express,149,Product_149,Electronics,396.82,265.78,5,0.2,643,2
2115,  Customer_4845  ,37,Luxor,10/26/2023,0,12974,10/26/2023,Standard,148,Product_148,Home Appliances,1045.84,661.87,2,,433,2
2288,Customer_4846,30,Luxor,02/20/2022,1,12575,02/20/2022,Express,130,Product_130,Electronics,1296.07,809.07,5,0.1,828,3
1894,Customer_4847,33,Cairo,12/21/2022,0,12604,12/21/2022,Same Day,121,Product_121,Home Appliances,611.23,363.73,2,,742,6
1219,Customer_4848,38,Cairo,03-09-2021,1,13738,03-09-2021,Standard,124,Product_124,Electronics,1319.65,865.8,1,,1216,3
1924,Customer_4849,57,Cairo,04/26/2022,0,12492,04/26/2022,Same Day,121,Product_121,Electronics,543.21,297.64,3,,375,6
2465,Customer_4850,22,Alexandria,20-04-2020,1,11945,20-04-2020,Standard,126,Product_126,Clothing,335.67,152.57,1,,1533,3
1400,Customer_4851,7,Mansoura,11/04/2020,0,10230,11/04/2020,Express,136,Product_136,Electronics,527.98,332.85,5,,438,9
2423,Customer_4852,24,Alexandria,10/08/2020,0,13740,10/08/2020,Express,126,Product_126,Home Appliances,933.57,630.96,3,0.2,472,5
1726,Customer_4853,55,Mansoura,02/14/2021,0,12672,02/14/2021,Express,133,Product_133,Electronics,582.36,292.58,3,,417,7
1990,Customer_4854,15,Luxor,12/02/2021,1,13058,12/02/2021,Express,136,Product_136,Sports,1025.7,651.21,5,,1126,2
1898,Customer_4855,31,Alexandria,04/18/2022,0,12936,04/18/2022,Same Day,104,Product_104,Electronics,393.56,189.74,1,,599,7
1857,Customer_4856,52,Alexandria,12-03-2023,0,12406,12-03-2023,Same Day,109,Product_109,Electronics,1066.44,728.14,3,,661,3
1803,  Customer_4857  ,39,Alexandria,26-07-2022,1,13454,26-07-2022,Standard,108,Product_108,Sports,553.79,335.06,1,,890,2
1489,Customer_4858,56,Giza,10/20/2020,0,13583,10/20/2020,Express,102,Product_102,Sports,711.01,405.83,1,,338,6
2493,Customer_4859,9,Aswan,09-10-2021,0,10043,09-10-2021,Express,129,Product_129,Home Appliances,858.73,544.4,1,,1180,2
1937,CUSTOMER_4860,35,Mansoura,01/05/2024,0,13436,01/05/2024,Same Day,123,Product_123,Sports,1045.03,672.97,3,0.05,362,3
1843,customer_4861,60,Mansoura,04-01-2021,1,13996,04-01-2021,Express,106,Product_106,Sports,396.13,264.5,4,,984,4
2468,Customer_4862,23,Alexandria,14-06-2020,1,12924,14-06-2020,Express,143,Product_143,Home Appliances,1262.12,846.04,2,,656,2
2292,Customer_4863,55,Giza,09/25/2022,1,13693,09/25/2022,Express,136,Product_136,Home Appliances,1096.67,456.0,5,,829,2
1266,Customer_4864,36,Alexandria,12-11-2021,0,13182,12-11-2021,Same Day,146,Product_146,Electronics,389.44,170.14,1,,652,3
1053,customer_4865,46,Mansoura,07/16/2023,0,12270,07/16/2023,Same Day,121,Product_121,Clothing,1463.71,948.22,3,0.1,535,5
1527,Customer_4866,58,Aswan,12/28/2020,1,13457,12/28/2020,Express,122,Product_122,Home Appliances,1013.96,693.36,5,,1465,1
1615,Customer_4867,46,Aswan,10/03/2021,1,12949,10/03/2021,Same Day,109,Product_109,Sports,706.02,347.57,4,,811,3
2082,  Customer_4868  ,31,Luxor,07/23/2023,0,11288,07/23/2023,Express,134,Product_134,Electronics,278.41,112.08,4,,398,8
2063,Customer_4869,48,Giza,28-04-2020,0,12318,28-04-2020,Standard,126,Product_126,Sports,823.17,408.96,3,0.2,584,4
2260,Customer_4870,30,Aswan,01/10/2020,1,12259,01/10/2020,Express,101,Product_101,Home Appliances,288.93,148.76,1,,799,4
1954,CUSTOMER_4871,44,Giza,14-07-2022,0,11519,14-07-2022,Express,136,Product_136,Clothing,672.76,422.7,4,,741,5
1385,Customer_4872,21,Alexandria,07/14/2021,0,13385,07/14/2021,Standard,144,Product_144,Elec,642.63,266.23,4,,378,6
1733,Customer_4873,40,Luxor,04-03-2021,1,13841,04-03-2021,Express,105,Product_105,Home Appliances,1093.91,507.35,4,,1399,2
1715,Customer_4874,57,Mansoura,11-12-2020,0,11410,11-12-2020,Express,141,Product_141,Home Appliances,328.96,219.81,3,,518,5
1649,Customer_4875,35,Aswan,26-03-2023,0,12294,26-03-2023,Standard,122,Product_122,Sports,1241.71,554.36,5,0.2,647,3
1299,customer_4876,56,Aswan,11/20/2020,1,12995,11/20/2020,Express,104,Product_104,Clothing,522.89,328.26,2,,1444,2
1394,customer_4877,86,Cairo,29-09-2022,0,13638,29-09-2022,Standard,148,Product_148,Home Appliances,693.78,352.71,3,0.1,510,5
2230,Customer_4878,39,Mansoura,06/29/2020,0,10820,06/29/2020,Standard,102,Product_102,Sports,1169.89,700.53,1,,526,7
2359,Customer_4879,49,Aswan,22-09-2020,1,13421,22-09-2020,Express,116,Product_116,Electronics,956.82,403.93,3,,1209,3
1592,CUSTOMER_4880,47,Aswan,06/12/2023,0,12119,06/12/2023,Express,116,Product_116,Sports,496.64,241.35,3,0.2,569,6
1513,Customer_4881,43,Mansoura,06/07/2022,0,13367,06/07/2022,Express,122,Product_122,Electronics,609.99,,2,,439,3
2201,customer_4882,51,Luxor,21-07-2023,0,13284,21-07-2023,Standard,143,Product_143,Sports,493.39,324.24,2,,341,7
1395,Customer_4883,36,Giza,29-05-2022,0,12342,29-05-2022,Standard,101,Product_101,Clothing,912.42,519.21,2,0.2,787,5
1370,Customer_4884,30,Mansoura,04/06/2022,0,10170,04/06/2022,Same Day,115,Product_115,Sports,532.31,220.15,5,0.2,1001,3
1857,Customer_4885,17,Giza,05/28/2022,0,10245,05/28/2022,Standard,124,Product_124,Clothing,1102.26,706.06,3,0.1,661,3
1790,Customer_4886,34,Luxor,09/04/2022,0,11164,09/04/2022,Same Day,104,Product_104,Clothing,890.69,370.84,1,0.1,635,3
1657,Customer_4887,53,Luxor,02/24/2022,0,11639,02/24/2022,Standard,118,Product_118,elect,261.27,177.74,2,,350,3
2341,Customer_4888,25,Alexandria,10-01-2020,0,10616,10-01-2020,Express,117,Product_117,Sports,499.89,231.71,2,,627,7
1735,Customer_4889,43,Cairo,18-03-2020,0,10239,18-03-2020,Express,107,Product_107,Sports,371.1,202.76,3,0.05,800,5
2392,Customer_4890,38,Luxor,29-12-2022,0,11956,29-12-2022,Express,145,Product_145,Sports,615.95,259.74,1,0.2,543,5
1383,CUSTOMER_4891,30,Luxor,02/12/2021,1,12358,02/12/2021,Same Day,110,Product_110,Clothing,798.18,453.78,2,,485,5
1061,Customer_4892,12,Giza,05-02-2024,0,11439,05-02-2024,Express,101,Product_101,Home Appliances,784.81,430.99,3,,331,3
1504,Customer_4893,60,Luxor,02/03/2022,0,10397,02/03/2022,Standard,102,Product_102,Sports,1144.06,598.43,4,,812,5
1238,Customer_4894,47,Mansoura,29-01-2020,0,11856,29-01-2020,Express,149,Product_149,Sports,324.3,,5,,596,3
1194,CUSTOMER_4895,79,Alexandria,10/21/2021,1,10922,10/21/2021,Express,122,Product_122,Home Appliances,1422.39,944.01,3,,1117,4
1677,Customer_4896,56,Alexandria,23-12-2022,0,10791,23-12-2022,Standard,132,Product_132,Electronics,547.13,350.6,2,0.05,740,2
2245,CUSTOMER_4897,60,Mansoura,25-01-2021,1,11906,25-01-2021,Same Day,129,Product_129,Sports,485.36,286.32,1,,576,4
1060,Customer_4898,13,Aswan,02/06/2020,0,11904,02/06/2020,Express,135,Product_135,Home Appliances,1043.51,596.54,4,,688,6
2152,Customer_4899,13,Luxor,17-10-2023,0,12069,17-10-2023,Same Day,117,Product_117,Sports,1218.0,741.13,1,,442,6
1989,CUSTOMER_4900,40,Cairo,09-01-2020,0,13149,09-01-2020,Same Day,112,Product_112,Clothing,598.78,265.38,1,,565,7
1684,CUSTOMER_4901,22,Luxor,07/07/2023,0,10812,07/07/2023,Express,124,Product_124,Home Appliances,1132.93,,1,,367,7
1155,  Customer_4902  ,29,Alexandria,24-05-2021,0,10903,24-05-2021,Standard,130,Product_130,Clothing,1331.42,646.27,3,,426,5
2401,CUSTOMER_4903,77,Cairo,04/08/2021,1,13546,04/08/2021,Same Day,144,Product_144,Home Appliances,1161.87,693.57,3,,1093,6
1922,Customer_4904,57,Aswan,11/21/2023,0,11730,11/21/2023,Standard,130,Product_130,Elec,99.58,57.96,5,,407,3
1867,Customer_4905,25,Giza,12/06/2021,1,10831,12/06/2021,Same Day,120,Product_120,Clothing,1249.68,738.54,4,,723,4
1902,customer_4906,4,Giza,10/01/2021,0,13424,10/01/2021,Express,142,Product_142,Sports,1173.0,778.5,1,,416,5
1998,Customer_4907,24,Luxor,09/21/2020,0,11394,09/21/2020,Standard,107,Product_107,Home Appliances,1020.47,498.78,2,0.2,615,4
2460,Customer_4908,-5,Luxor,07/29/2020,0,11966,07/29/2020,Standard,142,Product_142,Sports,1152.03,719.66,1,0.05,949,6
1974,Customer_4909,35,Cairo,24-02-2022,0,11044,24-02-2022,Same Day,138,Product_138,Electronics,1470.17,851.99,4,0.1,898,3
2230,Customer_4910,20,Cairo,10/27/2022,0,12554,10/27/2022,Standard,107,Product_107,Home Appliances,675.11,285.45,1,,526,7
1387,Customer_4911,56,Aswan,04/20/2023,1,12207,04/20/2023,Express,149,Product_149,Elec,147.47,77.31,3,,622,2
1886,Customer_4912,29,Luxor,09/18/2021,1,10743,09/18/2021,Standard,130,Product_130,Home Appliances,718.29,,3,,641,4
1837,customer_4913,49,Alexandria,08-12-2020,0,13432,08-12-2020,Standard,112,Product_112,Clothing,117.33,58.03,4,0.05,358,5
2363,Customer_4914,40,Giza,13-05-2020,0,10812,13-05-2020,Same Day,149,Product_149,Sports,476.66,259.63,5,,645,4
1339,Customer_4915,54,Aswan,03-04-2020,0,11579,03-04-2020,Standard,131,Product_131,Clothing,900.98,492.47,1,0.05,976,2
1203,Customer_4916,36,Cairo,02-09-2021,1,13368,02-09-2021,Standard,118,Product_118,Clothing,498.95,292.09,4,,1217,1
1160,Customer_4917,-10,Alexandria,08/18/2021,0,11375,08/18/2021,Express,146,Product_146,Clothing,1043.82,694.35,2,,959,4
1391,Customer_4918,31,Luxor,07/22/2022,1,12227,07/22/2022,Standard,143,Product_143,Clothing,1241.88,561.41,2,,894,2
1768,Customer_4919,31,Mansoura,01/30/2024,1,13543,01/30/2024,Express,102,Product_102,Home Appliances,659.64,363.72,5,0.1,337,3
1574,Customer_4920,70,Cairo,01-12-2022,0,13466,01-12-2022,Standard,133,Product_133,Sports,1355.2,714.57,3,,762,6
1533,Customer_4921,41,Aswan,06-05-2023,0,13684,06-05-2023,Standard,111,Product_111,Home Appliances,165.77,81.02,4,,468,4
2093,Customer_4922,40,Mansoura,12/09/2022,0,11650,12/09/2022,Express,134,Product_134,Home Appliances,1268.16,857.13,1,0.2,494,5
1892,Customer_4923,53,Alexandria,11/22/2021,0,12260,11/22/2021,Standard,116,Product_116,Home Appliances,1251.43,503.64,4,,407,4
1404,Customer_4924,39,Giza,07-06-2022,0,10529,07-06-2022,Standard,135,Product_135,Clothing,516.89,225.69,5,,338,5
1607,Customer_4925,56,Alexandria,07-11-2023,0,11418,07-11-2023,Same Day,133,Product_133,Elec,483.14,299.55,4,,421,3
1827,  Customer_4926  ,34,Giza,10/01/2020,0,12074,10/01/2020,Same Day,121,Product_121,Clothing,492.39,235.87,5,,518,6
2143,customer_4927,32,Alexandria,12/02/2021,0,10938,12/02/2021,Standard,120,Product_120,Home Appliances,1226.52,756.71,5,,370,7
1689,Customer_4928,25,Cairo,30-09-2022,0,12917,30-09-2022,Express,108,Product_108,Clothing,1255.9,815.93,5,0.05,679,7
1901,  Customer_4929  ,67,Cairo,05-01-2022,0,13520,05-01-2022,Same Day,126,Product_126,Sports,528.1,251.58,4,,366,5
2240,CUSTOMER_4930,38,Aswan,20-01-2021,1,12485,20-01-2021,Standard,133,Product_133,Sports,909.26,416.06,2,0.1,1012,3
1055,  Customer_4931  ,22,Mansoura,12/03/2020,0,10284,12/03/2020,Same Day,126,Product_126,Clothing,251.45,111.54,1,,605,2
1365,Customer_4932,42,Alexandria,04/06/2022,0,12708,04/06/2022,Standard,137,Product_137,Clothing,729.73,335.7,5,,477,3
1454,Customer_4933,30,Alexandria,09-02-2020,0,11820,09-02-2020,Express,130,Product_130,Electronics,1498.25,719.39,3,0.2,561,7
1103,Customer_4934,34,Mansoura,04/12/2021,0,10648,04/12/2021,Same Day,131,Product_131,Clothing,280.32,185.19,5,,425,6
1076,  Customer_4935  ,44,Luxor,04-04-2021,1,10188,04-04-2021,Same Day,133,Product_133,Clothing,1423.97,898.53,4,0.1,1202,2
1229,Customer_4936,62,Aswan,29-01-2024,0,11725,29-01-2024,Standard,111,Product_111,Electronics,1245.17,498.76,5,0.05,328,4
2281,CUSTOMER_4937,41,Alexandria,25-09-2020,1,11222,25-09-2020,Express,141,Product_141,Clothing,1459.71,,3,,1468,2
2287,Customer_4938,29,Aswan,03/08/2021,1,11125,03/08/2021,Express,105,Product_105,Clothing,310.39,131.49,2,,1131,5
1330,customer_4939,32,Alexandria,02/14/2020,0,10478,02/14/2020,Express,102,Product_102,Clothing,359.6,214.53,4,,463,6
2205,  Customer_4940  ,49,Alexandria,04/22/2023,0,12650,04/22/2023,Standard,113,Product_113,Clothing,74.46,33.17,4,0.2,409,7
1892,Customer_4941,10,Luxor,30-10-2022,0,12043,30-10-2022,Express,118,Product_118,Clothing,1100.82,460.89,4,,407,4
1687,Customer_4942,24,Cairo,12/12/2020,0,13062,12/12/2020,Express,126,Product_126,Home Appliances,983.94,617.85,3,,562,5
1026,Customer_4943,43,Aswan,09/09/2020,1,12025,09/09/2020,Standard,125,Product_125,Clothing,308.19,,4,,862,3
2299,customer_4944,14,Mansoura,01/20/2022,0,13295,01/20/2022,Express,144,Product_144,Electronics,1197.16,694.02,2,,343,4
1298,  Customer_4945  ,200,Aswan,27-12-2023,1,10516,27-12-2023,Express,114,Product_114,Clothing,483.83,,1,,371,2
1956,Customer_4946,200,Luxor,08/25/2023,0,11888,08/25/2023,Same Day,105,Product_105,Home Appliances,245.74,103.25,1,,335,7
1798,Customer_4947,53,Giza,03/17/2020,1,11550,03/17/2020,Express,142,Product_142,Electronics,662.72,412.14,5,0.2,1751,1
2114,Customer_4948,36,Giza,07-02-2022,1,13512,07-02-2022,Same Day,102,Product_102,elect,181.91,117.53,1,,902,3
1479,customer_4949,57,Luxor,04-08-2023,0,11540,04-08-2023,Same Day,104,Product_104,Clothing,431.7,178.04,3,,516,3
1572,Customer_4950,41,Luxor,07-06-2021,1,12963,07-06-2021,Same Day,112,Product_112,Sports,588.43,301.7,1,,1304,4
1457,Customer_4951,66,Cairo,12/31/2022,1,12277,12/31/2022,Same Day,111,Product_111,Home Appliances,1285.2,728.96,3,0.1,732,1
2474,Customer_4952,19,Aswan,06/30/2023,0,12916,06/30/2023,Express,104,Product_104,Sports,1199.2,697.4,3,,551,6
1364,CUSTOMER_4953,64,Aswan,09-04-2020,0,13920,09-04-2020,Same Day,143,Product_143,Clothing,691.99,396.82,5,,1042,6
1858,Customer_4954,33,Giza,01-05-2023,0,11137,01-05-2023,Same Day,109,Product_109,Home Appliances,1100.63,669.05,1,,551,5
1350,Customer_4955,62,Mansoura,04/08/2020,1,11539,04/08/2020,Same Day,110,Product_110,Sports,874.54,603.47,5,,514,2
2423,Customer_4956,57,Aswan,17-09-2023,0,13255,17-09-2023,Express,127,Product_127,Home Appliances,544.22,281.46,4,,472,5
1252,Customer_4957,-2,Alexandria,08/09/2020,0,11748,08/09/2020,Standard,106,Product_106,Clothing,1102.52,625.11,2,,621,4
1780,Customer_4958,47,Alexandria,08/31/2023,0,12806,08/31/2023,Same Day,115,Product_115,Home Appliances,1041.07,634.76,1,,438,6
1802,CUSTOMER_4959,54,Cairo,02/10/2020,1,10033,02/10/2020,Same Day,142,Product_142,Clothing,947.69,547.51,4,,1005,3
2011,Customer_4960,59,Cairo,08-04-2020,1,10295,08-04-2020,Standard,131,Product_131,Sports,946.04,488.18,4,0.1,1348,5
1458,Customer_4961,22,Giza,11/13/2023,1,12500,11/13/2023,Express,122,Product_122,Home Appliances,1040.32,610.9,5,,415,5
1916,customer_4962,48,Mansoura,08/25/2020,0,13779,08/25/2020,Same Day,106,Product_106,Electronics,607.59,361.54,5,0.2,1265,6
1498,Customer_4963,42,Mansoura,03-05-2022,0,13576,03-05-2022,Express,133,Product_133,Clothing,1310.16,753.98,2,,914,6
1949,customer_4964,46,Luxor,06/28/2022,1,11429,06/28/2022,Same Day,129,Product_129,Home Appliances,285.35,131.7,2,0.05,918,2
1507,CUSTOMER_4965,54,Cairo,02/17/2022,0,11150,02/17/2022,Express,121,Product_121,Electronics,1331.63,734.79,2,,349,4
2327,CUSTOMER_4966,57,Aswan,09/10/2020,0,12189,09/10/2020,Express,130,Product_130,Elec,546.31,363.46,2,,365,7
1500,Customer_4967,30,Alexandria,25-01-2023,0,11987,25-01-2023,Same Day,121,Product_121,Electronics,231.3,152.79,5,0.1,570,3
1802,customer_4968,43,Aswan,06/01/2021,1,10647,06/01/2021,Same Day,136,Product_136,Electronics,920.04,575.24,3,,1005,3
1597,Customer_4969,40,Alexandria,08/29/2022,0,12175,08/29/2022,Express,122,Product_122,Clothing,595.18,362.56,5,,397,7
1165,Customer_4970,36,Giza,08-12-2023,0,12882,08-12-2023,Same Day,146,Product_146,Home Appliances,1232.47,549.66,3,0.05,390,4
2438,Customer_4971,37,Alexandria,11/09/2020,0,11709,11/09/2020,Standard,120,Product_120,Electronics,674.64,362.85,5,0.05,914,4
1461,  Customer_4972  ,42,Aswan,24-02-2021,1,12972,24-02-2021,Express,122,Product_122,Home Appliances,1019.42,441.7,5,,1407,2
1919,Customer_4973,30,Aswan,24-11-2023,0,12777,24-11-2023,Standard,140,Product_140,Home Appliances,496.97,320.64,2,,404,3
1113,  Customer_4974  ,53,Mansoura,11/05/2023,0,13697,11/05/2023,Same Day,111,Product_111,Sports,353.71,172.37,3,,423,5
2456,customer_4975,59,Mansoura,14-07-2023,0,13958,14-07-2023,Standard,147,Product_147,Home Appliances,612.67,386.02,4,0.2,537,2
1991,Customer_4976,27,Cairo,01/20/2020,1,13421,01/20/2020,Standard,131,Product_131,Clothing,929.87,599.18,4,,1243,3
2379,Customer_4977,59,Aswan,08-09-2021,0,11547,08-09-2021,Express,140,Product_140,Clothing,1002.57,669.46,4,0.05,354,3
1206,Customer_4978,27,Giza,11-05-2022,1,10462,11-05-2022,Standard,113,Product_113,Electronics,888.4,556.27,2,,966,2
2258,CUSTOMER_4979,53,Alexandria,17-09-2023,1,13315,17-09-2023,Same Day,118,Product_118,Home Appliances,1482.68,844.27,4,,435,4
2465,Customer_4980,59,Cairo,07/25/2020,1,12611,07/25/2020,Express,122,Product_122,Clothing,1052.08,609.63,5,,1533,3
2378,CUSTOMER_4981,38,Luxor,09/18/2023,0,11209,09/18/2023,Same Day,117,Product_117,Clothing,1400.7,694.99,2,,351,4
1514,Customer_4982,27,Luxor,12/01/2022,0,13304,12/01/2022,Same Day,138,Product_138,Clothing,221.0,100.13,4,,562,5
2231,Customer_4983,31,Alexandria,07/06/2021,1,10513,07/06/2021,Standard,125,Product_125,elect,138.99,61.04,2,,1275,1
1708,Customer_4984,45,Alexandria,06/29/2023,0,10000,06/29/2023,Same Day,132,Product_132,Clothing,500.94,227.73,5,,425,6
2148,Customer_4985,69,Alexandria,25-05-2023,0,11262,25-05-2023,Standard,115,Product_115,Home Appliances,248.05,168.72,2,,587,2
1137,Customer_4986,14,Mansoura,06-12-2023,0,11078,06-12-2023,Express,113,Product_113,Clothing,812.51,365.09,4,,392,4
1338,Customer_4987,41,Alexandria,07-10-2020,0,13566,07-10-2020,Express,126,Product_126,Clothing,802.52,495.25,2,,460,5
1536,Customer_4988,38,Luxor,05/07/2022,1,13803,05/07/2022,Standard,111,Product_111,Electronics,883.82,402.48,1,0.05,750,5
1067,Customer_4989,33,Alexandria,08/02/2020,0,13687,08/02/2020,Express,113,Product_113,Home Appliances,1130.58,783.02,4,,687,3
1382,Customer_4990,38,Aswan,13-11-2022,0,13938,13-11-2022,Express,133,Product_133,Clothing,1458.43,743.76,5,,780,4
1018,Customer_4991,31,Giza,12-01-2024,0,13489,12-01-2024,Express,137,Product_137,Home Appliances,1323.48,693.03,3,0.2,355,8
1682,CUSTOMER_4992,58,Luxor,06/19/2023,0,11471,06/19/2023,Express,138,Product_138,Home Appliances,221.63,115.55,2,,562,3
2473,Customer_4993,60,Giza,29-08-2020,0,13907,29-08-2020,Standard,101,Product_101,Clothing,540.84,348.81,2,0.2,391,7
1073,Customer_4994,41,Luxor,01-08-2021,1,10337,01-08-2021,Standard,139,Product_139,Electronics,420.94,195.94,4,,792,2
1572,Customer_4995,37,Cairo,21-08-2020,1,12955,21-08-2020,Same Day,127,Product_127,Home Appliances,306.39,198.94,4,,1304,4
1938,Customer_4996,32,Aswan,08/05/2020,1,12865,08/05/2020,Same Day,136,Product_136,Sports,839.85,501.49,1,,1439,4
2299,Customer_4997,41,Luxor,16-10-2022,0,13348,16-10-2022,Express,132,Product_132,Clothing,852.23,397.21,5,,343,4
2071,Customer_4998,67,Aswan,10-02-2021,0,13081,10-02-2021,Standard,141,Product_141,Home Appliances,379.51,159.25,2,,578,4
1210,Customer_4999,38,Luxor,06/01/2023,0,13412,06/01/2023,Standard,115,Product_115,Home Appliances,1082.25,684.52,2,,505,3
