CustomerID,FullName,Age,City,JoinDate,Churn,OrderID,OrderDate,ShipMode,ProductID,ProductName,Category,Price,Cost,Quantity,Discount,Days_Since_Last_Order,Total_Orders,Revenue,Profit
2126,Customer_0,35,Mansoura,2023-02-08,0,11420,2023-02-08,Same Day,135,Product_135,Home Appliances,712.82,334.36,1,0.0,518,4,712.82,378.46
2459,Customer_1,54,Cairo,2020-08-16,0,12597,2020-08-16,Express,119,Product_119,Home Appliances,148.6,76.56,2,0.05,661,6,282.34,129.22
1860,Customer_2,60,Mansoura,2020-02-21,1,10496,2020-02-21,Same Day,113,Product_113,Clothing,1039.74,640.86,1,0.05,1094,3,987.75,346.89
2294,Customer_3,17,Cairo,2021-07-17,0,12220,2021-07-17,Same Day,105,Product_105,Electronics,117.63,57.56,3,0.0,673,5,352.89,180.21
2130,Customer_4,32,Luxor,2021-05-16,0,10104,2021-05-16,Express,144,Product_144,Electronics,413.23,274.34,5,0.0,349,4,2066.15,694.45
2095,Customer_5,73,Giza,2021-04-02,0,13623,2021-04-02,Express,114,Product_114,Sports,562.92,253.15,2,0.0,598,3,1125.84,619.54
2044,Customer_6,35,Mansoura,2020-10-12,1,10478,2020-10-12,Same Day,138,Product_138,Clothing,1122.25,537.95,1,0.0,1542,1,1122.25,584.3
1121,Customer_7,41,Cairo,2020-07-28,0,11422,2020-07-28,Express,122,Product_122,Clothing,766.64,339.98,4,0.0,448,5,3066.56,1706.64
1466,Customer_8,38,Aswan,2023-10-17,0,12481,2023-10-17,Express,109,Product_109,Home Appliances,91.54,39.48,1,0.1,442,4,82.39,42.91
2238,Customer_9,56,Cairo,2023-01-21,0,12689,2023-01-21,Same Day,149,Product_149,Sports,944.43,462.86,2,0.0,356,3,1888.86,963.14
1330,Customer_10,40,Aswan,2020-06-27,0,10692,2020-06-27,Standard,140,Product_140,Electronics,646.58,452.45,3,0.0,463,6,1939.74,582.39
2482,Customer_11,50,Mansoura,2023-04-24,0,13038,2023-04-24,Standard,126,Product_126,Clothing,1386.66,593.9,5,0.2,618,5,5546.64,2577.14
1087,Customer_12,54,Alexandria,2022-05-14,0,12969,2022-05-14,Express,145,Product_145,Home Appliances,774.37,359.23,4,0.0,460,3,3097.48,1660.56
2396,Customer_13,34,Aswan,2020-03-06,1,10193,2020-03-06,Same Day,105,Product_105,Electronics,1078.01,519.05,1,0.0,445,3,1078.01,558.96
2123,Customer_14,32,Cairo,2020-02-03,1,12890,2020-02-03,Express,129,Product_129,Home Appliances,367.36,215.18,2,0.05,1257,5,697.98,267.62
1871,Customer_15,42,Mansoura,2020-10-07,0,12848,2020-10-07,Same Day,122,Product_122,Electronics,1153.41,719.27,2,0.05,346,4,2191.48,752.94
1130,Customer_16,42,Cairo,2021-03-23,0,11489,2021-03-23,Standard,149,Product_149,Home Appliances,1095.39,685.25,5,0.05,398,4,5203.1,1776.85
2332,Customer_17,40,Alexandria,2021-04-21,0,13412,2021-04-21,Standard,103,Product_103,Electronics,1360.92,429.515,4,0.05,789,4,5171.5,3453.44
1769,Customer_18,41,Giza,2022-10-31,0,10058,2022-10-31,Standard,128,Product_128,Sports,99.04,58.98,1,0.0,654,7,99.04,40.06
1343,Customer_19,41,Alexandria,2023-05-17,0,11886,2023-05-17,Express,138,Product_138,Electronics,698.88,429.515,1,0.0,595,2,698.88,269.36
2437,Customer_20,51,Luxor,2020-02-24,0,13609,2020-02-24,Standard,114,Product_114,Electronics,1034.78,574.61,1,0.05,432,5,983.04,408.43
1805,Customer_21,48,Mansoura,2023-02-23,0,10477,2023-02-23,Standard,147,Product_147,Electronics,187.99,96.58,5,0.0,521,4,939.95,457.05
1385,Customer_22,19,Alexandria,2021-11-02,0,11126,2021-11-02,Express,114,Product_114,Home Appliances,645.38,412.55,5,0.0,378,6,3226.9,1164.15
2215,Customer_23,34,Giza,2024-06-01,0,12580,2024-06-01,Same Day,143,Product_143,Clothing,1416.11,712.54,4,0.1,361,3,5098.0,2247.84
1955,Customer_24,41,Cairo,2023-08-23,0,11968,2023-08-23,Standard,111,Product_111,Electronics,682.11,319.91,1,0.05,371,6,648.0,328.09
1276,Customer_25,31,Mansoura,2023-12-07,0,10591,2023-12-07,Same Day,109,Product_109,Electronics,1478.84,729.11,1,0.0,391,8,1478.84,749.73
2184,Customer_26,49,Aswan,2023-01-21,0,10838,2023-01-21,Same Day,138,Product_138,Sports,132.42,70.43,4,0.2,338,9,423.74,142.02
1459,Customer_27,38,Alexandria,2022-09-05,0,13782,2022-09-05,Express,147,Product_147,Electronics,1090.85,506.39,4,0.05,338,6,4145.23,2119.67
2337,Customer_28,42,Giza,2021-03-27,0,11345,2021-03-27,Same Day,144,Product_144,Sports,892.47,519.66,4,0.2,388,7,2855.9,777.26
1021,Customer_29,33,Alexandria,2022-07-08,0,10548,2022-07-08,Same Day,106,Product_106,Electronics,775.78,516.1,2,0.2,908,6,1241.25,209.05
1252,Customer_30,10,Luxor,2023-04-21,0,13085,2023-04-21,Express,101,Product_101,Home Appliances,1457.73,843.5,4,0.0,621,4,5830.92,2456.92
1747,Customer_31,9,Mansoura,2021-07-23,1,13527,2021-07-23,Same Day,125,Product_125,Clothing,237.99,127.09,3,0.05,685,4,678.27,297.0
1856,Customer_32,48,Cairo,2020-01-14,1,10220,2020-01-14,Standard,116,Product_116,Clothing,1349.2,862.22,5,0.0,1565,2,6746.0,2434.9
1474,Customer_33,44,Giza,2020-11-22,1,10875,2020-11-22,Express,115,Product_115,Clothing,1052.3,657.07,4,0.1,1501,3,3788.28,1160.0
2082,Customer_34,46,Alexandria,2023-11-30,0,13462,2023-11-30,Express,134,Product_134,Home Appliances,425.54,217.08,2,0.05,398,8,808.53,374.37
1510,Customer_35,42,Mansoura,2022-05-15,0,12725,2022-05-15,Express,117,Product_117,Sports,1357.42,789.0,3,0.0,532,5,4072.26,1705.26
2499,Customer_36,43,Alexandria,2021-11-27,0,11196,2021-11-27,Standard,103,Product_103,Clothing,672.48,416.23,2,0.0,440,4,1344.96,512.5
1699,Customer_37,54,Mansoura,2021-07-23,0,12709,2021-07-23,Same Day,103,Product_103,Home Appliances,1230.63,582.87,2,0.0,433,9,2461.26,1295.52
1975,Customer_38,46,Luxor,2020-11-14,1,12731,2020-11-14,Same Day,137,Product_137,Home Appliances,613.81,312.97,2,0.1,1509,2,1104.86,478.92
1189,Customer_39,55,Alexandria,2021-03-16,0,13152,2021-03-16,Same Day,117,Product_117,Electronics,1283.85,554.28,2,0.1,580,6,2310.93,1202.37
1957,Customer_40,42,Luxor,2021-11-20,0,10335,2021-11-20,Standard,149,Product_149,Sports,973.11,677.58,1,0.0,390,7,973.11,295.53
1686,Customer_41,35,Aswan,2020-07-28,0,10224,2020-07-28,Same Day,138,Product_138,Home Appliances,254.52,108.37,5,0.0,531,4,1272.6,730.75
1957,Customer_42,42,Aswan,2020-08-07,0,12918,2020-08-07,Same Day,101,Product_101,Sports,992.01,446.98,1,0.1,390,7,892.81,445.83
1562,Customer_43,27,Giza,2022-02-17,1,12082,2022-02-17,Standard,107,Product_107,Clothing,327.45,178.12,3,0.0,1049,6,982.35,447.99
2267,Customer_44,34,Luxor,2020-07-17,1,13941,2020-07-17,Standard,126,Product_126,Clothing,647.29,426.94,1,0.0,919,2,647.29,220.35
1831,Customer_45,42,Mansoura,2022-05-01,1,10187,2022-05-01,Same Day,147,Product_147,Clothing,296.93,150.47,3,0.0,1092,2,890.79,439.38
2154,Customer_46,42,Giza,2021-05-12,1,11247,2021-05-12,Standard,139,Product_139,Electronics,81.92,51.66,4,0.2,1123,4,262.14,55.5
1646,Customer_47,38,Alexandria,2023-05-21,0,12690,2023-05-21,Standard,119,Product_119,Electronics,357.24,215.35,3,0.05,591,3,1018.13,372.08
1020,Customer_48,19,Alexandria,2021-06-25,0,13957,2021-06-25,Standard,130,Product_130,Sports,827.74,489.69,1,0.0,534,7,827.74,338.05
1840,Customer_49,49,Mansoura,2020-03-29,1,10962,2020-03-29,Express,143,Product_143,Sports,748.26,488.99,1,0.0,1047,2,748.26,259.27
1166,Customer_50,52,Cairo,2024-03-02,0,13015,2024-03-02,Express,114,Product_114,Electronics,777.17,314.17,3,0.0,333,3,2331.51,1389.0
2297,Customer_51,64,Cairo,2022-07-29,0,10493,2022-07-29,Same Day,113,Product_113,Home Appliances,409.15,277.71,1,0.1,887,3,368.24,90.53
1387,Customer_52,46,Alexandria,2023-03-01,1,11886,2023-03-01,Same Day,120,Product_120,Sports,1043.48,676.98,3,0.0,622,2,3130.44,1099.5
1600,Customer_53,40,Mansoura,2020-12-09,1,10310,2020-12-09,Standard,126,Product_126,Sports,1071.18,729.86,2,0.0,1115,4,2142.36,682.64
1315,Customer_54,24,Cairo,2022-02-14,1,12568,2022-02-14,Same Day,127,Product_127,Clothing,569.05,363.1,5,0.0,1052,1,2845.25,1029.75
1013,Customer_55,62,Luxor,2020-10-06,0,11604,2020-10-06,Express,125,Product_125,Sports,1327.7,881.03,3,0.2,867,3,3186.48,543.39
1241,Customer_56,43,Alexandria,2023-02-04,0,11563,2023-02-04,Same Day,109,Product_109,Sports,983.83,453.47,2,0.0,482,7,1967.66,1060.72
1776,Customer_57,42,Aswan,2021-08-23,1,13982,2021-08-23,Same Day,141,Product_141,Home Appliances,1083.91,537.37,2,0.0,603,2,2167.82,1093.08
2369,Customer_58,36,Luxor,2023-11-07,1,10368,2023-11-07,Express,148,Product_148,Sports,452.14,223.61,2,0.1,540,4,813.85,366.63
1564,Customer_59,35,Mansoura,2023-06-20,0,13546,2023-06-20,Express,112,Product_112,Home Appliances,50.89,22.02,2,0.2,561,2,81.42,37.38
1897,Customer_60,50,Aswan,2022-10-01,1,10745,2022-10-01,Standard,110,Product_110,Clothing,1304.79,807.5,3,0.0,1003,4,3914.37,1491.87
2363,Customer_61,24,Luxor,2023-03-28,0,12078,2023-03-28,Standard,106,Product_106,Electronics,1242.52,547.77,1,0.0,645,4,1242.52,694.75
1091,Customer_62,64,Cairo,2021-01-28,0,13898,2021-01-28,Standard,134,Product_134,Clothing,228.63,95.05,2,0.0,551,6,457.26,267.16
2390,Customer_63,61,Cairo,2023-12-13,0,11255,2023-12-13,Same Day,141,Product_141,Home Appliances,592.45,374.8,4,0.0,385,5,2369.8,870.6
1955,Customer_64,34,Aswan,2020-05-22,0,13921,2020-05-22,Same Day,119,Product_119,Home Appliances,1008.94,677.4,2,0.0,371,6,2017.88,663.08
2478,Customer_65,27,Giza,2020-03-04,0,10997,2020-03-04,Same Day,106,Product_106,Sports,995.56,626.44,1,0.0,653,5,995.56,369.12
2451,Customer_66,9,Alexandria,2023-09-16,0,10496,2023-09-16,Express,102,Product_102,Sports,1297.51,840.27,1,0.0,403,3,1297.51,457.24
1508,Customer_67,21,Aswan,2021-11-04,0,11589,2021-11-04,Same Day,115,Product_115,Electronics,253.39,146.63,5,0.1,428,6,1140.25,407.1
1775,Customer_68,50,Mansoura,2021-08-15,0,10963,2021-08-15,Express,117,Product_117,Home Appliances,673.41,448.71,5,0.0,454,7,3367.05,1123.5
1034,Customer_69,44,Alexandria,2020-06-12,0,12004,2020-06-12,Same Day,116,Product_116,Home Appliances,190.98,104.85,2,0.0,763,3,381.96,172.26
1205,Customer_70,47,Luxor,2021-04-21,0,11198,2021-04-21,Same Day,128,Product_128,Clothing,614.91,428.28,2,0.0,417,5,1229.82,373.26
2104,Customer_71,12,Mansoura,2020-07-25,1,12345,2020-07-25,Express,121,Product_121,Electronics,71.91,30.99,5,0.0,735,5,359.55,204.6
2411,Customer_72,34,Mansoura,2022-02-17,0,11814,2022-02-17,Express,108,Product_108,Clothing,1352.5,869.33,2,0.0,1049,2,2705.0,966.34
2025,Customer_73,60,Cairo,2021-07-23,1,11388,2021-07-23,Express,110,Product_110,Sports,814.21,482.35,4,0.1,1258,1,2931.16,1001.76
2021,Customer_74,38,Luxor,2022-07-17,0,11109,2022-07-17,Standard,110,Product_110,Sports,1282.21,736.24,3,0.0,457,4,3846.63,1637.91
2413,Customer_75,20,Cairo,2023-07-25,0,10576,2023-07-25,Standard,110,Product_110,Clothing,136.86,84.54,5,0.05,526,4,650.08,227.38
1565,Customer_76,38,Cairo,2022-01-17,1,13160,2022-01-17,Same Day,109,Product_109,Sports,379.81,247.67,5,0.0,914,4,1899.05,660.7
2129,Customer_77,28,Giza,2020-11-29,0,10053,2020-11-29,Same Day,128,Product_128,Clothing,426.1,280.74,1,0.0,459,4,426.1,145.36
1702,Customer_78,45,Cairo,2022-01-28,1,13701,2022-01-28,Same Day,124,Product_124,Home Appliances,610.7,276.41,2,0.0,387,5,1221.4,668.58
1401,Customer_79,40,Alexandria,2021-12-28,1,13432,2021-12-28,Standard,119,Product_119,Home Appliances,1214.16,557.43,5,0.0,1100,3,6070.8,3283.65
1729,Customer_80,48,Mansoura,2021-05-03,0,13547,2021-05-03,Same Day,133,Product_133,Sports,610.51,247.16,5,0.1,592,3,2747.3,1511.5
1161,Customer_81,21,Cairo,2023-10-04,0,10228,2023-10-04,Express,104,Product_104,Electronics,346.75,152.41,4,0.1,455,6,1248.3,638.66
1201,Customer_82,33,Aswan,2021-06-30,0,10778,2021-06-30,Express,103,Product_103,Home Appliances,144.24,69.11,2,0.0,765,5,288.48,150.26
1995,Customer_83,56,Alexandria,2023-12-08,0,13902,2023-12-08,Standard,142,Product_142,Sports,165.26,101.85,3,0.0,390,2,495.78,190.23
1269,Customer_84,19,Luxor,2023-10-31,0,11557,2023-10-31,Express,112,Product_112,Electronics,1152.07,625.26,4,0.0,428,5,4608.28,2107.24
1815,Customer_85,24,Mansoura,2023-08-20,1,13830,2023-08-20,Express,118,Product_118,Sports,694.96,436.0,3,0.2,439,6,1667.9,359.9
2294,Customer_86,42,Aswan,2020-05-26,0,10984,2020-05-26,Same Day,123,Product_123,Clothing,1102.96,602.17,1,0.0,673,5,1102.96,500.79
1455,Customer_87,44,Aswan,2023-06-01,0,10372,2023-06-01,Express,120,Product_120,Sports,1039.32,588.96,5,0.0,347,6,5196.6,2251.8
2485,Customer_88,32,Luxor,2023-07-24,0,10468,2023-07-24,Express,106,Product_106,Clothing,246.28,429.515,4,0.0,527,4,985.12,-732.94
2275,Customer_89,35,Aswan,2020-12-16,0,12467,2020-12-16,Standard,134,Product_134,Home Appliances,257.19,162.79,3,0.0,552,5,771.57,283.2
2016,Customer_90,47,Alexandria,2022-12-29,0,11849,2022-12-29,Express,142,Product_142,Home Appliances,1145.25,718.57,2,0.0,478,6,2290.5,853.36
1295,Customer_91,52,Luxor,2024-02-02,0,10531,2024-02-02,Express,102,Product_102,Sports,1095.84,539.45,1,0.0,334,5,1095.84,556.39
1719,Customer_92,23,Aswan,2021-05-16,0,11423,2021-05-16,Same Day,130,Product_130,Electronics,598.14,298.22,1,0.0,650,4,598.14,299.92
1337,Customer_93,45,Luxor,2020-11-30,0,13035,2020-11-30,Same Day,109,Product_109,Sports,162.26,75.6,5,0.0,352,8,811.3,433.3
1878,Customer_94,62,Luxor,2022-04-08,1,11207,2022-04-08,Same Day,127,Product_127,Sports,67.54,43.51,5,0.0,881,3,337.7,120.15
2076,Customer_95,38,Cairo,2022-02-16,0,13932,2022-02-16,Standard,142,Product_142,Home Appliances,467.83,291.97,3,0.0,827,6,1403.49,527.58
1791,Customer_96,23,Cairo,2021-07-06,1,10561,2021-07-06,Same Day,134,Product_134,Home Appliances,63.37,36.93,3,0.0,648,4,190.11,79.32
1216,Customer_97,23,Cairo,2023-03-08,0,10089,2023-03-08,Express,140,Product_140,Sports,383.61,180.93,1,0.0,517,5,383.61,202.68
1763,Customer_98,37,Aswan,2023-11-10,0,11639,2023-11-10,Standard,124,Product_124,Home Appliances,658.28,429.515,3,0.0,403,5,1974.84,686.29
1187,Customer_99,55,Mansoura,2023-02-14,0,13777,2023-02-14,Express,149,Product_149,Clothing,226.05,93.83,5,0.0,346,6,1130.25,661.1
1379,Customer_100,39,Alexandria,2021-03-25,1,11406,2021-03-25,Express,117,Product_117,Sports,201.2,83.23,1,0.0,1120,2,201.2,117.97
1492,Customer_101,42,Aswan,2023-03-11,0,10368,2023-03-11,Same Day,129,Product_129,Home Appliances,1349.83,615.71,1,0.0,425,4,1349.83,734.12
2064,Customer_102,25,Cairo,2021-10-26,0,13145,2021-10-26,Standard,136,Product_136,Sports,898.93,386.68,2,0.0,400,5,1797.86,1024.5
2180,Customer_103,54,Luxor,2020-04-24,1,11292,2020-04-24,Standard,112,Product_112,Home Appliances,1404.96,796.38,2,0.0,992,4,2809.92,1217.16
1014,Customer_104,22,Aswan,2021-04-14,0,10014,2021-04-14,Same Day,131,Product_131,Clothing,551.45,429.515,3,0.0,699,3,1654.35,365.8
1064,Customer_105,32,Luxor,2020-03-06,0,13400,2020-03-06,Standard,149,Product_149,Clothing,1031.86,550.48,3,0.2,471,3,2476.46,825.02
1520,Customer_106,49,Luxor,2021-10-08,0,13866,2021-10-08,Express,109,Product_109,Sports,346.8,200.53,5,0.0,365,6,1734.0,731.35
2367,Customer_107,9,Luxor,2022-01-04,1,13463,2022-01-04,Standard,119,Product_119,Clothing,946.59,565.81,5,0.2,825,7,3786.36,957.31
2152,Customer_108,42,Giza,2021-07-02,0,13781,2021-07-02,Express,146,Product_146,Clothing,237.9,141.42,2,0.1,442,6,428.22,145.38
1647,Customer_109,24,Mansoura,2020-05-15,0,13505,2020-05-15,Standard,146,Product_146,Home Appliances,53.02,25.36,1,0.0,646,3,53.02,27.66
2495,Customer_110,40,Alexandria,2021-03-08,1,12391,2021-03-08,Standard,117,Product_117,Sports,1400.72,900.51,4,0.2,1212,3,4482.3,880.26
2086,Customer_111,34,Alexandria,2023-03-07,0,11218,2023-03-07,Same Day,102,Product_102,Home Appliances,854.6,577.12,4,0.0,561,5,3418.4,1109.92
2162,Customer_112,71,Cairo,2024-10-01,1,11945,2024-10-01,Same Day,140,Product_140,Home Appliances,1394.06,689.76,3,0.0,327,3,4182.18,2112.9
1592,Customer_113,34,Giza,2021-10-06,0,11059,2021-10-06,Standard,105,Product_105,Electronics,534.06,216.36,4,0.0,569,6,2136.24,1270.8
1391,Customer_114,67,Aswan,2021-03-11,1,10916,2021-03-11,Express,139,Product_139,Clothing,525.29,351.81,4,0.0,894,2,2101.16,693.92
1418,Customer_115,48,Aswan,2023-09-04,0,12252,2023-09-04,Same Day,148,Product_148,Home Appliances,630.95,427.19,2,0.0,485,4,1261.9,407.52
1288,Customer_116,27,Alexandria,2022-10-19,0,13891,2022-10-19,Same Day,116,Product_116,Home Appliances,1073.76,445.92,1,0.0,593,6,1073.76,627.84
1378,Customer_117,44,Mansoura,2022-03-21,1,11674,2022-03-21,Same Day,117,Product_117,Home Appliances,870.42,349.46,5,0.0,805,3,4352.1,2604.8
1230,Customer_118,35,Luxor,2023-09-08,0,10775,2023-09-08,Standard,127,Product_127,Clothing,1391.76,897.58,2,0.0,511,4,2783.52,988.36
2017,Customer_119,43,Cairo,2022-07-28,0,11080,2022-07-28,Express,107,Product_107,Clothing,86.89,42.61,5,0.0,406,3,434.45,221.4
1040,Customer_120,29,Mansoura,2020-10-19,0,11133,2020-10-19,Express,108,Product_108,Clothing,1076.88,726.22,2,0.0,451,6,2153.76,701.32
2051,Customer_121,65,Alexandria,2021-06-26,1,10685,2021-06-26,Standard,108,Product_108,Sports,528.98,245.99,2,0.2,788,3,846.37,354.39
1134,Customer_122,53,Giza,2020-10-12,0,13567,2020-10-12,Express,123,Product_123,Home Appliances,311.34,204.97,4,0.0,623,2,1245.36,425.48
1200,Customer_123,40,Cairo,2021-05-20,0,12765,2021-05-20,Same Day,132,Product_132,Clothing,790.07,332.3,5,0.0,673,5,3950.35,2288.85
1779,Customer_124,65,Alexandria,2023-02-23,0,10224,2023-02-23,Express,143,Product_143,Home Appliances,782.34,374.11,2,0.0,678,3,1564.68,816.46
1929,Customer_125,41,Aswan,2023-01-08,0,13457,2023-01-08,Same Day,147,Product_147,Sports,248.67,172.06,4,0.05,502,5,944.95,256.71
2056,Customer_126,56,Cairo,2021-06-22,0,10063,2021-06-22,Same Day,118,Product_118,Electronics,342.75,160.87,3,0.0,1028,4,1028.25,545.64
2071,Customer_127,40,Alexandria,2023-04-12,0,11787,2023-04-12,Standard,138,Product_138,Sports,641.84,282.35,5,0.2,578,4,2567.36,1155.61
1502,Customer_128,45,Aswan,2022-05-27,0,12995,2022-05-27,Same Day,112,Product_112,Clothing,642.78,422.38,2,0.0,542,3,1285.56,440.8
1406,Customer_129,38,Aswan,2023-04-10,0,10960,2023-04-10,Express,115,Product_115,Clothing,510.46,222.22,3,0.0,399,5,1531.38,864.72
1804,Customer_130,41,Luxor,2022-03-28,0,13850,2022-03-28,Express,128,Product_128,Sports,265.39,113.92,4,0.2,375,6,849.25,393.57
1098,Customer_131,42,Giza,2022-11-01,0,13973,2022-11-01,Express,138,Product_138,Home Appliances,56.34,28.0,2,0.2,700,4,90.14,34.14
1683,Customer_132,29,Luxor,2021-03-25,1,11375,2021-03-25,Express,131,Product_131,Clothing,1456.84,860.41,4,0.0,1334,2,5827.36,2385.72
1725,Customer_133,33,Alexandria,2020-10-10,0,13534,2020-10-10,Express,109,Product_109,Clothing,1418.07,869.59,4,0.0,504,9,5672.28,2193.92
1960,Customer_134,36,Mansoura,2022-11-09,1,13915,2022-11-09,Same Day,108,Product_108,Sports,751.29,499.14,4,0.05,784,2,2854.9,858.34
1612,Customer_135,43,Luxor,2022-10-07,0,12367,2022-10-07,Standard,146,Product_146,Home Appliances,1492.83,429.515,5,0.0,521,7,7464.15,5316.58
2485,Customer_136,39,Mansoura,2020-05-07,0,10356,2020-05-07,Standard,119,Product_119,Sports,1026.8,531.91,3,0.0,527,4,3080.4,1484.67
1642,Customer_137,57,Aswan,2020-04-06,1,10092,2020-04-06,Express,108,Product_108,Sports,149.84,76.07,3,0.0,1731,1,449.52,221.31
2028,Customer_138,52,Alexandria,2020-08-12,0,12742,2020-08-12,Same Day,134,Product_134,Home Appliances,220.69,144.35,1,0.0,999,3,220.69,76.34
2241,Customer_139,37,Giza,2020-09-11,0,11323,2020-09-11,Standard,104,Product_104,Home Appliances,1378.36,850.65,2,0.05,478,5,2618.88,917.58
1502,Customer_140,60,Mansoura,2023-09-07,0,13797,2023-09-07,Express,131,Product_131,Electronics,963.58,647.17,4,0.0,542,3,3854.32,1265.64
1766,Customer_141,68,Alexandria,2020-11-23,1,11517,2020-11-23,Same Day,138,Product_138,Sports,1272.62,877.1,2,0.2,1174,5,2036.19,281.99
1397,Customer_142,9,Mansoura,2023-10-25,0,11677,2023-10-25,Standard,103,Product_103,Home Appliances,1352.49,662.74,3,0.0,434,5,4057.47,2069.25
1870,Customer_143,53,Luxor,2022-05-14,0,13666,2022-05-14,Same Day,135,Product_135,Clothing,699.52,390.96,3,0.0,694,4,2098.56,925.68
1794,Customer_144,29,Alexandria,2023-06-05,1,11412,2023-06-05,Express,119,Product_119,Electronics,120.36,70.96,4,0.0,606,3,481.44,197.6
1392,Customer_145,52,Luxor,2020-10-05,0,11634,2020-10-05,Same Day,143,Product_143,Sports,323.01,145.08,5,0.1,350,4,1453.54,728.14
1206,Customer_146,58,Cairo,2022-02-27,1,13864,2022-02-27,Standard,129,Product_129,Home Appliances,146.53,60.96,4,0.2,966,2,468.9,225.06
2038,Customer_147,26,Alexandria,2022-02-20,1,12481,2022-02-20,Standard,110,Product_110,Electronics,323.67,213.73,4,0.05,881,3,1229.95,375.03
1891,Customer_148,12,Mansoura,2023-05-05,0,11125,2023-05-05,Same Day,112,Product_112,Electronics,645.27,361.78,1,0.0,431,5,645.27,283.49
2484,Customer_149,52,Cairo,2022-08-16,1,10840,2022-08-16,Standard,146,Product_146,Clothing,221.39,126.47,5,0.2,869,2,885.56,253.21
1863,Customer_150,42,Luxor,2022-12-19,0,11401,2022-12-19,Same Day,130,Product_130,Electronics,291.76,165.27,2,0.2,355,4,466.82,136.28
1742,Customer_151,14,Luxor,2021-05-29,1,11606,2021-05-29,Same Day,130,Product_130,Sports,696.44,436.31,5,0.0,1313,2,3482.2,1300.65
2264,Customer_152,77,Mansoura,2023-02-07,0,13956,2023-02-07,Express,118,Product_118,Home Appliances,543.25,241.01,4,0.0,694,3,2173.0,1208.96
1563,Customer_153,49,Cairo,2020-01-24,1,13409,2020-01-24,Express,124,Product_124,Electronics,728.1,425.37,4,0.0,737,4,2912.4,1210.92
2020,Customer_154,50,Aswan,2023-10-25,0,13071,2023-10-25,Same Day,132,Product_132,Electronics,672.3,363.61,4,0.0,434,3,2689.2,1234.76
1095,Customer_155,60,Giza,2024-01-16,1,10897,2024-01-16,Standard,109,Product_109,Sports,984.49,658.71,4,0.2,351,4,3150.37,515.53
1484,Customer_156,31,Mansoura,2020-08-22,0,12931,2020-08-22,Express,147,Product_147,Clothing,1408.92,783.2,4,0.0,440,8,5635.68,2502.88
2430,Customer_157,41,Luxor,2023-10-28,0,12825,2023-10-28,Standard,124,Product_124,Clothing,206.4,140.95,5,0.0,399,4,1032.0,327.25
1230,Customer_158,20,Alexandria,2023-04-01,0,10491,2023-04-01,Same Day,126,Product_126,Home Appliances,193.93,98.12,4,0.0,511,4,775.72,383.24
1748,Customer_159,30,Cairo,2021-06-30,0,13713,2021-06-30,Standard,103,Product_103,Sports,1286.57,887.82,3,0.0,792,3,3859.71,1196.25
2194,Customer_160,45,Aswan,2023-08-05,0,13131,2023-08-05,Standard,123,Product_123,Clothing,784.28,519.62,3,0.05,515,2,2235.2,676.34
1540,Customer_161,15,Giza,2021-11-27,0,12860,2021-11-27,Same Day,111,Product_111,Home Appliances,1161.29,668.07,1,0.0,502,4,1161.29,493.22
2059,Customer_162,30,Alexandria,2020-08-16,1,11532,2020-08-16,Express,110,Product_110,Home Appliances,362.36,183.4,2,0.0,1599,1,724.72,357.92
1524,Customer_163,26,Cairo,2021-08-24,0,12439,2021-08-24,Express,136,Product_136,Clothing,1251.85,641.92,3,0.2,1226,3,3004.44,1078.68
2183,Customer_164,42,Aswan,2022-06-09,0,11977,2022-06-09,Standard,113,Product_113,Sports,1389.58,877.97,1,0.05,448,3,1320.1,442.13
2266,Customer_165,48,Mansoura,2020-11-19,1,13190,2020-11-19,Same Day,129,Product_129,Electronics,971.45,557.8,5,0.0,1107,3,4857.25,2068.25
2109,Customer_166,51,Aswan,2022-07-18,0,11798,2022-07-18,Same Day,138,Product_138,Clothing,203.52,105.93,2,0.0,622,5,407.04,195.18
1577,Customer_167,54,Mansoura,2020-01-07,1,11494,2020-01-07,Express,113,Product_113,Electronics,1348.18,796.53,4,0.0,776,4,5392.72,2206.6
1681,Customer_168,60,Cairo,2024-01-18,0,11351,2024-01-18,Same Day,126,Product_126,Electronics,1199.11,743.41,4,0.05,349,4,4556.62,1582.98
1556,Customer_169,49,Aswan,2024-01-13,0,12068,2024-01-13,Same Day,120,Product_120,Sports,1138.77,463.33,5,0.1,354,5,5124.46,2807.81
2012,Customer_170,68,Giza,2021-06-23,0,11120,2021-06-23,Standard,105,Product_105,Sports,103.26,44.09,2,0.0,682,5,206.52,118.34
1645,Customer_171,41,Aswan,2022-10-22,0,11838,2022-10-22,Standard,120,Product_120,Home Appliances,1208.5,517.66,3,0.0,344,7,3625.5,2072.52
1795,Customer_172,37,Cairo,2020-12-31,1,12560,2020-12-31,Express,114,Product_114,Sports,250.03,117.41,2,0.0,1462,3,500.06,265.24
2051,Customer_173,49,Alexandria,2022-11-05,1,12955,2022-11-05,Express,145,Product_145,Home Appliances,372.46,196.7,1,0.0,788,3,372.46,175.76
2363,Customer_174,36,Alexandria,2020-05-08,0,12762,2020-05-08,Standard,114,Product_114,Clothing,886.85,568.56,5,0.0,645,4,4434.25,1591.45
2354,Customer_175,67,Aswan,2023-04-07,0,12991,2023-04-07,Same Day,108,Product_108,Electronics,434.22,219.42,3,0.0,415,3,1302.66,644.4
2371,Customer_176,56,Aswan,2021-03-09,1,11663,2021-03-09,Same Day,148,Product_148,Sports,1008.95,408.87,2,0.0,870,3,2017.9,1200.16
2496,Customer_177,51,Mansoura,2023-01-08,0,12397,2023-01-08,Standard,113,Product_113,Clothing,931.7,507.78,2,0.05,519,3,1770.23,754.67
2254,Customer_178,41,Cairo,2022-11-05,0,13203,2022-11-05,Standard,124,Product_124,Home Appliances,206.82,144.56,3,0.0,788,5,620.46,186.78
1189,Customer_179,33,Mansoura,2023-01-06,0,10545,2023-01-06,Standard,115,Product_115,Sports,1001.22,505.32,1,0.05,580,6,951.16,445.84
2248,Customer_180,50,Giza,2021-11-02,0,10598,2021-11-02,Standard,101,Product_101,Electronics,1389.73,956.66,1,0.0,333,4,1389.73,433.07
2408,Customer_181,23,Alexandria,2020-09-11,0,12079,2020-09-11,Same Day,122,Product_122,Clothing,283.61,122.07,2,0.05,456,5,538.86,294.72
2400,Customer_182,63,Luxor,2022-02-04,1,12044,2022-02-04,Same Day,134,Product_134,Sports,915.74,413.85,4,0.0,762,5,3662.96,2007.56
2306,Customer_183,37,Luxor,2020-11-26,0,10258,2020-11-26,Express,140,Product_140,Sports,545.7,336.83,3,0.0,594,6,1637.1,626.61
1632,Customer_184,44,Cairo,2023-01-09,0,10475,2023-01-09,Standard,103,Product_103,Clothing,716.44,394.3,1,0.0,723,4,716.44,322.14
1627,Customer_185,26,Cairo,2022-12-22,0,13907,2022-12-22,Express,126,Product_126,Home Appliances,466.15,293.46,1,0.0,729,5,466.15,172.69
1972,Customer_186,50,Luxor,2020-02-01,1,12872,2020-02-01,Same Day,114,Product_114,Home Appliances,563.49,371.38,1,0.1,1335,5,507.14,135.76
2282,Customer_187,33,Cairo,2023-05-11,1,11905,2023-05-11,Express,141,Product_141,Sports,91.92,43.69,5,0.0,601,3,459.6,241.15
2382,Customer_188,49,Alexandria,2021-10-25,1,13019,2021-10-25,Same Day,108,Product_108,Home Appliances,1473.25,891.09,4,0.0,907,6,5893.0,2328.64
1709,Customer_189,51,Giza,2022-09-27,0,10919,2022-09-27,Same Day,149,Product_149,Home Appliances,955.96,556.64,1,0.0,677,5,955.96,399.32
2479,Customer_190,30,Giza,2020-02-09,0,12080,2020-02-09,Express,116,Product_116,Clothing,776.02,510.98,4,0.2,378,3,2483.26,439.34
2434,Customer_191,23,Mansoura,2020-08-17,0,12946,2020-08-17,Express,142,Product_142,Home Appliances,606.39,320.8,2,0.0,751,4,1212.78,571.18
1648,Customer_192,62,Alexandria,2022-01-13,0,10387,2022-01-13,Standard,121,Product_121,Home Appliances,832.09,345.78,2,0.0,504,4,1664.18,972.62
1317,Customer_193,37,Cairo,2021-09-21,0,13869,2021-09-21,Same Day,110,Product_110,Clothing,601.15,344.01,5,0.1,377,6,2705.18,985.13
2248,Customer_194,43,Cairo,2021-05-05,0,11861,2021-05-05,Standard,125,Product_125,Sports,571.87,393.25,4,0.0,333,4,2287.48,714.48
2257,Customer_195,47,Mansoura,2020-04-28,1,13632,2020-04-28,Standard,138,Product_138,Sports,722.72,292.26,3,0.0,625,3,2168.16,1291.38
1683,Customer_196,21,Mansoura,2021-05-08,1,10797,2021-05-08,Same Day,122,Product_122,Clothing,450.18,429.515,5,0.0,1334,2,2250.9,103.33
1663,Customer_197,46,Cairo,2023-07-03,0,12503,2023-07-03,Express,149,Product_149,Electronics,311.07,429.515,1,0.0,521,6,311.07,-118.44
2397,Customer_198,41,Cairo,2020-10-06,0,11617,2020-10-06,Standard,148,Product_148,Clothing,857.08,539.75,2,0.0,995,3,1714.16,634.66
2495,Customer_199,30,Alexandria,2020-06-24,1,13215,2020-06-24,Standard,147,Product_147,Electronics,1272.01,632.17,2,0.0,1212,3,2544.02,1279.68
2256,Customer_200,22,Mansoura,2024-02-07,0,11925,2024-02-07,Same Day,146,Product_146,Home Appliances,271.6,128.12,3,0.2,329,8,651.84,267.48
2136,Customer_201,49,Alexandria,2022-09-22,0,11815,2022-09-22,Express,104,Product_104,Sports,97.46,57.95,5,0.05,428,7,462.93,173.18
1441,Customer_202,56,Aswan,2020-05-21,0,13954,2020-05-21,Express,104,Product_104,Electronics,407.88,168.83,4,0.2,686,5,1305.22,629.9
1563,Customer_203,42,Cairo,2022-12-26,1,11627,2022-12-26,Standard,130,Product_130,Electronics,1470.59,663.5,2,0.0,737,4,2941.18,1614.18
2291,Customer_204,18,Luxor,2020-09-14,0,12271,2020-09-14,Same Day,102,Product_102,Home Appliances,1251.7,429.515,1,0.0,586,6,1251.7,822.18
2409,Customer_205,24,Luxor,2020-09-19,0,10216,2020-09-19,Standard,129,Product_129,Sports,914.01,463.11,3,0.2,541,4,2193.62,804.29
2410,Customer_206,33,Aswan,2023-09-13,1,12203,2023-09-13,Express,143,Product_143,Home Appliances,1397.41,704.5,3,0.0,476,3,4192.23,2078.73
2136,Customer_207,63,Cairo,2022-08-31,0,10788,2022-08-31,Standard,136,Product_136,Sports,695.65,300.91,3,0.05,428,7,1982.6,1079.87
1951,Customer_208,36,Mansoura,2023-01-30,0,11543,2023-01-30,Same Day,121,Product_121,Sports,1475.76,750.06,1,0.0,702,5,1475.76,725.7
2104,Customer_209,32,Luxor,2020-12-04,1,12083,2020-12-04,Standard,121,Product_121,Home Appliances,479.64,306.68,3,0.05,735,5,1366.97,446.93
1698,Customer_210,14,Mansoura,2021-06-26,0,12683,2021-06-26,Express,148,Product_148,Electronics,398.44,208.84,4,0.2,487,3,1275.01,439.65
1112,Customer_211,30,Luxor,2022-12-16,0,12056,2022-12-16,Same Day,121,Product_121,Clothing,975.17,561.55,4,0.0,446,6,3900.68,1654.48
1001,Customer_212,21,Mansoura,2023-05-27,0,11063,2023-05-27,Same Day,104,Product_104,Sports,598.32,268.69,5,0.0,585,5,2991.6,1648.15
1641,Customer_213,24,Luxor,2022-05-16,1,13540,2022-05-16,Same Day,101,Product_101,Sports,958.23,403.33,5,0.0,961,2,4791.15,2774.5
1219,Customer_214,41,Mansoura,2021-09-03,1,12226,2021-09-03,Same Day,126,Product_126,Clothing,492.24,326.84,4,0.0,1216,3,1968.96,661.6
1854,Customer_215,33,Aswan,2023-01-09,0,11664,2023-01-09,Same Day,102,Product_102,Clothing,945.98,472.43,1,0.0,723,2,945.98,473.55
2248,Customer_216,65,Alexandria,2024-02-03,0,13006,2024-02-03,Standard,109,Product_109,Home Appliances,449.83,227.21,5,0.0,333,4,2249.15,1113.1
1384,Customer_217,56,Mansoura,2023-11-13,0,12548,2023-11-13,Same Day,145,Product_145,Sports,123.91,82.19,3,0.0,395,2,371.73,125.16
2426,Customer_218,30,Alexandria,2021-02-15,0,10372,2021-02-15,Express,118,Product_118,Home Appliances,1372.6,840.49,4,0.0,408,4,5490.4,2128.44
2153,Customer_219,26,Alexandria,2023-12-31,0,13139,2023-12-31,Same Day,148,Product_148,Clothing,1330.65,834.16,2,0.0,367,5,2661.3,992.98
2076,Customer_220,60,Cairo,2021-09-30,0,10969,2021-09-30,Express,148,Product_148,Home Appliances,1457.66,881.3,1,0.0,827,6,1457.66,576.36
1729,Customer_221,64,Aswan,2022-03-28,0,11689,2022-03-28,Express,142,Product_142,Sports,1088.96,470.15,1,0.0,592,3,1088.96,618.81
2439,Customer_222,7,Alexandria,2023-07-10,1,11447,2023-07-10,Express,141,Product_141,Electronics,1039.95,714.86,4,0.05,452,5,3951.81,1092.37
1246,Customer_223,41,Giza,2023-08-23,1,10514,2023-08-23,Express,111,Product_111,Electronics,860.55,578.93,2,0.1,497,4,1548.99,391.13
1835,Customer_224,36,Alexandria,2022-03-02,0,10363,2022-03-02,Express,125,Product_125,Sports,232.62,109.53,1,0.0,559,5,232.62,123.09
2462,Customer_225,49,Mansoura,2022-06-16,1,11913,2022-06-16,Standard,126,Product_126,Home Appliances,324.39,208.0,5,0.0,930,3,1621.95,581.95
1202,Customer_226,69,Alexandria,2022-11-25,0,12824,2022-11-25,Express,136,Product_136,Clothing,469.73,245.58,2,0.05,420,4,892.49,401.33
2207,Customer_227,32,Mansoura,2022-07-13,0,11951,2022-07-13,Express,142,Product_142,Clothing,1340.73,811.32,3,0.0,702,3,4022.19,1588.23
1122,Customer_228,9,Mansoura,2020-09-04,1,11474,2020-09-04,Express,135,Product_135,Electronics,300.81,429.515,5,0.0,697,2,1504.05,-643.52
1400,Customer_229,48,Giza,2021-05-22,0,11539,2021-05-22,Standard,138,Product_138,Home Appliances,1388.17,779.55,2,0.0,438,9,2776.34,1217.24
1766,Customer_230,60,Alexandria,2021-05-04,1,10773,2021-05-04,Same Day,103,Product_103,Clothing,808.04,353.91,4,0.0,1174,5,3232.16,1816.52
1293,Customer_231,35,Alexandria,2020-05-11,1,10328,2020-05-11,Express,141,Product_141,Clothing,1087.58,609.97,1,0.0,1682,2,1087.58,477.61
1279,Customer_232,29,Luxor,2021-11-23,0,10793,2021-11-23,Standard,135,Product_135,Sports,209.85,99.28,5,0.2,661,2,839.4,343.0
1883,Customer_233,41,Luxor,2020-02-13,0,13969,2020-02-13,Standard,140,Product_140,Home Appliances,440.1,235.78,4,0.0,348,5,1760.4,817.28
1197,Customer_234,52,Cairo,2023-04-19,0,10961,2023-04-19,Standard,122,Product_122,Home Appliances,1439.85,864.47,2,0.2,623,6,2303.76,574.82
1981,Customer_235,33,Mansoura,2023-08-02,0,12417,2023-08-02,Same Day,108,Product_108,Clothing,435.92,289.07,3,0.0,413,4,1307.76,440.55
1751,Customer_236,41,Giza,2021-04-16,1,10596,2021-04-16,Standard,115,Product_115,Home Appliances,479.96,215.78,1,0.1,1051,3,431.96,216.18
1143,Customer_237,40,Luxor,2023-04-20,1,11877,2023-04-20,Express,145,Product_145,Home Appliances,336.52,224.79,1,0.0,468,3,336.52,111.73
1608,Customer_238,38,Alexandria,2021-03-27,0,11410,2021-03-27,Express,107,Product_107,Home Appliances,237.16,122.61,5,0.0,754,2,1185.8,572.75
2224,Customer_239,50,Cairo,2020-01-15,0,13618,2020-01-15,Express,119,Product_119,Sports,388.22,253.56,4,0.05,878,5,1475.24,461.0
2147,Customer_240,32,Giza,2020-05-25,0,11137,2020-05-25,Same Day,140,Product_140,Clothing,981.37,543.45,2,0.1,654,6,1766.47,679.57
1186,Customer_241,33,Aswan,2023-12-20,0,10570,2023-12-20,Standard,142,Product_142,Electronics,710.28,467.83,2,0.0,378,4,1420.56,484.9
2349,Customer_242,51,Alexandria,2023-07-16,1,11061,2023-07-16,Express,117,Product_117,Home Appliances,852.95,510.79,4,0.05,535,5,3241.21,1198.05
1463,Customer_243,25,Alexandria,2020-04-30,0,11568,2020-04-30,Express,101,Product_101,Clothing,227.43,125.68,1,0.0,390,2,227.43,101.75
2372,Customer_244,26,Aswan,2021-04-13,0,10376,2021-04-13,Express,145,Product_145,Electronics,1213.07,598.97,4,0.05,369,7,4609.67,2213.79
1659,Customer_245,21,Mansoura,2020-05-18,0,13470,2020-05-18,Same Day,129,Product_129,Sports,1186.94,819.79,2,0.05,1016,3,2255.19,615.61
1763,Customer_246,52,Mansoura,2020-05-03,0,13274,2020-05-03,Express,113,Product_113,Clothing,81.31,52.06,4,0.0,403,5,325.24,117.0
1954,Customer_247,38,Luxor,2021-11-07,0,13273,2021-11-07,Standard,148,Product_148,Sports,606.1,311.75,1,0.0,741,5,606.1,294.35
1402,Customer_248,20,Luxor,2020-05-25,0,12147,2020-05-25,Standard,129,Product_129,Clothing,149.72,67.38,5,0.0,571,3,748.6,411.7
2369,Customer_249,52,Alexandria,2022-11-18,1,13469,2022-11-18,Same Day,141,Product_141,Sports,1198.55,759.71,1,0.2,540,4,958.84,199.13
1146,Customer_250,31,Alexandria,2021-05-02,0,13521,2021-05-02,Same Day,142,Product_142,Clothing,1119.04,779.95,3,0.0,660,5,3357.12,1017.27
2171,Customer_251,26,Luxor,2021-07-24,1,11836,2021-07-24,Same Day,106,Product_106,Sports,1357.88,429.515,3,0.0,1069,4,4073.64,2785.1
1863,Customer_252,37,Aswan,2023-02-10,0,12863,2023-02-10,Standard,105,Product_105,Electronics,392.79,265.04,4,0.0,355,4,1571.16,511.0
1488,Customer_253,62,Luxor,2022-09-21,1,11963,2022-09-21,Same Day,134,Product_134,Clothing,711.63,311.42,1,0.05,756,6,676.05,364.63
1928,Customer_254,34,Alexandria,2021-03-14,0,12165,2021-03-14,Same Day,111,Product_111,Electronics,317.51,217.7,1,0.0,381,6,317.51,99.81
1550,Customer_255,48,Giza,2023-09-01,1,12468,2023-09-01,Standard,109,Product_109,Home Appliances,588.29,429.515,2,0.05,441,3,1117.75,258.72
1337,Customer_256,50,Alexandria,2020-09-27,0,11266,2020-09-27,Express,138,Product_138,Electronics,807.25,406.84,5,0.2,352,8,3229.0,1194.8
1871,Customer_257,46,Giza,2024-01-21,0,10540,2024-01-21,Same Day,140,Product_140,Clothing,127.33,62.57,1,0.0,346,4,127.33,64.76
1640,Customer_258,59,Giza,2023-03-15,0,11250,2023-03-15,Express,141,Product_141,Electronics,1086.56,644.36,4,0.0,329,2,4346.24,1768.8
1472,Customer_259,29,Alexandria,2023-03-26,0,13572,2023-03-26,Express,109,Product_109,Clothing,837.78,484.28,2,0.2,467,2,1340.45,371.89
1150,Customer_260,24,Cairo,2022-08-26,0,11875,2022-08-26,Express,108,Product_108,Sports,1251.99,845.95,2,0.0,459,4,2503.98,812.08
2438,Customer_261,24,Luxor,2021-12-05,0,11236,2021-12-05,Express,144,Product_144,Home Appliances,444.08,279.71,4,0.05,914,4,1687.5,568.66
2321,Customer_262,37,Mansoura,2022-08-26,0,12977,2022-08-26,Same Day,140,Product_140,Electronics,1359.82,764.37,4,0.05,859,2,5167.32,2109.84
1262,Customer_263,25,Alexandria,2022-04-13,1,12746,2022-04-13,Same Day,103,Product_103,Home Appliances,1498.11,1016.12,1,0.0,735,3,1498.11,481.99
1143,Customer_264,42,Giza,2021-01-24,1,10112,2021-01-24,Same Day,113,Product_113,Electronics,1382.98,799.11,1,0.0,468,3,1382.98,583.87
1345,Customer_265,41,Alexandria,2020-12-07,1,10372,2020-12-07,Standard,119,Product_119,Clothing,1177.94,771.44,2,0.0,1042,3,2355.88,813.0
1623,Customer_266,55,Luxor,2020-07-17,0,12346,2020-07-17,Standard,134,Product_134,Electronics,1227.93,800.96,2,0.0,556,5,2455.86,853.94
2016,Customer_267,44,Aswan,2023-09-11,0,11696,2023-09-11,Express,132,Product_132,Home Appliances,881.93,595.97,5,0.0,478,6,4409.65,1429.8
1880,Customer_268,33,Giza,2022-01-06,0,11042,2022-01-06,Standard,149,Product_149,Electronics,325.72,136.89,2,0.0,598,10,651.44,377.66
1001,Customer_269,46,Mansoura,2021-12-26,0,10775,2021-12-26,Express,116,Product_116,Home Appliances,1031.71,593.38,4,0.0,585,5,4126.84,1753.32
1896,Customer_270,24,Mansoura,2022-05-17,1,10670,2022-05-17,Express,136,Product_136,Home Appliances,1083.49,585.65,4,0.0,462,2,4333.96,1991.36
2327,Customer_271,39,Mansoura,2022-04-21,0,10010,2022-04-21,Same Day,118,Product_118,Clothing,1478.81,809.15,5,0.0,365,7,7394.05,3348.3
1253,Customer_272,44,Aswan,2022-08-14,0,10007,2022-08-14,Same Day,114,Product_114,Sports,834.89,449.15,3,0.2,605,6,2003.74,656.29
1452,Customer_273,41,Cairo,2024-02-02,0,13224,2024-02-02,Standard,130,Product_130,Sports,443.49,429.515,3,0.0,334,5,1330.47,41.92
2060,Customer_274,46,Giza,2020-04-20,1,13696,2020-04-20,Same Day,102,Product_102,Electronics,1041.33,516.01,4,0.0,1582,2,4165.32,2101.28
2183,Customer_275,30,Aswan,2023-11-10,0,13731,2023-11-10,Standard,113,Product_113,Home Appliances,1470.09,792.12,3,0.2,448,3,3528.22,1151.86
2014,Customer_276,57,Giza,2023-08-31,0,11573,2023-08-31,Same Day,127,Product_127,Clothing,306.96,141.26,3,0.0,434,8,920.88,497.1
1008,Customer_277,67,Aswan,2023-08-16,0,13206,2023-08-16,Same Day,117,Product_117,Sports,522.7,248.55,5,0.2,504,2,2090.8,848.05
2256,Customer_278,15,Aswan,2020-07-20,0,11396,2020-07-20,Standard,131,Product_131,Clothing,835.73,499.87,2,0.0,329,8,1671.46,671.72
2122,Customer_279,21,Cairo,2020-04-05,0,10460,2020-04-05,Express,115,Product_115,Clothing,296.81,129.14,2,0.1,541,9,534.26,275.98
1815,Customer_280,40,Giza,2022-04-04,1,13306,2022-04-04,Standard,120,Product_120,Home Appliances,82.22,37.52,3,0.0,439,6,246.66,134.1
1207,Customer_281,36,Aswan,2024-01-31,0,12302,2024-01-31,Same Day,105,Product_105,Electronics,538.63,300.78,1,0.1,336,5,484.77,183.99
2154,Customer_282,68,Cairo,2021-11-25,1,12633,2021-11-25,Express,107,Product_107,Home Appliances,1304.79,539.05,5,0.1,1123,4,5871.56,3176.31
1403,Customer_283,43,Alexandria,2020-08-11,1,11351,2020-08-11,Same Day,118,Product_118,Sports,113.03,49.52,3,0.0,1302,5,339.09,190.53
1151,Customer_284,60,Luxor,2021-05-24,1,10361,2021-05-24,Same Day,111,Product_111,Sports,671.95,442.82,1,0.0,771,3,671.95,229.13
1053,Customer_285,9,Aswan,2021-01-27,0,11397,2021-01-27,Same Day,132,Product_132,Clothing,1155.19,755.31,1,0.05,535,5,1097.43,342.12
2143,Customer_286,52,Mansoura,2021-01-24,0,13050,2021-01-24,Express,127,Product_127,Home Appliances,1432.11,722.26,5,0.0,370,7,7160.55,3549.25
1627,Customer_287,29,Cairo,2023-03-01,0,10787,2023-03-01,Same Day,126,Product_126,Home Appliances,1478.94,745.97,2,0.05,729,5,2809.99,1318.05
1586,Customer_288,29,Cairo,2022-07-07,1,10208,2022-07-07,Standard,137,Product_137,Clothing,661.86,450.7,4,0.0,909,2,2647.44,844.64
2443,Customer_289,36,Aswan,2020-10-14,1,10266,2020-10-14,Standard,145,Product_145,Electronics,1428.06,582.29,1,0.2,1212,4,1142.45,560.16
2445,Customer_290,18,Cairo,2022-05-14,0,10655,2022-05-14,Standard,128,Product_128,Clothing,101.36,58.19,4,0.0,495,4,405.44,172.68
1103,Customer_291,46,Alexandria,2021-01-10,0,10996,2021-01-10,Express,102,Product_102,Clothing,1131.58,655.43,4,0.0,425,6,4526.32,1904.6
1253,Customer_292,42,Cairo,2021-07-24,0,10553,2021-07-24,Standard,120,Product_120,Sports,981.98,624.9,5,0.0,605,6,4909.9,1785.4
2250,Customer_293,43,Luxor,2022-05-08,0,12783,2022-05-08,Same Day,104,Product_104,Home Appliances,411.81,282.31,2,0.0,625,5,823.62,259.0
2135,Customer_294,53,Luxor,2021-05-26,0,13929,2021-05-26,Express,113,Product_113,Sports,785.61,398.11,5,0.0,511,3,3928.05,1937.5
1509,Customer_295,62,Mansoura,2020-06-03,1,11529,2020-06-03,Same Day,124,Product_124,Clothing,237.85,126.38,1,0.0,800,3,237.85,111.47
2496,Customer_296,34,Alexandria,2022-06-26,0,11587,2022-06-26,Same Day,148,Product_148,Home Appliances,1313.82,790.12,2,0.0,519,3,2627.64,1047.4
1098,Customer_297,47,Luxor,2023-02-01,0,10420,2023-02-01,Same Day,138,Product_138,Clothing,568.95,392.68,3,0.1,700,4,1536.17,358.13
1152,Customer_298,44,Aswan,2020-07-19,1,12355,2020-07-19,Standard,140,Product_140,Clothing,957.76,639.05,2,0.0,1253,3,1915.52,637.42
1913,Customer_299,45,Giza,2020-04-13,0,12184,2020-04-13,Standard,148,Product_148,Electronics,280.23,168.17,5,0.05,350,4,1331.09,490.24
1877,Customer_300,45,Giza,2023-08-28,0,11442,2023-08-28,Express,145,Product_145,Sports,348.94,229.26,5,0.0,492,1,1744.7,598.4
1337,Customer_301,63,Giza,2023-12-01,0,12242,2023-12-01,Express,129,Product_129,Sports,1488.34,633.38,4,0.0,352,8,5953.36,3419.84
1821,Customer_302,33,Aswan,2020-01-31,0,11118,2020-01-31,Standard,136,Product_136,Clothing,1141.98,585.99,3,0.0,673,7,3425.94,1667.97
2186,Customer_303,17,Cairo,2020-10-07,0,11513,2020-10-07,Standard,102,Product_102,Electronics,1444.86,583.62,2,0.0,338,5,2889.72,1722.48
1956,Customer_304,29,Aswan,2021-04-29,0,11926,2021-04-29,Same Day,141,Product_141,Clothing,478.98,217.09,3,0.0,335,7,1436.94,785.67
1160,Customer_305,51,Cairo,2020-12-06,0,13329,2020-12-06,Standard,118,Product_118,Clothing,288.62,429.515,4,0.0,959,4,1154.48,-563.58
1800,Customer_306,40,Giza,2022-12-04,0,11048,2022-12-04,Same Day,149,Product_149,Clothing,779.45,518.86,3,0.0,484,4,2338.35,781.77
1397,Customer_307,32,Mansoura,2022-09-21,0,11255,2022-09-21,Standard,108,Product_108,Electronics,767.27,452.56,3,0.0,434,5,2301.81,944.13
2300,Customer_308,23,Mansoura,2022-09-12,1,13403,2022-09-12,Same Day,115,Product_115,Home Appliances,303.67,181.97,2,0.0,497,5,607.34,243.4
1815,Customer_309,43,Cairo,2021-03-13,1,12653,2021-03-13,Standard,141,Product_141,Electronics,1113.17,479.94,3,0.0,439,6,3339.51,1899.69
2415,Customer_310,49,Giza,2022-01-04,0,13061,2022-01-04,Standard,117,Product_117,Clothing,574.58,344.44,4,0.0,327,6,2298.32,920.56
2158,Customer_311,44,Aswan,2020-04-30,1,12909,2020-04-30,Express,123,Product_123,Home Appliances,320.23,171.74,1,0.0,1707,1,320.23,148.49
2218,Customer_312,36,Mansoura,2020-12-03,0,10220,2020-12-03,Express,102,Product_102,Clothing,531.38,316.4,1,0.0,505,4,531.38,214.98
1400,Customer_313,42,Cairo,2022-02-15,0,12344,2022-02-15,Same Day,106,Product_106,Electronics,867.31,431.79,5,0.0,438,9,4336.55,2177.6
1639,Customer_314,42,Aswan,2020-05-01,1,11226,2020-05-01,Express,129,Product_129,Electronics,1103.38,633.83,1,0.0,1264,4,1103.38,469.55
2056,Customer_315,42,Giza,2022-10-03,0,13058,2022-10-03,Express,127,Product_127,Home Appliances,748.74,394.75,2,0.0,1028,4,1497.48,707.98
1687,Customer_316,22,Alexandria,2021-06-27,0,11971,2021-06-27,Standard,137,Product_137,Electronics,812.11,460.95,5,0.0,562,5,4060.55,1755.8
1459,Customer_317,42,Giza,2022-07-20,0,10342,2022-07-20,Same Day,149,Product_149,Clothing,251.47,429.515,1,0.0,338,6,251.47,-178.04
1954,Customer_318,41,Giza,2021-08-07,0,10592,2021-08-07,Express,134,Product_134,Home Appliances,1376.3,713.95,1,0.05,741,5,1307.48,593.53
1469,Customer_319,55,Aswan,2022-05-16,0,11228,2022-05-16,Express,118,Product_118,Sports,1396.65,715.48,5,0.0,574,2,6983.25,3405.85
2398,Customer_320,41,Aswan,2023-11-27,1,11984,2023-11-27,Standard,142,Product_142,Clothing,1040.97,646.36,2,0.0,367,2,2081.94,789.22
2045,Customer_321,52,Luxor,2024-05-02,0,10891,2024-05-02,Standard,110,Product_110,Sports,75.57,46.24,5,0.0,331,5,377.85,146.65
1749,Customer_322,35,Luxor,2023-02-12,0,12124,2023-02-12,Standard,138,Product_138,Home Appliances,828.76,557.47,2,0.0,442,3,1657.52,542.58
1037,Customer_323,36,Aswan,2023-09-17,0,11573,2023-09-17,Same Day,144,Product_144,Home Appliances,962.37,567.43,2,0.2,450,3,1539.79,404.93
1229,Customer_324,62,Aswan,2024-01-11,0,10706,2024-01-11,Standard,117,Product_117,Clothing,1492.25,737.71,4,0.05,328,4,5670.55,2719.71
2388,Customer_325,46,Alexandria,2022-09-23,1,11999,2022-09-23,Same Day,113,Product_113,Electronics,1494.3,948.83,1,0.0,740,3,1494.3,545.47
1562,Customer_326,29,Alexandria,2020-11-13,1,11065,2020-11-13,Standard,148,Product_148,Clothing,1293.54,429.515,1,0.2,1049,6,1034.83,605.31
1437,Customer_327,53,Giza,2021-01-23,1,13526,2021-01-23,Express,142,Product_142,Electronics,142.55,65.29,3,0.0,937,3,427.65,231.78
2306,Customer_328,32,Mansoura,2021-08-30,0,11205,2021-08-30,Same Day,127,Product_127,Electronics,1432.25,894.04,5,0.0,594,6,7161.25,2691.05
1026,Customer_329,43,Alexandria,2021-03-21,1,10756,2021-03-21,Standard,102,Product_102,Clothing,938.36,412.65,4,0.0,862,3,3753.44,2102.84
1225,Customer_330,67,Giza,2020-04-29,1,11218,2020-04-29,Standard,134,Product_134,Home Appliances,1211.29,549.25,1,0.0,961,3,1211.29,662.04
2300,Customer_331,18,Cairo,2023-01-04,1,12637,2023-01-04,Express,131,Product_131,Clothing,640.43,401.95,3,0.1,497,5,1729.16,523.31
1797,Customer_332,37,Luxor,2023-01-15,0,11855,2023-01-15,Express,123,Product_123,Sports,513.52,324.05,4,0.1,717,4,1848.67,552.47
1283,Customer_333,46,Mansoura,2020-04-05,1,11999,2020-04-05,Express,107,Product_107,Home Appliances,721.7,459.89,2,0.0,472,3,1443.4,523.62
1878,Customer_334,51,Giza,2021-04-10,1,12435,2021-04-10,Standard,138,Product_138,Electronics,262.97,128.33,1,0.0,881,3,262.97,134.64
1959,Customer_335,21,Aswan,2020-04-27,0,12974,2020-04-27,Express,133,Product_133,Home Appliances,567.75,374.7,5,0.0,657,3,2838.75,965.25
1452,Customer_336,16,Cairo,2020-12-04,0,12684,2020-12-04,Express,112,Product_112,Clothing,1293.55,797.86,4,0.05,334,5,4915.49,1724.05
2019,Customer_337,56,Luxor,2023-11-04,1,12188,2023-11-04,Same Day,145,Product_145,Home Appliances,105.03,68.29,3,0.0,355,5,315.09,110.22
1815,Customer_338,29,Cairo,2022-09-03,1,13098,2022-09-03,Same Day,112,Product_112,Electronics,268.77,164.64,5,0.0,439,6,1343.85,520.65
1658,Customer_339,28,Giza,2022-10-26,0,13386,2022-10-26,Same Day,119,Product_119,Electronics,231.42,132.81,2,0.0,768,4,462.84,197.22
1546,Customer_340,63,Alexandria,2022-12-23,1,11344,2022-12-23,Standard,109,Product_109,Home Appliances,634.46,274.61,5,0.1,740,4,2855.07,1482.02
2215,Customer_341,41,Luxor,2020-11-18,0,10447,2020-11-18,Same Day,110,Product_110,Sports,1495.63,917.24,3,0.05,361,3,4262.55,1510.83
2072,Customer_342,41,Cairo,2020-04-26,0,11816,2020-04-26,Standard,117,Product_117,Electronics,301.37,182.97,2,0.0,340,5,602.74,236.8
1016,Customer_343,37,Alexandria,2022-11-06,1,12340,2022-11-06,Express,140,Product_140,Sports,260.95,128.84,3,0.0,683,6,782.85,396.33
2195,Customer_344,21,Mansoura,2020-06-13,1,11777,2020-06-13,Standard,139,Product_139,Electronics,1376.83,854.66,1,0.1,1604,5,1239.15,384.49
2243,Customer_345,50,Giza,2021-01-15,0,13307,2021-01-15,Standard,141,Product_141,Home Appliances,1328.97,751.05,3,0.1,437,8,3588.22,1335.07
1157,Customer_346,46,Giza,2020-05-20,1,12762,2020-05-20,Express,110,Product_110,Electronics,96.75,54.94,5,0.0,1687,1,483.75,209.05
1476,Customer_347,42,Luxor,2023-03-05,0,12504,2023-03-05,Same Day,112,Product_112,Sports,1139.97,429.515,1,0.0,609,4,1139.97,710.46
2069,Customer_348,38,Cairo,2020-05-19,0,12939,2020-05-19,Same Day,115,Product_115,Sports,1000.43,435.22,1,0.2,386,4,800.34,365.12
2396,Customer_349,35,Mansoura,2023-10-14,1,10838,2023-10-14,Same Day,131,Product_131,Home Appliances,1163.22,540.99,4,0.2,445,3,3722.3,1558.34
1517,Customer_350,53,Aswan,2021-04-26,0,12701,2021-04-26,Express,115,Product_115,Sports,767.03,483.73,5,0.05,970,4,3643.39,1224.74
1098,Customer_351,41,Luxor,2022-06-04,0,11629,2022-06-04,Standard,128,Product_128,Sports,1487.5,429.515,5,0.0,700,4,7437.5,5289.92
2060,Customer_352,39,Aswan,2020-09-02,1,10663,2020-09-02,Express,104,Product_104,Home Appliances,113.58,45.51,2,0.05,1582,2,215.8,124.78
1279,Customer_353,47,Luxor,2023-03-12,0,10764,2023-03-12,Express,136,Product_136,Electronics,389.84,272.54,3,0.0,661,2,1169.52,351.9
2372,Customer_354,43,Cairo,2021-05-19,0,13138,2021-05-19,Express,101,Product_101,Home Appliances,624.99,289.5,3,0.1,369,7,1687.47,818.97
1496,Customer_355,64,Mansoura,2023-03-31,0,10175,2023-03-31,Express,144,Product_144,Electronics,702.18,418.93,5,0.0,351,5,3510.9,1416.25
1301,Customer_356,13,Cairo,2023-05-02,0,10509,2023-05-02,Standard,134,Product_134,Electronics,1385.98,939.8,3,0.0,434,6,4157.94,1338.54
1180,Customer_357,44,Giza,2020-03-22,1,13686,2020-03-22,Same Day,147,Product_147,Electronics,862.01,429.515,5,0.0,1388,2,4310.05,2162.48
1606,Customer_358,29,Aswan,2023-06-22,1,13162,2023-06-22,Same Day,117,Product_117,Clothing,115.41,73.83,1,0.05,559,2,109.64,35.81
2122,Customer_359,25,Alexandria,2020-06-16,0,12752,2020-06-16,Express,139,Product_139,Electronics,641.4,444.43,3,0.0,541,9,1924.2,590.91
1699,Customer_360,33,Giza,2022-08-05,0,11189,2022-08-05,Standard,138,Product_138,Home Appliances,653.91,430.34,3,0.0,433,9,1961.73,670.71
1992,Customer_361,40,Giza,2023-09-08,0,10601,2023-09-08,Express,144,Product_144,Home Appliances,1449.96,822.67,5,0.05,385,6,6887.31,2773.96
2139,Customer_362,41,Aswan,2023-04-10,1,10837,2023-04-10,Standard,133,Product_133,Home Appliances,918.84,467.79,5,0.0,632,1,4594.2,2255.25
1190,Customer_363,17,Luxor,2023-03-03,0,13898,2023-03-03,Express,121,Product_121,Clothing,971.69,529.32,2,0.0,670,3,1943.38,884.74
1252,Customer_364,31,Giza,2022-06-12,0,11001,2022-06-12,Same Day,126,Product_126,Sports,1084.22,707.51,3,0.2,621,4,2602.13,479.6
1980,Customer_365,44,Mansoura,2021-09-10,1,13851,2021-09-10,Same Day,146,Product_146,Clothing,1166.56,429.515,4,0.0,1055,4,4666.24,2948.18
1927,Customer_366,26,Giza,2021-06-18,1,13509,2021-06-18,Express,136,Product_136,Home Appliances,970.82,634.68,5,0.05,1013,3,4611.4,1438.0
2184,Customer_367,23,Mansoura,2021-02-22,0,12098,2021-02-22,Same Day,105,Product_105,Home Appliances,393.93,228.15,4,0.0,338,9,1575.72,663.12
2279,Customer_368,6,Cairo,2023-03-10,0,13749,2023-03-10,Express,133,Product_133,Sports,1317.37,715.45,1,0.05,456,4,1251.5,536.05
2346,Customer_369,30,Luxor,2024-06-01,0,12733,2024-06-01,Standard,101,Product_101,Clothing,1111.57,548.45,1,0.05,361,5,1055.99,507.54
1127,Customer_370,22,Mansoura,2021-05-10,1,13810,2021-05-10,Standard,106,Product_106,Home Appliances,1125.71,451.42,4,0.0,740,5,4502.84,2697.16
1017,Customer_371,25,Giza,2021-05-03,1,12313,2021-05-03,Standard,137,Product_137,Electronics,1495.01,940.88,1,0.2,668,2,1196.01,255.13
1565,Customer_372,35,Luxor,2021-06-27,1,13592,2021-06-27,Standard,102,Product_102,Electronics,1213.66,586.32,4,0.0,914,4,4854.64,2509.36
1569,Customer_373,31,Luxor,2022-03-21,0,11110,2022-03-21,Express,105,Product_105,Home Appliances,1252.27,624.76,2,0.05,594,4,2379.31,1129.79
2346,Customer_374,22,Mansoura,2020-09-25,0,12653,2020-09-25,Same Day,126,Product_126,Electronics,1429.54,933.55,2,0.05,361,5,2716.13,849.03
1685,Customer_375,8,Mansoura,2023-07-10,0,12044,2023-07-10,Standard,141,Product_141,Sports,269.14,111.87,1,0.0,452,4,269.14,157.27
1625,Customer_376,44,Alexandria,2023-08-14,0,13123,2023-08-14,Same Day,147,Product_147,Home Appliances,771.7,523.43,4,0.0,506,1,3086.8,993.08
2311,Customer_377,51,Alexandria,2021-09-06,0,13250,2021-09-06,Express,113,Product_113,Clothing,891.82,357.09,4,0.2,474,6,2853.82,1425.46
1853,Customer_378,34,Luxor,2022-07-25,1,13349,2022-07-25,Same Day,112,Product_112,Home Appliances,527.45,359.59,4,0.0,891,4,2109.8,671.44
1961,Customer_379,36,Aswan,2021-10-09,0,13310,2021-10-09,Same Day,105,Product_105,Sports,1267.13,679.72,1,0.0,347,4,1267.13,587.41
1154,Customer_380,40,Aswan,2020-05-28,1,10584,2020-05-28,Same Day,102,Product_102,Clothing,1155.51,497.61,4,0.0,1517,2,4622.04,2631.6
1489,Customer_381,63,Alexandria,2020-01-20,0,12386,2020-01-20,Express,104,Product_104,Sports,1095.28,659.63,5,0.0,338,6,5476.4,2178.25
2409,Customer_382,16,Giza,2022-07-27,0,11095,2022-07-27,Express,127,Product_127,Electronics,1495.87,1000.37,4,0.1,541,4,5385.13,1383.65
1784,Customer_383,33,Cairo,2023-06-26,0,10373,2023-06-26,Express,110,Product_110,Electronics,426.1,226.44,5,0.0,351,5,2130.5,998.3
2127,Customer_384,14,Luxor,2023-02-27,0,10579,2023-02-27,Same Day,113,Product_113,Electronics,1116.41,678.12,2,0.0,674,6,2232.82,876.58
2416,Customer_385,45,Cairo,2020-07-23,1,10516,2020-07-23,Standard,144,Product_144,Sports,849.54,589.42,5,0.1,876,4,3822.93,875.83
1245,Customer_386,37,Alexandria,2020-05-30,1,13922,2020-05-30,Standard,102,Product_102,Sports,503.83,237.91,2,0.0,1483,3,1007.66,531.84
2199,Customer_387,43,Mansoura,2023-06-01,0,11261,2023-06-01,Same Day,126,Product_126,Home Appliances,282.85,182.76,1,0.0,726,3,282.85,100.09
2062,Customer_388,42,Luxor,2021-03-12,0,13537,2021-03-12,Standard,115,Product_115,Clothing,1349.03,659.1,2,0.1,370,10,2428.25,1110.05
1758,Customer_389,54,Alexandria,2022-11-02,0,10120,2022-11-02,Standard,146,Product_146,Clothing,913.41,482.19,2,0.05,475,7,1735.48,771.1
1537,Customer_390,48,Giza,2021-06-27,1,11436,2021-06-27,Same Day,110,Product_110,Sports,1246.15,603.8,4,0.05,1284,1,4735.37,2320.17
1920,Customer_391,52,Luxor,2020-09-28,0,11746,2020-09-28,Express,122,Product_122,Sports,840.75,429.515,3,0.0,547,7,2522.25,1233.7
1407,Customer_392,24,Luxor,2021-12-15,1,13845,2021-12-15,Standard,140,Product_140,Electronics,368.97,148.15,2,0.0,485,3,737.94,441.64
1524,Customer_393,57,Aswan,2020-05-20,0,12884,2020-05-20,Express,125,Product_125,Sports,539.45,264.89,5,0.0,1226,3,2697.25,1372.8
1827,Customer_394,29,Mansoura,2021-05-15,0,12617,2021-05-15,Standard,115,Product_115,Electronics,603.23,321.88,1,0.0,518,6,603.23,281.35
1902,Customer_395,30,Luxor,2022-01-26,0,10042,2022-01-26,Same Day,113,Product_113,Sports,1460.76,861.37,5,0.0,416,5,7303.8,2996.95
1035,Customer_396,44,Mansoura,2021-06-08,1,11527,2021-06-08,Same Day,108,Product_108,Clothing,58.17,34.39,1,0.0,1244,3,58.17,23.78
1684,Customer_397,44,Alexandria,2020-11-19,0,13268,2020-11-19,Express,121,Product_121,Home Appliances,1479.22,850.75,5,0.0,367,7,7396.1,3142.35
1019,Customer_398,23,Giza,2022-06-16,1,12042,2022-06-16,Express,121,Product_121,Sports,1471.67,718.04,2,0.0,930,2,2943.34,1507.26
1320,Customer_399,37,Giza,2023-01-17,1,12119,2023-01-17,Express,122,Product_122,Electronics,1494.42,1022.51,3,0.0,715,4,4483.26,1415.73
1511,Customer_400,62,Luxor,2023-12-11,0,12138,2023-12-11,Express,146,Product_146,Home Appliances,741.05,383.56,2,0.0,387,2,1482.1,714.98
1399,Customer_401,17,Luxor,2021-09-11,1,13620,2021-09-11,Same Day,133,Product_133,Electronics,1447.52,673.2,4,0.0,844,2,5790.08,3097.28
1653,Customer_402,62,Alexandria,2023-06-06,0,10490,2023-06-06,Same Day,145,Product_145,Electronics,623.62,353.19,5,0.0,575,2,3118.1,1352.15
1971,Customer_403,36,Aswan,2023-01-09,0,11849,2023-01-09,Same Day,127,Product_127,Home Appliances,88.13,55.05,3,0.0,488,3,264.39,99.24
1470,Customer_404,4,Aswan,2022-12-19,0,10748,2022-12-19,Express,140,Product_140,Home Appliances,375.3,151.5,5,0.1,344,7,1688.85,931.35
2166,Customer_405,19,Aswan,2020-01-17,1,13045,2020-01-17,Same Day,122,Product_122,Home Appliances,1420.68,686.05,4,0.1,542,3,5114.45,2370.25
2115,Customer_406,25,Mansoura,2023-09-29,0,10382,2023-09-29,Same Day,130,Product_130,Sports,69.96,45.3,4,0.05,433,2,265.85,84.65
2377,Customer_407,30,Aswan,2023-02-09,0,10804,2023-02-09,Standard,109,Product_109,Home Appliances,841.69,464.7,4,0.0,407,6,3366.76,1507.96
1833,Customer_408,38,Giza,2021-09-05,0,11489,2021-09-05,Standard,145,Product_145,Sports,159.62,83.41,2,0.0,422,2,319.24,152.42
1726,Customer_409,0,Mansoura,2023-09-20,0,11177,2023-09-20,Standard,135,Product_135,Clothing,465.28,316.05,2,0.0,417,7,930.56,298.46
1853,Customer_410,42,Alexandria,2020-07-31,1,12217,2020-07-31,Express,118,Product_118,Clothing,177.73,429.515,3,0.1,891,4,479.87,-808.68
1050,Customer_411,24,Giza,2020-02-10,0,11295,2020-02-10,Express,142,Product_142,Electronics,1296.32,757.92,4,0.0,697,4,5185.28,2153.6
1574,Customer_412,60,Giza,2021-06-25,0,10917,2021-06-25,Same Day,105,Product_105,Electronics,907.05,455.93,2,0.0,762,6,1814.1,902.24
2213,Customer_413,35,Cairo,2020-08-24,1,13181,2020-08-24,Same Day,127,Product_127,Sports,1358.05,572.07,1,0.0,1418,3,1358.05,785.98
2148,Customer_414,54,Alexandria,2020-07-08,0,10150,2020-07-08,Express,106,Product_106,Electronics,1048.11,486.45,1,0.0,587,2,1048.11,561.66
1149,Customer_415,56,Alexandria,2023-02-07,1,10430,2023-02-07,Standard,132,Product_132,Clothing,1457.99,857.85,2,0.05,694,1,2770.18,1054.48
1313,Customer_416,56,Cairo,2020-11-14,0,12498,2020-11-14,Same Day,108,Product_108,Sports,789.32,322.42,3,0.0,742,5,2367.96,1400.7
1569,Customer_417,31,Mansoura,2021-07-11,0,12690,2021-07-11,Standard,139,Product_139,Sports,976.13,563.89,5,0.0,594,4,4880.65,2061.2
2365,Customer_418,31,Aswan,2021-07-31,1,12827,2021-07-31,Same Day,121,Product_121,Home Appliances,885.65,608.49,4,0.0,640,4,3542.6,1108.64
1304,Customer_419,36,Aswan,2023-05-23,0,12070,2023-05-23,Standard,118,Product_118,Sports,752.18,480.29,2,0.0,522,6,1504.36,543.78
1681,Customer_420,49,Aswan,2021-03-07,0,12414,2021-03-07,Same Day,114,Product_114,Electronics,1276.64,643.02,3,0.05,349,4,3638.42,1709.36
1837,Customer_421,32,Aswan,2024-09-01,0,10650,2024-09-01,Standard,115,Product_115,Clothing,984.56,434.65,5,0.0,358,5,4922.8,2749.55
2077,Customer_422,38,Aswan,2021-12-03,1,10819,2021-12-03,Standard,142,Product_142,Electronics,1211.9,653.84,3,0.05,414,3,3453.92,1492.4
2002,Customer_423,44,Cairo,2021-02-20,0,12286,2021-02-20,Express,126,Product_126,Clothing,1190.23,616.4,5,0.0,544,2,5951.15,2869.15
1443,Customer_424,26,Alexandria,2023-08-11,0,12481,2023-08-11,Same Day,144,Product_144,Home Appliances,327.02,226.14,1,0.0,420,1,327.02,100.88
1612,Customer_425,25,Mansoura,2023-07-22,0,12751,2023-07-22,Standard,132,Product_132,Clothing,992.74,691.9,5,0.05,521,7,4715.51,1256.01
1992,Customer_426,37,Giza,2021-06-24,0,13198,2021-06-24,Express,139,Product_139,Home Appliances,339.49,177.61,1,0.2,385,6,271.59,93.98
1263,Customer_427,39,Aswan,2022-11-01,0,10941,2022-11-01,Same Day,128,Product_128,Electronics,895.81,398.31,4,0.0,371,2,3583.24,1990.0
2076,Customer_428,46,Cairo,2022-09-27,0,10540,2022-09-27,Express,139,Product_139,Home Appliances,1032.28,694.91,2,0.0,827,6,2064.56,674.74
2003,Customer_429,50,Mansoura,2021-05-29,0,12680,2021-05-29,Standard,143,Product_143,Sports,1495.99,954.54,1,0.0,341,3,1495.99,541.45
1004,Customer_430,23,Mansoura,2020-04-14,0,12245,2020-04-14,Same Day,132,Product_132,Sports,94.29,52.18,3,0.0,969,3,282.87,126.33
2126,Customer_431,27,Mansoura,2020-07-08,0,11709,2020-07-08,Standard,113,Product_113,Clothing,182.3,92.9,5,0.0,518,4,911.5,447.0
2219,Customer_432,25,Cairo,2023-07-23,0,13727,2023-07-23,Standard,115,Product_115,Electronics,161.69,86.42,3,0.0,528,5,485.07,225.81
1773,Customer_433,61,Giza,2022-05-17,0,12529,2022-05-17,Express,118,Product_118,Electronics,627.62,420.86,1,0.0,504,3,627.62,206.76
1876,Customer_434,38,Aswan,2021-07-20,0,11202,2021-07-20,Standard,139,Product_139,Clothing,1241.3,565.28,3,0.2,428,5,2979.12,1283.28
1991,Customer_435,40,Mansoura,2020-03-31,1,10868,2020-03-31,Same Day,106,Product_106,Sports,1273.88,817.88,5,0.0,1243,3,6369.4,2280.0
1883,Customer_436,40,Cairo,2020-01-08,0,12570,2020-01-08,Express,111,Product_111,Home Appliances,1118.62,453.55,2,0.2,348,5,1789.79,882.69
2373,Customer_437,29,Alexandria,2021-11-14,0,10650,2021-11-14,Standard,132,Product_132,Clothing,1350.47,913.15,3,0.1,579,4,3646.27,906.82
1046,Customer_438,63,Cairo,2020-09-24,1,13006,2020-09-24,Standard,140,Product_140,Home Appliances,518.15,285.03,4,0.1,1273,5,1865.34,725.22
1866,Customer_439,46,Cairo,2023-07-28,0,10436,2023-07-28,Standard,120,Product_120,Home Appliances,177.82,83.22,5,0.2,404,5,711.28,295.18
1822,Customer_440,40,Cairo,2021-06-20,1,11788,2021-06-20,Express,133,Product_133,Electronics,134.32,53.84,5,0.05,423,5,638.02,368.82
1935,Customer_441,23,Mansoura,2020-11-26,0,12904,2020-11-26,Same Day,140,Product_140,Sports,1285.59,429.515,4,0.05,468,9,4885.24,3167.18
1655,Customer_442,22,Cairo,2022-06-23,0,10313,2022-06-23,Express,108,Product_108,Home Appliances,1109.13,525.0,1,0.0,592,2,1109.13,584.13
1268,Customer_443,35,Alexandria,2023-02-03,0,10018,2023-02-03,Standard,135,Product_135,Sports,1062.99,626.5,4,0.0,348,2,4251.96,1745.96
1369,Customer_444,29,Mansoura,2023-12-16,0,11183,2023-12-16,Express,105,Product_105,Electronics,542.53,262.77,1,0.2,382,3,434.02,171.25
1635,Customer_445,23,Alexandria,2022-05-25,1,10817,2022-05-25,Standard,135,Product_135,Clothing,600.86,256.21,2,0.0,952,1,1201.72,689.3
2129,Customer_446,34,Luxor,2023-02-22,0,10121,2023-02-22,Express,147,Product_147,Clothing,1439.26,793.77,1,0.0,459,4,1439.26,645.49
1656,Customer_447,36,Cairo,2020-01-20,1,12119,2020-01-20,Standard,114,Product_114,Electronics,142.52,81.14,2,0.05,1285,4,270.79,108.51
1119,Customer_448,42,Aswan,2020-08-17,1,11078,2020-08-17,Express,121,Product_121,Electronics,1171.91,627.88,2,0.0,1598,1,2343.82,1088.06
1830,Customer_449,32,Aswan,2020-03-06,0,12507,2020-03-06,Standard,147,Product_147,Home Appliances,498.97,268.15,4,0.1,337,5,1796.29,723.69
2081,Customer_450,24,Mansoura,2023-11-16,0,10168,2023-11-16,Standard,124,Product_124,Electronics,106.63,61.51,2,0.0,412,4,213.26,90.24
2369,Customer_451,25,Aswan,2020-11-01,1,13682,2020-11-01,Express,117,Product_117,Clothing,1126.73,628.61,1,0.0,540,4,1126.73,498.12
1740,Customer_452,58,Mansoura,2023-01-22,1,12629,2023-01-22,Express,118,Product_118,Sports,529.82,233.0,3,0.0,585,2,1589.46,890.46
2497,Customer_453,21,Cairo,2020-03-14,0,11172,2020-03-14,Standard,134,Product_134,Sports,1097.11,503.71,5,0.2,644,5,4388.44,1869.89
1116,Customer_454,45,Giza,2022-01-26,0,10628,2022-01-26,Same Day,112,Product_112,Sports,1076.1,476.21,5,0.0,1071,3,5380.5,2999.45
1790,Customer_455,47,Giza,2023-04-07,0,10025,2023-04-07,Standard,116,Product_116,Sports,825.44,501.86,1,0.1,635,3,742.9,241.04
2150,Customer_456,38,Alexandria,2023-02-05,0,11271,2023-02-05,Standard,104,Product_104,Electronics,1177.19,657.55,3,0.0,696,7,3531.57,1558.92
2416,Customer_457,66,Cairo,2020-10-30,1,13968,2020-10-30,Same Day,125,Product_125,Electronics,892.51,472.1,2,0.0,876,4,1785.02,840.82
2012,Customer_458,47,Aswan,2022-05-30,0,12768,2022-05-30,Standard,134,Product_134,Sports,465.62,297.76,1,0.0,682,5,465.62,167.86
2081,Customer_459,67,Cairo,2020-09-18,0,13298,2020-09-18,Express,128,Product_128,Electronics,1114.47,554.71,2,0.0,412,4,2228.94,1119.52
1633,Customer_460,30,Luxor,2020-03-26,0,11946,2020-03-26,Express,146,Product_146,Home Appliances,904.25,515.81,4,0.0,538,6,3617.0,1553.76
1512,Customer_461,30,Giza,2021-09-23,1,13697,2021-09-23,Same Day,111,Product_111,Electronics,68.45,28.91,3,0.0,625,3,205.35,118.62
1801,Customer_462,47,Aswan,2022-01-16,0,11729,2022-01-16,Standard,113,Product_113,Home Appliances,1357.38,846.08,5,0.0,365,6,6786.9,2556.5
2119,Customer_463,36,Giza,2020-03-22,1,13555,2020-03-22,Express,131,Product_131,Home Appliances,841.18,511.91,1,0.0,849,3,841.18,329.27
2141,Customer_464,65,Cairo,2022-02-01,1,11856,2022-02-01,Standard,125,Product_125,Electronics,1309.51,839.02,5,0.1,681,7,5892.8,1697.7
1559,Customer_465,45,Aswan,2021-03-06,0,11033,2021-03-06,Same Day,139,Product_139,Sports,1329.97,884.89,2,0.0,809,7,2659.94,890.16
1487,Customer_466,24,Alexandria,2023-10-28,0,11118,2023-10-28,Express,110,Product_110,Home Appliances,695.2,436.17,2,0.0,330,5,1390.4,518.06
2260,Customer_467,13,Cairo,2021-05-26,1,12168,2021-05-26,Same Day,124,Product_124,Electronics,786.11,513.6,4,0.0,799,4,3144.44,1090.04
1896,Customer_468,38,Alexandria,2023-09-27,1,10125,2023-09-27,Standard,101,Product_101,Clothing,652.84,328.83,2,0.2,462,2,1044.54,386.88
2295,Customer_469,38,Aswan,2020-07-29,1,12596,2020-07-29,Standard,125,Product_125,Sports,701.68,352.95,2,0.1,1617,1,1263.02,557.12
2212,Customer_470,44,Giza,2021-12-25,1,11092,2021-12-25,Standard,128,Product_128,Clothing,1347.96,921.05,5,0.1,1103,1,6065.82,1460.57
1703,Customer_471,58,Luxor,2023-02-20,0,12344,2023-02-20,Same Day,136,Product_136,Home Appliances,1192.81,804.4,5,0.0,681,6,5964.05,1942.05
2470,Customer_472,56,Mansoura,2022-12-04,1,10685,2022-12-04,Express,118,Product_118,Clothing,233.46,131.8,1,0.1,995,1,210.11,78.31
1580,Customer_473,31,Giza,2023-06-25,0,13572,2023-06-25,Same Day,106,Product_106,Electronics,934.95,476.79,1,0.05,387,5,888.2,411.41
1789,Customer_474,20,Alexandria,2020-11-12,0,10972,2020-11-12,Express,102,Product_102,Sports,1494.06,429.515,2,0.2,356,3,2390.5,1531.47
1860,Customer_475,21,Cairo,2021-04-29,1,13116,2021-04-29,Standard,103,Product_103,Home Appliances,913.55,454.06,3,0.0,1094,3,2740.65,1378.47
1246,Customer_476,28,Aswan,2020-11-28,1,10634,2020-11-28,Standard,146,Product_146,Electronics,1189.51,530.63,1,0.2,497,4,951.61,420.98
2099,Customer_477,41,Giza,2020-12-28,0,12429,2020-12-28,Same Day,108,Product_108,Sports,1165.14,689.59,2,0.0,909,4,2330.28,951.1
1153,Customer_478,44,Luxor,2022-04-24,0,12007,2022-04-24,Express,131,Product_131,Home Appliances,557.96,230.32,5,0.0,423,8,2789.8,1638.2
2458,Customer_479,27,Aswan,2020-02-20,0,11050,2020-02-20,Standard,148,Product_148,Home Appliances,589.18,302.68,4,0.0,547,5,2356.72,1146.0
1996,Customer_480,44,Alexandria,2021-02-01,0,10704,2021-02-01,Standard,119,Product_119,Home Appliances,1099.91,706.47,5,0.0,1190,3,5499.55,1967.2
2109,Customer_481,45,Aswan,2021-11-11,0,12544,2021-11-11,Same Day,106,Product_106,Home Appliances,774.98,378.63,5,0.0,622,5,3874.9,1981.75
1696,Customer_482,42,Aswan,2022-04-23,1,12899,2022-04-23,Same Day,114,Product_114,Clothing,877.33,596.05,4,0.0,351,2,3509.32,1125.12
2308,Customer_483,23,Cairo,2023-03-10,1,13207,2023-03-10,Express,103,Product_103,Clothing,1083.71,429.515,5,0.05,456,4,5147.62,3000.04
2243,Customer_484,47,Mansoura,2021-05-23,0,10706,2021-05-23,Standard,148,Product_148,Clothing,1177.48,759.17,1,0.0,437,8,1177.48,418.31
2092,Customer_485,71,Alexandria,2021-06-30,0,13120,2021-06-30,Express,101,Product_101,Home Appliances,443.7,308.95,5,0.0,410,5,2218.5,673.75
2070,Customer_486,43,Cairo,2020-11-22,0,11631,2020-11-22,Express,144,Product_144,Clothing,262.85,146.99,4,0.0,367,6,1051.4,463.44
2008,Customer_487,41,Mansoura,2023-07-12,1,13578,2023-07-12,Express,130,Product_130,Sports,473.1,270.03,2,0.2,391,5,756.96,216.9
1093,Customer_488,58,Cairo,2020-08-09,1,12027,2020-08-09,Same Day,146,Product_146,Home Appliances,785.93,511.52,2,0.0,1606,1,1571.86,548.82
1957,Customer_489,29,Mansoura,2022-02-22,0,12168,2022-02-22,Express,119,Product_119,Sports,546.1,299.18,2,0.0,390,7,1092.2,493.84
2011,Customer_490,73,Mansoura,2020-03-20,1,13832,2020-03-20,Express,119,Product_119,Sports,874.13,456.31,4,0.05,1348,5,3321.69,1496.45
1452,Customer_491,41,Mansoura,2022-08-21,0,12008,2022-08-21,Express,109,Product_109,Clothing,127.53,74.53,4,0.0,334,5,510.12,212.0
2227,Customer_492,14,Cairo,2021-03-31,0,13288,2021-03-31,Same Day,107,Product_107,Home Appliances,789.14,471.35,1,0.0,568,5,789.14,317.79
1911,Customer_493,9,Aswan,2021-02-12,1,10625,2021-02-12,Same Day,146,Product_146,Clothing,583.58,364.89,4,0.0,1332,2,2334.32,874.76
1217,Customer_494,63,Mansoura,2022-07-31,0,10525,2022-07-31,Standard,137,Product_137,Clothing,825.27,495.54,2,0.0,483,5,1650.54,659.46
1473,Customer_495,56,Aswan,2021-12-17,1,11597,2021-12-17,Same Day,141,Product_141,Clothing,662.67,413.32,4,0.0,1111,3,2650.68,997.4
1431,Customer_496,73,Alexandria,2021-09-17,1,11066,2021-09-17,Same Day,107,Product_107,Home Appliances,462.13,278.37,3,0.0,421,4,1386.39,551.28
1340,Customer_497,40,Luxor,2021-11-04,0,11946,2021-11-04,Express,109,Product_109,Home Appliances,1360.96,740.54,5,0.2,338,4,5443.84,1741.14
1550,Customer_498,39,Aswan,2021-04-01,1,12799,2021-04-01,Standard,104,Product_104,Clothing,317.91,140.03,1,0.0,441,3,317.91,177.88
2312,Customer_499,34,Luxor,2020-02-18,0,10095,2020-02-18,Same Day,125,Product_125,Sports,1037.98,659.77,2,0.0,622,7,2075.96,756.42
2277,Customer_500,30,Mansoura,2023-09-13,0,12074,2023-09-13,Standard,149,Product_149,Sports,1390.73,569.13,2,0.2,476,5,2225.17,1086.91
1356,Customer_501,34,Luxor,2021-01-30,0,10835,2021-01-30,Express,112,Product_112,Home Appliances,831.07,579.88,3,0.0,708,2,2493.21,753.57
1022,Customer_502,43,Luxor,2022-03-27,0,11918,2022-03-27,Same Day,106,Product_106,Electronics,1320.79,856.58,1,0.0,414,5,1320.79,464.21
1521,Customer_503,27,Mansoura,2021-03-11,0,11265,2021-03-11,Express,118,Product_118,Clothing,231.03,138.91,5,0.0,869,2,1155.15,460.6
2123,Customer_504,14,Aswan,2021-07-24,1,12534,2021-07-24,Express,140,Product_140,Clothing,765.99,528.52,1,0.0,1257,5,765.99,237.47
1801,Customer_505,42,Mansoura,2020-05-22,0,11994,2020-05-22,Standard,121,Product_121,Electronics,712.69,416.03,1,0.0,365,6,712.69,296.66
2203,Customer_506,27,Alexandria,2021-07-25,1,10239,2021-07-25,Same Day,115,Product_115,Home Appliances,61.77,25.75,2,0.2,1251,3,98.83,47.33
2246,Customer_507,41,Giza,2021-12-20,0,11327,2021-12-20,Standard,103,Product_103,Sports,692.72,429.515,4,0.0,492,8,2770.88,1052.82
1761,Customer_508,48,Cairo,2023-06-08,0,12114,2023-06-08,Express,102,Product_102,Home Appliances,585.09,282.69,5,0.0,514,3,2925.45,1512.0
1441,Customer_509,23,Mansoura,2022-09-11,0,13352,2022-09-11,Same Day,141,Product_141,Sports,1021.21,521.68,1,0.2,686,5,816.97,295.29
1768,Customer_510,49,Mansoura,2022-03-29,1,13263,2022-03-29,Express,140,Product_140,Sports,1410.58,758.72,3,0.2,337,3,3385.39,1109.23
2015,Customer_511,49,Luxor,2023-10-23,0,11142,2023-10-23,Standard,104,Product_104,Home Appliances,174.4,110.29,2,0.0,436,3,348.8,128.22
2348,Customer_512,44,Alexandria,2023-03-01,1,13223,2023-03-01,Standard,132,Product_132,Clothing,524.84,289.12,4,0.1,729,4,1889.42,732.94
1515,Customer_513,77,Luxor,2021-11-09,0,13848,2021-11-09,Express,102,Product_102,Clothing,693.89,376.37,4,0.0,514,7,2775.56,1270.08
2039,Customer_514,37,Aswan,2020-02-26,0,11415,2020-02-26,Standard,146,Product_146,Clothing,710.02,348.33,2,0.0,738,4,1420.04,723.38
1791,Customer_515,35,Mansoura,2020-08-24,1,12278,2020-08-24,Standard,129,Product_129,Sports,1173.47,659.45,1,0.0,648,4,1173.47,514.02
1335,Customer_516,50,Mansoura,2021-06-18,0,12398,2021-06-18,Express,102,Product_102,Clothing,692.92,328.8,2,0.0,516,6,1385.84,728.24
1257,Customer_517,39,Luxor,2020-12-31,0,10760,2020-12-31,Same Day,134,Product_134,Sports,89.38,42.75,4,0.0,333,3,357.52,186.52
1496,Customer_518,57,Mansoura,2023-04-04,0,13642,2023-04-04,Same Day,127,Product_127,Clothing,1079.65,677.13,4,0.0,351,5,4318.6,1610.08
1895,Customer_519,20,Aswan,2021-06-27,0,11552,2021-06-27,Same Day,139,Product_139,Home Appliances,1333.0,670.18,3,0.0,507,3,3999.0,1988.46
1159,Customer_520,21,Giza,2020-03-19,0,13242,2020-03-19,Express,144,Product_144,Electronics,795.16,330.33,3,0.0,546,6,2385.48,1394.49
2498,Customer_521,51,Cairo,2020-10-08,1,10862,2020-10-08,Express,138,Product_138,Sports,892.61,449.07,4,0.0,1605,2,3570.44,1774.16
1851,Customer_522,22,Cairo,2023-06-05,1,11155,2023-06-05,Standard,118,Product_118,Home Appliances,286.26,169.34,3,0.2,606,1,687.02,179.0
1689,Customer_523,49,Cairo,2022-08-06,0,10356,2022-08-06,Same Day,136,Product_136,Sports,369.94,238.31,3,0.05,679,7,1054.33,339.4
1379,Customer_524,41,Giza,2021-12-08,1,11671,2021-12-08,Standard,119,Product_119,Sports,391.0,269.24,3,0.0,1120,2,1173.0,365.28
1956,Customer_525,29,Mansoura,2024-02-01,0,13113,2024-02-01,Express,127,Product_127,Home Appliances,674.58,420.85,4,0.2,335,7,2158.66,475.26
1690,Customer_526,45,Luxor,2021-10-04,1,11328,2021-10-04,Same Day,145,Product_145,Clothing,1395.81,737.9,1,0.0,1108,4,1395.81,657.91
2450,Customer_527,21,Alexandria,2022-12-06,0,11029,2022-12-06,Express,120,Product_120,Sports,806.59,395.02,1,0.0,487,4,806.59,411.57
2291,Customer_528,25,Mansoura,2023-05-26,0,12376,2023-05-26,Standard,121,Product_121,Electronics,328.54,144.19,5,0.0,586,6,1642.7,921.75
2440,Customer_529,36,Giza,2022-11-13,0,13241,2022-11-13,Standard,123,Product_123,Electronics,435.83,256.4,3,0.0,453,4,1307.49,538.29
2191,Customer_530,41,Aswan,2020-08-24,0,11991,2020-08-24,Express,130,Product_130,Home Appliances,606.82,335.55,1,0.05,402,6,576.48,240.93
2066,Customer_531,35,Giza,2022-02-27,1,13871,2022-02-27,Express,125,Product_125,Electronics,953.73,575.4,5,0.2,1039,1,3814.92,937.92
1284,Customer_532,46,Cairo,2023-03-26,0,12958,2023-03-26,Same Day,131,Product_131,Home Appliances,688.05,324.17,2,0.0,647,4,1376.1,727.76
1396,Customer_533,45,Mansoura,2021-01-24,0,12385,2021-01-24,Express,127,Product_127,Home Appliances,619.05,307.73,3,0.0,384,7,1857.15,933.96
1011,Customer_534,62,Cairo,2021-05-06,0,13798,2021-05-06,Standard,134,Product_134,Sports,868.86,423.68,1,0.0,588,5,868.86,445.18
2325,Customer_535,38,Alexandria,2020-03-31,0,13140,2020-03-31,Standard,108,Product_108,Home Appliances,400.66,256.14,1,0.0,603,5,400.66,144.52
2276,Customer_536,57,Aswan,2023-12-22,0,10881,2023-12-22,Express,119,Product_119,Home Appliances,164.41,74.21,1,0.05,342,5,156.19,81.98
1498,Customer_537,53,Cairo,2022-12-06,0,10538,2022-12-06,Express,141,Product_141,Clothing,85.4,49.75,5,0.0,914,6,427.0,178.25
1753,Customer_538,74,Alexandria,2020-04-01,0,10736,2020-04-01,Same Day,126,Product_126,Sports,414.33,172.12,2,0.0,392,4,828.66,484.42
1034,Customer_539,38,Giza,2022-11-30,0,11857,2022-11-30,Standard,128,Product_128,Electronics,182.81,103.26,3,0.1,763,3,493.59,183.81
1726,Customer_540,33,Cairo,2023-07-01,0,11530,2023-07-01,Standard,104,Product_104,Clothing,537.69,429.515,1,0.0,417,7,537.69,108.18
1848,Customer_541,58,Cairo,2023-07-11,0,11769,2023-07-11,Standard,131,Product_131,Clothing,1170.75,530.07,4,0.2,421,3,3746.4,1626.12
1089,Customer_542,45,Luxor,2024-01-13,0,13557,2024-01-13,Express,116,Product_116,Sports,1088.63,472.36,3,0.0,354,5,3265.89,1848.81
1775,Customer_543,59,Aswan,2023-05-10,0,10442,2023-05-10,Standard,110,Product_110,Sports,935.85,471.68,4,0.0,454,7,3743.4,1856.68
1604,Customer_544,50,Aswan,2021-02-07,0,10923,2021-02-07,Express,138,Product_138,Clothing,1286.13,647.08,5,0.0,630,4,6430.65,3195.25
1969,Customer_545,8,Giza,2022-01-15,1,12967,2022-01-15,Same Day,148,Product_148,Sports,459.0,297.4,1,0.0,1082,1,459.0,161.6
2021,Customer_546,45,Luxor,2022-02-06,0,12098,2022-02-06,Express,110,Product_110,Sports,1333.33,623.61,3,0.1,457,4,3599.99,1729.16
1417,Customer_547,44,Alexandria,2020-05-23,1,12196,2020-05-23,Same Day,145,Product_145,Home Appliances,628.9,267.86,3,0.0,988,2,1886.7,1083.12
1114,Customer_548,41,Alexandria,2023-09-22,0,11950,2023-09-22,Same Day,109,Product_109,Sports,631.3,366.82,1,0.2,467,3,505.04,138.22
1616,Customer_549,38,Giza,2021-11-07,1,11610,2021-11-07,Express,139,Product_139,Home Appliances,637.76,386.63,2,0.0,1151,1,1275.52,502.26
2219,Customer_550,16,Aswan,2023-06-30,0,11841,2023-06-30,Same Day,136,Product_136,Clothing,192.24,93.9,5,0.2,528,5,768.96,299.46
1825,Customer_551,53,Alexandria,2021-04-10,1,13163,2021-04-10,Express,136,Product_136,Clothing,1464.46,850.62,1,0.2,1185,3,1171.57,320.95
2098,Customer_552,45,Giza,2023-09-20,0,10367,2023-09-20,Standard,119,Product_119,Electronics,250.83,158.73,3,0.0,469,6,752.49,276.3
1412,Customer_553,56,Alexandria,2020-09-12,0,10579,2020-09-12,Express,119,Product_119,Sports,544.28,274.46,2,0.0,721,3,1088.56,539.64
2399,Customer_554,16,Mansoura,2024-01-14,0,11770,2024-01-14,Same Day,112,Product_112,Clothing,512.99,286.05,3,0.1,353,5,1385.07,526.92
2443,Customer_555,47,Cairo,2021-07-09,1,13945,2021-07-09,Same Day,113,Product_113,Home Appliances,158.29,70.28,4,0.0,1212,4,633.16,352.04
1728,Customer_556,36,Aswan,2022-04-11,0,10655,2022-04-11,Standard,125,Product_125,Clothing,270.78,110.23,3,0.1,789,4,731.11,400.42
2300,Customer_557,42,Mansoura,2021-09-25,1,12123,2021-09-25,Express,136,Product_136,Sports,115.04,79.88,5,0.0,497,5,575.2,175.8
2020,Customer_558,36,Giza,2023-09-27,0,13157,2023-09-27,Standard,125,Product_125,Electronics,473.99,232.22,1,0.05,434,3,450.29,218.07
1760,Customer_559,48,Giza,2022-04-16,0,10226,2022-04-16,Same Day,128,Product_128,Electronics,1306.65,631.99,3,0.0,633,6,3919.95,2023.98
1675,Customer_560,37,Mansoura,2021-10-30,0,13434,2021-10-30,Express,142,Product_142,Clothing,542.19,375.18,4,0.05,1030,4,2060.32,559.6
2417,Customer_561,24,Cairo,2022-04-04,0,10958,2022-04-04,Same Day,139,Product_139,Electronics,229.35,141.85,4,0.0,1003,4,917.4,350.0
1456,Customer_562,41,Cairo,2023-11-28,0,13639,2023-11-28,Express,130,Product_130,Sports,986.26,567.68,1,0.1,400,6,887.63,319.95
1919,Customer_563,36,Luxor,2021-08-28,0,10591,2021-08-28,Standard,105,Product_105,Sports,1495.07,911.69,4,0.0,404,3,5980.28,2333.52
1191,Customer_564,38,Alexandria,2023-09-02,0,10023,2023-09-02,Standard,117,Product_117,Electronics,386.87,237.14,1,0.0,692,4,386.87,149.73
1738,Customer_565,41,Luxor,2020-09-17,0,11762,2020-09-17,Same Day,118,Product_118,Home Appliances,455.38,286.43,5,0.2,704,3,1821.52,389.37
2122,Customer_566,50,Cairo,2021-01-27,0,12075,2021-01-27,Standard,143,Product_143,Electronics,1459.18,613.08,1,0.05,541,9,1386.22,773.14
1977,Customer_567,35,Mansoura,2022-05-11,1,12168,2022-05-11,Standard,147,Product_147,Electronics,309.23,161.99,2,0.2,966,3,494.77,170.79
2008,Customer_568,19,Alexandria,2023-09-23,1,11513,2023-09-23,Same Day,121,Product_121,Clothing,791.26,386.56,4,0.0,391,5,3165.04,1618.8
1095,Customer_569,53,Mansoura,2022-02-15,1,13676,2022-02-15,Same Day,122,Product_122,Home Appliances,397.5,167.42,4,0.0,351,4,1590.0,920.32
1662,Customer_570,49,Luxor,2023-10-19,0,10852,2023-10-19,Same Day,139,Product_139,Electronics,1401.91,734.29,3,0.0,440,3,4205.73,2002.86
2213,Customer_571,35,Giza,2020-12-22,1,12671,2020-12-22,Express,106,Product_106,Clothing,1473.21,861.61,2,0.0,1418,3,2946.42,1223.2
1036,Customer_572,22,Mansoura,2023-06-14,1,12937,2023-06-14,Same Day,116,Product_116,Clothing,1231.31,558.46,3,0.0,567,3,3693.93,2018.55
2392,Customer_573,42,Luxor,2023-03-11,0,11368,2023-03-11,Express,102,Product_102,Clothing,506.44,248.92,1,0.0,543,5,506.44,257.52
1278,Customer_574,41,Luxor,2021-08-09,1,12022,2021-08-09,Same Day,101,Product_101,Sports,635.06,375.8,5,0.2,804,3,2540.24,661.24
1216,Customer_575,53,Luxor,2022-11-04,0,12078,2022-11-04,Express,130,Product_130,Clothing,401.34,230.29,4,0.0,517,5,1605.36,684.2
1866,Customer_576,33,Giza,2023-01-27,0,11678,2023-01-27,Same Day,143,Product_143,Clothing,1341.6,886.31,5,0.2,404,5,5366.4,934.85
1872,Customer_577,57,Giza,2020-01-01,0,13950,2020-01-01,Express,137,Product_137,Sports,1376.11,877.09,1,0.0,403,5,1376.11,499.02
2296,Customer_578,31,Giza,2021-09-14,0,13881,2021-09-14,Standard,148,Product_148,Sports,657.36,453.37,1,0.2,481,5,525.89,72.52
1061,Customer_579,19,Alexandria,2021-08-10,0,13298,2021-08-10,Same Day,123,Product_123,Clothing,1001.97,580.3,2,0.0,331,3,2003.94,843.34
1595,Customer_580,23,Giza,2021-03-06,1,12917,2021-03-06,Same Day,101,Product_101,Electronics,290.05,176.8,3,0.05,839,4,826.64,296.24
1728,Customer_581,39,Giza,2022-05-30,0,13321,2022-05-30,Express,119,Product_119,Home Appliances,680.66,447.98,4,0.0,789,4,2722.64,930.72
2365,Customer_582,39,Giza,2023-02-04,1,10049,2023-02-04,Standard,146,Product_146,Sports,965.67,629.61,4,0.2,640,4,3090.14,571.7
1396,Customer_583,44,Mansoura,2023-05-27,0,12773,2023-05-27,Standard,103,Product_103,Home Appliances,608.83,374.81,5,0.0,384,7,3044.15,1170.1
1698,Customer_584,38,Giza,2023-02-09,0,11915,2023-02-09,Express,102,Product_102,Sports,568.52,312.73,2,0.0,487,3,1137.04,511.58
2042,Customer_585,54,Alexandria,2021-10-21,0,12436,2021-10-21,Same Day,137,Product_137,Clothing,51.45,24.8,1,0.0,984,3,51.45,26.65
1176,Customer_586,36,Luxor,2022-08-10,1,12991,2022-08-10,Standard,117,Product_117,Sports,1216.23,806.56,2,0.0,496,5,2432.46,819.34
1395,Customer_587,10,Mansoura,2022-06-23,0,11804,2022-06-23,Same Day,128,Product_128,Clothing,1339.54,847.92,4,0.1,787,5,4822.34,1430.66
1444,Customer_588,38,Cairo,2022-06-24,0,13359,2022-06-24,Express,118,Product_118,Home Appliances,1455.72,948.22,3,0.0,688,7,4367.16,1522.5
2256,Customer_589,9,Giza,2023-10-15,0,11730,2023-10-15,Same Day,133,Product_133,Electronics,1092.94,429.515,5,0.05,329,8,5191.46,3043.88
1075,Customer_590,41,Luxor,2021-03-13,0,11789,2021-03-13,Standard,115,Product_115,Clothing,845.75,418.18,1,0.0,374,3,845.75,427.57
1264,Customer_591,55,Luxor,2022-11-12,1,13662,2022-11-12,Express,122,Product_122,Home Appliances,440.46,232.33,1,0.2,558,3,352.37,120.04
1454,Customer_592,25,Mansoura,2022-08-27,0,11014,2022-08-27,Standard,141,Product_141,Home Appliances,1498.98,976.59,1,0.2,561,7,1199.18,222.59
1717,Customer_593,61,Cairo,2020-12-13,1,12522,2020-12-13,Same Day,127,Product_127,Sports,905.14,604.51,3,0.0,873,3,2715.42,901.89
1734,Customer_594,52,Aswan,2023-11-09,1,12803,2023-11-09,Same Day,137,Product_137,Clothing,1037.67,503.76,4,0.0,478,2,4150.68,2135.64
2407,Customer_595,58,Alexandria,2020-06-22,1,12650,2020-06-22,Express,132,Product_132,Home Appliances,1039.49,629.86,4,0.0,1654,2,4157.96,1638.52
1850,Customer_596,42,Aswan,2021-04-08,1,12973,2021-04-08,Standard,145,Product_145,Electronics,1275.62,540.03,2,0.0,629,4,2551.24,1471.18
2390,Customer_597,25,Luxor,2022-11-21,0,11029,2022-11-21,Standard,119,Product_119,Sports,64.03,33.48,2,0.0,385,5,128.06,61.1
1143,Customer_598,51,Aswan,2023-09-21,1,12840,2023-09-21,Standard,128,Product_128,Sports,369.36,201.67,4,0.0,468,3,1477.44,670.76
1884,Customer_599,30,Luxor,2023-07-20,0,10411,2023-07-20,Express,128,Product_128,Home Appliances,1015.02,639.15,1,0.0,531,2,1015.02,375.87
2092,Customer_600,41,Aswan,2023-06-22,0,11981,2023-06-22,Same Day,110,Product_110,Clothing,1347.96,899.89,3,0.0,410,5,4043.88,1344.21
2122,Customer_601,37,Luxor,2021-11-17,0,10661,2021-11-17,Same Day,120,Product_120,Sports,1043.74,523.11,4,0.0,541,9,4174.96,2082.52
1395,Customer_602,56,Luxor,2020-07-10,0,11347,2020-07-10,Same Day,125,Product_125,Clothing,649.56,362.66,3,0.0,787,5,1948.68,860.7
2048,Customer_603,50,Mansoura,2021-04-26,1,13470,2021-04-26,Standard,121,Product_121,Home Appliances,574.26,341.25,5,0.0,1145,3,2871.3,1165.05
1947,Customer_604,38,Cairo,2023-10-09,1,11305,2023-10-09,Express,114,Product_114,Home Appliances,1120.02,558.45,1,0.0,450,4,1120.02,561.57
1890,Customer_605,10,Luxor,2021-09-27,0,10190,2021-09-27,Standard,122,Product_122,Clothing,1124.79,782.47,5,0.0,830,6,5623.95,1711.6
2492,Customer_606,30,Alexandria,2021-05-04,1,12833,2021-05-04,Express,126,Product_126,Electronics,930.23,616.49,4,0.0,892,4,3720.92,1254.96
2174,Customer_607,50,Alexandria,2021-02-11,0,10584,2021-02-11,Standard,144,Product_144,Sports,472.63,231.08,2,0.1,407,2,850.73,388.57
2167,Customer_608,44,Giza,2020-10-28,0,10958,2020-10-28,Express,111,Product_111,Home Appliances,1391.47,768.63,4,0.0,367,5,5565.88,2491.36
1568,Customer_609,17,Luxor,2020-02-20,0,11853,2020-02-20,Standard,107,Product_107,Electronics,850.23,398.97,5,0.1,930,3,3826.04,1831.19
2062,Customer_610,12,Luxor,2020-04-04,0,10499,2020-04-04,Standard,117,Product_117,Electronics,1196.21,663.12,3,0.0,370,10,3588.63,1599.27
1108,Customer_611,42,Luxor,2021-05-16,0,10579,2021-05-16,Express,118,Product_118,Clothing,360.75,218.25,4,0.0,407,5,1443.0,570.0
2065,Customer_612,24,Aswan,2022-08-31,1,10815,2022-08-31,Same Day,107,Product_107,Clothing,548.86,233.63,2,0.0,854,2,1097.72,630.46
2209,Customer_613,25,Luxor,2023-05-06,0,13505,2023-05-06,Same Day,120,Product_120,Clothing,1318.14,871.34,5,0.0,576,2,6590.7,2234.0
1934,Customer_614,50,Luxor,2020-05-29,1,13134,2020-05-29,Express,138,Product_138,Electronics,122.66,70.91,4,0.05,776,2,466.11,182.47
1397,Customer_615,58,Alexandria,2022-07-21,0,11476,2022-07-21,Express,111,Product_111,Sports,792.86,552.53,5,0.0,434,5,3964.3,1201.65
2246,Customer_616,28,Cairo,2022-04-28,0,11516,2022-04-28,Same Day,144,Product_144,Clothing,748.47,305.13,5,0.2,492,8,2993.88,1468.23
1633,Customer_617,39,Cairo,2023-07-13,0,11669,2023-07-13,Standard,116,Product_116,Sports,1139.28,739.9,1,0.0,538,6,1139.28,399.38
2156,Customer_618,41,Giza,2023-03-24,0,13513,2023-03-24,Same Day,127,Product_127,Clothing,458.75,292.49,3,0.0,476,3,1376.25,498.78
2186,Customer_619,37,Alexandria,2021-02-02,0,12037,2021-02-02,Express,111,Product_111,Electronics,367.65,161.71,1,0.0,338,5,367.65,205.94
2238,Customer_620,40,Luxor,2024-11-01,0,11330,2024-11-01,Standard,116,Product_116,Sports,1392.89,697.27,5,0.0,356,3,6964.45,3478.1
1732,Customer_621,51,Cairo,2023-11-27,0,10779,2023-11-27,Express,123,Product_123,Sports,878.98,584.91,2,0.0,371,3,1757.96,588.14
1234,Customer_622,29,Mansoura,2022-02-25,1,13806,2022-02-25,Same Day,112,Product_112,Electronics,201.8,112.11,2,0.0,1041,6,403.6,179.38
1657,Customer_623,17,Mansoura,2022-10-09,0,12990,2022-10-09,Standard,140,Product_140,Sports,329.9,171.67,1,0.05,350,3,313.4,141.73
1750,Customer_624,65,Mansoura,2022-03-29,0,11149,2022-03-29,Same Day,103,Product_103,Electronics,1498.3,1006.33,2,0.05,414,5,2846.77,834.11
1587,Customer_625,56,Luxor,2021-05-14,0,12312,2021-05-14,Same Day,102,Product_102,Electronics,333.63,142.79,5,0.0,427,8,1668.15,954.2
2032,Customer_626,23,Luxor,2020-10-29,1,10006,2020-10-29,Same Day,138,Product_138,Home Appliances,935.19,506.81,4,0.0,1525,1,3740.76,1713.52
2097,Customer_627,42,Giza,2023-05-09,0,11436,2023-05-09,Standard,148,Product_148,Clothing,659.19,392.69,5,0.0,484,3,3295.95,1332.5
1953,Customer_628,55,Giza,2023-11-09,0,13277,2023-11-09,Same Day,124,Product_124,Home Appliances,1334.12,777.21,4,0.0,344,2,5336.48,2227.64
1491,Customer_629,51,Giza,2020-12-01,1,13250,2020-12-01,Standard,129,Product_129,Electronics,1144.99,548.77,2,0.05,1670,3,2175.48,1077.94
1912,Customer_630,46,Aswan,2020-06-08,0,13539,2020-06-08,Same Day,147,Product_147,Electronics,915.58,520.96,3,0.0,507,3,2746.74,1183.86
2276,Customer_631,41,Mansoura,2022-05-20,0,13567,2022-05-20,Same Day,146,Product_146,Sports,65.57,40.17,3,0.1,342,5,177.04,56.53
2253,Customer_632,65,Luxor,2021-03-24,1,10694,2021-03-24,Express,134,Product_134,Electronics,1325.7,762.89,5,0.2,1209,2,5302.8,1488.35
2197,Customer_633,43,Mansoura,2020-12-26,1,10991,2020-12-26,Same Day,120,Product_120,Electronics,694.77,420.57,5,0.0,1467,1,3473.85,1371.0
2191,Customer_634,32,Giza,2023-11-26,0,11466,2023-11-26,Standard,118,Product_118,Electronics,1400.79,667.93,2,0.0,402,6,2801.58,1465.72
1169,Customer_635,53,Luxor,2022-11-26,0,11975,2022-11-26,Express,114,Product_114,Clothing,768.53,499.43,3,0.0,767,5,2305.59,807.3
2416,Customer_636,41,Alexandria,2022-09-08,1,12965,2022-09-08,Standard,118,Product_118,Home Appliances,1056.63,565.2,3,0.0,876,4,3169.89,1474.29
1945,Customer_637,45,Cairo,2020-04-12,0,13299,2020-04-12,Same Day,102,Product_102,Home Appliances,150.47,104.75,5,0.0,430,5,752.35,228.6
1794,Customer_638,43,Cairo,2023-02-15,1,10747,2023-02-15,Express,101,Product_101,Clothing,1130.47,460.09,3,0.1,606,3,3052.27,1672.0
1633,Customer_639,47,Giza,2021-05-25,0,10145,2021-05-25,Express,120,Product_120,Clothing,540.09,277.66,5,0.0,538,6,2700.45,1312.15
2217,Customer_640,25,Mansoura,2020-05-09,1,13641,2020-05-09,Express,134,Product_134,Clothing,559.47,254.08,1,0.05,1032,2,531.5,277.42
1028,Customer_641,18,Alexandria,2022-07-23,0,13367,2022-07-23,Standard,141,Product_141,Home Appliances,222.05,125.83,3,0.05,442,6,632.84,255.35
2188,Customer_642,61,Luxor,2020-09-30,0,12288,2020-09-30,Express,141,Product_141,Home Appliances,262.94,124.36,4,0.1,606,3,946.58,449.14
2445,Customer_643,43,Mansoura,2022-09-08,0,10856,2022-09-08,Express,148,Product_148,Electronics,319.35,198.39,2,0.0,495,4,638.7,241.92
1338,Customer_644,51,Giza,2023-09-29,0,10286,2023-09-29,Standard,111,Product_111,Home Appliances,525.9,349.49,5,0.1,460,5,2366.55,619.1
2388,Customer_645,13,Mansoura,2022-12-23,1,10951,2022-12-23,Standard,127,Product_127,Sports,1343.36,622.33,3,0.0,740,3,4030.08,2163.09
2365,Customer_646,56,Giza,2023-02-18,1,13746,2023-02-18,Standard,123,Product_123,Home Appliances,583.98,261.74,3,0.0,640,4,1751.94,966.72
1499,Customer_647,32,Aswan,2023-04-05,0,10025,2023-04-05,Same Day,138,Product_138,Clothing,1100.33,429.515,5,0.2,608,5,4401.32,2253.74
1510,Customer_648,41,Cairo,2021-10-11,0,10451,2021-10-11,Standard,144,Product_144,Home Appliances,169.98,86.41,4,0.2,532,5,543.94,198.3
2350,Customer_649,39,Cairo,2022-06-25,0,12153,2022-06-25,Standard,103,Product_103,Electronics,907.09,481.1,3,0.0,443,3,2721.27,1277.97
1216,Customer_650,25,Mansoura,2023-06-08,0,10239,2023-06-08,Express,112,Product_112,Home Appliances,748.74,349.13,1,0.1,517,5,673.87,324.74
2324,Customer_651,39,Alexandria,2024-01-13,0,13923,2024-01-13,Same Day,130,Product_130,Clothing,1468.04,429.515,2,0.0,354,7,2936.08,2077.05
2155,Customer_652,37,Luxor,2022-10-30,1,13489,2022-10-30,Express,131,Product_131,Sports,1277.0,599.41,5,0.0,794,2,6385.0,3387.95
2093,Customer_653,55,Giza,2022-05-23,0,10331,2022-05-23,Standard,123,Product_123,Clothing,709.5,425.54,3,0.0,494,5,2128.5,851.88
2275,Customer_654,62,Luxor,2023-01-27,0,12959,2023-01-27,Standard,101,Product_101,Sports,1173.96,645.28,2,0.0,552,5,2347.92,1057.36
2438,Customer_655,62,Cairo,2022-07-02,0,11914,2022-07-02,Express,141,Product_141,Electronics,329.91,209.96,5,0.0,914,4,1649.55,599.75
1444,Customer_656,6,Alexandria,2020-11-21,0,11065,2020-11-21,Same Day,120,Product_120,Electronics,865.39,427.35,5,0.0,688,7,4326.95,2190.2
1875,Customer_657,25,Alexandria,2022-08-30,1,10644,2022-08-30,Same Day,106,Product_106,Home Appliances,158.2,87.28,5,0.0,855,3,791.0,354.6
2205,Customer_658,5,Luxor,2022-10-07,0,11852,2022-10-07,Express,111,Product_111,Electronics,554.73,265.08,4,0.0,409,7,2218.92,1158.6
1166,Customer_659,22,Cairo,2021-06-14,0,13627,2021-06-14,Standard,135,Product_135,Electronics,377.5,256.83,1,0.0,333,3,377.5,120.67
1090,Customer_660,30,Luxor,2021-05-21,1,10034,2021-05-21,Same Day,104,Product_104,Clothing,1092.42,608.02,5,0.0,1321,1,5462.1,2422.0
1713,Customer_661,46,Mansoura,2023-07-29,0,12923,2023-07-29,Same Day,129,Product_129,Clothing,760.63,343.83,4,0.0,522,8,3042.52,1667.2
1038,Customer_662,32,Alexandria,2021-07-21,0,13418,2021-07-21,Express,110,Product_110,Home Appliances,1139.05,548.83,5,0.0,461,5,5695.25,2951.1
2149,Customer_663,32,Alexandria,2022-03-12,0,12431,2022-03-12,Same Day,129,Product_129,Home Appliances,797.18,338.7,5,0.0,760,2,3985.9,2292.4
2474,Customer_664,42,Mansoura,2022-09-19,0,13584,2022-09-19,Standard,138,Product_138,Home Appliances,175.4,71.62,4,0.0,551,6,701.6,415.12
1172,Customer_665,14,Cairo,2023-07-07,0,13809,2023-07-07,Express,101,Product_101,Home Appliances,1116.28,622.63,1,0.0,544,5,1116.28,493.65
1652,Customer_666,27,Alexandria,2021-04-05,1,10810,2021-04-05,Same Day,140,Product_140,Clothing,1258.18,630.52,2,0.0,1057,3,2516.36,1255.32
1753,Customer_667,32,Aswan,2021-07-16,0,11311,2021-07-16,Standard,108,Product_108,Home Appliances,1360.12,937.3,3,0.2,392,4,3264.29,452.39
2243,Customer_668,36,Aswan,2022-06-19,0,12795,2022-06-19,Standard,138,Product_138,Home Appliances,879.39,396.96,5,0.0,437,8,4396.95,2412.15
2081,Customer_669,41,Aswan,2020-07-06,0,11894,2020-07-06,Express,117,Product_117,Electronics,1142.7,429.515,1,0.0,412,4,1142.7,713.18
1475,Customer_670,62,Giza,2024-01-01,0,13006,2024-01-01,Express,119,Product_119,Home Appliances,1140.46,564.29,3,0.0,366,7,3421.38,1728.51
1455,Customer_671,53,Giza,2021-08-08,0,11056,2021-08-08,Standard,133,Product_133,Sports,275.84,128.83,5,0.0,347,6,1379.2,735.05
1828,Customer_672,28,Cairo,2021-04-25,1,12142,2021-04-25,Standard,115,Product_115,Electronics,288.12,199.06,3,0.0,505,2,864.36,267.18
1894,Customer_673,36,Mansoura,2021-10-07,0,13067,2021-10-07,Same Day,145,Product_145,Clothing,152.78,97.9,4,0.2,742,6,488.9,97.3
2384,Customer_674,35,Luxor,2021-11-18,0,10204,2021-11-18,Same Day,131,Product_131,Sports,513.87,302.77,1,0.0,426,4,513.87,211.1
2024,Customer_675,32,Cairo,2021-10-16,0,13692,2021-10-16,Same Day,121,Product_121,Home Appliances,736.59,448.68,1,0.0,614,5,736.59,287.91
1386,Customer_676,44,Luxor,2023-11-01,0,12881,2023-11-01,Same Day,103,Product_103,Electronics,1496.95,1043.99,2,0.0,721,7,2993.9,905.92
1347,Customer_677,12,Cairo,2020-06-14,0,12077,2020-06-14,Same Day,102,Product_102,Home Appliances,674.94,390.09,2,0.0,890,4,1349.88,569.7
1189,Customer_678,53,Giza,2020-10-10,0,12313,2020-10-10,Express,135,Product_135,Electronics,1103.05,474.94,3,0.2,580,6,2647.32,1222.5
1504,Customer_679,65,Aswan,2020-04-11,0,12070,2020-04-11,Same Day,141,Product_141,Home Appliances,1055.43,442.71,4,0.0,812,5,4221.72,2450.88
2214,Customer_680,35,Mansoura,2021-04-18,0,12656,2021-04-18,Same Day,116,Product_116,Sports,346.5,207.89,3,0.0,1012,3,1039.5,415.83
2392,Customer_681,35,Giza,2022-02-23,0,10038,2022-02-23,Same Day,145,Product_145,Clothing,134.84,80.54,5,0.0,543,5,674.2,271.5
2432,Customer_682,42,Mansoura,2023-11-22,0,10172,2023-11-22,Standard,121,Product_121,Sports,841.71,525.61,1,0.0,406,3,841.71,316.1
1823,Customer_683,55,Luxor,2020-08-11,0,10759,2020-08-11,Same Day,112,Product_112,Sports,1065.44,429.515,3,0.0,776,3,3196.32,1907.78
1928,Customer_684,35,Cairo,2023-12-17,0,11914,2023-12-17,Express,128,Product_128,Clothing,1497.47,1023.48,3,0.0,381,6,4492.41,1421.97
1933,Customer_685,54,Alexandria,2021-03-14,0,13484,2021-03-14,Standard,112,Product_112,Electronics,569.99,322.24,1,0.0,529,6,569.99,247.75
2140,Customer_686,47,Alexandria,2020-05-11,0,10413,2020-05-11,Standard,133,Product_133,Electronics,1349.73,802.91,1,0.0,429,6,1349.73,546.82
1133,Customer_687,75,Mansoura,2022-04-29,1,13745,2022-04-29,Same Day,120,Product_120,Clothing,603.8,247.83,2,0.0,694,2,1207.6,711.94
1057,Customer_688,35,Aswan,2022-04-14,1,10691,2022-04-14,Standard,140,Product_140,Home Appliances,1049.65,722.47,2,0.2,993,3,1679.44,234.5
1684,Customer_689,10,Aswan,2021-11-08,0,12662,2021-11-08,Same Day,149,Product_149,Electronics,917.47,521.84,1,0.0,367,7,917.47,395.63
1671,Customer_690,18,Mansoura,2023-01-16,0,12256,2023-01-16,Same Day,121,Product_121,Sports,126.82,72.16,3,0.0,716,8,380.46,163.98
1172,Customer_691,40,Giza,2022-08-12,0,10021,2022-08-12,Same Day,139,Product_139,Clothing,163.66,111.79,5,0.05,544,5,777.38,218.43
1814,Customer_692,55,Alexandria,2022-01-05,0,12052,2022-01-05,Express,141,Product_141,Sports,80.11,54.38,3,0.0,351,4,240.33,77.19
2172,Customer_693,30,Giza,2020-07-05,1,12698,2020-07-05,Standard,149,Product_149,Electronics,587.71,273.93,5,0.0,1035,2,2938.55,1568.9
1079,Customer_694,36,Luxor,2021-02-27,1,10213,2021-02-27,Standard,142,Product_142,Clothing,1131.41,768.6,1,0.0,1404,1,1131.41,362.81
1885,Customer_695,50,Alexandria,2022-05-10,1,11695,2022-05-10,Standard,136,Product_136,Clothing,300.5,186.61,5,0.0,356,4,1502.5,569.45
2236,Customer_696,25,Luxor,2022-08-03,0,10919,2022-08-03,Standard,122,Product_122,Electronics,928.49,376.66,2,0.0,589,4,1856.98,1103.66
1202,Customer_697,30,Cairo,2023-11-04,0,10906,2023-11-04,Standard,126,Product_126,Electronics,468.8,221.25,1,0.0,420,4,468.8,247.55
1763,Customer_698,22,Giza,2023-11-25,0,13210,2023-11-25,Same Day,107,Product_107,Clothing,1205.64,631.63,4,0.0,403,5,4822.56,2296.04
2252,Customer_699,57,Mansoura,2020-10-02,0,13728,2020-10-02,Same Day,107,Product_107,Home Appliances,1207.67,694.23,5,0.0,581,7,6038.35,2567.2
2250,Customer_700,63,Alexandria,2023-03-25,0,12719,2023-03-25,Same Day,108,Product_108,Clothing,1174.35,716.82,5,0.0,625,5,5871.75,2287.65
2464,Customer_701,16,Giza,2022-02-18,0,13666,2022-02-18,Express,126,Product_126,Home Appliances,811.01,375.55,4,0.1,388,6,2919.64,1417.44
2425,Customer_702,37,Mansoura,2022-09-03,1,12714,2022-09-03,Express,124,Product_124,Sports,462.62,301.17,4,0.0,851,2,1850.48,645.8
1046,Customer_703,61,Cairo,2020-01-13,1,10799,2020-01-13,Express,124,Product_124,Home Appliances,1223.69,799.94,1,0.0,1273,5,1223.69,423.75
2256,Customer_704,45,Alexandria,2021-12-21,0,12364,2021-12-21,Express,140,Product_140,Home Appliances,319.85,188.87,3,0.0,329,8,959.55,392.94
2328,Customer_705,32,Luxor,2021-03-09,0,10792,2021-03-09,Standard,148,Product_148,Electronics,470.15,429.515,4,0.0,388,3,1880.6,162.54
2166,Customer_706,16,Cairo,2022-03-09,1,10575,2022-03-09,Express,112,Product_112,Clothing,316.72,203.93,5,0.0,542,3,1583.6,563.95
2438,Customer_707,57,Aswan,2022-05-08,0,11727,2022-05-08,Standard,147,Product_147,Sports,1027.6,479.36,4,0.0,914,4,4110.4,2192.96
2396,Customer_708,45,Mansoura,2023-01-07,1,13227,2023-01-07,Standard,108,Product_108,Clothing,1045.04,668.41,1,0.0,445,3,1045.04,376.63
2282,Customer_709,17,Alexandria,2023-01-23,1,11447,2023-01-23,Standard,109,Product_109,Home Appliances,996.14,683.31,1,0.0,601,3,996.14,312.83
1655,Customer_710,57,Alexandria,2023-05-20,0,13571,2023-05-20,Same Day,103,Product_103,Home Appliances,652.62,287.99,5,0.2,592,2,2610.48,1170.53
1470,Customer_711,15,Cairo,2021-03-27,0,10090,2021-03-27,Same Day,121,Product_121,Home Appliances,195.25,135.43,5,0.0,344,7,976.25,299.1
1970,Customer_712,36,Alexandria,2022-09-26,0,13725,2022-09-26,Standard,131,Product_131,Clothing,1371.2,558.76,5,0.0,448,4,6856.0,4062.2
2035,Customer_713,36,Mansoura,2021-03-25,0,11065,2021-03-25,Express,148,Product_148,Home Appliances,786.21,437.64,3,0.0,548,8,2358.63,1045.71
2353,Customer_714,64,Cairo,2021-12-07,1,10760,2021-12-07,Standard,147,Product_147,Clothing,640.11,404.66,5,0.0,644,3,3200.55,1177.25
1735,Customer_715,36,Luxor,2022-06-11,0,13366,2022-06-11,Same Day,124,Product_124,Sports,903.8,575.84,1,0.0,800,5,903.8,327.96
1783,Customer_716,36,Cairo,2022-09-21,1,10769,2022-09-21,Express,104,Product_104,Sports,329.55,204.45,1,0.0,806,3,329.55,125.1
1967,Customer_717,19,Cairo,2020-02-29,0,11360,2020-02-29,Same Day,120,Product_120,Clothing,242.2,135.34,4,0.0,1460,3,968.8,427.44
1357,Customer_718,30,Luxor,2022-03-07,1,12048,2022-03-07,Express,116,Product_116,Sports,638.01,379.8,5,0.0,1031,2,3190.05,1291.05
1971,Customer_719,27,Aswan,2021-11-19,0,12156,2021-11-19,Same Day,110,Product_110,Electronics,379.47,231.47,3,0.1,488,3,1024.57,330.16
2431,Customer_720,28,Mansoura,2023-10-01,0,12975,2023-10-01,Standard,143,Product_143,Home Appliances,404.22,221.66,2,0.2,458,3,646.75,203.43
1667,Customer_721,40,Aswan,2023-10-22,1,12002,2023-10-22,Same Day,126,Product_126,Home Appliances,1344.14,777.86,4,0.0,437,3,5376.56,2265.12
1372,Customer_722,3,Aswan,2022-08-04,1,13196,2022-08-04,Express,129,Product_129,Home Appliances,819.6,535.94,3,0.1,999,3,2212.92,605.1
2031,Customer_723,17,Aswan,2024-01-23,1,11087,2024-01-23,Same Day,105,Product_105,Electronics,751.03,429.515,5,0.1,344,5,3379.64,1232.06
2145,Customer_724,38,Giza,2020-12-04,1,10205,2020-12-04,Express,111,Product_111,Home Appliances,1049.75,584.67,3,0.2,1298,3,2519.4,765.39
2371,Customer_725,41,Aswan,2022-08-15,1,13486,2022-08-15,Same Day,129,Product_129,Clothing,1429.74,575.53,2,0.0,870,3,2859.48,1708.42
1675,Customer_726,36,Giza,2020-09-18,0,12897,2020-09-18,Same Day,145,Product_145,Home Appliances,212.69,128.94,3,0.05,1030,4,606.17,219.35
1089,Customer_727,39,Luxor,2023-06-28,0,13315,2023-06-28,Standard,115,Product_115,Clothing,1258.63,577.23,2,0.0,354,5,2517.26,1362.8
1697,Customer_728,33,Mansoura,2022-12-29,0,12637,2022-12-29,Express,106,Product_106,Sports,896.83,488.14,2,0.0,393,5,1793.66,817.38
2339,Customer_729,39,Aswan,2020-02-25,0,10622,2020-02-25,Express,148,Product_148,Clothing,261.94,121.29,2,0.05,606,3,497.69,255.11
2201,Customer_730,46,Alexandria,2022-03-17,0,11677,2022-03-17,Standard,115,Product_115,Clothing,480.87,195.74,3,0.05,341,7,1370.48,783.26
1539,Customer_731,46,Luxor,2023-04-27,0,13287,2023-04-27,Same Day,143,Product_143,Clothing,749.42,408.41,5,0.0,597,6,3747.1,1705.05
1731,Customer_732,29,Giza,2023-01-03,0,13012,2023-01-03,Express,120,Product_120,Home Appliances,1052.21,429.515,1,0.1,656,4,946.99,517.48
1868,Customer_733,53,Mansoura,2023-09-19,0,11551,2023-09-19,Express,134,Product_134,Electronics,401.78,211.96,1,0.0,470,4,401.78,189.82
1040,Customer_734,42,Cairo,2020-02-25,0,13012,2020-02-25,Express,102,Product_102,Electronics,825.57,381.94,3,0.0,451,6,2476.71,1330.89
1739,Customer_735,58,Mansoura,2020-06-20,1,13637,2020-06-20,Standard,144,Product_144,Clothing,1042.77,713.42,5,0.0,1115,4,5213.85,1646.75
1501,Customer_736,61,Mansoura,2023-08-09,0,12700,2023-08-09,Standard,116,Product_116,Home Appliances,700.67,281.01,1,0.1,511,2,630.6,349.59
1958,Customer_737,18,Aswan,2022-05-27,0,13451,2022-05-27,Express,119,Product_119,Electronics,1301.39,868.63,2,0.2,521,3,2082.22,344.96
2168,Customer_738,27,Aswan,2020-10-04,0,11871,2020-10-04,Same Day,134,Product_134,Sports,1310.72,814.05,3,0.05,445,5,3735.55,1293.4
2224,Customer_739,52,Giza,2022-03-08,0,10078,2022-03-08,Same Day,149,Product_149,Sports,732.5,330.81,3,0.0,878,5,2197.5,1205.07
1928,Customer_740,15,Giza,2021-01-07,0,12462,2021-01-07,Standard,114,Product_114,Home Appliances,1460.74,791.22,4,0.0,381,6,5842.96,2678.08
1460,Customer_741,61,Aswan,2020-04-12,0,11476,2020-04-12,Same Day,124,Product_124,Sports,159.6,111.19,4,0.0,447,3,638.4,193.64
1731,Customer_742,34,Aswan,2021-06-16,0,11172,2021-06-16,Standard,128,Product_128,Sports,54.88,32.55,4,0.0,656,4,219.52,89.32
1751,Customer_743,48,Alexandria,2022-02-15,1,10638,2022-02-15,Express,148,Product_148,Sports,601.97,263.79,5,0.0,1051,3,3009.85,1690.9
1924,Customer_744,38,Alexandria,2021-01-11,0,11693,2021-01-11,Express,132,Product_132,Electronics,921.59,495.16,3,0.0,375,6,2764.77,1279.29
1908,Customer_745,19,Luxor,2021-03-09,0,12838,2021-03-09,Express,137,Product_137,Sports,962.34,520.11,4,0.0,351,4,3849.36,1768.92
2276,Customer_746,55,Aswan,2022-07-20,0,11061,2022-07-20,Standard,110,Product_110,Clothing,740.85,474.65,3,0.1,342,5,2000.3,576.35
1389,Customer_747,81,Cairo,2021-10-31,0,13228,2021-10-31,Same Day,149,Product_149,Clothing,231.08,155.94,2,0.0,789,5,462.16,150.28
1882,Customer_748,32,Alexandria,2021-11-22,0,12380,2021-11-22,Express,145,Product_145,Sports,297.22,126.22,4,0.05,350,7,1129.44,624.56
1255,Customer_749,35,Giza,2022-02-15,1,12335,2022-02-15,Same Day,148,Product_148,Clothing,1285.61,429.515,3,0.0,667,3,3856.83,2568.28
1708,Customer_750,0,Mansoura,2021-07-23,0,13183,2021-07-23,Same Day,109,Product_109,Electronics,1308.47,640.54,5,0.0,425,6,6542.35,3339.65
1449,Customer_751,60,Luxor,2022-05-13,0,11725,2022-05-13,Standard,124,Product_124,Home Appliances,1027.15,717.79,5,0.0,644,5,5135.75,1546.8
1009,Customer_752,53,Alexandria,2021-05-31,0,11641,2021-05-31,Standard,136,Product_136,Clothing,1013.12,575.22,5,0.0,359,5,5065.6,2189.5
1823,Customer_753,13,Mansoura,2020-06-16,0,11114,2020-06-16,Same Day,129,Product_129,Sports,916.64,429.515,4,0.0,776,3,3666.56,1948.5
1797,Customer_754,9,Mansoura,2022-08-21,0,11889,2022-08-21,Same Day,129,Product_129,Home Appliances,344.24,429.515,5,0.0,717,4,1721.2,-426.37
2265,Customer_755,10,Alexandria,2020-09-02,1,13884,2020-09-02,Express,148,Product_148,Home Appliances,670.96,413.86,1,0.1,365,3,603.86,190.0
2274,Customer_756,49,Cairo,2023-01-09,0,13120,2023-01-09,Express,123,Product_123,Sports,1059.05,514.67,2,0.2,467,5,1694.48,665.14
1876,Customer_757,51,Cairo,2020-04-16,0,10160,2020-04-16,Express,127,Product_127,Clothing,829.02,558.37,3,0.0,428,5,2487.06,811.95
2028,Customer_758,26,Luxor,2021-12-17,0,13587,2021-12-17,Same Day,131,Product_131,Electronics,76.94,41.28,1,0.0,999,3,76.94,35.66
2142,Customer_759,47,Cairo,2021-04-04,0,11425,2021-04-04,Standard,143,Product_143,Clothing,1432.66,918.5,4,0.2,504,4,4584.51,910.51
2015,Customer_760,42,Luxor,2023-08-24,0,11733,2023-08-24,Same Day,107,Product_107,Clothing,1274.98,607.84,3,0.05,436,3,3633.69,1810.17
1373,Customer_761,34,Giza,2020-05-20,1,10319,2020-05-20,Express,149,Product_149,Electronics,427.79,260.13,3,0.0,607,3,1283.37,502.98
2088,Customer_762,54,Alexandria,2023-08-27,0,12971,2023-08-27,Express,145,Product_145,Home Appliances,943.87,492.27,5,0.05,339,6,4483.38,2022.03
1145,Customer_763,21,Mansoura,2020-03-23,0,12411,2020-03-23,Standard,104,Product_104,Electronics,1388.7,568.58,3,0.0,698,3,4166.1,2460.36
1223,Customer_764,57,Luxor,2020-03-04,1,13960,2020-03-04,Same Day,114,Product_114,Electronics,189.22,99.13,3,0.0,1660,2,567.66,270.27
2262,Customer_765,29,Cairo,2021-05-21,1,13513,2021-05-21,Express,142,Product_142,Sports,779.39,440.36,2,0.0,892,5,1558.78,678.06
1176,Customer_766,66,Luxor,2021-02-12,1,12522,2021-02-12,Standard,142,Product_142,Sports,711.55,317.02,4,0.0,496,5,2846.2,1578.12
1852,Customer_767,24,Aswan,2020-11-02,1,13070,2020-11-02,Express,110,Product_110,Clothing,644.8,293.5,1,0.0,379,5,644.8,351.3
2305,Customer_768,34,Luxor,2023-06-26,1,10765,2023-06-26,Standard,144,Product_144,Sports,1261.6,680.58,5,0.0,555,3,6308.0,2905.1
1062,Customer_769,40,Cairo,2020-08-11,1,10601,2020-08-11,Same Day,134,Product_134,Electronics,601.94,302.67,2,0.1,624,3,1083.49,478.15
2240,Customer_770,40,Aswan,2021-05-03,1,12359,2021-05-03,Standard,126,Product_126,Electronics,142.31,75.74,1,0.0,1012,3,142.31,66.57
1826,Customer_771,47,Aswan,2020-09-15,0,11555,2020-09-15,Same Day,123,Product_123,Sports,145.46,78.29,1,0.0,750,2,145.46,67.17
1794,Customer_772,20,Cairo,2022-08-27,1,10588,2022-08-27,Same Day,109,Product_109,Sports,111.98,49.5,2,0.0,606,3,223.96,124.96
1688,Customer_773,39,Aswan,2023-10-03,0,11243,2023-10-03,Express,137,Product_137,Sports,643.26,292.27,5,0.0,456,3,3216.3,1754.95
2484,Customer_774,42,Alexandria,2020-08-22,1,11697,2020-08-22,Same Day,108,Product_108,Electronics,1091.69,714.46,4,0.0,869,2,4366.76,1508.92
1104,Customer_775,32,Mansoura,2023-01-03,0,11520,2023-01-03,Express,114,Product_114,Home Appliances,345.4,155.02,2,0.05,592,4,656.26,346.22
2122,Customer_776,46,Alexandria,2021-03-22,0,12390,2021-03-22,Express,107,Product_107,Home Appliances,987.38,592.21,2,0.1,541,9,1777.28,592.86
1510,Customer_777,19,Alexandria,2022-08-10,0,10905,2022-08-10,Same Day,107,Product_107,Sports,1046.28,429.515,2,0.0,532,5,2092.56,1233.53
1384,Customer_778,35,Cairo,2023-03-12,0,11650,2023-03-12,Standard,109,Product_109,Clothing,420.04,290.03,5,0.0,395,2,2100.2,650.05
1404,Customer_779,28,Cairo,2021-06-08,0,11117,2021-06-08,Same Day,103,Product_103,Clothing,920.81,386.58,2,0.05,338,5,1749.54,976.38
1822,Customer_780,35,Mansoura,2022-01-25,1,13989,2022-01-25,Same Day,114,Product_114,Home Appliances,1043.06,677.07,2,0.0,423,5,2086.12,731.98
1517,Customer_781,61,Luxor,2020-12-09,0,13204,2020-12-09,Standard,117,Product_117,Sports,726.59,397.76,3,0.0,970,4,2179.77,986.49
1475,Customer_782,61,Alexandria,2023-05-25,0,11524,2023-05-25,Express,144,Product_144,Electronics,538.24,216.16,3,0.0,366,7,1614.72,966.24
1708,Customer_783,59,Aswan,2023-05-28,0,10171,2023-05-28,Express,122,Product_122,Clothing,947.77,454.07,3,0.2,425,6,2274.65,912.44
1770,Customer_784,33,Mansoura,2024-11-01,0,10625,2024-11-01,Same Day,146,Product_146,Clothing,1467.88,766.69,3,0.0,356,3,4403.64,2103.57
2460,Customer_785,53,Alexandria,2020-08-22,0,12045,2020-08-22,Standard,126,Product_126,Electronics,668.92,330.62,2,0.2,949,6,1070.27,409.03
2046,Customer_786,41,Luxor,2020-01-12,0,13080,2020-01-12,Standard,128,Product_128,Electronics,618.02,314.41,3,0.0,407,3,1854.06,910.83
1996,Customer_787,40,Aswan,2021-09-29,0,13882,2021-09-29,Standard,145,Product_145,Sports,723.19,488.15,1,0.0,1190,3,723.19,235.04
1676,Customer_788,38,Alexandria,2020-09-08,1,13843,2020-09-08,Standard,114,Product_114,Electronics,160.52,81.59,4,0.0,1606,1,642.08,315.72
1713,Customer_789,66,Giza,2023-03-31,0,10681,2023-03-31,Same Day,109,Product_109,Electronics,852.09,447.9,3,0.0,522,8,2556.27,1212.57
2481,Customer_790,60,Mansoura,2020-02-22,1,11344,2020-02-22,Same Day,126,Product_126,Electronics,526.61,330.89,5,0.0,498,3,2633.05,978.6
1082,Customer_791,51,Cairo,2021-09-30,0,13169,2021-09-30,Express,102,Product_102,Home Appliances,226.06,144.26,4,0.0,520,5,904.24,327.2
2168,Customer_792,37,Alexandria,2023-03-25,0,13240,2023-03-25,Standard,111,Product_111,Electronics,726.07,308.74,1,0.0,445,5,726.07,417.33
2108,Customer_793,40,Aswan,2023-10-19,0,11983,2023-10-19,Same Day,117,Product_117,Clothing,54.91,33.56,4,0.0,440,3,219.64,85.4
2101,Customer_794,47,Aswan,2022-07-02,1,10310,2022-07-02,Same Day,134,Product_134,Sports,632.59,344.62,4,0.05,1059,3,2403.84,1025.36
1456,Customer_795,32,Mansoura,2022-03-23,0,13801,2022-03-23,Standard,119,Product_119,Sports,203.32,89.49,1,0.05,400,6,193.15,103.66
1000,Customer_796,54,Mansoura,2024-01-04,0,12961,2024-01-04,Standard,139,Product_139,Sports,85.22,40.86,3,0.2,363,5,204.53,81.95
1050,Customer_797,26,Aswan,2021-02-10,0,11935,2021-02-10,Express,118,Product_118,Home Appliances,1245.49,515.02,1,0.05,697,4,1183.22,668.2
1684,Customer_798,45,Aswan,2020-04-06,0,13414,2020-04-06,Standard,113,Product_113,Clothing,1378.56,700.41,5,0.0,367,7,6892.8,3390.75
1716,Customer_799,5,Aswan,2023-04-27,0,12477,2023-04-27,Express,105,Product_105,Electronics,351.13,167.36,1,0.0,615,1,351.13,183.77
2469,Customer_800,31,Alexandria,2023-11-15,0,12905,2023-11-15,Express,123,Product_123,Clothing,831.98,428.16,2,0.1,413,3,1497.56,641.24
1448,Customer_801,71,Aswan,2023-07-08,0,11985,2023-07-08,Standard,124,Product_124,Sports,453.04,260.09,2,0.0,390,5,906.08,385.9
1880,Customer_802,55,Cairo,2021-05-12,0,13627,2021-05-12,Standard,129,Product_129,Electronics,765.69,474.5,4,0.0,598,10,3062.76,1164.76
1487,Customer_803,63,Aswan,2020-07-27,0,11523,2020-07-27,Same Day,148,Product_148,Sports,683.12,397.31,3,0.05,330,5,1946.89,754.96
1033,Customer_804,29,Cairo,2023-11-28,0,13844,2023-11-28,Standard,147,Product_147,Sports,440.12,265.62,3,0.0,400,3,1320.36,523.5
2371,Customer_805,41,Alexandria,2021-09-09,1,10284,2021-09-09,Standard,108,Product_108,Sports,1065.57,702.95,2,0.2,870,3,1704.91,299.01
1094,Customer_806,59,Mansoura,2023-02-11,0,13709,2023-02-11,Express,126,Product_126,Clothing,233.41,154.55,5,0.0,353,4,1167.05,394.3
2095,Customer_807,49,Cairo,2023-05-14,0,11283,2023-05-14,Standard,115,Product_115,Clothing,126.96,83.57,1,0.0,598,3,126.96,43.39
1153,Customer_808,47,Alexandria,2020-04-09,0,12542,2020-04-09,Same Day,101,Product_101,Sports,1163.13,518.7,1,0.05,423,8,1104.97,586.27
1249,Customer_809,64,Aswan,2023-05-03,0,10354,2023-05-03,Same Day,128,Product_128,Sports,1015.6,482.74,1,0.0,401,4,1015.6,532.86
1673,Customer_810,24,Alexandria,2020-03-25,0,12261,2020-03-25,Standard,149,Product_149,Electronics,772.86,425.61,5,0.2,626,4,3091.44,963.39
1437,Customer_811,37,Aswan,2021-12-12,1,12864,2021-12-12,Standard,147,Product_147,Sports,728.3,369.7,5,0.2,937,3,2913.2,1064.7
1117,Customer_812,13,Alexandria,2022-12-27,0,10199,2022-12-27,Express,146,Product_146,Sports,771.25,338.96,1,0.0,736,5,771.25,432.29
1770,Customer_813,41,Mansoura,2022-05-27,0,13307,2022-05-27,Standard,114,Product_114,Sports,683.68,332.49,1,0.0,356,3,683.68,351.19
2329,Customer_814,56,Cairo,2023-09-16,0,12900,2023-09-16,Express,142,Product_142,Sports,619.69,429.22,5,0.0,473,3,3098.45,952.35
1267,Customer_815,41,Mansoura,2022-01-28,0,12183,2022-01-28,Standard,134,Product_134,Clothing,774.55,390.43,1,0.0,346,5,774.55,384.12
2077,Customer_816,51,Giza,2020-05-21,1,11913,2020-05-21,Express,131,Product_131,Sports,816.35,429.13,5,0.1,414,3,3673.58,1527.93
1235,Customer_817,64,Aswan,2022-11-02,1,10947,2022-11-02,Same Day,106,Product_106,Home Appliances,1053.26,423.33,4,0.0,791,3,4213.04,2519.72
1388,Customer_818,37,Cairo,2023-08-19,1,12675,2023-08-19,Standard,149,Product_149,Sports,1081.25,665.86,2,0.0,333,2,2162.5,830.78
1989,Customer_819,47,Mansoura,2021-11-29,0,10916,2021-11-29,Standard,105,Product_105,Clothing,597.56,313.16,2,0.0,565,7,1195.12,568.8
1762,Customer_820,51,Cairo,2020-01-26,1,13738,2020-01-26,Express,131,Product_131,Home Appliances,649.63,279.95,5,0.0,783,7,3248.15,1848.4
1400,Customer_821,21,Giza,2022-05-10,0,13493,2022-05-10,Express,137,Product_137,Home Appliances,591.86,408.72,1,0.1,438,9,532.67,123.95
1623,Customer_822,30,Luxor,2022-09-30,0,13972,2022-09-30,Standard,115,Product_115,Sports,827.98,524.3,2,0.0,556,5,1655.96,607.36
1766,Customer_823,24,Aswan,2020-04-08,1,11364,2020-04-08,Express,115,Product_115,Sports,707.36,437.04,3,0.0,1174,5,2122.08,810.96
2326,Customer_824,31,Aswan,2022-06-06,0,11852,2022-06-06,Standard,143,Product_143,Clothing,1339.91,921.0,1,0.0,391,7,1339.91,418.91
1918,Customer_825,50,Alexandria,2022-01-11,0,13975,2022-01-11,Same Day,105,Product_105,Home Appliances,1059.72,553.43,5,0.1,694,4,4768.74,2001.59
2230,Customer_826,31,Aswan,2023-07-25,0,10341,2023-07-25,Express,128,Product_128,Home Appliances,1353.05,832.88,3,0.1,526,7,3653.23,1154.59
2252,Customer_827,39,Aswan,2022-07-30,0,13601,2022-07-30,Standard,133,Product_133,Clothing,1078.25,498.0,5,0.05,581,7,5121.69,2631.69
1852,Customer_828,24,Mansoura,2023-12-19,1,10387,2023-12-19,Same Day,111,Product_111,Sports,1457.94,888.08,1,0.0,379,5,1457.94,569.86
1577,Customer_829,58,Aswan,2020-11-09,1,10003,2020-11-09,Standard,143,Product_143,Electronics,971.82,392.83,4,0.0,776,4,3887.28,2315.96
1074,Customer_830,31,Aswan,2022-06-10,0,10676,2022-06-10,Standard,106,Product_106,Electronics,1447.15,633.69,4,0.2,519,6,4630.88,2096.12
1434,Customer_831,62,Giza,2020-12-26,0,11662,2020-12-26,Same Day,123,Product_123,Home Appliances,279.35,147.38,4,0.2,792,6,893.92,304.4
1102,Customer_832,40,Giza,2022-12-04,0,12446,2022-12-04,Express,140,Product_140,Home Appliances,126.09,50.89,1,0.0,759,2,126.09,75.2
2445,Customer_833,18,Cairo,2023-08-25,0,13493,2023-08-25,Same Day,102,Product_102,Sports,889.73,479.2,1,0.05,495,4,845.24,366.04
1763,Customer_834,37,Cairo,2021-07-07,0,12458,2021-07-07,Standard,115,Product_115,Electronics,1476.07,821.93,3,0.2,403,5,3542.57,1076.78
1737,Customer_835,24,Aswan,2023-06-15,0,10212,2023-06-15,Same Day,123,Product_123,Home Appliances,655.53,384.46,1,0.0,485,4,655.53,271.07
1805,Customer_836,48,Aswan,2023-07-01,0,10559,2023-07-01,Standard,122,Product_122,Sports,357.46,153.75,1,0.0,521,4,357.46,203.71
2329,Customer_837,36,Alexandria,2022-09-17,0,10557,2022-09-17,Same Day,109,Product_109,Electronics,806.24,366.28,3,0.0,473,3,2418.72,1319.88
1097,Customer_838,42,Cairo,2022-08-10,0,12605,2022-08-10,Express,147,Product_147,Clothing,990.76,578.59,3,0.2,590,4,2377.82,642.05
1797,Customer_839,34,Mansoura,2022-11-06,0,13119,2022-11-06,Same Day,140,Product_140,Home Appliances,507.01,302.92,5,0.0,717,4,2535.05,1020.45
2358,Customer_840,41,Aswan,2024-06-02,0,13258,2024-06-02,Same Day,130,Product_130,Clothing,1086.42,443.01,2,0.1,330,4,1955.56,1069.54
1858,Customer_841,25,Mansoura,2023-04-28,0,12549,2023-04-28,Express,116,Product_116,Electronics,1463.92,822.88,2,0.0,551,5,2927.84,1282.08
1434,Customer_842,52,Aswan,2021-07-03,0,13703,2021-07-03,Standard,146,Product_146,Sports,1350.6,858.3,5,0.0,792,6,6753.0,2461.5
1446,Customer_843,37,Mansoura,2021-10-22,0,12691,2021-10-22,Same Day,147,Product_147,Sports,472.8,198.92,4,0.0,641,3,1891.2,1095.52
2331,Customer_844,35,Luxor,2021-05-17,1,11994,2021-05-17,Standard,130,Product_130,Electronics,523.75,274.42,1,0.2,1195,2,419.0,144.58
1248,Customer_845,37,Mansoura,2020-06-26,0,12578,2020-06-26,Same Day,145,Product_145,Clothing,588.73,293.16,3,0.0,898,2,1766.19,886.71
1165,Customer_846,29,Cairo,2021-07-25,0,10952,2021-07-25,Express,109,Product_109,Sports,622.1,419.36,3,0.0,390,4,1866.3,608.22
1983,Customer_847,35,Aswan,2022-07-12,0,12834,2022-07-12,Same Day,101,Product_101,Home Appliances,195.46,89.08,4,0.2,355,5,625.47,269.15
2358,Customer_848,43,Cairo,2021-05-14,0,10474,2021-05-14,Standard,138,Product_138,Clothing,1154.85,572.24,3,0.0,330,4,3464.55,1747.83
2019,Customer_849,24,Mansoura,2022-09-08,1,11767,2022-09-08,Standard,108,Product_108,Clothing,579.74,388.16,4,0.1,355,5,2087.06,534.42
1541,Customer_850,26,Giza,2023-03-13,0,10041,2023-03-13,Express,118,Product_118,Home Appliances,1325.74,661.8,5,0.0,563,5,6628.7,3319.7
1758,Customer_851,60,Giza,2023-06-03,0,12651,2023-06-03,Standard,127,Product_127,Electronics,1394.06,779.84,4,0.0,475,7,5576.24,2456.88
2129,Customer_852,34,Giza,2023-09-30,0,13332,2023-09-30,Express,118,Product_118,Sports,85.43,429.515,2,0.0,459,4,170.86,-688.17
1080,Customer_853,31,Aswan,2022-02-15,1,12095,2022-02-15,Express,132,Product_132,Clothing,1483.33,1031.61,4,0.2,1051,1,4746.66,620.22
1132,Customer_854,19,Alexandria,2021-11-19,0,13992,2021-11-19,Standard,149,Product_149,Sports,1079.53,698.98,5,0.0,730,3,5397.65,1902.75
1796,Customer_855,52,Luxor,2020-02-28,0,11986,2020-02-28,Standard,132,Product_132,Sports,804.57,474.95,4,0.1,788,5,2896.45,996.65
1899,Customer_856,24,Mansoura,2022-10-09,0,13865,2022-10-09,Express,148,Product_148,Clothing,614.82,257.13,5,0.0,788,5,3074.1,1788.45
1137,Customer_857,39,Alexandria,2021-10-27,0,13657,2021-10-27,Standard,145,Product_145,Electronics,801.85,338.75,2,0.0,392,4,1603.7,926.2
1183,Customer_858,14,Giza,2021-07-01,0,10727,2021-07-01,Express,136,Product_136,Clothing,520.71,293.42,1,0.0,834,2,520.71,227.29
2424,Customer_859,52,Mansoura,2022-09-25,0,13517,2022-09-25,Same Day,136,Product_136,Electronics,952.9,462.65,5,0.1,575,6,4288.05,1974.8
2353,Customer_860,57,Alexandria,2021-03-10,1,12268,2021-03-10,Standard,121,Product_121,Home Appliances,184.82,108.46,1,0.0,644,3,184.82,76.36
1784,Customer_861,47,Cairo,2021-12-27,0,11644,2021-12-27,Standard,146,Product_146,Electronics,950.63,550.85,5,0.0,351,5,4753.15,1998.9
1983,Customer_862,16,Giza,2021-06-13,0,13718,2021-06-13,Express,132,Product_132,Electronics,449.25,292.73,4,0.1,355,5,1617.3,446.38
1068,Customer_863,52,Alexandria,2021-11-28,0,10939,2021-11-28,Same Day,131,Product_131,Clothing,75.57,36.61,1,0.0,383,5,75.57,38.96
1545,Customer_864,27,Aswan,2021-07-26,0,10342,2021-07-26,Same Day,137,Product_137,Sports,851.42,488.17,5,0.0,696,6,4257.1,1816.25
1052,Customer_865,22,Cairo,2023-05-05,1,13309,2023-05-05,Standard,116,Product_116,Sports,888.75,562.76,5,0.0,607,3,4443.75,1629.95
2473,Customer_866,34,Giza,2023-07-12,0,12202,2023-07-12,Express,146,Product_146,Electronics,668.53,365.84,1,0.0,391,7,668.53,302.69
1204,Customer_867,33,Luxor,2021-07-19,0,12985,2021-07-19,Express,146,Product_146,Electronics,154.82,100.51,5,0.0,510,3,774.1,271.55
1125,Customer_868,32,Giza,2023-12-02,0,10840,2023-12-02,Standard,114,Product_114,Clothing,1345.35,591.12,1,0.1,384,5,1210.82,619.7
1042,Customer_869,59,Aswan,2020-01-21,0,12027,2020-01-21,Same Day,124,Product_124,Electronics,936.57,580.83,2,0.0,359,7,1873.14,711.48
1110,Customer_870,70,Luxor,2022-11-24,0,13127,2022-11-24,Express,125,Product_125,Clothing,217.78,148.72,3,0.0,675,6,653.34,207.18
1760,Customer_871,19,Luxor,2021-01-26,0,12434,2021-01-26,Express,146,Product_146,Home Appliances,790.85,395.08,2,0.1,633,6,1423.53,633.37
2206,Customer_872,29,Luxor,2020-06-24,0,10893,2020-06-24,Standard,135,Product_135,Electronics,771.02,393.14,1,0.0,575,3,771.02,377.88
1847,Customer_873,42,Mansoura,2021-05-09,0,11932,2021-05-09,Standard,117,Product_117,Home Appliances,137.58,58.48,4,0.2,1198,4,440.26,206.34
1094,Customer_874,34,Mansoura,2024-01-14,0,13781,2024-01-14,Same Day,146,Product_146,Electronics,929.95,550.95,4,0.0,353,4,3719.8,1516.0
2397,Customer_875,45,Luxor,2022-12-04,0,11338,2022-12-04,Same Day,142,Product_142,Electronics,1222.07,691.37,3,0.0,995,3,3666.21,1592.1
1899,Customer_876,53,Cairo,2022-09-27,0,10037,2022-09-27,Express,145,Product_145,Home Appliances,1136.06,468.17,1,0.0,788,5,1136.06,667.89
1359,Customer_877,51,Luxor,2023-02-11,0,11364,2023-02-11,Standard,104,Product_104,Home Appliances,344.31,215.42,5,0.0,459,4,1721.55,644.45
1899,Customer_878,49,Alexandria,2021-07-05,0,10850,2021-07-05,Standard,111,Product_111,Clothing,1300.32,843.63,2,0.0,788,5,2600.64,913.38
1280,Customer_879,64,Luxor,2023-11-15,0,12776,2023-11-15,Standard,147,Product_147,Clothing,546.69,367.45,2,0.0,413,2,1093.38,358.48
2218,Customer_880,16,Mansoura,2022-02-09,0,10230,2022-02-09,Same Day,115,Product_115,Home Appliances,1422.44,801.86,3,0.0,505,4,4267.32,1861.74
2218,Customer_881,62,Mansoura,2023-08-15,0,12499,2023-08-15,Same Day,130,Product_130,Electronics,154.03,82.53,3,0.0,505,4,462.09,214.5
1666,Customer_882,33,Alexandria,2023-12-28,0,11365,2023-12-28,Express,124,Product_124,Clothing,755.0,500.45,3,0.0,370,3,2265.0,763.65
1092,Customer_883,41,Alexandria,2022-02-10,1,13524,2022-02-10,Standard,102,Product_102,Electronics,915.83,429.515,3,0.0,822,5,2747.49,1458.94
1671,Customer_884,24,Giza,2022-07-06,0,12304,2022-07-06,Same Day,143,Product_143,Sports,409.09,429.515,3,0.0,716,8,1227.27,-61.28
1060,Customer_885,26,Cairo,2020-05-02,0,12481,2020-05-02,Standard,134,Product_134,Clothing,1168.5,683.12,3,0.0,688,6,3505.5,1456.14
1633,Customer_886,49,Cairo,2020-09-07,0,10208,2020-09-07,Same Day,123,Product_123,Clothing,959.0,490.67,5,0.0,538,6,4795.0,2341.65
2074,Customer_887,11,Cairo,2021-08-25,1,11224,2021-08-25,Standard,131,Product_131,Clothing,76.26,32.49,5,0.05,1040,2,362.24,199.79
2426,Customer_888,54,Aswan,2021-03-29,0,12184,2021-03-29,Express,137,Product_137,Sports,932.13,378.84,2,0.0,408,4,1864.26,1106.58
2028,Customer_889,58,Mansoura,2022-04-08,0,13711,2022-04-08,Same Day,113,Product_113,Home Appliances,762.64,403.03,2,0.0,999,3,1525.28,719.22
2489,Customer_890,42,Cairo,2023-11-17,1,12612,2023-11-17,Same Day,133,Product_133,Electronics,334.24,181.95,3,0.0,347,5,1002.72,456.87
1603,Customer_891,42,Giza,2021-05-13,1,12903,2021-05-13,Express,107,Product_107,Sports,1493.83,966.21,2,0.0,836,4,2987.66,1055.24
1681,Customer_892,27,Giza,2021-09-19,0,13465,2021-09-19,Express,132,Product_132,Home Appliances,1350.89,708.3,3,0.1,349,4,3647.4,1522.5
1533,Customer_893,50,Cairo,2023-09-21,0,13667,2023-09-21,Standard,107,Product_107,Clothing,474.14,229.65,5,0.0,468,4,2370.7,1222.45
2428,Customer_894,45,Alexandria,2023-06-04,1,12768,2023-06-04,Same Day,142,Product_142,Home Appliances,834.55,449.51,4,0.0,636,4,3338.2,1540.16
1837,Customer_895,26,Giza,2022-01-25,0,12892,2022-01-25,Standard,138,Product_138,Home Appliances,508.93,239.91,5,0.0,358,5,2544.65,1345.1
1644,Customer_896,34,Alexandria,2022-08-27,0,13868,2022-08-27,Standard,144,Product_144,Home Appliances,1174.47,501.98,1,0.2,754,3,939.58,437.6
1232,Customer_897,37,Mansoura,2023-07-02,0,12083,2023-07-02,Standard,113,Product_113,Electronics,1398.98,607.04,5,0.05,409,4,6645.16,3609.96
1523,Customer_898,41,Aswan,2022-12-23,0,11238,2022-12-23,Same Day,124,Product_124,Home Appliances,570.3,282.72,1,0.0,621,3,570.3,287.58
1345,Customer_899,19,Giza,2021-12-05,1,12074,2021-12-05,Express,128,Product_128,Home Appliances,1218.1,491.87,2,0.0,1042,3,2436.2,1452.46
2069,Customer_900,50,Alexandria,2022-05-21,0,13729,2022-05-21,Standard,132,Product_132,Home Appliances,772.69,360.12,5,0.1,386,4,3477.11,1676.51
1545,Customer_901,36,Cairo,2023-02-01,0,12065,2023-02-01,Same Day,143,Product_143,Home Appliances,625.04,397.69,4,0.0,696,6,2500.16,909.4
2101,Customer_902,40,Mansoura,2021-11-08,1,10629,2021-11-08,Standard,118,Product_118,Sports,1410.71,663.58,5,0.0,1059,3,7053.55,3735.65
2096,Customer_903,31,Luxor,2021-12-21,0,13208,2021-12-21,Express,134,Product_134,Sports,790.09,429.515,5,0.05,454,6,3752.93,1605.36
1793,Customer_904,47,Luxor,2023-12-10,0,10578,2023-12-10,Express,148,Product_148,Home Appliances,727.75,498.31,5,0.0,388,7,3638.75,1147.2
1248,Customer_905,42,Cairo,2022-07-18,0,10902,2022-07-18,Same Day,134,Product_134,Home Appliances,1025.03,601.43,3,0.0,898,2,3075.09,1270.8
1046,Customer_906,58,Mansoura,2021-07-08,1,11849,2021-07-08,Same Day,138,Product_138,Home Appliances,428.79,179.24,5,0.0,1273,5,2143.95,1247.75
2144,Customer_907,47,Mansoura,2021-09-19,1,13022,2021-09-19,Express,101,Product_101,Clothing,520.95,218.11,5,0.2,1200,2,2083.8,993.25
1213,Customer_908,36,Mansoura,2021-05-29,0,11053,2021-05-29,Same Day,143,Product_143,Home Appliances,1401.47,817.95,4,0.0,610,4,5605.88,2334.08
1238,Customer_909,28,Mansoura,2021-04-17,0,13144,2021-04-17,Express,142,Product_142,Home Appliances,1033.87,581.07,1,0.1,596,3,930.48,349.41
2079,Customer_910,52,Luxor,2020-04-09,1,10122,2020-04-09,Standard,131,Product_131,Sports,1248.62,525.06,1,0.0,418,2,1248.62,723.56
1349,Customer_911,35,Alexandria,2024-01-17,0,10956,2024-01-17,Express,101,Product_101,Sports,443.11,207.06,4,0.2,350,4,1417.95,589.71
1106,Customer_912,37,Mansoura,2021-01-29,1,11000,2021-01-29,Standard,116,Product_116,Sports,838.5,569.1,2,0.2,1433,1,1341.6,203.4
1830,Customer_913,37,Alexandria,2021-08-10,0,10986,2021-08-10,Same Day,139,Product_139,Electronics,1458.52,833.69,5,0.0,337,5,7292.6,3124.15
1047,Customer_914,33,Mansoura,2020-01-09,1,11251,2020-01-09,Standard,115,Product_115,Clothing,512.12,272.5,2,0.0,1583,1,1024.24,479.24
1336,Customer_915,37,Giza,2023-02-01,1,10337,2023-02-01,Express,133,Product_133,Home Appliances,282.69,134.29,4,0.0,730,3,1130.76,593.6
2049,Customer_916,68,Aswan,2023-11-14,0,10990,2023-11-14,Same Day,123,Product_123,Sports,790.78,348.03,2,0.0,414,4,1581.56,885.5
1803,Customer_917,24,Giza,2021-01-14,1,12320,2021-01-14,Same Day,141,Product_141,Electronics,612.34,318.9,1,0.0,890,2,612.34,293.44
2280,Customer_918,27,Aswan,2021-01-27,1,13829,2021-01-27,Express,134,Product_134,Home Appliances,281.39,190.42,3,0.1,605,3,759.75,188.49
1007,Customer_919,60,Giza,2021-03-19,0,11460,2021-03-19,Same Day,117,Product_117,Home Appliances,1338.4,554.92,2,0.0,513,3,2676.8,1566.96
1624,Customer_920,34,Mansoura,2022-09-18,1,10901,2022-09-18,Express,125,Product_125,Sports,1486.55,1036.56,3,0.0,826,2,4459.65,1349.97
2276,Customer_921,33,Alexandria,2021-07-20,0,12086,2021-07-20,Standard,142,Product_142,Home Appliances,874.44,404.29,2,0.0,342,5,1748.88,940.3
1718,Customer_922,55,Aswan,2024-01-23,0,13992,2024-01-23,Standard,106,Product_106,Home Appliances,1173.28,613.19,4,0.0,344,2,4693.12,2240.36
1302,Customer_923,18,Luxor,2023-04-22,0,12729,2023-04-22,Same Day,131,Product_131,Home Appliances,1295.61,535.75,3,0.0,407,4,3886.83,2279.58
1638,Customer_924,52,Cairo,2022-12-10,0,10425,2022-12-10,Express,105,Product_105,Sports,1066.42,613.66,2,0.2,753,4,1706.27,478.95
1055,Customer_925,40,Aswan,2023-07-05,0,12362,2023-07-05,Express,140,Product_140,Electronics,114.03,62.15,4,0.0,605,2,456.12,207.52
1725,Customer_926,46,Aswan,2021-08-02,0,10613,2021-08-02,Standard,140,Product_140,Home Appliances,278.57,167.15,1,0.2,504,9,222.86,55.71
1525,Customer_927,46,Luxor,2020-07-24,0,13877,2020-07-24,Standard,130,Product_130,Electronics,152.93,86.07,5,0.05,377,5,726.42,296.07
1473,Customer_928,30,Mansoura,2021-02-01,1,13580,2021-02-01,Same Day,105,Product_105,Home Appliances,64.33,33.42,4,0.05,1111,3,244.45,110.77
1027,Customer_929,55,Giza,2021-08-29,0,13998,2021-08-29,Express,112,Product_112,Sports,493.69,306.74,4,0.0,624,4,1974.76,747.8
1077,Customer_930,31,Giza,2021-10-04,0,12802,2021-10-04,Same Day,107,Product_107,Electronics,618.92,252.21,1,0.0,527,4,618.92,366.71
2239,Customer_931,46,Alexandria,2022-01-09,0,12204,2022-01-09,Same Day,145,Product_145,Sports,399.49,224.64,3,0.0,541,4,1198.47,524.55
2409,Customer_932,58,Mansoura,2021-02-01,0,10871,2021-02-01,Same Day,113,Product_113,Clothing,143.68,62.38,2,0.0,541,4,287.36,162.6
1364,Customer_933,60,Luxor,2021-09-11,0,12824,2021-09-11,Express,149,Product_149,Home Appliances,818.3,434.36,3,0.2,1042,6,1963.92,660.84
1665,Customer_934,35,Mansoura,2020-01-29,0,12304,2020-01-29,Standard,104,Product_104,Clothing,446.31,284.45,4,0.0,715,4,1785.24,647.44
1525,Customer_935,46,Mansoura,2023-12-21,0,11999,2023-12-21,Express,142,Product_142,Clothing,1204.25,533.17,2,0.0,377,5,2408.5,1342.16
1698,Customer_936,34,Giza,2022-12-29,0,11893,2022-12-29,Express,103,Product_103,Clothing,61.68,41.99,5,0.0,487,3,308.4,98.45
2335,Customer_937,41,Luxor,2020-09-16,1,12902,2020-09-16,Express,112,Product_112,Home Appliances,1271.66,847.63,5,0.0,1255,2,6358.3,2120.15
1882,Customer_938,51,Cairo,2021-07-15,0,10634,2021-07-15,Same Day,101,Product_101,Sports,1434.39,752.3,2,0.0,350,7,2868.78,1364.18
2030,Customer_939,41,Aswan,2020-04-03,0,12503,2020-04-03,Same Day,127,Product_127,Clothing,1088.4,437.31,4,0.0,441,5,4353.6,2604.36
2026,Customer_940,44,Giza,2020-04-21,1,12094,2020-04-21,Express,143,Product_143,Electronics,1113.78,709.39,1,0.1,1123,4,1002.4,293.01
1918,Customer_941,46,Luxor,2023-07-02,0,13403,2023-07-02,Same Day,113,Product_113,Home Appliances,1403.67,932.41,3,0.0,694,4,4211.01,1413.78
1749,Customer_942,46,Alexandria,2021-08-21,0,12057,2021-08-21,Same Day,117,Product_117,Sports,353.15,159.77,3,0.0,442,3,1059.45,580.14
1362,Customer_943,36,Aswan,2023-11-29,1,12191,2023-11-29,Standard,108,Product_108,Sports,1492.12,429.515,1,0.0,399,7,1492.12,1062.6
2297,Customer_944,34,Aswan,2020-09-15,0,11454,2020-09-15,Express,132,Product_132,Clothing,1171.55,789.89,1,0.0,887,3,1171.55,381.66
1805,Customer_945,37,Giza,2023-07-30,0,13882,2023-07-30,Express,120,Product_120,Home Appliances,1103.53,597.44,5,0.0,521,4,5517.65,2530.45
1738,Customer_946,22,Alexandria,2022-02-10,0,13223,2022-02-10,Same Day,117,Product_117,Clothing,573.58,366.75,1,0.2,704,3,458.86,92.11
2038,Customer_947,50,Giza,2020-07-29,1,10486,2020-07-29,Express,134,Product_134,Electronics,841.38,448.86,2,0.0,881,3,1682.76,785.04
2215,Customer_948,27,Mansoura,2020-01-26,0,13207,2020-01-26,Express,135,Product_135,Sports,998.18,568.18,5,0.0,361,3,4990.9,2150.0
1484,Customer_949,24,Luxor,2023-03-21,0,13658,2023-03-21,Express,135,Product_135,Sports,949.5,470.91,4,0.2,440,8,3038.4,1154.76
1027,Customer_950,39,Alexandria,2021-05-08,0,11896,2021-05-08,Express,138,Product_138,Home Appliances,1072.23,480.19,5,0.05,624,4,5093.09,2692.14
1713,Customer_951,38,Aswan,2022-08-19,0,13097,2022-08-19,Same Day,142,Product_142,Sports,169.45,105.73,5,0.0,522,8,847.25,318.6
2062,Customer_952,43,Giza,2022-09-07,0,13078,2022-09-07,Standard,124,Product_124,Home Appliances,565.69,226.51,3,0.0,370,10,1697.07,1017.54
2296,Customer_953,31,Aswan,2022-06-21,0,12638,2022-06-21,Same Day,118,Product_118,Clothing,679.3,389.83,1,0.1,481,5,611.37,221.54
2254,Customer_954,34,Alexandria,2021-11-28,0,13086,2021-11-28,Standard,146,Product_146,Electronics,427.91,282.17,2,0.0,788,5,855.82,291.48
1085,Customer_955,50,Aswan,2021-01-12,1,11455,2021-01-12,Express,148,Product_148,Home Appliances,300.31,140.06,1,0.0,889,3,300.31,160.25
2497,Customer_956,49,Giza,2020-04-15,0,12946,2020-04-15,Express,139,Product_139,Clothing,251.44,429.515,3,0.0,644,5,754.32,-534.22
1125,Customer_957,48,Giza,2021-06-01,0,13471,2021-06-01,Express,133,Product_133,Electronics,581.26,334.95,1,0.0,384,5,581.26,246.31
1811,Customer_958,40,Cairo,2022-09-05,1,10206,2022-09-05,Express,149,Product_149,Sports,765.49,362.89,2,0.0,849,1,1530.98,805.2
1536,Customer_959,42,Aswan,2020-08-21,1,11624,2020-08-21,Express,123,Product_123,Electronics,141.32,92.46,1,0.0,750,5,141.32,48.86
1144,Customer_960,43,Cairo,2020-05-13,0,13680,2020-05-13,Express,125,Product_125,Electronics,1422.36,725.38,3,0.0,701,2,4267.08,2090.94
2235,Customer_961,30,Cairo,2022-03-31,1,12957,2022-03-31,Express,137,Product_137,Electronics,1159.6,666.17,2,0.1,1007,1,2087.28,754.94
1024,Customer_962,62,Aswan,2022-04-10,0,13287,2022-04-10,Standard,127,Product_127,Sports,1109.74,519.18,1,0.0,426,6,1109.74,590.56
2417,Customer_963,59,Alexandria,2020-05-31,0,11525,2020-05-31,Same Day,101,Product_101,Home Appliances,300.65,123.99,3,0.0,1003,4,901.95,529.98
1066,Customer_964,51,Mansoura,2023-03-27,0,11482,2023-03-27,Express,121,Product_121,Home Appliances,925.51,418.43,3,0.0,646,2,2776.53,1521.24
1232,Customer_965,33,Giza,2023-07-13,0,10258,2023-07-13,Express,149,Product_149,Electronics,818.1,338.58,5,0.05,409,4,3885.98,2193.08
1108,Customer_966,48,Luxor,2023-11-06,0,11352,2023-11-06,Express,110,Product_110,Clothing,1474.58,797.13,2,0.0,407,5,2949.16,1354.9
2169,Customer_967,41,Cairo,2020-04-19,1,10453,2020-04-19,Standard,131,Product_131,Clothing,1134.12,653.24,2,0.05,1567,3,2154.83,848.35
1110,Customer_968,21,Alexandria,2020-11-06,0,10798,2020-11-06,Express,144,Product_144,Electronics,884.85,365.8,1,0.0,675,6,884.85,519.05
1227,Customer_969,65,Aswan,2020-01-11,1,10374,2020-01-11,Same Day,125,Product_125,Electronics,1283.68,548.32,5,0.0,374,2,6418.4,3676.8
1110,Customer_970,13,Alexandria,2023-02-26,0,12511,2023-02-26,Standard,120,Product_120,Clothing,274.89,150.0,2,0.1,675,6,494.8,194.8
2493,Customer_971,50,Alexandria,2021-09-14,0,10074,2021-09-14,Standard,102,Product_102,Electronics,72.06,46.1,3,0.1,1180,2,194.56,56.26
1033,Customer_972,61,Aswan,2020-06-23,0,10241,2020-06-23,Express,148,Product_148,Electronics,1050.84,618.32,2,0.0,400,3,2101.68,865.04
1622,Customer_973,41,Luxor,2021-05-23,0,11040,2021-05-23,Standard,115,Product_115,Home Appliances,192.55,83.07,5,0.0,486,3,962.75,547.4
2392,Customer_974,37,Aswan,2020-08-30,0,11712,2020-08-30,Express,128,Product_128,Home Appliances,217.38,144.83,4,0.0,543,5,869.52,290.2
1747,Customer_975,50,Luxor,2023-02-16,1,13330,2023-02-16,Same Day,113,Product_113,Electronics,1129.79,762.87,3,0.0,685,4,3389.37,1100.76
1594,Customer_976,67,Aswan,2022-02-05,0,10122,2022-02-05,Same Day,114,Product_114,Electronics,442.28,220.03,2,0.0,975,3,884.56,444.5
1424,Customer_977,35,Cairo,2023-05-26,0,12002,2023-05-26,Standard,102,Product_102,Sports,961.52,562.3,3,0.0,420,7,2884.56,1197.66
1612,Customer_978,28,Luxor,2023-05-05,0,13382,2023-05-05,Standard,134,Product_134,Home Appliances,1380.24,755.95,1,0.2,521,7,1104.19,348.24
1691,Customer_979,33,Cairo,2023-06-20,0,12158,2023-06-20,Express,135,Product_135,Electronics,508.89,347.37,3,0.1,561,1,1374.0,331.89
2305,Customer_980,16,Luxor,2021-07-04,1,13327,2021-07-04,Standard,137,Product_137,Sports,364.86,201.63,2,0.0,555,3,729.72,326.46
2343,Customer_981,53,Luxor,2022-12-06,0,12281,2022-12-06,Same Day,125,Product_125,Sports,204.52,140.71,1,0.0,451,5,204.52,63.81
2466,Customer_982,32,Aswan,2022-02-18,0,13015,2022-02-18,Standard,148,Product_148,Sports,239.17,109.97,1,0.05,657,5,227.21,117.24
1314,Customer_983,36,Luxor,2022-11-07,0,10496,2022-11-07,Same Day,115,Product_115,Sports,140.22,70.62,1,0.0,384,2,140.22,69.6
1876,Customer_984,41,Cairo,2022-06-25,0,13939,2022-06-25,Express,112,Product_112,Home Appliances,177.08,112.34,4,0.0,428,5,708.32,258.96
2400,Customer_985,34,Aswan,2021-08-31,1,13111,2021-08-31,Same Day,109,Product_109,Sports,676.41,429.58,4,0.0,762,5,2705.64,987.32
2312,Customer_986,51,Giza,2023-04-20,0,11145,2023-04-20,Standard,131,Product_131,Home Appliances,515.25,319.28,1,0.0,622,7,515.25,195.97
2460,Customer_987,24,Cairo,2022-05-28,0,11473,2022-05-28,Same Day,114,Product_114,Sports,1074.51,706.9,2,0.0,949,6,2149.02,735.22
1661,Customer_988,54,Giza,2021-09-17,0,10726,2021-09-17,Same Day,129,Product_129,Sports,1311.85,801.23,1,0.2,356,10,1049.48,248.25
1276,Customer_989,45,Alexandria,2023-10-03,0,11831,2023-10-03,Standard,148,Product_148,Clothing,1187.92,701.85,1,0.0,391,8,1187.92,486.07
1623,Customer_990,38,Aswan,2023-06-25,0,11821,2023-06-25,Express,143,Product_143,Home Appliances,819.42,440.58,3,0.0,556,5,2458.26,1136.52
1515,Customer_991,41,Alexandria,2020-05-03,0,11816,2020-05-03,Same Day,138,Product_138,Clothing,198.54,107.24,3,0.0,514,7,595.62,273.9
2373,Customer_992,20,Aswan,2023-02-06,0,13590,2023-02-06,Standard,142,Product_142,Clothing,1079.16,563.16,3,0.1,579,4,2913.73,1224.25
1842,Customer_993,41,Aswan,2020-07-22,1,10091,2020-07-22,Same Day,108,Product_108,Sports,576.1,337.63,5,0.1,1565,2,2592.45,904.3
2469,Customer_994,37,Cairo,2021-01-03,0,13432,2021-01-03,Same Day,148,Product_148,Home Appliances,174.19,90.93,3,0.0,413,3,522.57,249.78
1349,Customer_995,21,Giza,2023-07-05,0,11969,2023-07-05,Same Day,103,Product_103,Electronics,1271.58,564.9,3,0.1,350,4,3433.27,1738.57
1822,Customer_996,29,Aswan,2021-03-08,1,13194,2021-03-08,Express,102,Product_102,Sports,540.41,233.43,2,0.0,423,5,1080.82,613.96
2160,Customer_997,38,Giza,2021-06-25,0,12384,2021-06-25,Same Day,116,Product_116,Home Appliances,366.46,248.22,4,0.0,447,4,1465.84,472.96
1758,Customer_998,30,Aswan,2023-09-14,0,13679,2023-09-14,Standard,119,Product_119,Clothing,1313.61,535.19,4,0.0,475,7,5254.44,3113.68
1898,Customer_999,3,Giza,2020-06-15,0,10512,2020-06-15,Standard,130,Product_130,Home Appliances,1358.09,586.21,4,0.0,599,7,5432.36,3087.52
1242,Customer_1000,56,Alexandria,2020-11-17,0,10602,2020-11-17,Same Day,141,Product_141,Sports,541.51,288.95,5,0.0,735,2,2707.55,1262.8
1542,Customer_1001,37,Cairo,2021-06-05,1,10427,2021-06-05,Express,116,Product_116,Home Appliances,564.46,270.31,1,0.0,565,2,564.46,294.15
2063,Customer_1002,5,Aswan,2020-12-21,0,12019,2020-12-21,Standard,131,Product_131,Clothing,890.46,464.6,3,0.0,584,4,2671.38,1277.58
1228,Customer_1003,72,Mansoura,2023-04-02,0,11456,2023-04-02,Express,128,Product_128,Home Appliances,1113.49,484.63,2,0.0,697,1,2226.98,1257.72
1547,Customer_1004,58,Giza,2020-06-02,0,10006,2020-06-02,Express,104,Product_104,Home Appliances,141.57,62.19,5,0.0,475,2,707.85,396.9
1919,Customer_1005,34,Giza,2020-11-16,0,12167,2020-11-16,Standard,110,Product_110,Clothing,910.35,582.8,4,0.0,404,3,3641.4,1310.2
2246,Customer_1006,27,Mansoura,2020-01-06,0,12434,2020-01-06,Standard,145,Product_145,Sports,1431.59,898.66,5,0.0,492,8,7157.95,2664.65
1005,Customer_1007,46,Cairo,2022-04-16,1,11373,2022-04-16,Express,118,Product_118,Electronics,430.04,185.47,2,0.0,991,1,860.08,489.14
2345,Customer_1008,43,Giza,2022-11-07,0,10640,2022-11-07,Same Day,147,Product_147,Clothing,1367.8,821.14,5,0.1,905,1,6155.1,2049.4
1467,Customer_1009,48,Cairo,2023-11-12,0,13762,2023-11-12,Express,132,Product_132,Clothing,1427.74,832.08,4,0.2,416,2,4568.77,1240.45
1074,Customer_1010,27,Giza,2023-05-01,0,11121,2023-05-01,Standard,130,Product_130,Sports,440.27,270.33,1,0.0,519,6,440.27,169.94
1003,Customer_1011,56,Luxor,2022-08-20,0,11066,2022-08-20,Express,136,Product_136,Sports,1143.59,620.21,4,0.0,446,2,4574.36,2093.52
1645,Customer_1012,32,Giza,2021-08-19,0,12230,2021-08-19,Standard,109,Product_109,Home Appliances,396.22,190.58,4,0.0,344,7,1584.88,822.56
1117,Customer_1013,50,Luxor,2020-07-03,0,12744,2020-07-03,Same Day,136,Product_136,Clothing,1119.54,670.72,4,0.2,736,5,3582.53,899.65
1880,Customer_1014,28,Aswan,2021-04-19,0,10564,2021-04-19,Same Day,129,Product_129,Home Appliances,1206.26,616.89,5,0.0,598,10,6031.3,2946.85
1503,Customer_1015,79,Cairo,2021-08-13,1,13811,2021-08-13,Same Day,116,Product_116,Home Appliances,408.45,190.21,2,0.1,827,5,735.21,354.79
1946,Customer_1016,50,Giza,2023-12-18,0,11696,2023-12-18,Same Day,128,Product_128,Sports,1088.01,568.58,4,0.0,380,9,4352.04,2077.72
1573,Customer_1017,83,Alexandria,2021-08-02,1,13306,2021-08-02,Same Day,121,Product_121,Sports,1227.55,772.11,5,0.2,1189,4,4910.2,1049.65
2464,Customer_1018,52,Alexandria,2023-12-10,0,10445,2023-12-10,Standard,147,Product_147,Home Appliances,569.94,309.33,2,0.0,388,6,1139.88,521.22
1193,Customer_1019,31,Mansoura,2022-07-18,0,13941,2022-07-18,Express,102,Product_102,Clothing,293.17,143.64,1,0.2,405,7,234.54,90.9
1846,Customer_1020,52,Alexandria,2020-05-25,0,11930,2020-05-25,Same Day,146,Product_146,Clothing,183.35,119.1,4,0.0,441,3,733.4,257.0
1714,Customer_1021,53,Luxor,2023-08-11,0,10199,2023-08-11,Standard,135,Product_135,Home Appliances,884.3,587.61,3,0.2,420,4,2122.32,359.49
2415,Customer_1022,45,Alexandria,2021-04-23,0,12995,2021-04-23,Express,128,Product_128,Electronics,1468.24,778.13,5,0.0,327,6,7341.2,3450.55
2049,Customer_1023,49,Alexandria,2021-06-25,0,10512,2021-06-25,Express,136,Product_136,Electronics,1243.28,637.06,1,0.0,414,4,1243.28,606.22
2458,Customer_1024,51,Alexandria,2023-04-07,0,13597,2023-04-07,Same Day,131,Product_131,Sports,681.97,398.14,1,0.1,547,5,613.77,215.63
1172,Customer_1025,25,Giza,2023-04-22,0,10989,2023-04-22,Same Day,133,Product_133,Clothing,828.1,345.64,1,0.05,544,5,786.7,441.06
2323,Customer_1026,24,Mansoura,2023-09-16,1,12260,2023-09-16,Express,123,Product_123,Home Appliances,455.32,276.56,5,0.0,473,2,2276.6,893.8
1325,Customer_1027,28,Cairo,2021-09-02,0,11401,2021-09-02,Express,141,Product_141,Home Appliances,286.45,181.81,2,0.0,1179,2,572.9,209.28
2433,Customer_1028,41,Mansoura,2022-05-20,0,11812,2022-05-20,Standard,117,Product_117,Clothing,749.02,388.92,3,0.05,820,2,2134.71,967.95
2141,Customer_1029,36,Luxor,2020-08-23,1,10545,2020-08-23,Same Day,146,Product_146,Sports,722.08,326.66,2,0.2,681,7,1155.33,502.01
1835,Customer_1030,25,Giza,2023-01-20,0,12533,2023-01-20,Express,149,Product_149,Sports,806.8,329.7,4,0.0,559,5,3227.2,1908.4
1723,Customer_1031,51,Aswan,2021-05-04,1,12009,2021-05-04,Express,101,Product_101,Electronics,1431.57,846.31,3,0.0,1367,2,4294.71,1755.78
1224,Customer_1032,44,Giza,2023-08-19,0,13432,2023-08-19,Same Day,142,Product_142,Clothing,925.65,444.96,2,0.1,501,3,1666.17,776.25
1531,Customer_1033,42,Alexandria,2020-01-11,0,11805,2020-01-11,Standard,123,Product_123,Clothing,928.37,500.55,4,0.0,452,4,3713.48,1711.28
1112,Customer_1034,36,Alexandria,2021-06-28,0,12215,2021-06-28,Standard,148,Product_148,Home Appliances,235.64,429.515,3,0.1,446,6,636.23,-652.32
1139,Customer_1035,34,Luxor,2020-10-18,1,10889,2020-10-18,Same Day,127,Product_127,Clothing,1494.91,676.4,5,0.1,1176,3,6727.1,3345.1
1558,Customer_1036,27,Aswan,2020-05-26,0,10930,2020-05-26,Standard,125,Product_125,Electronics,1170.63,646.79,4,0.05,519,7,4448.39,1861.23
1000,Customer_1037,54,Giza,2020-02-05,0,13753,2020-02-05,Standard,132,Product_132,Clothing,1321.94,711.04,2,0.05,363,5,2511.69,1089.61
1089,Customer_1038,29,Aswan,2020-12-05,0,13665,2020-12-05,Standard,119,Product_119,Home Appliances,650.74,382.14,3,0.2,354,5,1561.78,415.36
1653,Customer_1039,43,Cairo,2021-09-21,0,13475,2021-09-21,Express,124,Product_124,Electronics,778.09,370.03,4,0.1,575,2,2801.12,1321.0
1319,Customer_1040,64,Mansoura,2023-05-03,0,10827,2023-05-03,Express,103,Product_103,Home Appliances,807.02,374.77,4,0.1,436,3,2905.27,1406.19
1138,Customer_1041,35,Giza,2023-03-11,0,12184,2023-03-11,Standard,112,Product_112,Clothing,331.44,213.55,5,0.0,662,4,1657.2,589.45
1844,Customer_1042,41,Aswan,2021-08-14,0,13304,2021-08-14,Same Day,135,Product_135,Sports,1049.76,641.04,4,0.0,626,3,4199.04,1634.88
1258,Customer_1043,48,Cairo,2022-06-18,0,12162,2022-06-18,Same Day,115,Product_115,Clothing,1359.32,858.63,3,0.0,536,3,4077.96,1502.07
1901,Customer_1044,44,Cairo,2020-09-11,0,11275,2020-09-11,Same Day,117,Product_117,Clothing,287.37,125.58,1,0.05,366,5,273.0,147.42
1689,Customer_1045,46,Mansoura,2022-08-17,0,11516,2022-08-17,Standard,132,Product_132,Home Appliances,175.16,81.84,3,0.0,679,7,525.48,279.96
1009,Customer_1046,38,Cairo,2023-11-11,0,11312,2023-11-11,Same Day,107,Product_107,Sports,1120.42,641.62,3,0.0,359,5,3361.26,1436.4
1260,Customer_1047,40,Luxor,2021-09-14,1,11072,2021-09-14,Express,119,Product_119,Clothing,446.14,293.19,5,0.0,747,5,2230.7,764.75
1171,Customer_1048,31,Cairo,2023-04-12,0,13523,2023-04-12,Same Day,107,Product_107,Electronics,954.6,637.32,5,0.05,394,2,4534.35,1347.75
1897,Customer_1049,40,Aswan,2022-04-04,1,10515,2022-04-04,Same Day,105,Product_105,Electronics,1058.85,687.8,4,0.1,1003,4,3811.86,1060.66
1012,Customer_1050,31,Luxor,2021-11-07,1,11914,2021-11-07,Express,140,Product_140,Home Appliances,516.77,213.44,5,0.2,1270,1,2067.08,999.88
2191,Customer_1051,55,Cairo,2022-10-21,0,10687,2022-10-21,Express,121,Product_121,Home Appliances,1231.96,796.17,4,0.0,402,6,4927.84,1743.16
1320,Customer_1052,14,Alexandria,2023-10-01,1,11019,2023-10-01,Standard,148,Product_148,Sports,847.48,567.58,1,0.0,715,4,847.48,279.9
2342,Customer_1053,47,Cairo,2022-10-08,0,11295,2022-10-08,Standard,148,Product_148,Home Appliances,1310.05,546.32,2,0.0,334,4,2620.1,1527.46
1328,Customer_1054,45,Luxor,2022-06-15,0,13502,2022-06-15,Standard,147,Product_147,Sports,1156.78,607.18,5,0.0,732,4,5783.9,2748.0
1784,Customer_1055,43,Cairo,2020-06-13,0,11049,2020-06-13,Standard,107,Product_107,Clothing,1309.43,734.57,5,0.0,351,5,6547.15,2874.3
1776,Customer_1056,55,Cairo,2023-05-09,1,11093,2023-05-09,Standard,137,Product_137,Electronics,79.23,37.22,1,0.0,603,2,79.23,42.01
1910,Customer_1057,35,Cairo,2020-03-22,0,12340,2020-03-22,Express,123,Product_123,Electronics,403.08,223.71,5,0.0,741,5,2015.4,896.85
2442,Customer_1058,43,Luxor,2022-06-03,0,13477,2022-06-03,Express,111,Product_111,Electronics,180.51,120.18,1,0.0,615,5,180.51,60.33
2118,Customer_1059,14,Cairo,2021-10-22,1,11257,2021-10-22,Express,110,Product_110,Home Appliances,691.02,456.13,4,0.0,1167,2,2764.08,939.56
1317,Customer_1060,33,Mansoura,2023-05-21,0,12278,2023-05-21,Same Day,121,Product_121,Home Appliances,1340.44,914.11,5,0.0,377,6,6702.2,2131.65
1235,Customer_1061,52,Aswan,2021-05-27,1,13334,2021-05-27,Same Day,141,Product_141,Clothing,727.93,396.89,5,0.0,791,3,3639.65,1655.2
1333,Customer_1062,19,Mansoura,2020-02-22,1,12985,2020-02-22,Same Day,133,Product_133,Home Appliances,1282.08,670.75,4,0.0,1141,4,5128.32,2445.32
1375,Customer_1063,42,Luxor,2020-06-07,0,13869,2020-06-07,Standard,120,Product_120,Sports,524.41,314.51,5,0.0,465,3,2622.05,1049.5
2482,Customer_1064,29,Alexandria,2021-04-13,0,11609,2021-04-13,Same Day,133,Product_133,Electronics,542.38,284.76,3,0.0,618,5,1627.14,772.86
2160,Customer_1065,38,Mansoura,2023-12-10,0,11144,2023-12-10,Standard,140,Product_140,Clothing,1348.56,556.39,1,0.0,447,4,1348.56,792.17
1587,Customer_1066,30,Aswan,2023-03-24,0,13534,2023-03-24,Standard,135,Product_135,Sports,667.43,411.12,2,0.2,427,8,1067.89,245.65
1512,Customer_1067,21,Giza,2023-04-17,1,10517,2023-04-17,Standard,134,Product_134,Sports,1195.16,578.81,3,0.0,625,3,3585.48,1849.05
2319,Customer_1068,45,Aswan,2020-02-12,1,13095,2020-02-12,Standard,136,Product_136,Home Appliances,393.13,163.04,2,0.0,895,3,786.26,460.18
2343,Customer_1069,39,Mansoura,2023-08-10,0,10705,2023-08-10,Same Day,127,Product_127,Home Appliances,1425.76,579.12,3,0.2,451,5,3421.82,1684.46
1917,Customer_1070,49,Giza,2021-07-05,0,13751,2021-07-05,Express,119,Product_119,Electronics,883.14,600.01,3,0.0,1007,4,2649.42,849.39
2372,Customer_1071,51,Luxor,2023-03-26,0,12424,2023-03-26,Standard,143,Product_143,Clothing,1151.02,547.45,3,0.0,369,7,3453.06,1810.71
1872,Customer_1072,58,Aswan,2020-03-23,0,13571,2020-03-23,Same Day,105,Product_105,Sports,179.8,96.08,1,0.0,403,5,179.8,83.72
2252,Customer_1073,42,Alexandria,2020-12-24,0,11934,2020-12-24,Standard,129,Product_129,Home Appliances,764.36,523.72,2,0.0,581,7,1528.72,481.28
1269,Customer_1074,59,Giza,2022-08-21,0,12484,2022-08-21,Standard,110,Product_110,Home Appliances,1356.51,732.86,4,0.0,428,5,5426.04,2494.6
1797,Customer_1075,25,Giza,2022-11-28,0,12900,2022-11-28,Express,140,Product_140,Clothing,1321.71,559.85,4,0.0,717,4,5286.84,3047.44
2314,Customer_1076,53,Aswan,2023-08-27,0,11745,2023-08-27,Standard,113,Product_113,Clothing,117.88,66.67,5,0.1,493,2,530.46,197.11
1724,Customer_1077,46,Mansoura,2022-06-24,0,11668,2022-06-24,Express,129,Product_129,Home Appliances,490.36,209.12,1,0.0,760,4,490.36,281.24
2188,Customer_1078,43,Giza,2021-07-23,0,13928,2021-07-23,Same Day,105,Product_105,Home Appliances,692.81,296.89,1,0.2,606,3,554.25,257.36
1004,Customer_1079,46,Luxor,2021-01-06,0,13875,2021-01-06,Standard,112,Product_112,Electronics,299.78,196.49,1,0.2,969,3,239.82,43.33
1850,Customer_1080,25,Aswan,2023-04-13,1,10969,2023-04-13,Express,113,Product_113,Clothing,1108.5,539.65,3,0.2,629,4,2660.4,1041.45
2402,Customer_1081,22,Luxor,2022-11-06,1,12546,2022-11-06,Standard,122,Product_122,Sports,317.54,191.67,1,0.1,935,3,285.79,94.12
1077,Customer_1082,65,Aswan,2023-07-24,0,11197,2023-07-24,Standard,140,Product_140,Home Appliances,552.63,305.43,4,0.0,527,4,2210.52,988.8
2433,Customer_1083,37,Luxor,2022-10-04,0,11686,2022-10-04,Standard,115,Product_115,Home Appliances,1011.76,472.19,1,0.05,820,2,961.17,488.98
1573,Customer_1084,37,Mansoura,2020-07-05,1,12647,2020-07-05,Express,113,Product_113,Home Appliances,749.03,415.97,3,0.0,1189,4,2247.09,999.18
1131,Customer_1085,23,Aswan,2022-08-20,0,13884,2022-08-20,Same Day,101,Product_101,Home Appliances,1120.93,471.57,2,0.1,565,4,2017.67,1074.53
1600,Customer_1086,17,Alexandria,2021-12-13,1,11532,2021-12-13,Express,138,Product_138,Electronics,1443.75,429.515,1,0.0,1115,4,1443.75,1014.24
2065,Customer_1087,38,Mansoura,2022-04-16,1,10777,2022-04-16,Same Day,143,Product_143,Clothing,218.99,121.94,2,0.0,854,2,437.98,194.1
1088,Customer_1088,34,Luxor,2021-11-13,1,11333,2021-11-13,Express,145,Product_145,Home Appliances,1078.87,505.47,5,0.2,1145,2,4315.48,1788.13
1401,Customer_1089,40,Aswan,2021-10-19,1,12117,2021-10-19,Express,101,Product_101,Clothing,384.0,229.65,3,0.0,1100,3,1152.0,463.05
1295,Customer_1090,41,Mansoura,2023-04-10,0,12252,2023-04-10,Same Day,111,Product_111,Sports,650.99,270.51,1,0.0,334,5,650.99,380.48
2318,Customer_1091,77,Luxor,2020-08-02,1,12388,2020-08-02,Same Day,143,Product_143,Sports,97.65,53.26,5,0.0,796,3,488.25,221.95
1615,Customer_1092,34,Cairo,2020-11-25,1,13103,2020-11-25,Same Day,140,Product_140,Sports,247.07,151.82,5,0.05,811,3,1173.58,414.48
1799,Customer_1093,63,Cairo,2021-11-06,1,13114,2021-11-06,Express,122,Product_122,Sports,513.68,271.73,2,0.0,807,3,1027.36,483.9
1421,Customer_1094,64,Giza,2022-04-23,0,10117,2022-04-23,Same Day,135,Product_135,Clothing,545.88,361.58,4,0.0,352,4,2183.52,737.2
2046,Customer_1095,51,Alexandria,2023-11-21,0,12936,2023-11-21,Standard,144,Product_144,Sports,1354.4,798.63,4,0.1,407,3,4875.84,1681.32
1574,Customer_1096,36,Cairo,2022-10-11,0,10014,2022-10-11,Standard,106,Product_106,Sports,1125.63,773.92,4,0.0,762,6,4502.52,1406.84
1142,Customer_1097,19,Luxor,2021-08-13,0,11345,2021-08-13,Standard,128,Product_128,Home Appliances,1459.67,708.29,4,0.0,368,5,5838.68,3005.52
1992,Customer_1098,47,Mansoura,2023-09-18,0,12041,2023-09-18,Standard,131,Product_131,Home Appliances,918.65,626.19,3,0.05,385,6,2618.15,739.58
1664,Customer_1099,55,Aswan,2022-03-31,1,12042,2022-03-31,Same Day,108,Product_108,Home Appliances,400.48,233.1,1,0.0,1007,3,400.48,167.38
1144,Customer_1100,66,Mansoura,2023-01-31,0,10910,2023-01-31,Same Day,105,Product_105,Electronics,525.1,327.43,1,0.0,701,2,525.1,197.67
2248,Customer_1101,25,Giza,2020-03-16,0,12674,2020-03-16,Standard,142,Product_142,Home Appliances,513.76,344.55,3,0.0,333,4,1541.28,507.63
2006,Customer_1102,36,Mansoura,2022-07-20,1,13408,2022-07-20,Same Day,148,Product_148,Sports,523.42,295.92,2,0.0,785,5,1046.84,455.0
1502,Customer_1103,25,Cairo,2020-06-29,0,11555,2020-06-29,Standard,144,Product_144,Clothing,1025.8,675.65,1,0.0,542,3,1025.8,350.15
1820,Customer_1104,30,Mansoura,2021-06-10,0,10689,2021-06-10,Express,117,Product_117,Sports,819.67,461.07,5,0.0,501,6,4098.35,1793.0
1103,Customer_1105,49,Cairo,2021-05-31,0,10773,2021-05-31,Same Day,138,Product_138,Clothing,608.87,353.0,1,0.0,425,6,608.87,255.87
2062,Customer_1106,29,Cairo,2021-10-24,0,11614,2021-10-24,Express,109,Product_109,Sports,266.18,142.01,3,0.0,370,10,798.54,372.51
1197,Customer_1107,27,Alexandria,2020-08-25,0,13452,2020-08-25,Same Day,110,Product_110,Electronics,82.1,36.43,2,0.0,623,6,164.2,91.34
1578,Customer_1108,51,Giza,2022-04-07,0,11534,2022-04-07,Same Day,120,Product_120,Home Appliances,367.31,207.92,1,0.05,1000,4,348.94,141.02
1390,Customer_1109,46,Luxor,2022-11-19,0,12960,2022-11-19,Same Day,114,Product_114,Sports,205.83,142.69,3,0.1,559,5,555.74,127.67
2202,Customer_1110,45,Cairo,2020-01-03,1,10119,2020-01-03,Express,114,Product_114,Home Appliances,1188.9,756.33,5,0.0,551,3,5944.5,2162.85
1553,Customer_1111,30,Aswan,2023-08-09,0,12073,2023-08-09,Express,126,Product_126,Electronics,213.12,133.04,4,0.0,352,5,852.48,320.32
2471,Customer_1112,59,Giza,2023-01-16,1,13605,2023-01-16,Standard,129,Product_129,Electronics,1100.13,652.37,5,0.2,716,1,4400.52,1138.67
2038,Customer_1113,40,Luxor,2022-04-08,1,11736,2022-04-08,Express,149,Product_149,Home Appliances,609.21,307.27,5,0.0,881,3,3046.05,1509.7
2312,Customer_1114,75,Aswan,2022-04-26,0,10063,2022-04-26,Express,127,Product_127,Home Appliances,156.4,70.52,2,0.2,622,7,250.24,109.2
1477,Customer_1115,42,Mansoura,2020-04-21,0,10459,2020-04-21,Standard,125,Product_125,Clothing,1228.46,574.14,1,0.0,1175,3,1228.46,654.32
2254,Customer_1116,4,Giza,2021-01-19,0,11749,2021-01-19,Express,116,Product_116,Home Appliances,890.46,357.87,4,0.1,788,5,3205.66,1774.18
1922,Customer_1117,4,Aswan,2022-11-27,0,12361,2022-11-27,Express,136,Product_136,Home Appliances,391.85,235.91,3,0.0,407,3,1175.55,467.82
1419,Customer_1118,49,Giza,2022-01-10,0,12852,2022-01-10,Standard,134,Product_134,Clothing,1347.29,867.07,4,0.0,401,8,5389.16,1920.88
1156,Customer_1119,59,Giza,2023-06-29,0,11613,2023-06-29,Express,116,Product_116,Sports,115.62,55.58,1,0.2,433,3,92.5,36.92
1549,Customer_1120,41,Mansoura,2022-10-17,1,13287,2022-10-17,Standard,133,Product_133,Clothing,342.64,146.5,2,0.2,807,3,548.22,255.22
2464,Customer_1121,71,Mansoura,2023-04-07,0,13527,2023-04-07,Same Day,103,Product_103,Sports,1140.47,571.05,1,0.0,388,6,1140.47,569.42
2120,Customer_1122,64,Giza,2022-06-24,1,13033,2022-06-24,Same Day,123,Product_123,Sports,1078.6,525.94,3,0.2,518,4,2588.64,1010.82
2020,Customer_1123,43,Aswan,2020-04-15,0,12783,2020-04-15,Express,111,Product_111,Sports,469.44,251.27,4,0.0,434,3,1877.76,872.68
1996,Customer_1124,48,Alexandria,2021-02-20,0,12936,2021-02-20,Same Day,148,Product_148,Clothing,139.94,67.06,5,0.0,1190,3,699.7,364.4
2434,Customer_1125,53,Cairo,2021-06-30,0,11563,2021-06-30,Express,118,Product_118,Clothing,1294.21,649.59,1,0.0,751,4,1294.21,644.62
1950,Customer_1126,68,Mansoura,2023-01-29,0,10981,2023-01-29,Standard,147,Product_147,Electronics,504.86,339.4,2,0.0,421,4,1009.72,330.92
1288,Customer_1127,50,Alexandria,2020-09-25,0,13888,2020-09-25,Standard,141,Product_141,Sports,333.78,167.04,2,0.05,593,6,634.18,300.1
2277,Customer_1128,42,Mansoura,2021-08-12,0,13784,2021-08-12,Standard,144,Product_144,Clothing,798.29,507.44,4,0.0,476,5,3193.16,1163.4
1195,Customer_1129,50,Giza,2022-06-16,0,12626,2022-06-16,Same Day,129,Product_129,Electronics,1369.83,805.12,5,0.0,413,4,6849.15,2823.55
1597,Customer_1130,48,Alexandria,2023-12-01,0,13544,2023-12-01,Standard,105,Product_105,Sports,113.14,56.71,3,0.0,397,7,339.42,169.29
1516,Customer_1131,53,Aswan,2022-09-19,0,13430,2022-09-19,Standard,124,Product_124,Clothing,1160.42,748.86,5,0.0,669,5,5802.1,2057.8
1864,Customer_1132,16,Aswan,2020-09-05,0,11149,2020-09-05,Express,129,Product_129,Clothing,880.09,509.15,4,0.0,609,3,3520.36,1483.76
2141,Customer_1133,44,Luxor,2020-02-29,1,10971,2020-02-29,Express,129,Product_129,Clothing,666.9,268.48,5,0.0,681,7,3334.5,1992.1
1805,Customer_1134,46,Cairo,2023-07-14,0,12908,2023-07-14,Express,126,Product_126,Home Appliances,1128.92,474.84,4,0.1,521,4,4064.11,2164.75
2182,Customer_1135,38,Cairo,2023-05-31,1,10706,2023-05-31,Express,140,Product_140,Electronics,1450.45,907.68,5,0.0,568,3,7252.25,2713.85
1814,Customer_1136,51,Mansoura,2021-05-05,0,11709,2021-05-05,Standard,103,Product_103,Clothing,382.35,204.16,1,0.0,351,4,382.35,178.19
1227,Customer_1137,68,Cairo,2023-12-24,1,13158,2023-12-24,Express,102,Product_102,Home Appliances,258.29,134.74,2,0.0,374,2,516.58,247.1
1215,Customer_1138,42,Luxor,2020-11-20,0,11366,2020-11-20,Same Day,125,Product_125,Electronics,1373.68,609.57,4,0.0,511,5,5494.72,3056.44
1947,Customer_1139,50,Aswan,2021-09-28,1,11846,2021-09-28,Same Day,119,Product_119,Electronics,1019.98,456.13,4,0.0,450,4,4079.92,2255.4
1014,Customer_1140,64,Alexandria,2023-02-02,0,10394,2023-02-02,Same Day,140,Product_140,Home Appliances,685.08,437.99,2,0.0,699,3,1370.16,494.18
2180,Customer_1141,42,Alexandria,2020-01-29,1,10483,2020-01-29,Express,102,Product_102,Electronics,881.23,571.66,3,0.0,992,4,2643.69,928.71
2284,Customer_1142,26,Aswan,2023-05-02,0,10665,2023-05-02,Standard,119,Product_119,Home Appliances,1131.14,642.49,4,0.1,490,4,4072.1,1502.14
2180,Customer_1143,49,Giza,2022-04-15,1,10455,2022-04-15,Express,101,Product_101,Sports,1170.9,572.03,1,0.0,992,4,1170.9,598.87
1046,Customer_1144,6,Aswan,2020-07-09,1,13547,2020-07-09,Same Day,127,Product_127,Clothing,1383.85,940.76,5,0.1,1273,5,6227.32,1523.52
1323,Customer_1145,5,Alexandria,2021-04-05,0,10209,2021-04-05,Express,145,Product_145,Home Appliances,668.92,392.78,1,0.0,386,4,668.92,276.14
1843,Customer_1146,44,Mansoura,2020-08-20,1,10524,2020-08-20,Same Day,149,Product_149,Electronics,475.45,303.81,4,0.0,984,4,1901.8,686.56
1129,Customer_1147,4,Luxor,2022-03-08,0,10675,2022-03-08,Standard,135,Product_135,Electronics,977.51,391.97,3,0.0,434,4,2932.53,1756.62
2434,Customer_1148,20,Aswan,2020-08-28,0,11001,2020-08-28,Standard,141,Product_141,Sports,652.81,349.32,4,0.0,751,4,2611.24,1213.96
1094,Customer_1149,34,Giza,2023-08-19,0,13838,2023-08-19,Standard,105,Product_105,Sports,912.17,603.2,3,0.0,353,4,2736.51,926.91
1626,Customer_1150,29,Mansoura,2020-11-11,1,10895,2020-11-11,Standard,138,Product_138,Sports,658.98,330.46,2,0.2,1233,2,1054.37,393.45
1754,Customer_1151,37,Aswan,2022-10-17,0,11003,2022-10-17,Standard,104,Product_104,Sports,271.84,167.99,5,0.0,659,3,1359.2,519.25
2315,Customer_1152,56,Mansoura,2024-01-07,0,11599,2024-01-07,Express,117,Product_117,Sports,730.67,429.515,1,0.0,360,3,730.67,301.15
1793,Customer_1153,43,Aswan,2021-08-20,0,12354,2021-08-20,Standard,121,Product_121,Clothing,1051.83,468.76,3,0.0,388,7,3155.49,1749.21
2306,Customer_1154,27,Mansoura,2022-08-11,0,13147,2022-08-11,Express,148,Product_148,Home Appliances,1208.96,764.63,1,0.0,594,6,1208.96,444.33
1068,Customer_1155,60,Cairo,2023-12-15,0,13093,2023-12-15,Same Day,131,Product_131,Sports,765.32,331.96,2,0.0,383,5,1530.64,866.72
1010,Customer_1156,18,Mansoura,2021-07-13,0,10059,2021-07-13,Same Day,148,Product_148,Sports,289.59,179.07,4,0.1,437,4,1042.52,326.24
2277,Customer_1157,43,Cairo,2022-04-30,0,10385,2022-04-30,Standard,122,Product_122,Clothing,651.3,454.15,3,0.0,476,5,1953.9,591.45
1871,Customer_1158,16,Alexandria,2022-09-15,0,12103,2022-09-15,Express,111,Product_111,Home Appliances,1190.13,818.09,5,0.05,346,4,5653.12,1562.67
1549,Customer_1159,43,Cairo,2022-08-25,1,12215,2022-08-25,Standard,134,Product_134,Sports,648.65,415.18,3,0.0,807,3,1945.95,700.41
2157,Customer_1160,35,Mansoura,2021-05-14,0,11435,2021-05-14,Same Day,149,Product_149,Home Appliances,1059.97,593.96,4,0.0,433,3,4239.88,1864.04
1711,Customer_1161,56,Luxor,2022-07-24,1,12764,2022-07-24,Express,115,Product_115,Home Appliances,785.46,473.2,4,0.0,892,1,3141.84,1249.04
1022,Customer_1162,50,Luxor,2023-02-02,0,12912,2023-02-02,Same Day,110,Product_110,Clothing,399.77,247.23,5,0.0,414,5,1998.85,762.7
1814,Customer_1163,31,Alexandria,2020-10-23,0,11794,2020-10-23,Express,138,Product_138,Clothing,1204.42,484.8,5,0.0,351,4,6022.1,3598.1
1345,Customer_1164,28,Mansoura,2022-02-24,1,13262,2022-02-24,Same Day,132,Product_132,Sports,172.11,74.13,2,0.0,1042,3,344.22,195.96
1301,Customer_1165,35,Cairo,2021-01-25,0,12529,2021-01-25,Standard,148,Product_148,Electronics,811.09,469.72,1,0.0,434,6,811.09,341.37
1362,Customer_1166,41,Luxor,2023-12-05,1,11942,2023-12-05,Standard,131,Product_131,Clothing,352.89,141.85,3,0.1,399,7,952.8,527.25
1395,Customer_1167,64,Aswan,2022-11-06,0,11590,2022-11-06,Standard,137,Product_137,Home Appliances,147.25,99.05,2,0.0,787,5,294.5,96.4
1217,Customer_1168,25,Giza,2020-10-06,0,13487,2020-10-06,Same Day,144,Product_144,Home Appliances,779.25,426.17,1,0.05,483,5,740.29,314.12
1140,Customer_1169,52,Mansoura,2020-05-22,0,12387,2020-05-22,Same Day,128,Product_128,Sports,774.37,369.63,2,0.0,857,6,1548.74,809.48
1957,Customer_1170,14,Aswan,2021-07-19,0,10795,2021-07-19,Same Day,131,Product_131,Sports,1075.01,557.01,5,0.1,390,7,4837.54,2052.49
2233,Customer_1171,33,Aswan,2022-04-29,0,10891,2022-04-29,Standard,106,Product_106,Sports,1129.89,740.34,5,0.0,335,4,5649.45,1947.75
1984,Customer_1172,26,Mansoura,2021-11-27,0,12823,2021-11-27,Same Day,114,Product_114,Home Appliances,1105.3,749.57,4,0.0,611,4,4421.2,1422.92
1992,Customer_1173,56,Giza,2022-11-05,0,11282,2022-11-05,Same Day,123,Product_123,Clothing,643.86,280.0,3,0.2,385,6,1545.26,705.26
1827,Customer_1174,20,Luxor,2021-07-01,0,13421,2021-07-01,Standard,116,Product_116,Electronics,965.95,611.82,3,0.0,518,6,2897.85,1062.39
1682,Customer_1175,46,Giza,2020-06-01,0,10600,2020-06-01,Same Day,125,Product_125,Clothing,886.57,508.42,3,0.0,562,3,2659.71,1134.45
2483,Customer_1176,40,Alexandria,2021-02-08,1,12484,2021-02-08,Express,139,Product_139,Electronics,661.26,380.65,2,0.0,1248,1,1322.52,561.22
2003,Customer_1177,37,Cairo,2024-01-26,0,11245,2024-01-26,Same Day,102,Product_102,Clothing,915.96,580.57,2,0.0,341,3,1831.92,670.78
1355,Customer_1178,65,Cairo,2021-09-03,0,11436,2021-09-03,Standard,138,Product_138,Sports,1423.51,664.57,3,0.2,722,5,3416.42,1422.71
2007,Customer_1179,66,Aswan,2023-04-17,0,11373,2023-04-17,Express,141,Product_141,Home Appliances,329.7,184.41,4,0.1,580,5,1186.92,449.28
2347,Customer_1180,41,Luxor,2023-02-04,0,13553,2023-02-04,Standard,139,Product_139,Electronics,1363.37,675.97,1,0.1,502,5,1227.03,551.06
2156,Customer_1181,34,Giza,2023-09-13,0,13672,2023-09-13,Standard,134,Product_134,Clothing,127.51,54.62,2,0.2,476,3,204.02,94.78
1887,Customer_1182,17,Aswan,2022-09-29,1,11082,2022-09-29,Standard,140,Product_140,Home Appliances,497.16,214.54,3,0.0,825,4,1491.48,847.86
1126,Customer_1183,39,Mansoura,2020-10-31,1,10151,2020-10-31,Express,143,Product_143,Electronics,467.81,206.28,5,0.0,363,2,2339.05,1307.65
2129,Customer_1184,69,Aswan,2022-03-07,0,10933,2022-03-07,Express,125,Product_125,Electronics,958.23,560.06,2,0.05,459,4,1820.64,700.52
2008,Customer_1185,38,Mansoura,2023-08-01,1,12587,2023-08-01,Standard,136,Product_136,Home Appliances,240.28,103.74,1,0.0,391,5,240.28,136.54
1603,Customer_1186,50,Mansoura,2022-09-18,1,12272,2022-09-18,Same Day,116,Product_116,Sports,1329.4,759.13,2,0.0,836,4,2658.8,1140.54
2401,Customer_1187,19,Alexandria,2021-12-07,1,11341,2021-12-07,Express,118,Product_118,Home Appliances,1251.4,721.42,1,0.0,1093,6,1251.4,529.98
2013,Customer_1188,33,Alexandria,2021-11-11,0,12610,2021-11-11,Standard,113,Product_113,Sports,995.5,668.15,1,0.2,409,5,796.4,128.25
1050,Customer_1189,46,Mansoura,2023-02-04,0,13846,2023-02-04,Same Day,137,Product_137,Clothing,714.7,420.18,2,0.0,697,4,1429.4,589.04
2052,Customer_1190,41,Luxor,2023-01-17,1,13350,2023-01-17,Standard,127,Product_127,Clothing,1402.79,975.89,1,0.1,715,2,1262.51,286.62
2485,Customer_1191,52,Alexandria,2022-02-11,0,10557,2022-02-11,Express,134,Product_134,Home Appliances,1254.58,513.5,2,0.0,527,4,2509.16,1482.16
2319,Customer_1192,30,Alexandria,2022-07-21,1,11497,2022-07-21,Express,111,Product_111,Sports,774.01,473.11,2,0.0,895,3,1548.02,601.8
2320,Customer_1193,13,Cairo,2021-10-21,1,11869,2021-10-21,Same Day,101,Product_101,Clothing,1067.72,435.57,4,0.1,1168,2,3843.79,2101.51
1778,Customer_1194,56,Aswan,2021-01-21,1,10617,2021-01-21,Express,113,Product_113,Sports,872.05,539.64,5,0.2,1039,5,3488.2,790.0
2430,Customer_1195,41,Cairo,2023-11-29,0,11819,2023-11-29,Standard,130,Product_130,Sports,902.52,465.48,1,0.0,399,4,902.52,437.04
1813,Customer_1196,47,Luxor,2021-05-04,0,10023,2021-05-04,Standard,105,Product_105,Sports,529.92,309.15,2,0.0,395,5,1059.84,441.54
2428,Customer_1197,46,Alexandria,2023-03-17,1,11542,2023-03-17,Same Day,118,Product_118,Home Appliances,720.02,354.87,1,0.0,636,4,720.02,365.15
2369,Customer_1198,15,Alexandria,2022-02-23,1,12415,2022-02-23,Same Day,114,Product_114,Sports,163.28,73.11,2,0.1,540,4,293.9,147.68
1419,Customer_1199,55,Giza,2021-04-23,0,12019,2021-04-23,Same Day,113,Product_113,Home Appliances,568.16,350.59,2,0.0,401,8,1136.32,435.14
2205,Customer_1200,31,Luxor,2022-04-21,0,10998,2022-04-21,Same Day,132,Product_132,Clothing,1058.95,710.96,2,0.0,409,7,2117.9,695.98
1982,Customer_1201,40,Aswan,2020-03-30,1,12382,2020-03-30,Standard,107,Product_107,Clothing,1432.16,651.74,5,0.05,605,4,6802.76,3544.06
1824,Customer_1202,34,Aswan,2021-10-13,1,11456,2021-10-13,Standard,108,Product_108,Electronics,1446.44,978.1,1,0.0,1125,5,1446.44,468.34
2024,Customer_1203,64,Aswan,2022-08-26,0,10002,2022-08-26,Standard,107,Product_107,Electronics,855.8,378.31,5,0.0,614,5,4279.0,2387.45
1566,Customer_1204,60,Luxor,2023-12-15,0,11007,2023-12-15,Standard,149,Product_149,Clothing,929.6,577.0,5,0.1,383,3,4183.2,1298.2
1370,Customer_1205,12,Giza,2022-02-19,0,11281,2022-02-19,Same Day,116,Product_116,Sports,319.3,219.63,5,0.2,1001,3,1277.2,179.05
1935,Customer_1206,73,Giza,2022-01-03,0,10262,2022-01-03,Express,143,Product_143,Sports,1058.2,470.06,5,0.2,468,9,4232.8,1882.5
1660,Customer_1207,29,Cairo,2023-09-21,0,10120,2023-09-21,Standard,131,Product_131,Clothing,152.46,80.88,4,0.0,441,8,609.84,286.32
2454,Customer_1208,71,Luxor,2023-08-28,1,11743,2023-08-28,Express,127,Product_127,Clothing,462.79,231.97,1,0.2,492,2,370.23,138.26
1968,Customer_1209,36,Luxor,2020-07-11,1,10020,2020-07-11,Same Day,133,Product_133,Electronics,1019.13,526.42,1,0.05,755,4,968.17,441.75
2332,Customer_1210,34,Giza,2022-10-11,0,10904,2022-10-11,Same Day,129,Product_129,Sports,499.95,312.94,2,0.0,789,4,999.9,374.02
2160,Customer_1211,36,Mansoura,2020-03-16,0,10139,2020-03-16,Express,108,Product_108,Clothing,122.28,73.17,1,0.0,447,4,122.28,49.11
1201,Customer_1212,33,Mansoura,2020-09-15,0,13548,2020-09-15,Same Day,133,Product_133,Electronics,1256.21,867.55,5,0.0,765,5,6281.05,1943.3
2459,Customer_1213,77,Cairo,2022-10-25,0,11815,2022-10-25,Express,141,Product_141,Electronics,499.98,429.515,3,0.05,661,6,1424.94,136.39
1312,Customer_1214,38,Mansoura,2023-04-23,0,11312,2023-04-23,Standard,119,Product_119,Sports,141.5,79.66,1,0.05,387,5,134.42,54.76
1116,Customer_1215,35,Mansoura,2021-11-10,0,10205,2021-11-10,Same Day,121,Product_121,Electronics,158.44,84.72,3,0.05,1071,3,451.55,197.39
1936,Customer_1216,41,Mansoura,2020-07-24,0,10042,2020-07-24,Same Day,141,Product_141,Electronics,415.05,280.43,4,0.0,840,3,1660.2,538.48
1574,Customer_1217,25,Alexandria,2022-06-20,0,12897,2022-06-20,Express,121,Product_121,Home Appliances,308.12,124.23,2,0.0,762,6,616.24,367.78
1243,Customer_1218,41,Cairo,2020-07-23,1,13189,2020-07-23,Express,125,Product_125,Clothing,1172.74,817.11,2,0.0,1286,2,2345.48,711.26
1536,Customer_1219,17,Giza,2022-12-13,1,11028,2022-12-13,Express,142,Product_142,Sports,516.44,280.9,2,0.2,750,5,826.3,264.5
1074,Customer_1220,30,Mansoura,2022-07-24,0,12254,2022-07-24,Express,123,Product_123,Clothing,1216.81,715.07,4,0.0,519,6,4867.24,2006.96
1385,Customer_1221,54,Aswan,2020-02-01,0,12682,2020-02-01,Express,111,Product_111,Home Appliances,302.08,153.46,5,0.0,378,6,1510.4,743.1
2233,Customer_1222,40,Alexandria,2024-01-19,0,11862,2024-01-19,Same Day,133,Product_133,Sports,764.67,501.44,3,0.0,335,4,2294.01,789.69
1474,Customer_1223,48,Mansoura,2020-10-22,1,10344,2020-10-22,Express,120,Product_120,Clothing,1047.65,595.69,1,0.0,1501,3,1047.65,451.96
1417,Customer_1224,62,Alexandria,2022-04-19,1,11165,2022-04-19,Standard,125,Product_125,Electronics,995.39,596.08,5,0.0,988,2,4976.95,1996.55
1346,Customer_1225,55,Cairo,2023-02-09,0,12419,2023-02-09,Express,126,Product_126,Sports,921.64,548.07,2,0.05,487,2,1751.12,654.98
1639,Customer_1226,42,Aswan,2020-12-11,1,13303,2020-12-11,Same Day,140,Product_140,Home Appliances,1390.99,708.28,2,0.0,1264,4,2781.98,1365.42
1938,Customer_1227,71,Aswan,2020-02-06,1,13235,2020-02-06,Standard,112,Product_112,Electronics,381.36,161.24,5,0.0,1439,4,1906.8,1100.6
1954,Customer_1228,30,Aswan,2022-08-19,0,12594,2022-08-19,Same Day,132,Product_132,Home Appliances,765.89,491.94,3,0.0,741,5,2297.67,821.85
1875,Customer_1229,38,Mansoura,2021-06-26,1,11387,2021-06-26,Express,133,Product_133,Electronics,1331.79,648.47,5,0.0,855,3,6658.95,3416.6
1762,Customer_1230,39,Alexandria,2021-11-24,1,10983,2021-11-24,Same Day,110,Product_110,Clothing,162.95,106.68,4,0.2,783,7,521.44,94.72
2202,Customer_1231,38,Aswan,2023-06-30,1,10334,2023-06-30,Same Day,104,Product_104,Clothing,131.04,76.34,2,0.0,551,3,262.08,109.4
2205,Customer_1232,23,Luxor,2023-11-19,0,12058,2023-11-19,Express,115,Product_115,Clothing,388.29,196.52,3,0.0,409,7,1164.87,575.31
1663,Customer_1233,16,Luxor,2022-03-25,0,13479,2022-03-25,Same Day,106,Product_106,Home Appliances,967.88,559.7,1,0.2,521,6,774.3,214.6
1024,Customer_1234,46,Alexandria,2023-08-23,0,12122,2023-08-23,Same Day,127,Product_127,Sports,426.83,253.39,2,0.0,426,6,853.66,346.88
2203,Customer_1235,30,Mansoura,2020-06-13,1,11323,2020-06-13,Same Day,105,Product_105,Clothing,325.85,199.42,5,0.05,1251,3,1547.79,550.69
1709,Customer_1236,68,Mansoura,2021-03-11,0,12994,2021-03-11,Standard,105,Product_105,Home Appliances,715.26,462.56,3,0.0,677,5,2145.78,758.1
2184,Customer_1237,38,Cairo,2023-10-13,0,12960,2023-10-13,Same Day,118,Product_118,Electronics,939.72,420.93,2,0.0,338,9,1879.44,1037.58
1176,Customer_1238,36,Cairo,2022-12-28,1,13452,2022-12-28,Express,128,Product_128,Clothing,410.41,280.41,1,0.0,496,5,410.41,130.0
1284,Customer_1239,56,Aswan,2022-02-17,0,12757,2022-02-17,Express,135,Product_135,Electronics,486.0,254.3,1,0.0,647,4,486.0,231.7
1062,Customer_1240,46,Giza,2021-10-10,1,12900,2021-10-10,Same Day,122,Product_122,Clothing,939.66,618.42,5,0.1,624,3,4228.47,1136.37
2002,Customer_1241,37,Cairo,2023-07-07,0,10775,2023-07-07,Express,134,Product_134,Electronics,1421.32,662.54,4,0.1,544,2,5116.75,2466.59
1661,Customer_1242,30,Mansoura,2024-11-01,0,13918,2024-11-01,Standard,104,Product_104,Home Appliances,1028.38,420.31,5,0.0,356,10,5141.9,3040.35
1665,Customer_1243,94,Giza,2022-09-26,0,10885,2022-09-26,Express,118,Product_118,Clothing,1185.21,677.94,3,0.0,715,4,3555.63,1521.81
1155,Customer_1244,45,Cairo,2023-01-13,0,12035,2023-01-13,Express,141,Product_141,Home Appliances,581.87,429.515,5,0.1,426,5,2618.42,470.85
2492,Customer_1245,56,Alexandria,2020-03-14,1,10735,2020-03-14,Same Day,126,Product_126,Home Appliances,444.77,309.27,3,0.0,892,4,1334.31,406.5
2072,Customer_1246,41,Luxor,2023-06-18,0,12681,2023-06-18,Standard,142,Product_142,Electronics,708.69,305.68,4,0.0,340,5,2834.76,1612.04
1966,Customer_1247,31,Cairo,2020-05-20,1,13657,2020-05-20,Standard,122,Product_122,Clothing,1220.34,429.515,5,0.0,1687,1,6101.7,3954.12
1848,Customer_1248,71,Cairo,2021-04-25,0,11051,2021-04-25,Express,147,Product_147,Sports,711.63,294.26,1,0.0,421,3,711.63,417.37
2107,Customer_1249,60,Alexandria,2023-07-16,0,11486,2023-07-16,Express,133,Product_133,Sports,1277.75,594.23,3,0.0,351,10,3833.25,2050.56
2384,Customer_1250,46,Mansoura,2023-11-02,0,10395,2023-11-02,Same Day,143,Product_143,Home Appliances,1483.72,851.3,3,0.0,426,4,4451.16,1897.26
1688,Customer_1251,34,Aswan,2021-11-08,0,10682,2021-11-08,Same Day,114,Product_114,Electronics,154.44,85.2,1,0.0,456,3,154.44,69.24
1147,Customer_1252,36,Alexandria,2021-10-04,0,12001,2021-10-04,Standard,131,Product_131,Electronics,115.84,58.5,5,0.1,1135,3,521.28,228.78
1341,Customer_1253,29,Aswan,2020-04-07,0,13447,2020-04-07,Same Day,110,Product_110,Electronics,266.91,113.87,4,0.0,806,5,1067.64,612.16
1475,Customer_1254,22,Cairo,2022-07-06,0,12468,2022-07-06,Standard,124,Product_124,Clothing,607.34,285.52,2,0.0,366,7,1214.68,643.64
2086,Customer_1255,53,Mansoura,2020-07-20,0,10363,2020-07-20,Standard,121,Product_121,Clothing,240.01,109.26,5,0.0,561,5,1200.05,653.75
2383,Customer_1256,48,Giza,2023-07-21,0,13966,2023-07-21,Express,148,Product_148,Electronics,1312.46,818.58,5,0.05,530,3,6234.18,2141.28
1560,Customer_1257,51,Cairo,2023-12-12,0,13287,2023-12-12,Standard,108,Product_108,Sports,83.56,429.515,3,0.0,386,6,250.68,-1037.86
1326,Customer_1258,34,Alexandria,2020-07-24,1,11854,2020-07-24,Standard,132,Product_132,Sports,507.9,429.515,3,0.0,1055,4,1523.7,235.15
2164,Customer_1259,43,Giza,2022-06-27,0,13172,2022-06-27,Standard,131,Product_131,Clothing,317.81,219.52,4,0.1,674,5,1144.12,266.04
1989,Customer_1260,33,Luxor,2020-12-06,0,11781,2020-12-06,Standard,134,Product_134,Electronics,1400.73,931.87,4,0.0,565,7,5602.92,1875.44
1214,Customer_1261,29,Giza,2023-11-22,1,10092,2023-11-22,Express,123,Product_123,Sports,1020.75,560.74,4,0.0,406,3,4083.0,1840.04
1434,Customer_1262,65,Alexandria,2021-05-09,0,11598,2021-05-09,Same Day,125,Product_125,Sports,1372.44,429.515,1,0.2,792,6,1097.95,668.44
1951,Customer_1263,41,Giza,2020-02-29,0,10265,2020-02-29,Same Day,107,Product_107,Clothing,1459.88,985.03,2,0.0,702,5,2919.76,949.7
1722,Customer_1264,47,Alexandria,2020-04-04,1,12253,2020-04-04,Standard,119,Product_119,Clothing,770.79,449.65,2,0.0,1733,1,1541.58,642.28
2341,Customer_1265,52,Cairo,2021-10-26,0,13151,2021-10-26,Same Day,107,Product_107,Sports,389.76,190.33,4,0.0,627,7,1559.04,797.72
1031,Customer_1266,42,Mansoura,2020-04-24,1,12084,2020-04-24,Same Day,147,Product_147,Electronics,330.91,429.515,3,0.1,1196,3,893.46,-395.08
1669,Customer_1267,43,Luxor,2021-08-23,0,11034,2021-08-23,Standard,108,Product_108,Sports,373.23,260.38,2,0.0,431,4,746.46,225.7
1284,Customer_1268,23,Mansoura,2022-04-01,0,13698,2022-04-01,Standard,114,Product_114,Sports,1077.46,705.57,5,0.05,647,4,5117.93,1590.08
2328,Customer_1269,26,Mansoura,2022-02-06,0,11113,2022-02-06,Same Day,101,Product_101,Electronics,108.65,52.63,1,0.05,388,3,103.22,50.59
1428,Customer_1270,25,Mansoura,2022-01-06,0,10743,2022-01-06,Express,113,Product_113,Clothing,124.47,85.37,3,0.0,945,2,373.41,117.3
1285,Customer_1271,49,Alexandria,2020-10-25,1,12066,2020-10-25,Same Day,103,Product_103,Electronics,931.81,647.08,1,0.05,1157,3,885.22,238.14
2167,Customer_1272,41,Alexandria,2021-05-15,0,13635,2021-05-15,Standard,128,Product_128,Electronics,980.98,460.42,5,0.0,367,5,4904.9,2602.8
2447,Customer_1273,26,Luxor,2022-12-23,0,10373,2022-12-23,Same Day,138,Product_138,Electronics,1014.63,678.46,2,0.0,531,4,2029.26,672.34
2042,Customer_1274,48,Alexandria,2022-04-23,0,11809,2022-04-23,Same Day,115,Product_115,Electronics,589.23,391.81,1,0.0,984,3,589.23,197.42
1017,Customer_1275,48,Aswan,2023-05-03,1,10093,2023-05-03,Express,136,Product_136,Clothing,1218.62,501.98,1,0.0,668,2,1218.62,716.64
1768,Customer_1276,29,Alexandria,2023-10-28,1,10031,2023-10-28,Same Day,103,Product_103,Sports,823.76,495.0,1,0.0,337,3,823.76,328.76
1589,Customer_1277,39,Alexandria,2021-03-01,1,13734,2021-03-01,Same Day,104,Product_104,Home Appliances,202.93,99.76,5,0.0,1425,2,1014.65,515.85
2394,Customer_1278,48,Alexandria,2020-12-14,1,10139,2020-12-14,Standard,105,Product_105,Clothing,1205.79,726.35,3,0.0,1112,3,3617.37,1438.32
2198,Customer_1279,27,Cairo,2020-12-24,0,11593,2020-12-24,Express,126,Product_126,Electronics,1431.95,965.23,3,0.0,502,3,4295.85,1400.16
2009,Customer_1280,48,Luxor,2020-10-06,0,13020,2020-10-06,Same Day,125,Product_125,Sports,137.05,75.33,5,0.05,764,3,650.99,274.34
1193,Customer_1281,44,Aswan,2023-06-02,0,13092,2023-06-02,Same Day,110,Product_110,Sports,617.46,323.75,1,0.0,405,7,617.46,293.71
1501,Customer_1282,25,Alexandria,2022-02-22,0,13220,2022-02-22,Standard,108,Product_108,Electronics,756.9,512.01,1,0.1,511,2,681.21,169.2
1987,Customer_1283,43,Luxor,2023-06-23,0,13292,2023-06-23,Standard,112,Product_112,Clothing,262.38,429.515,4,0.05,558,6,997.04,-721.02
2136,Customer_1284,45,Giza,2023-10-31,0,12780,2023-10-31,Express,103,Product_103,Electronics,1308.18,547.7,2,0.0,428,7,2616.36,1520.96
1113,Customer_1285,30,Cairo,2021-05-08,0,12801,2021-05-08,Express,127,Product_127,Sports,462.02,312.72,2,0.0,423,5,924.04,298.6
2245,Customer_1286,31,Alexandria,2022-10-16,1,11242,2022-10-16,Express,123,Product_123,Sports,1185.36,503.58,3,0.0,576,4,3556.08,2045.34
1946,Customer_1287,24,Aswan,2023-04-09,0,11564,2023-04-09,Standard,140,Product_140,Clothing,1022.94,512.68,5,0.1,380,9,4603.23,2039.83
1830,Customer_1288,33,Cairo,2020-10-20,0,11582,2020-10-20,Standard,133,Product_133,Home Appliances,917.17,576.69,1,0.0,337,5,917.17,340.48
2287,Customer_1289,39,Aswan,2021-04-20,1,11931,2021-04-20,Standard,114,Product_114,Electronics,328.61,208.05,2,0.0,1131,5,657.22,241.12
1924,Customer_1290,31,Cairo,2022-08-02,0,10057,2022-08-02,Standard,123,Product_123,Home Appliances,370.02,429.515,5,0.0,375,6,1850.1,-297.47
1054,Customer_1291,17,Giza,2023-07-30,0,13496,2023-07-30,Express,131,Product_131,Sports,118.66,48.86,5,0.0,397,5,593.3,349.0
1799,Customer_1292,29,Luxor,2021-06-04,1,11298,2021-06-04,Express,113,Product_113,Home Appliances,399.03,175.53,1,0.0,807,3,399.03,223.5
1777,Customer_1293,33,Cairo,2022-07-30,0,12187,2022-07-30,Express,112,Product_112,Electronics,550.89,375.08,5,0.0,448,4,2754.45,879.05
2481,Customer_1294,52,Mansoura,2021-06-06,1,11046,2021-06-06,Standard,135,Product_135,Electronics,1258.06,533.97,2,0.0,498,3,2516.12,1448.18
1161,Customer_1295,48,Giza,2023-09-27,0,12948,2023-09-27,Standard,118,Product_118,Sports,581.27,246.2,4,0.2,455,6,1860.06,875.26
2403,Customer_1296,52,Mansoura,2020-01-20,0,10377,2020-01-20,Standard,121,Product_121,Clothing,1144.2,744.52,2,0.2,626,7,1830.72,341.68
1086,Customer_1297,28,Giza,2022-10-08,0,10921,2022-10-08,Standard,145,Product_145,Clothing,687.19,407.08,4,0.0,875,5,2748.76,1120.44
1054,Customer_1298,42,Mansoura,2021-08-12,0,10372,2021-08-12,Same Day,147,Product_147,Sports,1188.06,600.56,5,0.05,397,5,5643.28,2640.48
2499,Customer_1299,3,Mansoura,2023-10-19,0,13134,2023-10-19,Express,142,Product_142,Electronics,1465.59,659.1,2,0.2,440,4,2344.94,1026.74
2201,Customer_1300,46,Aswan,2023-01-24,0,11587,2023-01-24,Express,101,Product_101,Clothing,397.77,264.62,1,0.0,341,7,397.77,133.15
2414,Customer_1301,49,Cairo,2020-11-19,0,10777,2020-11-19,Same Day,138,Product_138,Home Appliances,1300.4,905.81,5,0.0,510,3,6502.0,1972.95
2372,Customer_1302,34,Cairo,2020-05-31,0,11365,2020-05-31,Express,141,Product_141,Sports,951.64,394.92,1,0.2,369,7,761.31,366.39
2031,Customer_1303,44,Giza,2022-06-23,1,10166,2022-06-23,Standard,142,Product_142,Home Appliances,1235.08,699.34,4,0.0,344,5,4940.32,2142.96
1832,Customer_1304,17,Luxor,2021-08-12,0,13222,2021-08-12,Express,147,Product_147,Electronics,994.8,475.9,3,0.2,481,6,2387.52,959.82
1312,Customer_1305,27,Aswan,2023-04-18,0,12570,2023-04-18,Standard,109,Product_109,Clothing,664.73,431.89,3,0.0,387,5,1994.19,698.52
1758,Customer_1306,51,Cairo,2021-09-04,0,12011,2021-09-04,Standard,123,Product_123,Electronics,380.71,191.81,4,0.0,475,7,1522.84,755.6
1442,Customer_1307,47,Cairo,2023-01-08,0,13678,2023-01-08,Standard,114,Product_114,Home Appliances,151.55,93.11,3,0.0,519,4,454.65,175.32
1327,Customer_1308,33,Aswan,2022-05-18,0,10583,2022-05-18,Same Day,111,Product_111,Electronics,826.5,464.37,5,0.0,959,3,4132.5,1810.65
2077,Customer_1309,52,Alexandria,2023-11-14,1,12548,2023-11-14,Express,107,Product_107,Electronics,1485.97,835.79,5,0.0,414,3,7429.85,3250.9
1760,Customer_1310,42,Aswan,2021-05-27,0,12943,2021-05-27,Standard,131,Product_131,Sports,1120.16,736.39,2,0.0,633,6,2240.32,767.54
2262,Customer_1311,32,Cairo,2022-07-24,1,10998,2022-07-24,Express,124,Product_124,Sports,524.65,283.9,5,0.0,892,5,2623.25,1203.75
2252,Customer_1312,37,Luxor,2021-09-10,0,10559,2021-09-10,Same Day,126,Product_126,Electronics,1249.45,816.74,3,0.0,581,7,3748.35,1298.13
1578,Customer_1313,33,Alexandria,2021-02-11,0,13419,2021-02-11,Express,130,Product_130,Sports,1165.03,593.03,1,0.0,1000,4,1165.03,572.0
2074,Customer_1314,22,Mansoura,2022-02-26,1,13343,2022-02-26,Express,134,Product_134,Electronics,458.37,207.38,2,0.1,1040,2,825.07,410.31
2006,Customer_1315,58,Aswan,2022-09-16,1,13501,2022-09-16,Express,146,Product_146,Home Appliances,70.75,37.97,1,0.0,785,5,70.75,32.78
2287,Customer_1316,31,Mansoura,2020-08-06,1,11011,2020-08-06,Express,138,Product_138,Sports,221.34,121.63,3,0.1,1131,5,597.62,232.73
2441,Customer_1317,27,Alexandria,2021-04-30,0,13678,2021-04-30,Same Day,105,Product_105,Electronics,1322.09,718.58,1,0.1,393,4,1189.88,471.3
1095,Customer_1318,17,Alexandria,2022-02-20,1,10232,2022-02-20,Express,105,Product_105,Sports,1263.02,811.49,3,0.0,351,4,3789.06,1354.59
2111,Customer_1319,0,Alexandria,2023-03-17,0,10559,2023-03-17,Standard,119,Product_119,Electronics,478.05,272.2,5,0.0,648,4,2390.25,1029.25
2101,Customer_1320,50,Giza,2022-05-01,1,11231,2022-05-01,Same Day,138,Product_138,Sports,463.53,308.96,2,0.2,1059,3,741.65,123.73
2311,Customer_1321,51,Aswan,2023-03-23,0,13524,2023-03-23,Express,128,Product_128,Clothing,1199.65,664.91,4,0.05,474,6,4558.67,1899.03
2143,Customer_1322,57,Luxor,2021-08-28,0,11762,2021-08-28,Express,126,Product_126,Electronics,1409.72,658.92,3,0.0,370,7,4229.16,2252.4
1813,Customer_1323,37,Luxor,2023-12-03,0,11524,2023-12-03,Standard,142,Product_142,Clothing,1179.75,517.73,5,0.05,395,5,5603.81,3015.16
1490,Customer_1324,41,Mansoura,2021-08-27,1,10920,2021-08-27,Same Day,123,Product_123,Electronics,928.09,613.01,1,0.0,1223,2,928.09,315.08
1451,Customer_1325,32,Mansoura,2020-02-14,0,13660,2020-02-14,Same Day,146,Product_146,Clothing,401.87,167.52,5,0.0,334,3,2009.35,1171.75
1164,Customer_1326,33,Mansoura,2023-10-09,0,12908,2023-10-09,Standard,149,Product_149,Electronics,812.33,353.59,1,0.0,479,4,812.33,458.74
1181,Customer_1327,56,Aswan,2022-03-21,1,11242,2022-03-21,Express,130,Product_130,Sports,388.59,162.86,1,0.0,1017,1,388.59,225.73
1468,Customer_1328,39,Cairo,2021-07-16,1,12919,2021-07-16,Express,103,Product_103,Clothing,1221.62,643.94,1,0.2,1265,1,977.3,333.36
1909,Customer_1329,45,Mansoura,2020-01-17,1,10080,2020-01-17,Same Day,128,Product_128,Sports,611.09,342.08,1,0.1,419,3,549.98,207.9
1734,Customer_1330,33,Alexandria,2023-03-05,1,13620,2023-03-05,Same Day,133,Product_133,Electronics,1258.86,511.05,2,0.0,478,2,2517.72,1495.62
1822,Customer_1331,59,Mansoura,2023-11-05,1,12661,2023-11-05,Express,142,Product_142,Sports,603.33,334.65,1,0.0,423,5,603.33,268.68
1943,Customer_1332,11,Alexandria,2020-04-10,0,10702,2020-04-10,Standard,103,Product_103,Electronics,1245.02,645.08,2,0.0,378,5,2490.04,1199.88
1006,Customer_1333,21,Giza,2023-05-26,1,10540,2023-05-26,Standard,105,Product_105,Sports,533.31,337.1,4,0.0,586,4,2133.24,784.84
1329,Customer_1334,45,Cairo,2022-10-14,0,11849,2022-10-14,Express,119,Product_119,Clothing,688.19,446.63,2,0.0,493,3,1376.38,483.12
1774,Customer_1335,66,Cairo,2021-08-09,1,12812,2021-08-09,Standard,142,Product_142,Electronics,942.46,570.65,1,0.0,1241,2,942.46,371.81
1150,Customer_1336,36,Aswan,2021-04-16,0,11274,2021-04-16,Same Day,148,Product_148,Sports,151.92,82.35,4,0.0,459,4,607.68,278.28
2108,Customer_1337,27,Aswan,2023-05-28,0,12785,2023-05-28,Express,101,Product_101,Electronics,1424.9,662.36,5,0.0,440,3,7124.5,3812.7
1146,Customer_1338,55,Luxor,2021-12-22,0,12653,2021-12-22,Standard,138,Product_138,Electronics,881.73,576.77,2,0.2,660,5,1410.77,257.23
2404,Customer_1339,44,Giza,2021-03-24,0,13486,2021-03-24,Standard,109,Product_109,Electronics,786.34,395.14,5,0.2,782,4,3145.36,1169.66
1914,Customer_1340,59,Aswan,2023-07-27,1,13157,2023-07-27,Same Day,105,Product_105,Home Appliances,1267.12,642.29,4,0.0,514,4,5068.48,2499.32
2308,Customer_1341,20,Alexandria,2021-01-24,1,10621,2021-01-24,Same Day,146,Product_146,Electronics,1305.36,880.86,2,0.0,456,4,2610.72,849.0
1699,Customer_1342,58,Giza,2023-06-25,0,11240,2023-06-25,Express,142,Product_142,Sports,807.28,559.19,1,0.0,433,9,807.28,248.09
1081,Customer_1343,16,Cairo,2021-05-28,1,13069,2021-05-28,Same Day,134,Product_134,Home Appliances,1394.53,933.55,2,0.0,809,4,2789.06,921.96
1513,Customer_1344,35,Alexandria,2023-10-20,0,12243,2023-10-20,Same Day,137,Product_137,Sports,143.87,100.63,1,0.2,439,3,115.1,14.47
1814,Customer_1345,46,Giza,2024-01-16,0,13042,2024-01-16,Express,133,Product_133,Home Appliances,214.18,141.5,3,0.0,351,4,642.54,218.04
1708,Customer_1346,42,Cairo,2023-09-12,0,11320,2023-09-12,Standard,125,Product_125,Electronics,915.34,559.55,2,0.0,425,6,1830.68,711.58
1745,Customer_1347,55,Aswan,2023-10-26,0,12993,2023-10-26,Same Day,142,Product_142,Clothing,563.4,275.02,2,0.0,361,3,1126.8,576.76
2022,Customer_1348,12,Alexandria,2020-07-10,0,12091,2020-07-10,Express,129,Product_129,Clothing,723.13,495.99,5,0.2,709,2,2892.52,412.57
2409,Customer_1349,42,Alexandria,2023-07-10,0,12440,2023-07-10,Same Day,125,Product_125,Electronics,525.71,348.54,5,0.0,541,4,2628.55,885.85
1706,Customer_1350,57,Cairo,2020-07-17,1,11466,2020-07-17,Same Day,109,Product_109,Home Appliances,636.85,300.74,4,0.0,505,2,2547.4,1344.44
1470,Customer_1351,40,Alexandria,2023-09-07,0,11113,2023-09-07,Standard,103,Product_103,Sports,1242.84,679.52,1,0.2,344,7,994.27,314.75
2142,Customer_1352,22,Aswan,2023-08-16,0,12202,2023-08-16,Same Day,115,Product_115,Clothing,910.54,383.35,5,0.0,504,4,4552.7,2635.95
1395,Customer_1353,55,Aswan,2020-03-21,0,13025,2020-03-21,Same Day,104,Product_104,Electronics,1496.15,1026.35,4,0.0,787,5,5984.6,1879.2
1260,Customer_1354,30,Aswan,2021-09-24,1,13549,2021-09-24,Same Day,145,Product_145,Electronics,1190.97,681.03,1,0.0,747,5,1190.97,509.94
1804,Customer_1355,27,Cairo,2022-06-21,0,11644,2022-06-21,Standard,138,Product_138,Home Appliances,446.82,211.6,1,0.1,375,6,402.14,190.54
1933,Customer_1356,25,Mansoura,2020-03-09,0,10058,2020-03-09,Same Day,120,Product_120,Clothing,433.3,211.33,1,0.1,529,6,389.97,178.64
2279,Customer_1357,37,Mansoura,2023-04-01,0,12157,2023-04-01,Express,149,Product_149,Electronics,537.05,372.82,3,0.0,456,4,1611.15,492.69
1904,Customer_1358,42,Alexandria,2022-01-17,0,10478,2022-01-17,Express,123,Product_123,Clothing,1272.73,744.15,1,0.0,352,3,1272.73,528.58
2249,Customer_1359,20,Aswan,2024-02-08,0,12665,2024-02-08,Standard,137,Product_137,Sports,89.57,47.13,4,0.0,328,6,358.28,169.76
2076,Customer_1360,24,Alexandria,2020-09-26,0,11922,2020-09-26,Standard,147,Product_147,Electronics,383.76,211.05,1,0.0,827,6,383.76,172.71
1939,Customer_1361,29,Cairo,2020-03-07,0,11756,2020-03-07,Standard,108,Product_108,Electronics,1362.13,585.12,1,0.0,364,5,1362.13,777.01
1853,Customer_1362,25,Alexandria,2021-08-27,1,11798,2021-08-27,Same Day,137,Product_137,Sports,977.85,413.15,4,0.0,891,4,3911.4,2258.8
2387,Customer_1363,40,Luxor,2021-10-31,1,11617,2021-10-31,Standard,145,Product_145,Electronics,378.93,218.95,2,0.0,887,6,757.86,319.96
2303,Customer_1364,45,Mansoura,2022-04-30,0,10783,2022-04-30,Express,133,Product_133,Home Appliances,367.76,203.59,1,0.2,638,4,294.21,90.62
1592,Customer_1365,43,Alexandria,2020-12-25,0,13120,2020-12-25,Express,133,Product_133,Sports,1300.8,660.48,4,0.0,569,6,5203.2,2561.28
1713,Customer_1366,43,Alexandria,2021-02-15,0,11400,2021-02-15,Same Day,107,Product_107,Home Appliances,1345.95,766.97,5,0.0,522,8,6729.75,2894.9
2181,Customer_1367,65,Giza,2020-09-27,1,11055,2020-09-27,Same Day,122,Product_122,Sports,421.39,177.74,4,0.0,677,2,1685.56,974.6
1631,Customer_1368,46,Alexandria,2023-09-01,0,11509,2023-09-01,Same Day,105,Product_105,Sports,659.74,450.73,3,0.0,566,5,1979.22,627.03
1058,Customer_1369,51,Luxor,2022-01-19,1,12648,2022-01-19,Same Day,146,Product_146,Home Appliances,1260.16,615.1,5,0.0,1078,3,6300.8,3225.3
1127,Customer_1370,33,Mansoura,2022-12-23,1,12987,2022-12-23,Express,115,Product_115,Sports,1167.96,492.33,2,0.0,740,5,2335.92,1351.26
1735,Customer_1371,54,Giza,2022-10-24,0,13039,2022-10-24,Express,121,Product_121,Clothing,1230.18,429.515,2,0.05,800,5,2337.34,1478.31
1720,Customer_1372,33,Cairo,2021-07-12,0,12578,2021-07-12,Standard,125,Product_125,Home Appliances,801.68,343.63,4,0.2,579,4,2565.38,1190.86
2138,Customer_1373,46,Cairo,2020-12-02,0,11026,2020-12-02,Same Day,117,Product_117,Sports,1371.75,622.2,4,0.0,416,2,5487.0,2998.2
2232,Customer_1374,19,Mansoura,2021-10-06,0,10377,2021-10-06,Express,107,Product_107,Home Appliances,522.63,274.39,1,0.0,976,2,522.63,248.24
1525,Customer_1375,42,Cairo,2022-09-13,0,10571,2022-09-13,Express,119,Product_119,Sports,277.17,172.24,1,0.0,377,5,277.17,104.93
1520,Customer_1376,25,Luxor,2021-08-27,0,11954,2021-08-27,Standard,107,Product_107,Sports,1077.66,429.515,3,0.05,365,6,3071.33,1782.78
1551,Customer_1377,54,Alexandria,2021-11-24,1,13313,2021-11-24,Express,140,Product_140,Clothing,832.06,441.64,1,0.0,881,2,832.06,390.42
1236,Customer_1378,53,Mansoura,2020-08-23,1,11564,2020-08-23,Express,145,Product_145,Clothing,1289.15,874.85,4,0.0,1539,2,5156.6,1657.2
2304,Customer_1379,33,Giza,2022-08-17,0,10586,2022-08-17,Same Day,124,Product_124,Clothing,167.68,81.95,4,0.2,569,3,536.58,208.78
2382,Customer_1380,70,Alexandria,2020-06-03,1,13653,2020-06-03,Standard,111,Product_111,Sports,1273.35,812.93,1,0.1,907,6,1146.01,333.08
2224,Customer_1381,35,Cairo,2020-10-15,0,11618,2020-10-15,Same Day,141,Product_141,Clothing,475.28,212.61,3,0.1,878,5,1283.26,645.43
2301,Customer_1382,15,Cairo,2021-04-07,1,10356,2021-04-07,Same Day,101,Product_101,Home Appliances,999.54,453.29,4,0.1,781,3,3598.34,1785.18
2258,Customer_1383,28,Giza,2023-10-17,1,10684,2023-10-17,Standard,132,Product_132,Sports,108.19,58.08,3,0.0,435,4,324.57,150.33
1493,Customer_1384,24,Luxor,2024-01-23,0,11946,2024-01-23,Standard,140,Product_140,Home Appliances,933.89,439.14,4,0.05,344,5,3548.78,1792.22
1003,Customer_1385,45,Giza,2023-10-13,0,13268,2023-10-13,Same Day,144,Product_144,Clothing,1090.04,731.32,3,0.0,446,2,3270.12,1076.16
1665,Customer_1386,21,Mansoura,2022-03-24,0,12905,2022-03-24,Same Day,102,Product_102,Sports,584.69,242.78,3,0.2,715,4,1403.26,674.92
1441,Customer_1387,31,Giza,2023-02-15,0,13490,2023-02-15,Same Day,115,Product_115,Home Appliances,362.35,209.87,3,0.0,686,5,1087.05,457.44
1028,Customer_1388,41,Cairo,2022-01-19,0,10658,2022-01-19,Same Day,121,Product_121,Electronics,829.56,482.2,1,0.0,442,6,829.56,347.36
2132,Customer_1389,42,Luxor,2020-03-07,0,11296,2020-03-07,Standard,124,Product_124,Home Appliances,1258.13,528.17,2,0.0,999,7,2516.26,1459.92
1609,Customer_1390,39,Luxor,2022-03-19,0,11525,2022-03-19,Express,117,Product_117,Sports,519.14,321.75,3,0.0,351,5,1557.42,592.17
1804,Customer_1391,41,Aswan,2020-01-29,0,12082,2020-01-29,Standard,147,Product_147,Electronics,416.08,224.96,3,0.0,375,6,1248.24,573.36
1074,Customer_1392,34,Giza,2021-06-25,0,13054,2021-06-25,Express,109,Product_109,Clothing,454.46,280.37,4,0.0,519,6,1817.84,696.36
1837,Customer_1393,15,Mansoura,2023-01-03,0,13696,2023-01-03,Standard,135,Product_135,Clothing,1426.24,924.31,2,0.0,358,5,2852.48,1003.86
2169,Customer_1394,34,Cairo,2020-09-10,1,12508,2020-09-10,Same Day,120,Product_120,Home Appliances,570.95,283.69,4,0.0,1567,3,2283.8,1149.04
1127,Customer_1395,47,Alexandria,2022-07-20,1,12765,2022-07-20,Express,119,Product_119,Clothing,55.23,429.515,4,0.0,740,5,220.92,-1497.14
1041,Customer_1396,37,Luxor,2022-01-24,1,11693,2022-01-24,Standard,118,Product_118,Home Appliances,1183.44,429.515,3,0.0,1073,3,3550.32,2261.78
2379,Customer_1397,45,Giza,2023-09-10,0,13324,2023-09-10,Standard,120,Product_120,Home Appliances,1063.95,489.9,5,0.0,354,3,5319.75,2870.25
1040,Customer_1398,31,Aswan,2023-08-10,0,11657,2023-08-10,Standard,130,Product_130,Home Appliances,236.42,94.61,2,0.1,451,6,425.56,236.34
1933,Customer_1399,54,Mansoura,2021-06-20,0,10511,2021-06-20,Same Day,140,Product_140,Home Appliances,1478.11,1018.55,4,0.0,529,6,5912.44,1838.24
1033,Customer_1400,1,Mansoura,2023-04-12,0,11071,2023-04-12,Standard,101,Product_101,Sports,931.69,495.92,5,0.0,400,3,4658.45,2178.85
2040,Customer_1401,42,Cairo,2022-02-19,1,13256,2022-02-19,Standard,124,Product_124,Sports,776.13,313.5,5,0.0,935,5,3880.65,2313.15
2176,Customer_1402,60,Luxor,2023-07-31,0,12538,2023-07-31,Same Day,124,Product_124,Electronics,604.22,243.31,4,0.1,351,4,2175.19,1201.95
1997,Customer_1403,62,Cairo,2022-01-30,1,12320,2022-01-30,Express,147,Product_147,Electronics,1353.08,658.28,3,0.0,1023,3,4059.24,2084.4
2401,Customer_1404,36,Aswan,2020-08-09,1,11636,2020-08-09,Express,119,Product_119,Clothing,403.75,163.19,1,0.0,1093,6,403.75,240.56
1587,Customer_1405,20,Alexandria,2023-10-14,0,11012,2023-10-14,Same Day,130,Product_130,Sports,464.36,237.92,4,0.1,427,8,1671.7,720.02
1341,Customer_1406,60,Alexandria,2021-04-23,0,12574,2021-04-23,Express,126,Product_126,Electronics,227.5,95.3,3,0.1,806,5,614.25,328.35
1026,Customer_1407,39,Alexandria,2022-08-23,1,11151,2022-08-23,Standard,142,Product_142,Sports,1150.72,473.84,2,0.05,862,3,2186.37,1238.69
2310,Customer_1408,37,Mansoura,2020-02-21,1,10209,2020-02-21,Standard,144,Product_144,Sports,913.55,548.87,3,0.0,1133,2,2740.65,1094.04
1645,Customer_1409,26,Luxor,2023-06-22,0,10623,2023-06-22,Express,138,Product_138,Clothing,933.15,627.13,5,0.05,344,7,4432.46,1296.81
1730,Customer_1410,21,Cairo,2023-02-23,1,11805,2023-02-23,Express,129,Product_129,Clothing,366.78,191.76,2,0.0,678,2,733.56,350.04
1167,Customer_1411,48,Cairo,2021-11-02,1,11165,2021-11-02,Express,113,Product_113,Home Appliances,994.19,647.25,2,0.05,1156,1,1888.96,594.46
1609,Customer_1412,50,Aswan,2023-03-06,0,10172,2023-03-06,Same Day,104,Product_104,Sports,1159.91,474.15,1,0.1,351,5,1043.92,569.77
1267,Customer_1413,43,Alexandria,2021-03-29,0,11888,2021-03-29,Express,145,Product_145,Home Appliances,568.94,360.31,1,0.1,346,5,512.05,151.74
1820,Customer_1414,28,Luxor,2023-08-19,0,13749,2023-08-19,Same Day,117,Product_117,Home Appliances,1211.95,507.61,4,0.0,501,6,4847.8,2817.36
1454,Customer_1415,24,Luxor,2020-09-05,0,10446,2020-09-05,Express,133,Product_133,Home Appliances,555.75,362.09,3,0.1,561,7,1500.52,414.25
1905,Customer_1416,18,Aswan,2023-07-25,0,13190,2023-07-25,Same Day,105,Product_105,Sports,1149.3,763.95,4,0.0,526,4,4597.2,1541.4
2424,Customer_1417,31,Giza,2022-08-08,0,13786,2022-08-08,Same Day,128,Product_128,Sports,98.91,62.89,1,0.0,575,6,98.91,36.02
1921,Customer_1418,24,Luxor,2023-12-06,0,10010,2023-12-06,Standard,124,Product_124,Home Appliances,849.19,548.77,5,0.0,392,2,4245.95,1502.1
1980,Customer_1419,14,Luxor,2021-09-10,1,10760,2021-09-10,Express,117,Product_117,Sports,1455.81,827.55,1,0.0,1055,4,1455.81,628.26
2499,Customer_1420,49,Cairo,2023-08-22,0,11327,2023-08-22,Standard,139,Product_139,Home Appliances,1472.8,706.16,3,0.0,440,4,4418.4,2299.92
1701,Customer_1421,41,Aswan,2022-04-16,1,11783,2022-04-16,Standard,148,Product_148,Electronics,458.54,271.9,5,0.0,991,3,2292.7,933.2
1633,Customer_1422,54,Luxor,2020-08-26,0,11177,2020-08-26,Same Day,140,Product_140,Sports,690.03,367.0,4,0.0,538,6,2760.12,1292.12
1129,Customer_1423,45,Luxor,2020-10-13,0,12370,2020-10-13,Same Day,144,Product_144,Clothing,141.32,56.75,4,0.0,434,4,565.28,338.28
2019,Customer_1424,44,Cairo,2020-04-02,1,13608,2020-04-02,Same Day,146,Product_146,Clothing,1316.34,714.84,1,0.1,355,5,1184.71,469.87
2386,Customer_1425,64,Luxor,2020-03-17,0,10976,2020-03-17,Same Day,111,Product_111,Home Appliances,874.43,520.6,1,0.05,930,2,830.71,310.11
1818,Customer_1426,20,Cairo,2021-09-15,1,12492,2021-09-15,Standard,112,Product_112,Electronics,608.4,245.89,4,0.0,674,3,2433.6,1450.04
1692,Customer_1427,53,Giza,2022-05-10,0,12389,2022-05-10,Same Day,113,Product_113,Sports,213.52,125.21,4,0.2,493,4,683.26,182.42
2315,Customer_1428,35,Mansoura,2020-08-25,0,12268,2020-08-25,Standard,108,Product_108,Home Appliances,1422.81,429.515,2,0.0,360,3,2845.62,1986.59
2394,Customer_1429,78,Cairo,2020-07-18,1,12157,2020-07-18,Standard,101,Product_101,Electronics,818.82,366.37,3,0.1,1112,3,2210.81,1111.7
1793,Customer_1430,34,Cairo,2021-04-25,0,12457,2021-04-25,Express,109,Product_109,Electronics,460.25,243.62,2,0.0,388,7,920.5,433.26
1028,Customer_1431,31,Luxor,2023-05-01,0,13489,2023-05-01,Express,128,Product_128,Sports,557.81,384.5,2,0.2,442,6,892.5,123.5
1148,Customer_1432,46,Cairo,2020-04-10,0,13673,2020-04-10,Same Day,102,Product_102,Clothing,442.51,294.38,4,0.1,485,6,1593.04,415.52
2319,Customer_1433,36,Aswan,2022-03-06,1,12552,2022-03-06,Standard,114,Product_114,Clothing,922.62,482.76,3,0.0,895,3,2767.86,1319.58
1010,Customer_1434,28,Alexandria,2022-07-18,0,11800,2022-07-18,Standard,113,Product_113,Electronics,1398.45,706.15,4,0.0,437,4,5593.8,2769.2
1675,Customer_1435,25,Alexandria,2022-01-29,0,10039,2022-01-29,Standard,148,Product_148,Clothing,1292.21,564.99,2,0.0,1030,4,2584.42,1454.44
2136,Customer_1436,61,Giza,2023-05-10,0,13580,2023-05-10,Express,102,Product_102,Electronics,717.55,294.59,2,0.0,428,7,1435.1,845.92
1186,Customer_1437,22,Cairo,2023-11-27,0,11482,2023-11-27,Standard,104,Product_104,Electronics,1248.42,610.78,4,0.0,378,4,4993.68,2550.56
1806,Customer_1438,43,Aswan,2023-01-11,0,12310,2023-01-11,Standard,112,Product_112,Electronics,663.5,452.56,1,0.0,632,4,663.5,210.94
1743,Customer_1439,55,Luxor,2022-08-05,1,13741,2022-08-05,Standard,148,Product_148,Clothing,415.85,285.93,1,0.0,969,5,415.85,129.92
2250,Customer_1440,56,Luxor,2023-04-17,0,13189,2023-04-17,Express,110,Product_110,Home Appliances,1475.95,950.15,4,0.0,625,5,5903.8,2103.2
2333,Customer_1441,30,Mansoura,2024-01-28,0,13521,2024-01-28,Same Day,103,Product_103,Clothing,490.64,247.89,5,0.1,339,3,2207.88,968.43
1097,Customer_1442,36,Giza,2020-11-12,0,13839,2020-11-12,Same Day,104,Product_104,Home Appliances,519.4,230.14,5,0.05,590,4,2467.15,1316.45
1054,Customer_1443,33,Aswan,2022-04-29,0,13485,2022-04-29,Same Day,106,Product_106,Clothing,1485.05,859.34,1,0.0,397,5,1485.05,625.71
1622,Customer_1444,16,Aswan,2023-03-09,0,12755,2023-03-09,Express,123,Product_123,Sports,244.19,145.04,3,0.0,486,3,732.57,297.45
1663,Customer_1445,48,Luxor,2020-07-21,0,11849,2020-07-21,Express,105,Product_105,Sports,1152.77,607.94,2,0.0,521,6,2305.54,1089.66
1757,Customer_1446,40,Mansoura,2022-09-29,1,10822,2022-09-29,Same Day,103,Product_103,Clothing,1406.93,854.7,3,0.0,526,4,4220.79,1656.69
1405,Customer_1447,61,Luxor,2023-06-14,1,13597,2023-06-14,Same Day,110,Product_110,Sports,792.1,429.515,1,0.0,567,5,792.1,362.58
1068,Customer_1448,27,Mansoura,2022-04-15,0,10460,2022-04-15,Express,143,Product_143,Sports,53.66,34.07,4,0.05,383,5,203.91,67.63
2335,Customer_1449,56,Alexandria,2021-07-26,1,11141,2021-07-26,Same Day,119,Product_119,Sports,593.84,327.02,5,0.2,1255,2,2375.36,740.26
2312,Customer_1450,57,Aswan,2020-03-08,0,10216,2020-03-08,Standard,114,Product_114,Sports,211.78,135.01,1,0.0,622,7,211.78,76.77
1750,Customer_1451,40,Alexandria,2023-11-14,0,11740,2023-11-14,Express,121,Product_121,Home Appliances,653.47,266.38,3,0.0,414,5,1960.41,1161.27
2171,Customer_1452,7,Luxor,2022-01-28,1,12124,2022-01-28,Same Day,143,Product_143,Electronics,1195.54,722.25,3,0.05,1069,4,3407.29,1240.54
2490,Customer_1453,32,Giza,2021-03-20,1,11444,2021-03-20,Same Day,128,Product_128,Home Appliances,686.13,322.95,1,0.2,1149,3,548.9,225.95
2267,Customer_1454,66,Cairo,2022-06-27,1,12939,2022-06-27,Express,121,Product_121,Electronics,676.29,325.4,2,0.2,919,2,1082.06,431.26
1957,Customer_1455,44,Giza,2022-06-29,0,11195,2022-06-29,Express,136,Product_136,Electronics,857.34,366.42,3,0.0,390,7,2572.02,1472.76
1364,Customer_1456,50,Giza,2021-04-28,0,12437,2021-04-28,Standard,124,Product_124,Clothing,893.45,408.95,2,0.0,1042,6,1786.9,969.0
1481,Customer_1457,38,Cairo,2022-12-01,0,13097,2022-12-01,Express,138,Product_138,Clothing,1291.63,901.04,2,0.0,764,3,2583.26,781.18
1200,Customer_1458,36,Aswan,2020-07-22,0,11151,2020-07-22,Express,117,Product_117,Clothing,497.12,260.8,4,0.0,673,5,1988.48,945.28
1153,Customer_1459,11,Alexandria,2023-05-11,0,10373,2023-05-11,Standard,122,Product_122,Clothing,1241.42,842.09,1,0.05,423,8,1179.35,337.26
2473,Customer_1460,51,Alexandria,2022-01-22,0,10653,2022-01-22,Same Day,119,Product_119,Clothing,870.6,390.79,1,0.0,391,7,870.6,479.81
1072,Customer_1461,56,Aswan,2023-01-20,0,10903,2023-01-20,Express,145,Product_145,Home Appliances,485.77,224.05,2,0.1,514,7,874.39,426.29
1712,Customer_1462,25,Cairo,2023-08-13,0,13095,2023-08-13,Same Day,110,Product_110,Home Appliances,477.93,271.15,4,0.0,507,2,1911.72,827.12
1295,Customer_1463,37,Mansoura,2022-01-04,0,13541,2022-01-04,Standard,111,Product_111,Sports,573.65,289.61,3,0.2,334,5,1376.76,507.93
2040,Customer_1464,35,Giza,2020-04-05,1,10743,2020-04-05,Express,138,Product_138,Home Appliances,952.91,565.24,3,0.0,935,5,2858.73,1163.01
2240,Customer_1465,46,Luxor,2022-03-26,1,12470,2022-03-26,Standard,102,Product_102,Home Appliances,384.68,202.58,1,0.0,1012,3,384.68,182.1
1060,Customer_1466,31,Alexandria,2021-07-19,0,13248,2021-07-19,Same Day,133,Product_133,Clothing,1384.48,890.88,2,0.0,688,6,2768.96,987.2
1938,Customer_1467,53,Aswan,2021-01-23,1,10852,2021-01-23,Standard,143,Product_143,Sports,883.62,467.85,4,0.0,1439,4,3534.48,1663.08
1041,Customer_1468,41,Luxor,2020-07-09,1,11770,2020-07-09,Express,131,Product_131,Home Appliances,1384.02,791.25,4,0.05,1073,3,5259.28,2094.28
1024,Customer_1469,1,Cairo,2022-07-20,0,10830,2022-07-20,Express,148,Product_148,Home Appliances,117.29,58.21,3,0.0,426,6,351.87,177.24
2062,Customer_1470,46,Luxor,2020-07-06,0,11561,2020-07-06,Same Day,135,Product_135,Sports,546.79,334.2,3,0.05,370,10,1558.35,555.75
1130,Customer_1471,54,Luxor,2023-09-19,0,13337,2023-09-19,Same Day,137,Product_137,Electronics,83.07,49.54,5,0.0,398,4,415.35,167.65
2252,Customer_1472,22,Giza,2021-03-10,0,10972,2021-03-10,Same Day,147,Product_147,Clothing,444.77,230.88,5,0.0,581,7,2223.85,1069.45
1107,Customer_1473,46,Cairo,2023-08-07,0,13945,2023-08-07,Same Day,147,Product_147,Home Appliances,1299.91,429.515,2,0.1,513,2,2339.84,1480.81
1171,Customer_1474,67,Luxor,2023-02-08,0,12676,2023-02-08,Express,136,Product_136,Home Appliances,103.08,60.22,5,0.2,394,2,412.32,111.22
2458,Customer_1475,41,Alexandria,2023-05-07,0,12617,2023-05-07,Express,123,Product_123,Sports,682.41,466.05,4,0.0,547,5,2729.64,865.44
1101,Customer_1476,57,Cairo,2020-02-13,0,11293,2020-02-13,Express,136,Product_136,Home Appliances,220.47,96.96,5,0.2,502,3,881.88,397.08
1865,Customer_1477,33,Alexandria,2020-04-13,1,11352,2020-04-13,Standard,140,Product_140,Clothing,654.42,418.66,1,0.0,907,4,654.42,235.76
1523,Customer_1478,39,Aswan,2021-11-14,0,13526,2021-11-14,Standard,139,Product_139,Home Appliances,1266.33,712.81,1,0.0,621,3,1266.33,553.52
1274,Customer_1479,36,Aswan,2021-05-13,1,11318,2021-05-13,Same Day,126,Product_126,Electronics,953.45,531.71,3,0.1,658,2,2574.32,979.19
2067,Customer_1480,34,Mansoura,2020-09-14,1,10121,2020-09-14,Same Day,125,Product_125,Clothing,1118.3,769.96,3,0.0,1223,5,3354.9,1045.02
1816,Customer_1481,37,Aswan,2023-02-03,0,10158,2023-02-03,Same Day,117,Product_117,Electronics,556.2,323.58,2,0.0,550,6,1112.4,465.24
1956,Customer_1482,15,Luxor,2021-02-24,0,13249,2021-02-24,Express,115,Product_115,Sports,1419.38,921.4,1,0.0,335,7,1419.38,497.98
2040,Customer_1483,35,Cairo,2020-05-20,1,13727,2020-05-20,Standard,137,Product_137,Clothing,1078.43,597.82,2,0.0,935,5,2156.86,961.22
1329,Customer_1484,60,Aswan,2023-09-02,0,13399,2023-09-02,Same Day,145,Product_145,Home Appliances,661.61,314.24,2,0.0,493,3,1323.22,694.74
1011,Customer_1485,25,Alexandria,2021-02-28,0,13951,2021-02-28,Same Day,104,Product_104,Clothing,668.37,406.6,5,0.0,588,5,3341.85,1308.85
2341,Customer_1486,24,Luxor,2023-04-15,0,10306,2023-04-15,Express,122,Product_122,Clothing,1382.09,935.61,3,0.05,627,7,3938.96,1132.13
1215,Customer_1487,40,Aswan,2021-03-18,0,13982,2021-03-18,Standard,117,Product_117,Clothing,885.79,577.86,2,0.0,511,5,1771.58,615.86
1338,Customer_1488,41,Giza,2021-04-22,0,11112,2021-04-22,Same Day,122,Product_122,Electronics,1074.25,493.63,2,0.0,460,5,2148.5,1161.24
1660,Customer_1489,45,Alexandria,2021-03-11,0,10750,2021-03-11,Same Day,117,Product_117,Sports,654.7,324.12,3,0.1,441,8,1767.69,795.33
2104,Customer_1490,38,Alexandria,2020-10-29,1,11061,2020-10-29,Same Day,114,Product_114,Clothing,374.35,207.79,3,0.0,735,5,1123.05,499.68
1373,Customer_1491,41,Mansoura,2023-05-05,1,11896,2023-05-05,Same Day,114,Product_114,Home Appliances,1099.16,628.15,1,0.05,607,3,1044.2,416.05
1975,Customer_1492,34,Giza,2020-06-01,1,10590,2020-06-01,Standard,117,Product_117,Clothing,931.34,429.515,3,0.2,1509,2,2235.22,946.67
1709,Customer_1493,20,Mansoura,2021-07-21,0,11880,2021-07-21,Standard,108,Product_108,Clothing,776.95,364.39,5,0.1,677,5,3496.28,1674.33
2223,Customer_1494,38,Aswan,2020-10-23,1,13910,2020-10-23,Same Day,134,Product_134,Sports,954.83,599.3,1,0.0,1337,2,954.83,355.53
1465,Customer_1495,50,Giza,2020-09-23,1,10345,2020-09-23,Express,126,Product_126,Home Appliances,352.01,217.93,2,0.0,1561,1,704.02,268.16
2112,Customer_1496,47,Alexandria,2023-01-11,0,13323,2023-01-11,Same Day,145,Product_145,Home Appliances,1201.21,782.9,5,0.0,721,4,6006.05,2091.55
2291,Customer_1497,13,Mansoura,2021-05-28,0,13911,2021-05-28,Express,130,Product_130,Electronics,1424.84,429.515,5,0.0,586,6,7124.2,4976.62
1488,Customer_1498,43,Luxor,2020-12-23,1,10148,2020-12-23,Same Day,122,Product_122,Home Appliances,1342.1,660.96,1,0.0,756,6,1342.1,681.14
1046,Customer_1499,26,Giza,2020-08-13,1,11039,2020-08-13,Same Day,116,Product_116,Home Appliances,516.08,339.52,2,0.0,1273,5,1032.16,353.12
2311,Customer_1500,60,Alexandria,2023-09-15,0,11390,2023-09-15,Express,130,Product_130,Home Appliances,638.71,383.1,1,0.0,474,6,638.71,255.61
1777,Customer_1501,44,Cairo,2020-02-22,0,12882,2020-02-22,Same Day,116,Product_116,Clothing,1222.18,840.04,4,0.0,448,4,4888.72,1528.56
2039,Customer_1502,53,Giza,2020-09-26,0,13904,2020-09-26,Standard,138,Product_138,Electronics,912.92,439.68,4,0.0,738,4,3651.68,1892.96
1710,Customer_1503,40,Giza,2020-01-31,1,10780,2020-01-31,Express,124,Product_124,Home Appliances,844.48,406.11,1,0.1,568,2,760.03,353.92
1400,Customer_1504,39,Aswan,2022-03-01,0,10117,2022-03-01,Standard,136,Product_136,Home Appliances,1393.63,851.91,2,0.0,438,9,2787.26,1083.44
1980,Customer_1505,62,Luxor,2021-05-02,1,10703,2021-05-02,Express,135,Product_135,Home Appliances,827.24,561.3,2,0.0,1055,4,1654.48,531.88
2109,Customer_1506,54,Aswan,2023-04-20,0,12364,2023-04-20,Standard,106,Product_106,Clothing,796.66,515.73,3,0.0,622,5,2389.98,842.79
1249,Customer_1507,41,Giza,2021-10-25,0,10287,2021-10-25,Same Day,104,Product_104,Clothing,110.93,68.57,5,0.0,401,4,554.65,211.8
1390,Customer_1508,37,Giza,2020-02-02,0,12955,2020-02-02,Same Day,118,Product_118,Electronics,150.65,77.76,1,0.0,559,5,150.65,72.89
1334,Customer_1509,14,Luxor,2020-12-22,0,11374,2020-12-22,Express,106,Product_106,Sports,60.76,37.39,5,0.0,853,4,303.8,116.85
1628,Customer_1510,44,Luxor,2021-06-27,0,12344,2021-06-27,Standard,126,Product_126,Electronics,1374.2,879.94,5,0.0,344,6,6871.0,2471.3
1136,Customer_1511,38,Mansoura,2020-04-17,0,13265,2020-04-17,Same Day,137,Product_137,Clothing,642.16,401.98,4,0.1,343,6,2311.78,703.86
1882,Customer_1512,48,Alexandria,2020-09-16,0,12024,2020-09-16,Standard,127,Product_127,Home Appliances,729.41,439.87,4,0.0,350,7,2917.64,1158.16
1687,Customer_1513,52,Alexandria,2022-12-05,0,13463,2022-12-05,Standard,141,Product_141,Home Appliances,1275.81,528.36,1,0.0,562,5,1275.81,747.45
1826,Customer_1514,58,Mansoura,2022-12-13,0,10442,2022-12-13,Express,111,Product_111,Electronics,933.41,558.1,1,0.0,750,2,933.41,375.31
1726,Customer_1515,45,Alexandria,2020-08-20,0,13352,2020-08-20,Same Day,138,Product_138,Home Appliances,933.78,507.5,2,0.0,417,7,1867.56,852.56
1593,Customer_1516,24,Giza,2020-05-10,0,10900,2020-05-10,Express,116,Product_116,Clothing,479.97,330.45,1,0.0,506,5,479.97,149.52
2246,Customer_1517,7,Mansoura,2022-02-09,0,10300,2022-02-09,Express,119,Product_119,Electronics,1259.17,733.03,2,0.0,492,8,2518.34,1052.28
1989,Customer_1518,27,Mansoura,2022-07-07,0,12945,2022-07-07,Same Day,143,Product_143,Sports,290.45,169.18,2,0.2,565,7,464.72,126.36
1371,Customer_1519,60,Alexandria,2022-11-01,1,12473,2022-11-01,Standard,115,Product_115,Clothing,127.07,88.72,1,0.0,1086,1,127.07,38.35
1934,Customer_1520,67,Cairo,2022-11-17,1,10249,2022-11-17,Express,126,Product_126,Clothing,327.82,140.33,2,0.0,776,2,655.64,374.98
1994,Customer_1521,36,Alexandria,2023-04-30,0,11957,2023-04-30,Same Day,141,Product_141,Home Appliances,438.22,211.61,5,0.0,338,3,2191.1,1133.05
1401,Customer_1522,18,Aswan,2020-11-08,1,11766,2020-11-08,Standard,131,Product_131,Clothing,459.35,274.15,2,0.1,1100,3,826.83,278.53
2466,Customer_1523,30,Cairo,2022-07-14,0,11538,2022-07-14,Standard,119,Product_119,Clothing,1022.24,505.57,5,0.0,657,5,5111.2,2583.35
1614,Customer_1524,57,Mansoura,2022-10-28,0,10685,2022-10-28,Standard,124,Product_124,Sports,365.85,429.515,5,0.0,627,2,1829.25,-318.32
2296,Customer_1525,31,Cairo,2021-03-29,0,12799,2021-03-29,Express,109,Product_109,Home Appliances,1031.15,688.6,5,0.1,481,5,4640.18,1197.18
2182,Customer_1526,48,Giza,2023-06-13,1,10997,2023-06-13,Express,123,Product_123,Clothing,182.14,104.51,3,0.2,568,3,437.14,123.61
2175,Customer_1527,42,Luxor,2020-03-29,1,10405,2020-03-29,Same Day,104,Product_104,Home Appliances,263.44,113.51,3,0.0,1739,1,790.32,449.79
1994,Customer_1528,50,Cairo,2024-01-29,0,13687,2024-01-29,Standard,110,Product_110,Clothing,787.79,388.58,2,0.0,338,3,1575.58,798.42
1619,Customer_1529,67,Aswan,2023-11-09,0,12848,2023-11-09,Standard,109,Product_109,Sports,1386.75,586.34,1,0.0,478,7,1386.75,800.41
1187,Customer_1530,48,Luxor,2022-12-03,0,10243,2022-12-03,Same Day,119,Product_119,Home Appliances,1296.37,734.83,2,0.0,346,6,2592.74,1123.08
2121,Customer_1531,42,Giza,2021-09-09,1,13871,2021-09-09,Standard,115,Product_115,Home Appliances,1454.69,657.49,3,0.0,1210,1,4364.07,2391.6
1130,Customer_1532,68,Aswan,2022-07-27,0,12414,2022-07-27,Standard,134,Product_134,Sports,993.19,652.66,4,0.05,398,4,3774.12,1163.48
1804,Customer_1533,45,Luxor,2023-08-10,0,13856,2023-08-10,Same Day,142,Product_142,Electronics,1029.93,590.35,4,0.1,375,6,3707.75,1346.35
2194,Customer_1534,28,Giza,2020-03-04,0,12167,2020-03-04,Same Day,119,Product_119,Clothing,956.28,399.55,2,0.0,515,2,1912.56,1113.46
1935,Customer_1535,50,Luxor,2020-05-04,0,12897,2020-05-04,Express,149,Product_149,Clothing,953.09,467.26,3,0.05,468,9,2716.31,1314.53
1985,Customer_1536,46,Luxor,2022-07-09,0,13511,2022-07-09,Express,121,Product_121,Electronics,263.32,154.02,5,0.2,332,3,1053.28,283.18
1182,Customer_1537,35,Alexandria,2022-02-04,0,13842,2022-02-04,Express,134,Product_134,Home Appliances,838.42,419.75,3,0.2,530,7,2012.21,752.96
1982,Customer_1538,32,Aswan,2022-05-23,1,13575,2022-05-23,Same Day,117,Product_117,Home Appliances,609.8,337.8,2,0.05,605,4,1158.62,483.02
1363,Customer_1539,35,Aswan,2023-06-11,1,11605,2023-06-11,Express,118,Product_118,Sports,691.68,465.37,3,0.0,422,3,2075.04,678.93
1038,Customer_1540,32,Cairo,2020-09-08,0,10432,2020-09-08,Standard,117,Product_117,Sports,809.22,408.66,4,0.0,461,5,3236.88,1602.24
1496,Customer_1541,36,Aswan,2022-01-10,0,10182,2022-01-10,Express,102,Product_102,Sports,236.17,118.26,5,0.0,351,5,1180.85,589.55
2372,Customer_1542,27,Aswan,2023-12-29,0,11484,2023-12-29,Express,101,Product_101,Electronics,571.26,368.99,2,0.0,369,7,1142.52,404.54
1981,Customer_1543,45,Luxor,2022-06-27,0,12806,2022-06-27,Express,143,Product_143,Electronics,142.0,429.515,2,0.0,413,4,284.0,-575.03
1920,Customer_1544,44,Mansoura,2020-05-30,0,11141,2020-05-30,Same Day,110,Product_110,Home Appliances,1470.52,622.6,1,0.0,547,7,1470.52,847.92
2420,Customer_1545,45,Alexandria,2020-06-14,0,10030,2020-06-14,Standard,137,Product_137,Sports,221.87,429.515,5,0.0,1007,2,1109.35,-1038.22
1721,Customer_1546,39,Cairo,2021-10-21,1,13024,2021-10-21,Same Day,148,Product_148,Home Appliances,424.86,290.88,2,0.0,1168,1,849.72,267.96
2184,Customer_1547,37,Alexandria,2023-05-30,0,11172,2023-05-30,Standard,105,Product_105,Electronics,1342.37,912.8,3,0.0,338,9,4027.11,1288.71
1015,Customer_1548,61,Cairo,2020-10-30,1,12575,2020-10-30,Express,112,Product_112,Clothing,749.93,350.55,3,0.0,1524,1,2249.79,1198.14
1492,Customer_1549,41,Giza,2020-05-14,0,11296,2020-05-14,Express,136,Product_136,Home Appliances,246.67,139.63,3,0.0,425,4,740.01,321.12
2449,Customer_1550,58,Luxor,2020-09-15,1,12911,2020-09-15,Standard,131,Product_131,Electronics,607.13,267.87,3,0.0,879,5,1821.39,1017.78
2131,Customer_1551,25,Aswan,2021-07-17,0,13456,2021-07-17,Same Day,138,Product_138,Sports,218.01,131.33,2,0.0,611,4,436.02,173.36
1893,Customer_1552,48,Aswan,2023-02-07,0,11903,2023-02-07,Same Day,109,Product_109,Clothing,340.31,155.04,4,0.2,549,1,1088.99,468.83
2473,Customer_1553,28,Mansoura,2023-07-20,0,10101,2023-07-20,Express,144,Product_144,Clothing,125.44,52.05,5,0.0,391,7,627.2,366.95
1310,Customer_1554,41,Alexandria,2023-04-13,0,11095,2023-04-13,Standard,126,Product_126,Clothing,685.43,443.79,3,0.0,450,5,2056.29,724.92
1738,Customer_1555,33,Alexandria,2023-01-28,0,11728,2023-01-28,Standard,115,Product_115,Sports,1219.62,606.91,2,0.0,704,3,2439.24,1225.42
2193,Customer_1556,32,Alexandria,2023-12-29,1,13905,2023-12-29,Standard,116,Product_116,Clothing,899.66,389.15,2,0.0,369,2,1799.32,1021.02
1545,Customer_1557,32,Aswan,2021-10-27,0,12670,2021-10-27,Standard,113,Product_113,Electronics,929.2,604.14,3,0.0,696,6,2787.6,975.18
1413,Customer_1558,58,Alexandria,2022-02-19,0,12852,2022-02-19,Express,125,Product_125,Home Appliances,340.85,214.3,1,0.0,948,7,340.85,126.55
1250,Customer_1559,40,Luxor,2023-08-05,0,12455,2023-08-05,Same Day,130,Product_130,Clothing,548.65,332.0,2,0.2,471,3,877.84,213.84
1758,Customer_1560,41,Cairo,2022-12-22,0,13418,2022-12-22,Express,107,Product_107,Clothing,1275.6,858.96,5,0.1,475,7,5740.2,1445.4
2164,Customer_1561,33,Aswan,2021-08-26,0,13923,2021-08-26,Standard,104,Product_104,Electronics,177.39,96.99,5,0.0,674,5,886.95,402.0
2297,Customer_1562,52,Luxor,2022-07-18,0,11390,2022-07-18,Same Day,143,Product_143,Sports,1294.0,567.31,1,0.0,887,3,1294.0,726.69
2439,Customer_1563,45,Giza,2022-11-01,1,10829,2022-11-01,Express,140,Product_140,Clothing,751.35,314.37,2,0.0,452,5,1502.7,873.96
2062,Customer_1564,35,Luxor,2023-05-24,0,12836,2023-05-24,Standard,138,Product_138,Electronics,1263.86,626.28,1,0.0,370,10,1263.86,637.58
1813,Customer_1565,16,Luxor,2022-05-31,0,10617,2022-05-31,Express,130,Product_130,Electronics,511.11,217.76,2,0.1,395,5,920.0,484.48
1028,Customer_1566,43,Giza,2020-07-22,0,12596,2020-07-22,Standard,110,Product_110,Sports,541.32,303.49,2,0.0,442,6,1082.64,475.66
1957,Customer_1567,48,Luxor,2023-12-08,0,10290,2023-12-08,Express,130,Product_130,Sports,1139.83,460.89,1,0.0,390,7,1139.83,678.94
1476,Customer_1568,25,Cairo,2020-08-22,0,12469,2020-08-22,Express,139,Product_139,Home Appliances,1188.24,633.49,4,0.0,609,4,4752.96,2219.0
1317,Customer_1569,35,Aswan,2023-09-02,0,10180,2023-09-02,Express,107,Product_107,Clothing,382.98,173.7,3,0.0,377,6,1148.94,627.84
1244,Customer_1570,41,Mansoura,2023-08-26,0,12702,2023-08-26,Standard,136,Product_136,Home Appliances,1460.66,745.64,3,0.1,338,5,3943.78,1706.86
1747,Customer_1571,16,Giza,2023-02-03,1,12161,2023-02-03,Same Day,135,Product_135,Electronics,172.51,103.94,3,0.0,685,4,517.53,205.71
1696,Customer_1572,30,Aswan,2024-01-16,1,11261,2024-01-16,Same Day,124,Product_124,Clothing,149.33,429.515,1,0.0,351,2,149.33,-280.18
1271,Customer_1573,45,Alexandria,2021-03-16,0,13165,2021-03-16,Standard,139,Product_139,Electronics,913.48,458.93,2,0.0,667,4,1826.96,909.1
2463,Customer_1574,56,Cairo,2022-05-30,1,10259,2022-05-30,Same Day,136,Product_136,Electronics,1097.97,765.53,2,0.0,728,4,2195.94,664.88
2262,Customer_1575,72,Mansoura,2022-07-13,1,13178,2022-07-13,Same Day,145,Product_145,Electronics,1443.28,888.55,5,0.0,892,5,7216.4,2773.65
1376,Customer_1576,69,Cairo,2021-12-04,1,12291,2021-12-04,Express,120,Product_120,Sports,637.17,353.09,2,0.0,672,2,1274.34,568.16
1265,Customer_1577,42,Cairo,2022-04-27,1,12470,2022-04-27,Express,149,Product_149,Sports,86.67,49.73,4,0.0,980,3,346.68,147.76
1925,Customer_1578,32,Alexandria,2021-11-25,1,10334,2021-11-25,Standard,132,Product_132,Clothing,924.2,541.63,3,0.0,1133,3,2772.6,1147.71
1920,Customer_1579,53,Mansoura,2022-07-17,0,11046,2022-07-17,Standard,139,Product_139,Electronics,470.06,191.49,4,0.0,547,7,1880.24,1114.28
2382,Customer_1580,31,Cairo,2022-03-27,1,11896,2022-03-27,Express,149,Product_149,Electronics,677.77,287.43,3,0.0,907,6,2033.31,1171.02
1339,Customer_1581,28,Alexandria,2022-01-05,0,10270,2022-01-05,Standard,126,Product_126,Clothing,758.28,450.99,1,0.0,976,2,758.28,307.29
1388,Customer_1582,35,Giza,2024-03-02,1,13211,2024-03-02,Standard,126,Product_126,Home Appliances,143.54,73.11,4,0.0,333,2,574.16,281.72
1576,Customer_1583,33,Alexandria,2020-07-13,1,13537,2020-07-13,Same Day,136,Product_136,Electronics,754.67,314.42,2,0.2,1555,2,1207.47,578.63
1002,Customer_1584,46,Luxor,2021-02-10,1,12501,2021-02-10,Standard,143,Product_143,Sports,668.16,326.9,3,0.0,687,4,2004.48,1023.78
2452,Customer_1585,30,Aswan,2022-05-24,1,11407,2022-05-24,Standard,135,Product_135,Home Appliances,1083.19,475.61,5,0.0,528,4,5415.95,3037.9
2165,Customer_1586,41,Alexandria,2021-10-02,1,12641,2021-10-02,Express,143,Product_143,Home Appliances,986.22,665.59,4,0.1,1187,1,3550.39,888.03
1375,Customer_1587,63,Alexandria,2023-09-24,0,11400,2023-09-24,Standard,135,Product_135,Home Appliances,318.56,146.82,1,0.0,465,3,318.56,171.74
1323,Customer_1588,41,Alexandria,2021-06-06,0,11009,2021-06-06,Express,112,Product_112,Home Appliances,348.9,154.6,5,0.05,386,4,1657.28,884.28
1145,Customer_1589,62,Cairo,2022-02-05,0,11461,2022-02-05,Standard,133,Product_133,Home Appliances,413.96,429.515,1,0.1,698,3,372.56,-56.95
1292,Customer_1590,58,Mansoura,2020-08-11,1,12903,2020-08-11,Same Day,136,Product_136,Home Appliances,309.48,172.25,3,0.0,1515,2,928.44,411.69
1431,Customer_1591,48,Alexandria,2023-11-07,1,13493,2023-11-07,Express,114,Product_114,Clothing,1002.96,574.48,4,0.2,421,4,3209.47,911.55
1704,Customer_1592,34,Alexandria,2022-08-29,0,13227,2022-08-29,Standard,133,Product_133,Clothing,1491.92,791.89,1,0.0,856,2,1491.92,700.03
1948,Customer_1593,55,Luxor,2020-05-17,1,13406,2020-05-17,Standard,146,Product_146,Home Appliances,995.56,429.515,5,0.0,673,2,4977.8,2830.23
1584,Customer_1594,36,Luxor,2020-07-05,0,13602,2020-07-05,Same Day,145,Product_145,Sports,929.69,429.515,5,0.05,594,2,4416.03,2268.46
1398,Customer_1595,39,Giza,2020-06-23,0,11604,2020-06-23,Standard,145,Product_145,Clothing,644.4,300.28,2,0.0,677,6,1288.8,688.24
1816,Customer_1596,44,Giza,2020-09-07,0,10131,2020-09-07,Same Day,124,Product_124,Clothing,503.24,261.16,1,0.0,550,6,503.24,242.08
2367,Customer_1597,41,Luxor,2022-06-03,1,12815,2022-06-03,Express,115,Product_115,Home Appliances,1371.06,942.39,4,0.1,825,7,4935.82,1166.26
1963,Customer_1598,29,Mansoura,2020-07-16,0,11744,2020-07-16,Express,131,Product_131,Sports,1455.05,664.95,4,0.2,772,4,4656.16,1996.36
2163,Customer_1599,17,Giza,2022-02-02,0,12548,2022-02-02,Standard,117,Product_117,Home Appliances,770.33,376.02,2,0.0,1064,2,1540.66,788.62
1186,Customer_1600,54,Aswan,2020-09-23,0,11545,2020-09-23,Express,112,Product_112,Sports,470.79,215.37,5,0.2,378,4,1883.16,806.31
1060,Customer_1601,48,Aswan,2023-02-13,0,13211,2023-02-13,Same Day,122,Product_122,Sports,1166.68,473.85,1,0.0,688,6,1166.68,692.83
1938,Customer_1602,14,Mansoura,2020-02-05,1,10134,2020-02-05,Same Day,123,Product_123,Electronics,242.06,116.42,5,0.0,1439,4,1210.3,628.2
2403,Customer_1603,28,Luxor,2023-04-16,0,10766,2023-04-16,Standard,126,Product_126,Clothing,1160.1,480.21,1,0.0,626,7,1160.1,679.89
1709,Customer_1604,42,Giza,2023-02-24,0,12859,2023-02-24,Same Day,114,Product_114,Home Appliances,1237.48,552.42,1,0.0,677,5,1237.48,685.06
1806,Customer_1605,46,Alexandria,2023-02-24,0,13478,2023-02-24,Same Day,112,Product_112,Clothing,231.11,117.59,1,0.0,632,4,231.11,113.52
2463,Customer_1606,17,Luxor,2021-06-11,1,10769,2021-06-11,Same Day,104,Product_104,Clothing,1466.45,595.7,5,0.0,728,4,7332.25,4353.75
2342,Customer_1607,38,Giza,2023-04-10,0,12141,2023-04-10,Standard,146,Product_146,Sports,1478.99,925.68,5,0.0,334,4,7394.95,2766.55
2325,Customer_1608,48,Mansoura,2020-07-09,0,11907,2020-07-09,Express,113,Product_113,Clothing,1408.24,899.41,5,0.0,603,5,7041.2,2544.15
2367,Customer_1609,34,Aswan,2022-04-21,1,11264,2022-04-21,Same Day,118,Product_118,Electronics,769.25,402.64,3,0.2,825,7,1846.2,638.28
1010,Customer_1610,43,Mansoura,2021-12-25,0,11772,2021-12-25,Express,143,Product_143,Home Appliances,406.81,282.9,5,0.0,437,4,2034.05,619.55
2085,Customer_1611,32,Giza,2023-09-24,0,10164,2023-09-24,Express,128,Product_128,Clothing,893.91,539.65,2,0.0,465,3,1787.82,708.52
1225,Customer_1612,53,Mansoura,2022-05-16,1,10324,2022-05-16,Standard,138,Product_138,Home Appliances,658.9,410.57,3,0.05,961,3,1877.86,646.15
2176,Customer_1613,28,Giza,2024-01-16,0,13731,2024-01-16,Standard,141,Product_141,Clothing,348.63,159.56,1,0.0,351,4,348.63,189.07
1563,Customer_1614,22,Giza,2020-04-15,1,13289,2020-04-15,Express,144,Product_144,Home Appliances,664.33,432.63,4,0.1,737,4,2391.59,661.07
1771,Customer_1615,40,Mansoura,2021-12-08,0,12987,2021-12-08,Standard,119,Product_119,Home Appliances,1012.64,692.15,3,0.0,623,4,3037.92,961.47
2333,Customer_1616,18,Cairo,2023-05-14,0,10619,2023-05-14,Express,146,Product_146,Home Appliances,152.82,71.96,3,0.0,339,3,458.46,242.58
1884,Customer_1617,8,Alexandria,2021-10-01,0,10230,2021-10-01,Same Day,147,Product_147,Clothing,533.46,323.24,1,0.0,531,2,533.46,210.22
2266,Customer_1618,56,Luxor,2021-12-21,1,12629,2021-12-21,Express,143,Product_143,Electronics,75.8,47.31,5,0.0,1107,3,379.0,142.45
2389,Customer_1619,25,Aswan,2020-07-31,0,12780,2020-07-31,Express,138,Product_138,Home Appliances,1136.77,558.78,5,0.0,694,3,5683.85,2889.95
2353,Customer_1620,19,Alexandria,2023-03-29,1,13657,2023-03-29,Same Day,146,Product_146,Sports,979.0,531.11,3,0.0,644,3,2937.0,1343.67
2130,Customer_1621,27,Luxor,2022-05-11,0,11202,2022-05-11,Standard,103,Product_103,Sports,140.87,60.47,5,0.1,349,4,633.92,331.57
1225,Customer_1622,27,Luxor,2021-03-11,1,13151,2021-03-11,Express,119,Product_119,Sports,1448.87,654.79,3,0.0,961,3,4346.61,2382.24
1824,Customer_1623,37,Aswan,2020-11-12,1,11377,2020-11-12,Standard,120,Product_120,Electronics,82.8,34.65,4,0.0,1125,5,331.2,192.6
1217,Customer_1624,23,Alexandria,2023-06-09,0,12718,2023-06-09,Same Day,125,Product_125,Home Appliances,905.44,514.33,4,0.05,483,5,3440.67,1383.35
1936,Customer_1625,47,Aswan,2022-09-14,0,11891,2022-09-14,Express,111,Product_111,Electronics,1175.73,690.83,1,0.0,840,3,1175.73,484.9
1752,Customer_1626,49,Giza,2021-04-04,1,13752,2021-04-04,Express,117,Product_117,Home Appliances,1192.45,804.71,2,0.05,482,4,2265.66,656.24
1505,Customer_1627,20,Aswan,2020-08-09,1,13897,2020-08-09,Express,149,Product_149,Electronics,99.71,56.1,2,0.0,1606,1,199.42,87.22
1258,Customer_1628,30,Mansoura,2021-12-18,0,13972,2021-12-18,Express,135,Product_135,Home Appliances,1364.3,429.515,5,0.0,536,3,6821.5,4673.92
1053,Customer_1629,32,Cairo,2023-02-13,0,13232,2023-02-13,Standard,114,Product_114,Sports,1381.75,577.35,2,0.0,535,5,2763.5,1608.8
2070,Customer_1630,41,Cairo,2022-01-22,0,13498,2022-01-22,Standard,139,Product_139,Home Appliances,864.02,574.99,4,0.0,367,6,3456.08,1156.12
1726,Customer_1631,56,Cairo,2020-08-23,0,10402,2020-08-23,Same Day,119,Product_119,Electronics,749.02,407.21,1,0.0,417,7,749.02,341.81
1688,Customer_1632,57,Alexandria,2021-07-24,0,13103,2021-07-24,Standard,103,Product_103,Home Appliances,115.06,71.47,4,0.2,456,3,368.19,82.31
2122,Customer_1633,77,Alexandria,2023-03-21,0,12168,2023-03-21,Express,134,Product_134,Clothing,864.83,349.73,3,0.0,541,9,2594.49,1545.3
2043,Customer_1634,5,Giza,2021-08-04,0,12774,2021-08-04,Same Day,149,Product_149,Home Appliances,643.6,351.69,5,0.0,750,6,3218.0,1459.55
1418,Customer_1635,26,Cairo,2022-05-28,0,13586,2022-05-28,Express,141,Product_141,Sports,1170.57,582.61,5,0.0,485,4,5852.85,2939.8
1689,Customer_1636,67,Giza,2023-02-22,0,10384,2023-02-22,Express,122,Product_122,Home Appliances,635.63,260.04,2,0.0,679,7,1271.26,751.18
1849,Customer_1637,12,Cairo,2023-06-27,0,11763,2023-06-27,Same Day,138,Product_138,Clothing,1041.19,658.76,3,0.0,554,3,3123.57,1147.29
1061,Customer_1638,66,Alexandria,2023-06-10,0,11448,2023-06-10,Express,127,Product_127,Clothing,197.04,109.13,2,0.0,331,3,394.08,175.82
2168,Customer_1639,42,Mansoura,2023-10-14,0,12523,2023-10-14,Express,121,Product_121,Clothing,242.78,429.515,2,0.0,445,5,485.56,-373.47
1215,Customer_1640,42,Mansoura,2023-08-09,0,12607,2023-08-09,Same Day,141,Product_141,Electronics,252.58,162.09,2,0.0,511,5,505.16,180.98
1002,Customer_1641,20,Mansoura,2023-02-14,1,11190,2023-02-14,Standard,131,Product_131,Clothing,116.01,61.96,3,0.1,687,4,313.23,127.35
1159,Customer_1642,33,Aswan,2020-02-23,0,10388,2020-02-23,Same Day,127,Product_127,Electronics,834.93,334.85,2,0.0,546,6,1669.86,1000.16
1780,Customer_1643,66,Mansoura,2023-01-06,0,13404,2023-01-06,Same Day,137,Product_137,Clothing,1201.25,820.86,5,0.0,438,6,6006.25,1901.95
2143,Customer_1644,39,Luxor,2023-09-09,0,11546,2023-09-09,Same Day,102,Product_102,Electronics,935.1,445.77,2,0.1,370,7,1683.18,791.64
1892,Customer_1645,33,Cairo,2023-11-21,0,11773,2023-11-21,Standard,147,Product_147,Clothing,883.68,573.66,3,0.2,407,4,2120.83,399.85
2112,Customer_1646,46,Mansoura,2021-07-01,0,10789,2021-07-01,Same Day,109,Product_109,Clothing,1036.9,668.72,3,0.0,721,4,3110.7,1104.54
1328,Customer_1647,37,Luxor,2020-02-29,0,12800,2020-02-29,Standard,119,Product_119,Home Appliances,542.49,243.42,4,0.1,732,4,1952.96,979.28
1579,Customer_1648,45,Luxor,2021-01-04,1,11494,2021-01-04,Express,142,Product_142,Clothing,574.83,311.67,2,0.0,1205,2,1149.66,526.32
2380,Customer_1649,27,Luxor,2021-07-13,1,12751,2021-07-13,Same Day,136,Product_136,Home Appliances,505.69,208.37,3,0.0,1268,3,1517.07,891.96
2290,Customer_1650,38,Giza,2023-12-10,0,11547,2023-12-10,Express,110,Product_110,Clothing,1082.56,548.17,2,0.1,388,2,1948.61,852.27
1951,Customer_1651,30,Giza,2021-09-24,0,12100,2021-09-24,Express,140,Product_140,Clothing,284.38,176.11,1,0.2,702,5,227.5,51.39
2346,Customer_1652,12,Luxor,2021-11-26,0,12614,2021-11-26,Standard,145,Product_145,Home Appliances,68.89,32.46,5,0.0,361,5,344.45,182.15
1634,Customer_1653,47,Aswan,2021-12-19,0,10820,2021-12-19,Express,139,Product_139,Home Appliances,914.48,397.93,5,0.0,749,3,4572.4,2582.75
1987,Customer_1654,21,Mansoura,2020-01-13,0,11044,2020-01-13,Express,107,Product_107,Electronics,1416.45,429.515,2,0.0,558,6,2832.9,1973.87
2218,Customer_1655,37,Cairo,2021-06-01,0,11042,2021-06-01,Same Day,104,Product_104,Sports,933.64,429.515,5,0.0,505,4,4668.2,2520.62
1920,Customer_1656,53,Aswan,2020-10-20,0,11879,2020-10-20,Express,115,Product_115,Home Appliances,1185.24,714.4,5,0.05,547,7,5629.89,2057.89
1737,Customer_1657,17,Alexandria,2023-05-03,0,10861,2023-05-03,Same Day,112,Product_112,Electronics,1025.55,643.78,1,0.0,485,4,1025.55,381.77
2355,Customer_1658,49,Giza,2023-08-09,0,11479,2023-08-09,Express,148,Product_148,Clothing,771.28,469.51,5,0.0,481,4,3856.4,1508.85
1169,Customer_1659,35,Mansoura,2022-03-31,0,12369,2022-03-31,Standard,106,Product_106,Home Appliances,1091.67,713.54,5,0.0,767,5,5458.35,1890.65
1520,Customer_1660,25,Mansoura,2020-05-22,0,12874,2020-05-22,Express,109,Product_109,Home Appliances,1244.95,581.23,3,0.1,365,6,3361.36,1617.67
2486,Customer_1661,70,Alexandria,2020-10-17,0,12480,2020-10-17,Standard,135,Product_135,Clothing,375.86,214.59,5,0.0,345,4,1879.3,806.35
1039,Customer_1662,39,Alexandria,2023-07-20,0,13130,2023-07-20,Same Day,108,Product_108,Clothing,537.39,273.01,2,0.0,531,5,1074.78,528.76
2284,Customer_1663,31,Mansoura,2020-03-03,0,13222,2020-03-03,Same Day,107,Product_107,Clothing,374.4,257.82,5,0.2,490,4,1497.6,208.5
2418,Customer_1664,28,Alexandria,2020-06-07,1,11794,2020-06-07,Express,104,Product_104,Clothing,705.65,375.46,2,0.0,1339,3,1411.3,660.38
1954,Customer_1665,53,Mansoura,2022-12-22,0,11463,2022-12-22,Express,113,Product_113,Sports,1333.34,917.22,5,0.1,741,5,6000.03,1413.93
2249,Customer_1666,30,Aswan,2021-03-16,0,11907,2021-03-16,Same Day,119,Product_119,Home Appliances,550.55,347.24,2,0.0,328,6,1101.1,406.62
1983,Customer_1667,51,Alexandria,2022-09-02,0,12105,2022-09-02,Same Day,107,Product_107,Clothing,592.98,365.0,5,0.0,355,5,2964.9,1139.9
2147,Customer_1668,39,Aswan,2022-05-09,0,13065,2022-05-09,Same Day,110,Product_110,Clothing,1297.53,710.36,2,0.0,654,6,2595.06,1174.34
1974,Customer_1669,56,Aswan,2022-07-18,0,13799,2022-07-18,Standard,125,Product_125,Sports,797.29,424.97,5,0.0,898,3,3986.45,1861.6
1037,Customer_1670,24,Alexandria,2021-11-29,0,13645,2021-11-29,Express,144,Product_144,Home Appliances,826.4,461.1,1,0.0,450,3,826.4,365.3
1327,Customer_1671,26,Mansoura,2020-11-18,0,13729,2020-11-18,Same Day,135,Product_135,Electronics,1298.16,633.62,3,0.0,959,3,3894.48,1993.62
2274,Customer_1672,35,Luxor,2022-01-27,0,13965,2022-01-27,Same Day,125,Product_125,Home Appliances,761.26,511.07,3,0.0,467,5,2283.78,750.57
2199,Customer_1673,37,Mansoura,2021-09-30,0,10750,2021-09-30,Express,129,Product_129,Electronics,1038.26,662.72,3,0.0,726,3,3114.78,1126.62
1913,Customer_1674,34,Cairo,2024-01-17,0,11316,2024-01-17,Express,112,Product_112,Sports,174.18,111.55,3,0.0,350,4,522.54,187.89
1453,Customer_1675,79,Alexandria,2021-10-26,0,10181,2021-10-26,Standard,147,Product_147,Clothing,309.02,163.76,1,0.0,622,4,309.02,145.26
1036,Customer_1676,70,Giza,2023-08-03,1,11904,2023-08-03,Same Day,140,Product_140,Sports,636.35,268.11,1,0.0,567,3,636.35,368.24
2339,Customer_1677,44,Alexandria,2023-05-06,0,12654,2023-05-06,Express,112,Product_112,Home Appliances,767.52,464.29,5,0.0,606,3,3837.6,1516.15
1972,Customer_1678,46,Cairo,2020-06-22,1,13149,2020-06-22,Standard,106,Product_106,Clothing,1450.31,743.03,1,0.0,1335,5,1450.31,707.28
1795,Customer_1679,36,Aswan,2020-04-17,1,10960,2020-04-17,Same Day,110,Product_110,Home Appliances,1457.44,963.56,3,0.0,1462,3,4372.32,1481.64
1972,Customer_1680,24,Giza,2020-11-14,1,13725,2020-11-14,Standard,102,Product_102,Electronics,1284.24,814.34,4,0.0,1335,5,5136.96,1879.6
1592,Customer_1681,37,Giza,2020-11-18,0,10104,2020-11-18,Express,145,Product_145,Home Appliances,507.62,429.515,5,0.0,569,6,2538.1,390.53
2137,Customer_1682,51,Mansoura,2023-06-19,0,11284,2023-06-19,Standard,125,Product_125,Sports,1447.84,840.49,2,0.0,386,2,2895.68,1214.7
2063,Customer_1683,59,Luxor,2020-11-04,0,12654,2020-11-04,Same Day,107,Product_107,Sports,1049.54,637.77,3,0.0,584,4,3148.62,1235.31
2324,Customer_1684,54,Mansoura,2023-10-12,0,13294,2023-10-12,Express,140,Product_140,Sports,619.76,353.54,3,0.05,354,7,1766.32,705.7
1223,Customer_1685,17,Giza,2020-06-16,1,10989,2020-06-16,Same Day,123,Product_123,Clothing,1067.43,591.58,3,0.0,1660,2,3202.29,1427.55
1317,Customer_1686,35,Giza,2021-11-07,0,10483,2021-11-07,Standard,148,Product_148,Home Appliances,73.96,34.64,1,0.0,377,6,73.96,39.32
1348,Customer_1687,17,Luxor,2022-06-26,1,11725,2022-06-26,Standard,111,Product_111,Clothing,261.92,429.515,2,0.0,906,3,523.84,-335.19
1114,Customer_1688,41,Alexandria,2023-09-17,0,12176,2023-09-17,Standard,136,Product_136,Home Appliances,1253.04,789.92,5,0.2,467,3,5012.16,1062.56
1697,Customer_1689,33,Luxor,2022-05-18,0,12366,2022-05-18,Express,149,Product_149,Electronics,986.08,399.96,3,0.0,393,5,2958.24,1758.36
2346,Customer_1690,39,Aswan,2022-09-21,0,10706,2022-09-21,Standard,148,Product_148,Home Appliances,578.08,366.31,2,0.0,361,5,1156.16,423.54
2063,Customer_1691,47,Mansoura,2023-05-28,0,12556,2023-05-28,Express,123,Product_123,Home Appliances,775.97,429.515,4,0.2,584,4,2483.1,765.04
1039,Customer_1692,81,Alexandria,2022-06-24,0,10019,2022-06-24,Standard,143,Product_143,Home Appliances,1362.46,927.65,1,0.0,531,5,1362.46,434.81
2312,Customer_1693,44,Mansoura,2022-04-28,0,13882,2022-04-28,Standard,107,Product_107,Home Appliances,965.79,675.28,3,0.0,622,7,2897.37,871.53
2285,Customer_1694,36,Luxor,2021-07-13,1,10751,2021-07-13,Express,127,Product_127,Electronics,627.32,375.79,2,0.0,494,2,1254.64,503.06
1215,Customer_1695,21,Alexandria,2021-03-17,0,10234,2021-03-17,Express,113,Product_113,Clothing,224.47,117.55,2,0.0,511,5,448.94,213.84
2170,Customer_1696,61,Luxor,2022-11-15,0,11620,2022-11-15,Express,117,Product_117,Sports,475.93,258.2,3,0.0,778,4,1427.79,653.19
1335,Customer_1697,37,Aswan,2020-08-21,0,10605,2020-08-21,Same Day,132,Product_132,Home Appliances,1468.59,677.41,2,0.0,516,6,2937.18,1582.36
2191,Customer_1698,64,Cairo,2021-12-07,0,10553,2021-12-07,Standard,126,Product_126,Sports,684.18,294.04,2,0.05,402,6,1299.94,711.86
1091,Customer_1699,56,Giza,2022-05-30,0,11899,2022-05-30,Same Day,122,Product_122,Sports,734.17,421.14,5,0.0,551,6,3670.85,1565.15
1352,Customer_1700,33,Alexandria,2020-08-15,1,13421,2020-08-15,Standard,113,Product_113,Sports,772.97,495.98,1,0.1,447,4,695.67,199.69
1570,Customer_1701,19,Giza,2021-03-08,0,12500,2021-03-08,Standard,112,Product_112,Sports,1331.95,637.38,5,0.05,803,3,6326.76,3139.86
1815,Customer_1702,44,Cairo,2023-10-20,1,10585,2023-10-20,Standard,107,Product_107,Home Appliances,925.7,486.82,1,0.0,439,6,925.7,438.88
1780,Customer_1703,30,Alexandria,2023-10-21,0,10983,2023-10-21,Standard,101,Product_101,Sports,1055.83,598.06,1,0.0,438,6,1055.83,457.77
1362,Customer_1704,40,Giza,2023-04-29,1,13948,2023-04-29,Same Day,133,Product_133,Home Appliances,614.65,429.515,5,0.0,399,7,3073.25,925.68
1556,Customer_1705,55,Giza,2022-09-23,0,13580,2022-09-23,Standard,114,Product_114,Electronics,92.18,40.71,3,0.0,354,5,276.54,154.41
2368,Customer_1706,15,Alexandria,2022-12-15,0,11650,2022-12-15,Same Day,147,Product_147,Clothing,1399.91,659.45,2,0.0,748,4,2799.82,1480.92
2193,Customer_1707,43,Giza,2023-09-28,1,10422,2023-09-28,Express,143,Product_143,Clothing,1426.24,963.51,4,0.0,369,2,5704.96,1850.92
1355,Customer_1708,51,Giza,2021-09-23,0,13261,2021-09-23,Same Day,141,Product_141,Home Appliances,1426.27,587.42,5,0.05,722,5,6774.78,3837.68
1190,Customer_1709,52,Alexandria,2020-04-03,0,13196,2020-04-03,Standard,117,Product_117,Home Appliances,1418.35,846.52,5,0.0,670,3,7091.75,2859.15
1421,Customer_1710,19,Giza,2021-03-27,0,12053,2021-03-27,Same Day,104,Product_104,Clothing,1232.1,729.23,3,0.0,352,4,3696.3,1508.61
1699,Customer_1711,46,Giza,2022-03-20,0,10457,2022-03-20,Same Day,139,Product_139,Sports,1042.66,536.95,2,0.1,433,9,1876.79,802.89
1006,Customer_1712,58,Mansoura,2023-05-12,1,11914,2023-05-12,Express,101,Product_101,Home Appliances,1274.54,688.82,5,0.0,586,4,6372.7,2928.6
1132,Customer_1713,45,Aswan,2020-04-22,0,12601,2020-04-22,Express,141,Product_141,Sports,920.79,604.48,4,0.0,730,3,3683.16,1265.24
1556,Customer_1714,38,Mansoura,2020-01-16,0,13641,2020-01-16,Express,145,Product_145,Home Appliances,244.84,110.05,2,0.0,354,5,489.68,269.58
1825,Customer_1715,57,Cairo,2021-02-22,1,12569,2021-02-22,Standard,124,Product_124,Home Appliances,617.27,289.79,5,0.0,1185,3,3086.35,1637.4
1760,Customer_1716,29,Mansoura,2021-09-09,0,13160,2021-09-09,Same Day,134,Product_134,Electronics,1458.38,807.51,5,0.0,633,6,7291.9,3254.35
2054,Customer_1717,41,Mansoura,2021-03-08,1,10845,2021-03-08,Same Day,134,Product_134,Electronics,559.15,292.39,1,0.2,1160,2,447.32,154.93
1534,Customer_1718,36,Cairo,2020-10-08,1,13182,2020-10-08,Express,124,Product_124,Clothing,1308.35,748.78,1,0.0,1546,1,1308.35,559.57
1425,Customer_1719,48,Giza,2021-06-07,1,10550,2021-06-07,Standard,115,Product_115,Electronics,185.16,125.21,5,0.0,1304,1,925.8,299.75
2417,Customer_1720,55,Giza,2021-08-15,0,11420,2021-08-15,Standard,117,Product_117,Electronics,534.57,360.9,3,0.0,1003,4,1603.71,521.01
1671,Customer_1721,47,Mansoura,2021-11-02,0,11994,2021-11-02,Standard,113,Product_113,Clothing,558.88,262.12,1,0.0,716,8,558.88,296.76
1362,Customer_1722,52,Cairo,2020-09-02,1,13750,2020-09-02,Express,107,Product_107,Sports,124.82,61.24,5,0.0,399,7,624.1,317.9
2460,Customer_1723,55,Giza,2020-01-16,0,12058,2020-01-16,Standard,109,Product_109,Electronics,222.69,99.9,2,0.0,949,6,445.38,245.58
1081,Customer_1724,34,Luxor,2022-10-15,1,11645,2022-10-15,Standard,144,Product_144,Sports,330.09,223.91,4,0.0,809,4,1320.36,424.72
1355,Customer_1725,37,Alexandria,2022-05-31,0,10496,2022-05-31,Standard,135,Product_135,Clothing,1264.83,656.9,1,0.0,722,5,1264.83,607.93
2281,Customer_1726,59,Alexandria,2020-12-25,1,13087,2020-12-25,Express,123,Product_123,Home Appliances,141.93,75.92,5,0.0,1468,2,709.65,330.05
1588,Customer_1727,21,Aswan,2020-09-21,0,13104,2020-09-21,Express,147,Product_147,Sports,483.12,309.58,1,0.2,397,5,386.5,76.92
1294,Customer_1728,46,Alexandria,2022-02-17,0,12792,2022-02-17,Same Day,139,Product_139,Clothing,64.75,429.515,2,0.0,511,5,129.5,-729.53
2247,Customer_1729,29,Mansoura,2022-12-26,0,12536,2022-12-26,Same Day,123,Product_123,Sports,1058.66,461.5,3,0.0,516,3,3175.98,1791.48
2069,Customer_1730,56,Alexandria,2023-12-12,0,13259,2023-12-12,Same Day,126,Product_126,Clothing,949.44,504.49,5,0.0,386,4,4747.2,2224.75
2136,Customer_1731,39,Alexandria,2021-04-16,0,12783,2021-04-16,Express,101,Product_101,Clothing,985.22,580.45,2,0.0,428,7,1970.44,809.54
2256,Customer_1732,40,Luxor,2022-10-21,0,13642,2022-10-21,Same Day,114,Product_114,Home Appliances,592.86,365.06,4,0.05,329,8,2252.87,792.63
1016,Customer_1733,65,Giza,2023-02-18,1,12505,2023-02-18,Standard,132,Product_132,Sports,351.99,208.94,5,0.0,683,6,1759.95,715.25
1359,Customer_1734,23,Luxor,2023-09-30,0,13122,2023-09-30,Express,148,Product_148,Home Appliances,1094.46,476.92,4,0.2,459,4,3502.27,1594.59
2246,Customer_1735,43,Mansoura,2021-12-26,0,13342,2021-12-26,Express,110,Product_110,Home Appliances,1226.12,602.4,3,0.05,492,8,3494.44,1687.24
1865,Customer_1736,37,Alexandria,2020-05-27,1,12511,2020-05-27,Same Day,101,Product_101,Sports,250.97,429.515,5,0.0,907,4,1254.85,-892.72
1699,Customer_1737,47,Giza,2022-03-24,0,12090,2022-03-24,Standard,105,Product_105,Sports,755.9,501.96,5,0.1,433,9,3401.55,891.75
1447,Customer_1738,68,Aswan,2020-03-27,1,10538,2020-03-27,Standard,103,Product_103,Clothing,410.64,170.07,2,0.05,1024,2,780.22,440.08
1855,Customer_1739,30,Aswan,2022-06-12,0,10567,2022-06-12,Express,149,Product_149,Sports,293.75,121.22,1,0.0,805,5,293.75,172.53
1364,Customer_1740,22,Alexandria,2020-02-08,0,10120,2020-02-08,Express,127,Product_127,Clothing,1114.77,661.08,5,0.0,1042,6,5573.85,2268.45
1674,Customer_1741,27,Alexandria,2022-07-30,1,12672,2022-07-30,Same Day,122,Product_122,Clothing,830.24,468.6,3,0.0,801,2,2490.72,1084.92
2007,Customer_1742,36,Aswan,2020-08-06,0,10315,2020-08-06,Standard,118,Product_118,Clothing,363.47,162.33,5,0.0,580,5,1817.35,1005.7
2349,Customer_1743,40,Aswan,2021-03-10,1,13069,2021-03-10,Express,116,Product_116,Clothing,499.5,281.96,5,0.0,535,5,2497.5,1087.7
1466,Customer_1744,41,Mansoura,2023-03-25,0,11138,2023-03-25,Standard,102,Product_102,Clothing,1451.65,1005.04,5,0.0,442,4,7258.25,2233.05
1413,Customer_1745,67,Alexandria,2022-05-29,0,10620,2022-05-29,Express,147,Product_147,Clothing,1280.59,754.61,5,0.0,948,7,6402.95,2629.9
2478,Customer_1746,64,Aswan,2023-03-20,0,10453,2023-03-20,Same Day,113,Product_113,Sports,1325.92,709.03,3,0.0,653,5,3977.76,1850.67
1585,Customer_1747,59,Cairo,2022-08-04,1,12734,2022-08-04,Express,145,Product_145,Sports,717.02,464.82,2,0.2,999,2,1147.23,217.59
2256,Customer_1748,77,Aswan,2023-12-24,0,12671,2023-12-24,Express,116,Product_116,Electronics,954.52,429.515,1,0.0,329,8,954.52,525.0
2247,Customer_1749,52,Giza,2023-04-08,0,10611,2023-04-08,Express,108,Product_108,Sports,596.31,312.64,3,0.0,516,3,1788.93,851.01
1993,Customer_1750,56,Giza,2022-05-05,0,11543,2022-05-05,Same Day,143,Product_143,Home Appliances,162.68,90.83,3,0.0,510,4,488.04,215.55
2435,Customer_1751,52,Cairo,2021-08-15,0,10958,2021-08-15,Same Day,108,Product_108,Electronics,631.55,348.21,4,0.0,709,3,2526.2,1133.36
1571,Customer_1752,49,Mansoura,2020-08-23,0,12008,2020-08-23,Same Day,110,Product_110,Sports,911.27,616.28,1,0.2,653,2,729.02,112.74
1334,Customer_1753,45,Alexandria,2022-09-04,0,10646,2022-09-04,Express,133,Product_133,Home Appliances,466.36,227.49,2,0.0,853,4,932.72,477.74
2245,Customer_1754,34,Alexandria,2020-02-12,1,10762,2020-02-12,Express,131,Product_131,Sports,1279.53,533.5,2,0.05,576,4,2431.11,1364.11
1036,Customer_1755,21,Aswan,2021-10-27,1,11360,2021-10-27,Standard,112,Product_112,Clothing,269.1,181.62,4,0.0,567,3,1076.4,349.92
1988,Customer_1756,38,Giza,2020-12-17,1,10239,2020-12-17,Same Day,109,Product_109,Electronics,582.34,270.86,4,0.1,612,3,2096.42,1012.98
1277,Customer_1757,48,Mansoura,2023-06-19,0,12781,2023-06-19,Same Day,137,Product_137,Clothing,231.11,118.72,3,0.1,562,3,624.0,267.84
2219,Customer_1758,41,Mansoura,2022-07-31,0,11409,2022-07-31,Express,109,Product_109,Electronics,637.01,356.26,2,0.2,528,5,1019.22,306.7
1915,Customer_1759,24,Mansoura,2023-11-13,0,11168,2023-11-13,Same Day,148,Product_148,Electronics,107.51,74.48,2,0.0,415,2,215.02,66.06
1483,Customer_1760,37,Aswan,2022-11-01,1,12424,2022-11-01,Standard,118,Product_118,Clothing,445.2,249.57,2,0.0,938,2,890.4,391.26
2265,Customer_1761,36,Alexandria,2020-06-29,1,12051,2020-06-29,Same Day,130,Product_130,Electronics,631.07,337.2,3,0.0,365,3,1893.21,881.61
2347,Customer_1762,39,Mansoura,2022-06-13,0,12841,2022-06-13,Same Day,132,Product_132,Electronics,743.34,429.515,2,0.0,502,5,1486.68,627.65
1730,Customer_1763,47,Aswan,2020-04-08,1,12893,2020-04-08,Same Day,140,Product_140,Sports,838.36,579.51,5,0.0,678,2,4191.8,1294.25
1191,Customer_1764,50,Aswan,2021-05-13,0,13399,2021-05-13,Standard,123,Product_123,Home Appliances,448.74,289.61,4,0.0,692,4,1794.96,636.52
2040,Customer_1765,32,Cairo,2022-11-06,1,10196,2022-11-06,Standard,111,Product_111,Clothing,808.41,364.34,4,0.05,935,5,3071.96,1614.6
1523,Customer_1766,54,Luxor,2023-04-21,0,12436,2023-04-21,Same Day,120,Product_120,Sports,788.06,505.13,4,0.0,621,3,3152.24,1131.72
1917,Customer_1767,56,Mansoura,2022-03-31,0,13711,2022-03-31,Standard,119,Product_119,Sports,508.46,331.68,4,0.1,1007,4,1830.46,503.74
1400,Customer_1768,44,Luxor,2022-09-12,0,10260,2022-09-12,Express,136,Product_136,Clothing,1253.79,761.31,5,0.0,438,9,6268.95,2462.4
1885,Customer_1769,49,Alexandria,2020-06-10,1,12650,2020-06-10,Same Day,126,Product_126,Electronics,841.18,502.33,1,0.0,356,4,841.18,338.85
1704,Customer_1770,54,Aswan,2022-03-21,0,13908,2022-03-21,Standard,110,Product_110,Clothing,531.79,283.05,2,0.0,856,2,1063.58,497.48
1021,Customer_1771,23,Mansoura,2021-09-27,0,11794,2021-09-27,Standard,124,Product_124,Home Appliances,1423.64,843.52,4,0.0,908,6,5694.56,2320.48
1473,Customer_1772,55,Giza,2021-11-26,1,11957,2021-11-26,Standard,113,Product_113,Home Appliances,1275.41,792.38,2,0.0,1111,3,2550.82,966.06
2143,Customer_1773,28,Alexandria,2021-03-29,0,10093,2021-03-29,Express,146,Product_146,Clothing,1474.75,644.24,2,0.1,370,7,2654.55,1366.07
1209,Customer_1774,29,Cairo,2021-11-13,0,11280,2021-11-13,Standard,134,Product_134,Sports,1053.74,502.84,5,0.0,649,5,5268.7,2754.5
1305,Customer_1775,42,Cairo,2020-12-10,1,10135,2020-12-10,Express,129,Product_129,Clothing,598.42,274.21,2,0.1,1043,2,1077.16,528.74
2293,Customer_1776,7,Luxor,2020-06-05,1,12572,2020-06-05,Express,136,Product_136,Home Appliances,457.25,298.29,4,0.1,1525,2,1646.1,452.94
1703,Customer_1777,42,Aswan,2022-11-11,0,12003,2022-11-11,Standard,107,Product_107,Clothing,1011.81,611.13,2,0.0,681,6,2023.62,801.36
1686,Customer_1778,54,Luxor,2023-07-20,0,13781,2023-07-20,Express,130,Product_130,Electronics,1472.18,787.96,5,0.2,531,4,5888.72,1948.92
1284,Customer_1779,15,Giza,2020-08-21,0,12545,2020-08-21,Standard,117,Product_117,Clothing,958.74,621.09,4,0.1,647,4,3451.46,967.1
1715,Customer_1780,56,Giza,2022-12-22,0,11201,2022-12-22,Standard,148,Product_148,Sports,1328.34,816.97,5,0.2,518,5,5313.36,1228.51
1762,Customer_1781,29,Cairo,2022-11-10,1,12159,2022-11-10,Standard,113,Product_113,Electronics,527.2,355.37,3,0.1,783,7,1423.44,357.33
2250,Customer_1782,43,Mansoura,2021-01-02,0,11287,2021-01-02,Same Day,124,Product_124,Home Appliances,640.08,270.78,1,0.1,625,5,576.07,305.29
1947,Customer_1783,31,Cairo,2021-12-16,1,13485,2021-12-16,Express,131,Product_131,Clothing,1364.1,754.0,2,0.0,450,4,2728.2,1220.2
1380,Customer_1784,48,Cairo,2021-12-20,1,10368,2021-12-20,Express,127,Product_127,Sports,1147.46,702.27,2,0.0,383,4,2294.92,890.38
1459,Customer_1785,55,Giza,2024-01-29,0,10935,2024-01-29,Standard,121,Product_121,Sports,1473.04,680.91,2,0.2,338,6,2356.86,995.04
2030,Customer_1786,49,Luxor,2023-08-14,0,13662,2023-08-14,Express,144,Product_144,Home Appliances,1173.41,584.52,3,0.05,441,5,3344.22,1590.66
1028,Customer_1787,39,Giza,2020-10-29,0,13449,2020-10-29,Standard,101,Product_101,Clothing,700.35,368.17,1,0.0,442,6,700.35,332.18
1906,Customer_1788,32,Aswan,2021-04-28,0,10767,2021-04-28,Express,115,Product_115,Sports,820.05,523.44,5,0.0,479,2,4100.25,1483.05
2056,Customer_1789,38,Giza,2020-07-29,0,12633,2020-07-29,Express,103,Product_103,Electronics,1355.75,743.05,3,0.0,1028,4,4067.25,1838.1
1878,Customer_1790,49,Giza,2020-10-26,1,13454,2020-10-26,Standard,106,Product_106,Clothing,849.89,465.62,3,0.0,881,3,2549.67,1152.81
1078,Customer_1791,50,Cairo,2021-06-08,1,10672,2021-06-08,Standard,114,Product_114,Home Appliances,420.33,222.47,4,0.0,1187,3,1681.32,791.44
1946,Customer_1792,48,Mansoura,2021-08-02,0,10510,2021-08-02,Standard,138,Product_138,Electronics,681.65,319.41,3,0.0,380,9,2044.95,1086.72
1458,Customer_1793,20,Cairo,2020-12-21,1,10712,2020-12-21,Express,133,Product_133,Clothing,798.66,540.63,3,0.05,415,5,2276.18,654.29
1569,Customer_1794,39,Alexandria,2023-05-18,0,13952,2023-05-18,Same Day,138,Product_138,Sports,190.24,94.23,2,0.0,594,4,380.48,192.02
2453,Customer_1795,30,Giza,2020-11-09,1,10819,2020-11-09,Same Day,108,Product_108,Home Appliances,1128.46,643.49,4,0.0,1032,2,4513.84,1939.88
1737,Customer_1796,49,Giza,2023-09-04,0,12424,2023-09-04,Express,126,Product_126,Home Appliances,208.56,92.73,5,0.05,485,4,990.66,527.01
2308,Customer_1797,28,Alexandria,2020-06-03,1,10544,2020-06-03,Express,115,Product_115,Clothing,637.13,337.85,1,0.05,456,4,605.27,267.42
1515,Customer_1798,46,Giza,2020-12-28,0,12120,2020-12-28,Standard,114,Product_114,Home Appliances,1216.7,816.58,5,0.0,514,7,6083.5,2000.6
2122,Customer_1799,35,Giza,2023-10-07,0,13021,2023-10-07,Standard,148,Product_148,Electronics,727.98,508.6,4,0.0,541,9,2911.92,877.52
1396,Customer_1800,11,Aswan,2022-08-10,0,10503,2022-08-10,Standard,120,Product_120,Clothing,1270.92,646.3,2,0.0,384,7,2541.84,1249.24
1038,Customer_1801,53,Giza,2022-08-08,0,13423,2022-08-08,Express,148,Product_148,Electronics,545.73,243.5,1,0.05,461,5,518.44,274.94
2294,Customer_1802,39,Alexandria,2023-02-28,0,10804,2023-02-28,Standard,119,Product_119,Home Appliances,1438.57,711.14,5,0.0,673,5,7192.85,3637.15
1886,Customer_1803,59,Cairo,2023-04-01,1,10709,2023-04-01,Standard,133,Product_133,Home Appliances,353.73,176.22,1,0.0,641,4,353.73,177.51
1796,Customer_1804,15,Giza,2022-08-07,0,12372,2022-08-07,Express,136,Product_136,Home Appliances,105.48,62.59,1,0.1,788,5,94.93,32.34
1156,Customer_1805,41,Mansoura,2023-10-26,0,10387,2023-10-26,Same Day,124,Product_124,Electronics,1315.02,721.74,1,0.2,433,3,1052.02,330.28
2098,Customer_1806,36,Alexandria,2023-03-02,0,12875,2023-03-02,Standard,110,Product_110,Home Appliances,1140.69,719.25,3,0.0,469,6,3422.07,1264.32
1883,Customer_1807,44,Luxor,2023-09-08,0,10239,2023-09-08,Same Day,134,Product_134,Clothing,386.38,235.84,4,0.0,348,5,1545.52,602.16
2153,Customer_1808,20,Aswan,2023-07-25,0,13023,2023-07-25,Standard,136,Product_136,Sports,1477.88,702.57,4,0.0,367,5,5911.52,3101.24
1973,Customer_1809,48,Alexandria,2023-07-03,0,11097,2023-07-03,Standard,147,Product_147,Clothing,778.31,494.44,2,0.0,548,6,1556.62,567.74
2107,Customer_1810,68,Cairo,2021-10-23,0,12078,2021-10-23,Standard,136,Product_136,Sports,1429.04,934.93,5,0.0,351,10,7145.2,2470.55
2045,Customer_1811,47,Alexandria,2023-08-07,0,12526,2023-08-07,Express,116,Product_116,Home Appliances,782.29,453.35,2,0.0,331,5,1564.58,657.88
2482,Customer_1812,41,Luxor,2021-10-09,0,13085,2021-10-09,Express,115,Product_115,Clothing,734.22,429.515,5,0.0,618,5,3671.1,1523.52
1848,Customer_1813,19,Aswan,2020-11-05,0,12764,2020-11-05,Standard,118,Product_118,Electronics,701.25,445.21,1,0.0,421,3,701.25,256.04
2405,Customer_1814,28,Mansoura,2022-06-19,0,11339,2022-06-19,Standard,107,Product_107,Sports,535.57,309.89,5,0.1,692,6,2410.07,860.62
1747,Customer_1815,39,Luxor,2020-05-19,1,10067,2020-05-19,Express,147,Product_147,Electronics,823.87,553.52,5,0.0,685,4,4119.35,1351.75
2463,Customer_1816,32,Alexandria,2022-08-18,1,13711,2022-08-18,Express,122,Product_122,Sports,706.2,409.67,1,0.0,728,4,706.2,296.53
1988,Customer_1817,55,Luxor,2022-06-24,1,13053,2022-06-24,Same Day,132,Product_132,Home Appliances,103.28,57.46,2,0.2,612,3,165.25,50.33
1020,Customer_1818,48,Alexandria,2023-07-17,0,12585,2023-07-17,Express,143,Product_143,Clothing,427.63,216.76,5,0.0,534,7,2138.15,1054.35
1302,Customer_1819,80,Mansoura,2021-12-09,0,11943,2021-12-09,Standard,119,Product_119,Sports,359.03,238.7,2,0.2,407,4,574.45,97.05
1868,Customer_1820,25,Mansoura,2021-07-16,0,11719,2021-07-16,Express,140,Product_140,Clothing,1307.78,571.26,2,0.0,470,4,2615.56,1473.04
1083,Customer_1821,40,Cairo,2023-04-26,1,11672,2023-04-26,Same Day,101,Product_101,Sports,918.36,429.515,4,0.0,616,2,3673.44,1955.38
2476,Customer_1822,19,Mansoura,2020-04-25,0,10290,2020-04-25,Same Day,135,Product_135,Sports,1157.34,649.53,1,0.0,728,3,1157.34,507.81
2410,Customer_1823,6,Giza,2021-12-21,1,13689,2021-12-21,Standard,105,Product_105,Home Appliances,1437.4,814.18,1,0.0,476,3,1437.4,623.22
2280,Customer_1824,50,Luxor,2022-11-05,1,10974,2022-11-05,Express,112,Product_112,Sports,983.86,585.95,3,0.0,605,3,2951.58,1193.73
1569,Customer_1825,47,Luxor,2020-05-31,0,12071,2020-05-31,Same Day,112,Product_112,Electronics,1474.78,813.69,2,0.0,594,4,2949.56,1322.18
1933,Customer_1826,27,Alexandria,2021-09-27,0,10414,2021-09-27,Same Day,121,Product_121,Sports,502.06,239.51,3,0.0,529,6,1506.18,787.65
2185,Customer_1827,41,Mansoura,2022-08-03,1,10850,2022-08-03,Same Day,119,Product_119,Sports,320.09,210.33,1,0.0,882,3,320.09,109.76
2186,Customer_1828,30,Cairo,2022-07-14,0,13009,2022-07-14,Standard,109,Product_109,Sports,634.8,379.14,1,0.0,338,5,634.8,255.66
2008,Customer_1829,32,Cairo,2020-03-18,1,13777,2020-03-18,Same Day,143,Product_143,Home Appliances,732.66,481.69,3,0.0,391,5,2197.98,752.91
1792,Customer_1830,35,Cairo,2020-04-26,1,12728,2020-04-26,Express,149,Product_149,Clothing,1348.27,650.96,1,0.0,948,4,1348.27,697.31
1791,Customer_1831,26,Aswan,2022-01-25,1,13107,2022-01-25,Standard,148,Product_148,Clothing,861.91,509.49,1,0.2,648,4,689.53,180.04
2294,Customer_1832,29,Giza,2021-08-10,0,12148,2021-08-10,Express,136,Product_136,Home Appliances,473.66,290.95,4,0.0,673,5,1894.64,730.84
1491,Customer_1833,29,Mansoura,2020-06-06,1,10545,2020-06-06,Express,142,Product_142,Electronics,1126.82,580.34,5,0.2,1670,3,4507.28,1605.58
1207,Customer_1834,46,Cairo,2023-08-13,0,13960,2023-08-13,Same Day,147,Product_147,Electronics,783.46,504.29,4,0.0,336,5,3133.84,1116.68
2083,Customer_1835,41,Giza,2020-03-07,0,12086,2020-03-07,Standard,132,Product_132,Home Appliances,285.09,114.25,5,0.0,435,3,1425.45,854.2
1429,Customer_1836,36,Luxor,2023-06-13,0,12258,2023-06-13,Standard,135,Product_135,Clothing,886.39,512.76,4,0.0,568,1,3545.56,1494.52
1984,Customer_1837,23,Alexandria,2023-01-05,0,10741,2023-01-05,Express,131,Product_131,Electronics,1371.52,801.06,4,0.1,611,4,4937.47,1733.23
2332,Customer_1838,24,Mansoura,2022-04-11,0,11814,2022-04-11,Standard,132,Product_132,Home Appliances,1271.8,712.4,2,0.05,789,4,2416.42,991.62
1519,Customer_1839,32,Mansoura,2022-02-26,0,10591,2022-02-26,Standard,137,Product_137,Clothing,900.87,530.63,3,0.1,611,6,2432.35,840.46
1590,Customer_1840,39,Aswan,2022-05-08,1,10749,2022-05-08,Standard,132,Product_132,Electronics,596.77,268.65,4,0.0,880,1,2387.08,1312.48
2050,Customer_1841,36,Luxor,2023-03-04,1,12219,2023-03-04,Standard,143,Product_143,Electronics,176.12,429.515,2,0.1,639,2,317.02,-542.01
1198,Customer_1842,24,Mansoura,2023-09-02,1,10837,2023-09-02,Same Day,137,Product_137,Home Appliances,730.99,366.03,4,0.0,689,3,2923.96,1459.84
1386,Customer_1843,50,Aswan,2020-03-25,0,12489,2020-03-25,Express,139,Product_139,Clothing,1140.52,610.88,3,0.0,721,7,3421.56,1588.92
1348,Customer_1844,26,Aswan,2022-07-10,1,13130,2022-07-10,Express,138,Product_138,Electronics,572.4,286.16,2,0.0,906,3,1144.8,572.48
1959,Customer_1845,28,Aswan,2023-03-16,0,13481,2023-03-16,Standard,130,Product_130,Home Appliances,391.4,212.21,5,0.0,657,3,1957.0,895.95
1692,Customer_1846,44,Mansoura,2023-08-27,0,10533,2023-08-27,Standard,132,Product_132,Electronics,1400.5,821.35,3,0.05,493,4,3991.42,1527.37
1377,Customer_1847,44,Mansoura,2021-01-20,1,10364,2021-01-20,Express,145,Product_145,Clothing,1241.26,808.68,1,0.0,847,3,1241.26,432.58
1898,Customer_1848,30,Mansoura,2021-10-20,0,10366,2021-10-20,Express,102,Product_102,Sports,975.5,531.68,2,0.0,599,7,1951.0,887.64
1915,Customer_1849,41,Giza,2023-05-24,0,13415,2023-05-24,Same Day,111,Product_111,Electronics,248.34,123.42,1,0.0,415,2,248.34,124.92
1526,Customer_1850,26,Aswan,2022-09-01,1,11773,2022-09-01,Standard,120,Product_120,Clothing,260.12,142.13,2,0.2,853,2,416.19,131.93
2176,Customer_1851,42,Giza,2022-10-23,0,12343,2022-10-23,Express,137,Product_137,Electronics,199.67,121.13,5,0.0,351,4,998.35,392.7
1733,Customer_1852,50,Alexandria,2020-04-11,1,13412,2020-04-11,Same Day,109,Product_109,Sports,943.63,475.6,2,0.0,1399,2,1887.26,936.06
1205,Customer_1853,38,Mansoura,2020-05-06,0,12653,2020-05-06,Same Day,138,Product_138,Sports,217.57,114.07,4,0.0,417,5,870.28,414.0
1454,Customer_1854,32,Luxor,2022-11-07,0,12803,2022-11-07,Standard,149,Product_149,Electronics,1271.81,723.47,1,0.05,561,7,1208.22,484.75
2296,Customer_1855,74,Cairo,2020-07-30,0,12570,2020-07-30,Same Day,119,Product_119,Home Appliances,1489.8,727.32,1,0.2,481,5,1191.84,464.52
2259,Customer_1856,34,Alexandria,2021-04-12,0,11652,2021-04-12,Same Day,140,Product_140,Electronics,581.2,268.94,2,0.0,413,2,1162.4,624.52
1520,Customer_1857,49,Cairo,2024-01-02,0,10264,2024-01-02,Same Day,107,Product_107,Clothing,707.82,312.94,4,0.0,365,6,2831.28,1579.52
2016,Customer_1858,19,Cairo,2020-06-21,0,13595,2020-06-21,Same Day,105,Product_105,Home Appliances,1081.92,547.22,4,0.1,478,6,3894.91,1706.03
1955,Customer_1859,23,Mansoura,2022-10-30,0,13737,2022-10-30,Same Day,147,Product_147,Clothing,1408.87,583.98,2,0.2,371,6,2254.19,1086.23
1725,Customer_1860,49,Luxor,2023-08-16,0,11061,2023-08-16,Standard,142,Product_142,Clothing,1346.44,774.26,3,0.0,504,9,4039.32,1716.54
2013,Customer_1861,55,Cairo,2020-12-19,0,12034,2020-12-19,Standard,124,Product_124,Home Appliances,133.51,60.45,5,0.0,409,5,667.55,365.3
1500,Customer_1862,34,Aswan,2020-03-21,0,13202,2020-03-21,Standard,148,Product_148,Sports,295.15,151.48,2,0.05,570,3,560.78,257.82
1116,Customer_1863,12,Cairo,2021-05-22,0,10381,2021-05-22,Standard,141,Product_141,Clothing,1144.17,550.08,4,0.0,1071,3,4576.68,2376.36
1385,Customer_1864,37,Alexandria,2023-12-20,0,13296,2023-12-20,Express,107,Product_107,Electronics,1048.9,617.92,5,0.0,378,6,5244.5,2154.9
2367,Customer_1865,42,Luxor,2022-06-15,1,11166,2022-06-15,Standard,111,Product_111,Sports,243.17,159.3,2,0.0,825,7,486.34,167.74
1583,Customer_1866,41,Luxor,2022-06-18,1,12478,2022-06-18,Standard,109,Product_109,Sports,777.99,459.01,5,0.0,603,3,3889.95,1594.9
1394,Customer_1867,31,Cairo,2022-12-09,0,10388,2022-12-09,Standard,149,Product_149,Home Appliances,1182.18,665.27,3,0.0,510,5,3546.54,1550.73
2087,Customer_1868,37,Luxor,2022-12-06,0,12101,2022-12-06,Same Day,130,Product_130,Electronics,367.23,220.6,4,0.2,757,1,1175.14,292.74
1720,Customer_1869,28,Alexandria,2023-06-02,0,12071,2023-06-02,Same Day,141,Product_141,Electronics,1313.37,537.16,3,0.0,579,4,3940.11,2328.63
1071,Customer_1870,23,Alexandria,2020-11-21,1,10394,2020-11-21,Same Day,103,Product_103,Sports,126.81,55.4,3,0.1,1502,1,342.39,176.19
1273,Customer_1871,51,Alexandria,2022-01-15,0,12680,2022-01-15,Standard,122,Product_122,Clothing,1184.18,507.4,4,0.1,746,4,4263.05,2233.45
2343,Customer_1872,41,Aswan,2022-02-02,0,12166,2022-02-02,Express,140,Product_140,Clothing,942.94,404.95,3,0.0,451,5,2828.82,1613.97
1337,Customer_1873,37,Mansoura,2021-02-08,0,13744,2021-02-08,Express,120,Product_120,Electronics,507.04,242.44,2,0.1,352,8,912.67,427.79
2389,Customer_1874,32,Cairo,2022-03-04,0,10982,2022-03-04,Standard,132,Product_132,Sports,1095.35,612.98,2,0.0,694,3,2190.7,964.74
1606,Customer_1875,41,Luxor,2022-04-17,1,13657,2022-04-17,Express,148,Product_148,Sports,1184.43,514.52,5,0.0,559,2,5922.15,3349.55
1165,Customer_1876,42,Alexandria,2021-11-23,0,13256,2021-11-23,Express,107,Product_107,Sports,1404.15,955.57,2,0.0,390,4,2808.3,897.16
1010,Customer_1877,65,Cairo,2023-10-22,0,12239,2023-10-22,Standard,107,Product_107,Home Appliances,583.27,382.79,2,0.0,437,4,1166.54,400.96
2324,Customer_1878,49,Cairo,2023-05-09,0,11962,2023-05-09,Same Day,120,Product_120,Electronics,1044.72,722.42,5,0.0,354,7,5223.6,1611.5
1728,Customer_1879,30,Mansoura,2020-04-17,0,13803,2020-04-17,Express,125,Product_125,Electronics,923.79,381.29,1,0.0,789,4,923.79,542.5
1800,Customer_1880,30,Aswan,2023-07-16,0,12534,2023-07-16,Same Day,145,Product_145,Clothing,811.55,531.91,4,0.0,484,4,3246.2,1118.56
1101,Customer_1881,27,Luxor,2023-08-18,0,12680,2023-08-18,Standard,135,Product_135,Clothing,1341.1,859.81,2,0.0,502,3,2682.2,962.58
2448,Customer_1882,36,Aswan,2021-11-16,1,10720,2021-11-16,Same Day,144,Product_144,Electronics,54.59,36.61,5,0.2,1142,1,218.36,35.31
2415,Customer_1883,27,Luxor,2020-05-14,0,12431,2020-05-14,Express,124,Product_124,Electronics,459.06,256.33,3,0.2,327,6,1101.74,332.75
1778,Customer_1884,47,Alexandria,2021-11-06,1,12859,2021-11-06,Same Day,140,Product_140,Clothing,830.5,528.5,3,0.0,1039,5,2491.5,906.0
1213,Customer_1885,0,Alexandria,2020-07-12,0,12393,2020-07-12,Same Day,113,Product_113,Electronics,308.53,128.16,2,0.0,610,4,617.06,360.74
2111,Customer_1886,48,Cairo,2023-02-16,0,10472,2023-02-16,Same Day,148,Product_148,Clothing,1366.41,577.67,4,0.0,648,4,5465.64,3154.96
1400,Customer_1887,44,Luxor,2023-10-21,0,12723,2023-10-21,Standard,139,Product_139,Electronics,989.01,430.77,5,0.0,438,9,4945.05,2791.2
1587,Customer_1888,58,Luxor,2022-03-02,0,11803,2022-03-02,Standard,104,Product_104,Home Appliances,742.93,501.06,5,0.1,427,8,3343.18,837.88
1888,Customer_1889,53,Aswan,2021-04-08,1,11975,2021-04-08,Standard,112,Product_112,Home Appliances,1231.32,515.12,5,0.2,1062,4,4925.28,2349.68
2069,Customer_1890,29,Alexandria,2021-05-31,0,12050,2021-05-31,Standard,117,Product_117,Sports,703.78,302.66,5,0.0,386,4,3518.9,2005.6
2486,Customer_1891,51,Giza,2024-01-22,0,13121,2024-01-22,Same Day,101,Product_101,Electronics,860.05,584.08,5,0.0,345,4,4300.25,1379.85
1591,Customer_1892,37,Cairo,2023-06-09,0,10924,2023-06-09,Express,117,Product_117,Clothing,53.99,23.34,4,0.0,483,2,215.96,122.6
2333,Customer_1893,10,Luxor,2023-05-19,0,10875,2023-05-19,Same Day,102,Product_102,Electronics,580.27,383.52,5,0.0,339,3,2901.35,983.75
2109,Customer_1894,41,Mansoura,2020-11-03,0,13575,2020-11-03,Same Day,106,Product_106,Electronics,251.25,159.99,4,0.1,622,5,904.5,264.54
1091,Customer_1895,30,Mansoura,2021-11-13,0,13031,2021-11-13,Same Day,144,Product_144,Sports,1050.05,432.71,4,0.0,551,6,4200.2,2469.36
1672,Customer_1896,40,Giza,2020-06-15,1,13282,2020-06-15,Express,111,Product_111,Clothing,744.59,302.72,4,0.05,1196,3,2829.44,1618.56
1713,Customer_1897,64,Alexandria,2023-04-08,0,10972,2023-04-08,Express,143,Product_143,Electronics,487.55,273.18,3,0.0,522,8,1462.65,643.11
1935,Customer_1898,43,Alexandria,2023-09-21,0,13599,2023-09-21,Express,118,Product_118,Clothing,728.36,509.23,1,0.0,468,9,728.36,219.13
1241,Customer_1899,24,Alexandria,2020-10-16,0,13751,2020-10-16,Same Day,140,Product_140,Electronics,353.96,234.91,2,0.0,482,7,707.92,238.1
1001,Customer_1900,54,Aswan,2021-12-17,0,13354,2021-12-17,Standard,125,Product_125,Sports,1391.38,685.96,3,0.0,585,5,4174.14,2116.26
1224,Customer_1901,45,Mansoura,2021-09-27,0,10378,2021-09-27,Standard,139,Product_139,Clothing,128.26,66.17,1,0.05,501,3,121.85,55.68
1800,Customer_1902,22,Alexandria,2023-05-09,0,13397,2023-05-09,Same Day,128,Product_128,Electronics,1304.85,673.79,3,0.1,484,4,3523.1,1501.73
1588,Customer_1903,15,Mansoura,2023-01-12,0,11321,2023-01-12,Standard,146,Product_146,Home Appliances,791.47,490.91,4,0.05,397,5,3007.59,1043.95
1115,Customer_1904,41,Giza,2023-09-18,0,13768,2023-09-18,Standard,116,Product_116,Clothing,947.47,475.95,4,0.0,471,5,3789.88,1886.08
1917,Customer_1905,52,Cairo,2022-03-13,0,12185,2022-03-13,Same Day,112,Product_112,Sports,488.78,217.18,5,0.05,1007,4,2321.7,1235.8
2126,Customer_1906,35,Aswan,2020-09-21,0,10124,2020-09-21,Same Day,141,Product_141,Home Appliances,1451.71,906.06,4,0.0,518,4,5806.84,2182.6
1193,Customer_1907,41,Luxor,2023-05-03,0,12981,2023-05-03,Standard,129,Product_129,Clothing,458.68,246.5,3,0.0,405,7,1376.04,636.54
2189,Customer_1908,19,Giza,2023-12-22,0,13463,2023-12-22,Same Day,123,Product_123,Clothing,903.87,382.37,2,0.0,376,3,1807.74,1043.0
1870,Customer_1909,52,Mansoura,2020-06-22,0,11425,2020-06-22,Standard,121,Product_121,Clothing,1490.45,949.44,4,0.0,694,4,5961.8,2164.04
1089,Customer_1910,41,Giza,2021-09-26,0,10479,2021-09-26,Express,116,Product_116,Clothing,1327.59,764.15,1,0.1,354,5,1194.83,430.68
1121,Customer_1911,30,Luxor,2023-02-18,0,13472,2023-02-18,Express,148,Product_148,Electronics,827.68,452.58,3,0.0,448,5,2483.04,1125.3
1142,Customer_1912,46,Aswan,2022-02-10,0,12617,2022-02-10,Same Day,141,Product_141,Electronics,1486.04,894.6,1,0.0,368,5,1486.04,591.44
1993,Customer_1913,41,Cairo,2023-08-10,0,11385,2023-08-10,Standard,145,Product_145,Clothing,1066.99,588.56,5,0.0,510,4,5334.95,2392.15
1105,Customer_1914,49,Luxor,2021-03-11,1,12113,2021-03-11,Express,126,Product_126,Sports,352.62,209.64,5,0.0,916,2,1763.1,714.9
1886,Customer_1915,26,Aswan,2020-09-18,1,13499,2020-09-18,Same Day,137,Product_137,Electronics,638.11,421.31,2,0.0,641,4,1276.22,433.6
1427,Customer_1916,21,Mansoura,2023-10-04,0,12899,2023-10-04,Express,122,Product_122,Clothing,535.02,312.48,3,0.0,441,4,1605.06,667.62
2328,Customer_1917,41,Luxor,2023-10-12,0,13785,2023-10-12,Express,110,Product_110,Clothing,548.82,328.13,2,0.05,388,3,1042.76,386.5
1316,Customer_1918,42,Giza,2023-04-11,1,13592,2023-04-11,Same Day,107,Product_107,Sports,1152.66,673.33,1,0.0,424,2,1152.66,479.33
1634,Customer_1919,47,Alexandria,2022-12-14,0,10431,2022-12-14,Express,109,Product_109,Sports,897.18,501.84,2,0.1,749,3,1614.92,611.24
1008,Customer_1920,55,Giza,2020-07-10,0,11958,2020-07-10,Same Day,125,Product_125,Sports,105.23,47.52,1,0.0,504,2,105.23,57.71
1773,Customer_1921,0,Mansoura,2023-08-16,0,13176,2023-08-16,Same Day,146,Product_146,Home Appliances,1322.3,662.08,2,0.0,504,3,2644.6,1320.44
2096,Customer_1922,49,Cairo,2023-05-10,0,11112,2023-05-10,Express,115,Product_115,Clothing,480.35,292.02,5,0.0,454,6,2401.75,941.65
2382,Customer_1923,28,Luxor,2022-05-17,1,10600,2022-05-17,Express,113,Product_113,Sports,1495.76,789.23,3,0.05,907,6,4262.92,1895.23
1222,Customer_1924,30,Cairo,2022-11-07,1,10855,2022-11-07,Standard,142,Product_142,Clothing,1433.58,748.1,2,0.0,786,2,2867.16,1370.96
2439,Customer_1925,46,Mansoura,2022-11-01,1,12053,2022-11-01,Express,146,Product_146,Electronics,1413.77,887.54,1,0.0,452,5,1413.77,526.23
1552,Customer_1926,34,Luxor,2020-07-02,0,10157,2020-07-02,Standard,126,Product_126,Clothing,1226.14,492.5,3,0.2,402,5,2942.74,1465.24
2393,Customer_1927,48,Aswan,2022-12-01,1,13450,2022-12-01,Same Day,121,Product_121,Clothing,369.89,223.3,5,0.0,1085,2,1849.45,732.95
1715,Customer_1928,39,Aswan,2021-09-24,0,12377,2021-09-24,Express,123,Product_123,Home Appliances,822.32,449.62,5,0.2,518,5,3289.28,1041.18
2287,Customer_1929,42,Giza,2021-04-01,1,11126,2021-04-01,Express,144,Product_144,Electronics,375.24,429.515,4,0.0,1131,5,1500.96,-217.1
2341,Customer_1930,32,Giza,2021-03-14,0,10222,2021-03-14,Same Day,128,Product_128,Electronics,426.53,214.19,3,0.05,627,7,1215.61,573.04
2107,Customer_1931,24,Mansoura,2021-11-30,0,12449,2021-11-30,Express,138,Product_138,Home Appliances,935.88,422.89,2,0.0,351,10,1871.76,1025.98
2341,Customer_1932,28,Aswan,2022-09-22,0,11706,2022-09-22,Standard,112,Product_112,Sports,109.21,54.64,5,0.0,627,7,546.05,272.85
1110,Customer_1933,38,Luxor,2021-01-28,0,10544,2021-01-28,Express,124,Product_124,Sports,1455.71,753.22,2,0.0,675,6,2911.42,1404.98
1250,Customer_1934,67,Aswan,2021-04-08,0,12556,2021-04-08,Standard,113,Product_113,Clothing,1382.08,734.21,2,0.0,471,3,2764.16,1295.74
1382,Customer_1935,62,Giza,2020-10-08,0,13764,2020-10-08,Express,140,Product_140,Home Appliances,602.11,362.28,1,0.05,780,4,572.0,209.72
1006,Customer_1936,30,Mansoura,2020-11-13,1,12231,2020-11-13,Express,148,Product_148,Sports,797.36,427.44,2,0.1,586,4,1435.25,580.37
1458,Customer_1937,40,Aswan,2020-06-07,1,12962,2020-06-07,Same Day,102,Product_102,Electronics,725.87,429.515,4,0.0,415,5,2903.48,1185.42
2107,Customer_1938,35,Mansoura,2021-08-28,0,13158,2021-08-28,Standard,139,Product_139,Home Appliances,1329.19,786.78,3,0.0,351,10,3987.57,1627.23
1207,Customer_1939,41,Aswan,2020-07-26,0,12628,2020-07-26,Same Day,112,Product_112,Sports,1048.47,479.02,3,0.0,336,5,3145.41,1708.35
1899,Customer_1940,43,Cairo,2022-11-05,0,13451,2022-11-05,Same Day,139,Product_139,Electronics,453.26,218.99,1,0.0,788,5,453.26,234.27
2413,Customer_1941,47,Aswan,2023-10-01,0,10537,2023-10-01,Same Day,114,Product_114,Home Appliances,697.92,295.76,4,0.0,526,4,2791.68,1608.64
2337,Customer_1942,41,Giza,2022-12-14,0,11436,2022-12-14,Standard,130,Product_130,Clothing,672.0,459.46,4,0.0,388,7,2688.0,850.16
1021,Customer_1943,45,Luxor,2020-03-18,0,13991,2020-03-18,Same Day,141,Product_141,Clothing,1441.04,959.68,3,0.0,908,6,4323.12,1444.08
1409,Customer_1944,34,Giza,2023-09-17,0,12565,2023-09-17,Standard,143,Product_143,Electronics,304.2,129.42,4,0.0,472,1,1216.8,699.12
1894,Customer_1945,29,Giza,2021-11-20,0,12815,2021-11-20,Standard,148,Product_148,Sports,179.89,102.94,5,0.0,742,6,899.45,384.75
1514,Customer_1946,51,Giza,2023-06-19,0,13765,2023-06-19,Express,119,Product_119,Sports,1326.9,913.07,2,0.0,562,5,2653.8,827.66
2150,Customer_1947,62,Mansoura,2020-09-25,0,12342,2020-09-25,Standard,131,Product_131,Home Appliances,1350.19,842.71,2,0.0,696,7,2700.38,1014.96
1808,Customer_1948,50,Alexandria,2023-08-05,0,13062,2023-08-05,Standard,143,Product_143,Electronics,1314.02,719.48,3,0.0,603,2,3942.06,1783.62
1873,Customer_1949,32,Alexandria,2022-02-10,1,10259,2022-02-10,Express,143,Product_143,Sports,790.92,373.58,3,0.1,727,3,2135.48,1014.74
1013,Customer_1950,23,Cairo,2020-11-11,0,13455,2020-11-11,Same Day,125,Product_125,Clothing,1006.63,486.92,4,0.0,867,3,4026.52,2078.84
1970,Customer_1951,41,Giza,2020-11-28,0,10825,2020-11-28,Express,104,Product_104,Electronics,866.88,538.22,1,0.0,448,4,866.88,328.66
1977,Customer_1952,42,Alexandria,2021-05-01,1,13375,2021-05-01,Express,113,Product_113,Clothing,150.7,95.57,3,0.05,966,3,429.49,142.78
2013,Customer_1953,48,Cairo,2023-11-19,0,10315,2023-11-19,Express,136,Product_136,Electronics,913.96,510.55,3,0.0,409,5,2741.88,1210.23
2035,Customer_1954,38,Mansoura,2023-07-03,0,10745,2023-07-03,Standard,142,Product_142,Home Appliances,69.74,30.43,3,0.0,548,8,209.22,117.93
1086,Customer_1955,54,Giza,2020-12-05,0,13865,2020-12-05,Express,137,Product_137,Sports,521.23,354.52,4,0.0,875,5,2084.92,666.84
1908,Customer_1956,20,Luxor,2024-01-16,0,10718,2024-01-16,Standard,103,Product_103,Sports,1401.82,915.99,5,0.0,351,4,7009.1,2429.15
2324,Customer_1957,37,Mansoura,2022-06-15,0,11100,2022-06-15,Standard,116,Product_116,Sports,490.87,217.04,3,0.0,354,7,1472.61,821.49
2266,Customer_1958,41,Cairo,2020-03-30,1,12727,2020-03-30,Standard,126,Product_126,Clothing,1412.75,589.14,5,0.0,1107,3,7063.75,4118.05
1121,Customer_1959,38,Mansoura,2022-04-21,0,12901,2022-04-21,Standard,140,Product_140,Sports,412.69,231.42,4,0.05,448,5,1568.22,642.54
2170,Customer_1960,57,Luxor,2022-01-16,0,13450,2022-01-16,Same Day,139,Product_139,Electronics,506.12,245.59,1,0.0,778,4,506.12,260.53
1749,Customer_1961,38,Mansoura,2023-10-17,0,10460,2023-10-17,Standard,119,Product_119,Clothing,961.19,466.15,2,0.0,442,3,1922.38,990.08
2379,Customer_1962,35,Cairo,2024-01-13,0,13127,2024-01-13,Standard,146,Product_146,Home Appliances,1154.36,491.95,2,0.05,354,3,2193.28,1209.38
1684,Customer_1963,25,Luxor,2021-05-01,0,12854,2021-05-01,Express,115,Product_115,Clothing,777.01,533.04,2,0.0,367,7,1554.02,487.94
1308,Customer_1964,59,Luxor,2022-06-28,0,11104,2022-06-28,Express,132,Product_132,Home Appliances,1329.07,862.63,2,0.0,918,1,2658.14,932.88
1694,Customer_1965,18,Mansoura,2023-06-04,0,11702,2023-06-04,Standard,149,Product_149,Clothing,108.35,47.04,4,0.0,577,3,433.4,245.24
1287,Customer_1966,31,Luxor,2021-06-08,1,13247,2021-06-08,Same Day,121,Product_121,Sports,1387.18,919.67,2,0.0,588,2,2774.36,935.02
1306,Customer_1967,65,Mansoura,2022-08-07,0,12840,2022-08-07,Same Day,101,Product_101,Home Appliances,334.65,202.43,4,0.05,581,4,1271.67,461.95
1913,Customer_1968,47,Giza,2021-04-24,0,12977,2021-04-24,Express,106,Product_106,Sports,1332.15,662.92,1,0.05,350,4,1265.54,602.62
1661,Customer_1969,39,Luxor,2022-12-29,0,11406,2022-12-29,Same Day,127,Product_127,Clothing,631.25,429.515,3,0.0,356,10,1893.75,605.2
1548,Customer_1970,40,Mansoura,2021-04-05,1,12196,2021-04-05,Express,123,Product_123,Home Appliances,1257.5,728.6,3,0.1,1299,2,3395.25,1209.45
2375,Customer_1971,25,Giza,2021-09-25,0,12815,2021-09-25,Same Day,147,Product_147,Electronics,1023.92,670.26,3,0.0,370,5,3071.76,1060.98
1311,Customer_1972,38,Luxor,2022-08-18,0,13352,2022-08-18,Same Day,131,Product_131,Electronics,305.12,165.0,4,0.0,867,3,1220.48,560.48
1872,Customer_1973,34,Giza,2021-02-01,0,12392,2021-02-01,Same Day,112,Product_112,Clothing,1381.17,759.91,4,0.0,403,5,5524.68,2485.04
2082,Customer_1974,42,Aswan,2022-01-23,0,11813,2022-01-23,Express,121,Product_121,Home Appliances,406.0,197.85,4,0.0,398,8,1624.0,832.6
1923,Customer_1975,17,Luxor,2023-10-21,1,11814,2023-10-21,Express,102,Product_102,Electronics,404.0,208.59,1,0.0,438,3,404.0,195.41
1754,Customer_1976,45,Aswan,2023-03-14,0,13480,2023-03-14,Standard,105,Product_105,Sports,1230.56,701.82,5,0.0,659,3,6152.8,2643.7
1034,Customer_1977,55,Cairo,2022-06-21,0,11741,2022-06-21,Standard,109,Product_109,Sports,203.52,139.23,4,0.0,763,3,814.08,257.16
1444,Customer_1978,36,Cairo,2022-03-08,0,10973,2022-03-08,Same Day,120,Product_120,Clothing,371.95,215.74,4,0.2,688,7,1190.24,327.28
1092,Customer_1979,49,Mansoura,2021-07-31,1,10921,2021-07-31,Same Day,146,Product_146,Sports,780.33,346.63,3,0.05,822,5,2223.94,1184.05
2230,Customer_1980,44,Alexandria,2022-02-21,0,10029,2022-02-21,Same Day,118,Product_118,Sports,1254.19,504.31,2,0.0,526,7,2508.38,1499.76
1352,Customer_1981,30,Aswan,2022-10-26,1,12777,2022-10-26,Express,122,Product_122,Sports,263.85,172.9,2,0.0,447,4,527.7,181.9
1902,Customer_1982,24,Aswan,2022-12-16,0,13493,2022-12-16,Same Day,108,Product_108,Electronics,844.12,429.515,1,0.0,416,5,844.12,414.6
2355,Customer_1983,26,Cairo,2022-07-05,0,10981,2022-07-05,Standard,134,Product_134,Home Appliances,1081.3,534.69,2,0.2,481,4,1730.08,660.7
1861,Customer_1984,44,Aswan,2020-11-27,0,10230,2020-11-27,Same Day,109,Product_109,Clothing,1297.86,830.92,5,0.2,746,3,5191.44,1036.84
1158,Customer_1985,39,Alexandria,2021-02-12,0,13430,2021-02-12,Standard,107,Product_107,Home Appliances,1406.57,961.54,3,0.0,393,4,4219.71,1335.09
1956,Customer_1986,59,Giza,2023-05-23,0,11185,2023-05-23,Same Day,130,Product_130,Home Appliances,1187.73,741.63,1,0.0,335,7,1187.73,446.1
1023,Customer_1987,51,Giza,2020-10-10,1,12776,2020-10-10,Same Day,118,Product_118,Home Appliances,996.6,450.62,2,0.0,1544,1,1993.2,1091.96
1403,Customer_1988,51,Alexandria,2021-05-27,1,11251,2021-05-27,Same Day,127,Product_127,Electronics,678.75,351.19,2,0.0,1302,5,1357.5,655.12
1804,Customer_1989,43,Aswan,2020-04-16,0,13916,2020-04-16,Standard,116,Product_116,Sports,212.56,133.45,3,0.0,375,6,637.68,237.33
1515,Customer_1990,25,Aswan,2023-06-08,0,11244,2023-06-08,Standard,121,Product_121,Clothing,1079.12,725.25,1,0.0,514,7,1079.12,353.87
1731,Customer_1991,44,Aswan,2022-11-09,0,12793,2022-11-09,Express,105,Product_105,Home Appliances,1489.47,1042.0,3,0.0,656,4,4468.41,1342.41
2387,Customer_1992,40,Mansoura,2022-01-30,1,11096,2022-01-30,Standard,129,Product_129,Sports,1118.3,618.94,1,0.0,887,6,1118.3,499.36
2405,Customer_1993,22,Luxor,2023-09-02,0,10398,2023-09-02,Same Day,147,Product_147,Electronics,74.23,48.01,2,0.0,692,6,148.46,52.44
1531,Customer_1994,58,Alexandria,2020-07-29,0,10094,2020-07-29,Standard,137,Product_137,Home Appliances,769.58,318.6,3,0.05,452,4,2193.3,1237.5
1955,Customer_1995,56,Alexandria,2023-12-27,0,11963,2023-12-27,Same Day,143,Product_143,Sports,941.24,457.2,3,0.0,371,6,2823.72,1452.12
1151,Customer_1996,41,Alexandria,2022-11-22,1,10474,2022-11-22,Same Day,122,Product_122,Electronics,1050.03,537.04,5,0.1,771,3,4725.14,2039.94
1946,Customer_1997,30,Alexandria,2020-09-12,0,13166,2020-09-12,Standard,114,Product_114,Sports,1093.6,757.49,3,0.0,380,9,3280.8,1008.33
1607,Customer_1998,31,Alexandria,2021-06-08,0,11929,2021-06-08,Express,119,Product_119,Clothing,859.26,344.58,1,0.0,421,3,859.26,514.68
1419,Customer_1999,49,Aswan,2020-06-20,0,11778,2020-06-20,Standard,135,Product_135,Sports,373.87,184.1,5,0.0,401,8,1869.35,948.85
2273,Customer_2000,47,Mansoura,2020-11-24,0,13956,2020-11-24,Standard,124,Product_124,Sports,1416.19,961.77,3,0.2,391,2,3398.86,513.55
2140,Customer_2001,40,Cairo,2021-12-07,0,13876,2021-12-07,Same Day,142,Product_142,Clothing,1060.17,521.61,3,0.0,429,6,3180.51,1615.68
1865,Customer_2002,44,Aswan,2022-09-07,1,10774,2022-09-07,Standard,106,Product_106,Clothing,393.42,183.93,5,0.0,907,4,1967.1,1047.45
1577,Customer_2003,20,Aswan,2022-11-17,1,11147,2022-11-17,Express,103,Product_103,Sports,517.37,320.27,2,0.0,776,4,1034.74,394.2
1334,Customer_2004,45,Luxor,2020-10-28,0,12847,2020-10-28,Same Day,134,Product_134,Clothing,1386.8,864.81,3,0.0,853,4,4160.4,1565.97
2441,Customer_2005,38,Cairo,2022-06-14,0,11523,2022-06-14,Standard,145,Product_145,Sports,1336.85,724.11,4,0.0,393,4,5347.4,2450.96
1931,Customer_2006,29,Alexandria,2020-06-07,0,13850,2020-06-07,Express,102,Product_102,Home Appliances,637.46,436.07,2,0.2,672,3,1019.94,147.8
1294,Customer_2007,17,Cairo,2021-03-30,0,12991,2021-03-30,Same Day,115,Product_115,Sports,105.55,48.64,3,0.2,511,5,253.32,107.4
1754,Customer_2008,40,Mansoura,2022-07-12,0,13070,2022-07-12,Express,137,Product_137,Electronics,120.32,81.1,2,0.05,659,3,228.61,66.41
2394,Customer_2009,45,Giza,2021-12-16,1,10620,2021-12-16,Express,115,Product_115,Clothing,461.68,289.31,1,0.2,1112,3,369.34,80.03
1185,Customer_2010,14,Aswan,2020-02-24,1,12907,2020-02-24,Same Day,132,Product_132,Home Appliances,962.23,491.18,2,0.0,1773,1,1924.46,942.1
2269,Customer_2011,40,Cairo,2022-04-29,0,10963,2022-04-29,Standard,121,Product_121,Clothing,897.08,575.99,5,0.0,978,1,4485.4,1605.45
1636,Customer_2012,41,Luxor,2020-04-19,1,13119,2020-04-19,Express,117,Product_117,Clothing,969.05,426.34,3,0.0,798,3,2907.15,1628.13
2291,Customer_2013,31,Mansoura,2022-03-22,0,12860,2022-03-22,Same Day,134,Product_134,Clothing,1090.06,478.86,2,0.0,586,6,2180.12,1222.4
2260,Customer_2014,45,Giza,2022-10-25,1,12142,2022-10-25,Standard,132,Product_132,Electronics,77.6,52.69,4,0.2,799,4,248.32,37.56
1529,Customer_2015,38,Mansoura,2022-02-04,1,11500,2022-02-04,Express,147,Product_147,Electronics,202.37,86.7,1,0.0,1062,1,202.37,115.67
1020,Customer_2016,44,Alexandria,2021-04-27,0,12080,2021-04-27,Same Day,123,Product_123,Sports,571.25,429.515,1,0.1,534,7,514.12,84.61
1910,Customer_2017,48,Giza,2022-01-03,0,13189,2022-01-03,Express,135,Product_135,Electronics,274.55,141.86,2,0.05,741,5,521.64,237.92
1866,Customer_2018,48,Luxor,2020-06-16,0,13715,2020-06-16,Standard,137,Product_137,Clothing,159.21,68.64,5,0.0,404,5,796.05,452.85
1793,Customer_2019,55,Giza,2022-06-02,0,13322,2022-06-02,Standard,143,Product_143,Home Appliances,979.4,645.34,1,0.0,388,7,979.4,334.06
1099,Customer_2020,45,Luxor,2021-04-04,0,11326,2021-04-04,Standard,141,Product_141,Home Appliances,1232.24,833.99,2,0.0,400,2,2464.48,796.5
1751,Customer_2021,32,Alexandria,2020-02-27,1,10121,2020-02-27,Same Day,137,Product_137,Home Appliances,1141.31,621.7,2,0.0,1051,3,2282.62,1039.22
1477,Customer_2022,30,Luxor,2021-10-14,0,10217,2021-10-14,Standard,133,Product_133,Clothing,1234.71,651.48,1,0.0,1175,3,1234.71,583.23
2321,Customer_2023,24,Mansoura,2020-07-21,0,11076,2020-07-21,Standard,125,Product_125,Electronics,1015.49,570.41,2,0.0,859,2,2030.98,890.16
1939,Customer_2024,42,Cairo,2024-03-01,0,13197,2024-03-01,Same Day,146,Product_146,Home Appliances,1116.25,522.25,2,0.0,364,5,2232.5,1188.0
1525,Customer_2025,59,Mansoura,2023-08-24,0,11182,2023-08-24,Standard,137,Product_137,Clothing,444.08,429.515,4,0.05,377,5,1687.5,-30.56
1333,Customer_2026,34,Aswan,2021-11-17,1,11694,2021-11-17,Standard,140,Product_140,Clothing,1489.86,641.08,2,0.0,1141,4,2979.72,1697.56
1001,Customer_2027,46,Mansoura,2020-10-26,0,10794,2020-10-26,Standard,121,Product_121,Home Appliances,315.59,168.5,2,0.0,585,5,631.18,294.18
1374,Customer_2028,28,Giza,2020-08-10,1,11624,2020-08-10,Same Day,146,Product_146,Home Appliances,361.02,210.66,5,0.1,814,5,1624.59,571.29
1292,Customer_2029,42,Alexandria,2020-03-19,1,10175,2020-03-19,Standard,148,Product_148,Sports,468.94,318.44,1,0.0,1515,2,468.94,150.5
1836,Customer_2030,58,Aswan,2021-08-10,0,10291,2021-08-10,Express,138,Product_138,Sports,1464.23,910.34,5,0.0,475,6,7321.15,2769.45
2004,Customer_2031,50,Aswan,2022-08-25,0,13230,2022-08-25,Same Day,140,Product_140,Clothing,1483.02,914.9,3,0.05,481,3,4226.61,1481.91
1552,Customer_2032,16,Aswan,2023-11-26,0,10490,2023-11-26,Express,134,Product_134,Sports,1202.6,592.16,5,0.2,402,5,4810.4,1849.6
1317,Customer_2033,48,Cairo,2020-11-10,0,12808,2020-11-10,Same Day,119,Product_119,Sports,962.13,641.25,3,0.2,377,6,2309.11,385.36
1380,Customer_2034,49,Luxor,2023-12-15,1,13428,2023-12-15,Same Day,127,Product_127,Home Appliances,804.09,550.07,3,0.0,383,4,2412.27,762.06
1013,Customer_2035,42,Giza,2022-08-18,0,10633,2022-08-18,Same Day,109,Product_109,Sports,1457.4,990.56,5,0.0,867,3,7287.0,2334.2
1503,Customer_2036,50,Alexandria,2022-07-07,1,11260,2022-07-07,Express,105,Product_105,Clothing,1058.65,435.78,4,0.0,827,5,4234.6,2491.48
1230,Customer_2037,27,Cairo,2023-06-14,0,13499,2023-06-14,Standard,105,Product_105,Home Appliances,1419.86,825.37,5,0.2,511,4,5679.44,1552.59
2107,Customer_2038,40,Mansoura,2020-01-11,0,12172,2020-01-11,Standard,125,Product_125,Sports,509.0,301.82,1,0.0,351,10,509.0,207.18
1129,Customer_2039,56,Alexandria,2020-11-06,0,13386,2020-11-06,Standard,126,Product_126,Sports,533.97,260.85,5,0.0,434,4,2669.85,1365.6
1837,Customer_2040,55,Aswan,2020-08-02,0,13350,2020-08-02,Standard,119,Product_119,Sports,1289.35,899.61,4,0.1,358,5,4641.66,1043.22
2168,Customer_2041,48,Alexandria,2021-06-08,0,11890,2021-06-08,Same Day,130,Product_130,Electronics,267.29,130.27,5,0.2,445,5,1069.16,417.81
1890,Customer_2042,26,Alexandria,2021-03-17,0,13907,2021-03-17,Same Day,136,Product_136,Sports,1421.6,661.02,4,0.0,830,6,5686.4,3042.32
1027,Customer_2043,24,Mansoura,2020-02-11,0,10603,2020-02-11,Express,148,Product_148,Sports,785.84,428.47,1,0.0,624,4,785.84,357.37
1065,Customer_2044,41,Luxor,2023-01-28,1,12985,2023-01-28,Standard,148,Product_148,Clothing,1393.3,692.39,2,0.0,353,2,2786.6,1401.82
2186,Customer_2045,42,Giza,2024-01-29,0,11128,2024-01-29,Same Day,116,Product_116,Sports,538.35,364.58,4,0.1,338,5,1938.06,479.74
2252,Customer_2046,38,Aswan,2023-05-31,0,11065,2023-05-31,Standard,107,Product_107,Electronics,1088.14,578.92,4,0.0,581,7,4352.56,2036.88
1260,Customer_2047,27,Luxor,2022-12-16,1,13468,2022-12-16,Standard,118,Product_118,Home Appliances,750.17,392.37,4,0.0,747,5,3000.68,1431.2
2472,Customer_2048,46,Cairo,2022-05-16,1,11664,2022-05-16,Express,121,Product_121,Sports,958.87,563.58,1,0.0,547,3,958.87,395.29
2447,Customer_2049,41,Aswan,2020-08-15,0,11483,2020-08-15,Same Day,131,Product_131,Sports,781.34,331.55,3,0.1,531,4,2109.62,1114.97
1459,Customer_2050,44,Giza,2021-08-13,0,10490,2021-08-13,Standard,101,Product_101,Clothing,1452.32,910.63,4,0.0,338,6,5809.28,2166.76
1300,Customer_2051,48,Cairo,2021-05-01,1,10564,2021-05-01,Express,103,Product_103,Sports,1053.55,664.28,1,0.05,844,2,1000.87,336.59
1918,Customer_2052,35,Mansoura,2021-09-08,0,10167,2021-09-08,Express,131,Product_131,Sports,414.41,224.7,2,0.0,694,4,828.82,379.42
2326,Customer_2053,32,Luxor,2020-06-09,0,13673,2020-06-09,Standard,125,Product_125,Sports,1369.03,940.13,4,0.0,391,7,5476.12,1715.6
1286,Customer_2054,56,Aswan,2020-04-07,0,10758,2020-04-07,Standard,108,Product_108,Sports,476.34,273.32,3,0.2,356,4,1143.22,323.26
2418,Customer_2055,28,Alexandria,2021-05-03,1,11197,2021-05-03,Express,101,Product_101,Home Appliances,588.83,358.34,1,0.0,1339,3,588.83,230.49
2033,Customer_2056,32,Giza,2022-05-09,0,13443,2022-05-09,Express,107,Product_107,Clothing,198.08,134.16,2,0.0,968,4,396.16,127.84
1629,Customer_2057,58,Aswan,2023-08-01,0,13670,2023-08-01,Standard,107,Product_107,Home Appliances,1354.95,812.84,3,0.0,371,4,4064.85,1626.33
1269,Customer_2058,31,Alexandria,2023-06-29,0,11904,2023-06-29,Standard,108,Product_108,Electronics,464.86,246.17,2,0.0,428,5,929.72,437.38
1591,Customer_2059,38,Aswan,2022-07-25,0,11173,2022-07-25,Express,119,Product_119,Sports,425.43,173.33,3,0.05,483,2,1212.48,692.49
1843,Customer_2060,33,Cairo,2020-08-05,1,12296,2020-08-05,Same Day,117,Product_117,Electronics,1384.38,856.22,5,0.1,984,4,6229.71,1948.61
1861,Customer_2061,13,Alexandria,2020-08-15,0,11650,2020-08-15,Express,111,Product_111,Home Appliances,1218.01,839.77,5,0.0,746,3,6090.05,1891.2
2384,Customer_2062,38,Alexandria,2022-10-20,0,10179,2022-10-20,Express,147,Product_147,Electronics,254.56,137.73,5,0.0,426,4,1272.8,584.15
2280,Customer_2063,24,Aswan,2023-05-07,1,13191,2023-05-07,Same Day,141,Product_141,Sports,1165.52,585.01,2,0.0,605,3,2331.04,1161.02
1132,Customer_2064,43,Mansoura,2023-01-02,0,10027,2023-01-02,Standard,149,Product_149,Electronics,1373.9,763.58,5,0.2,730,3,5495.6,1677.7
2299,Customer_2065,56,Mansoura,2020-02-03,0,11844,2020-02-03,Express,111,Product_111,Home Appliances,163.84,101.34,1,0.0,343,4,163.84,62.5
1971,Customer_2066,6,Luxor,2023-07-18,0,12164,2023-07-18,Standard,138,Product_138,Sports,1246.56,498.88,1,0.1,488,3,1121.9,623.02
1512,Customer_2067,33,Cairo,2022-11-21,1,12750,2022-11-21,Same Day,141,Product_141,Clothing,843.76,429.515,5,0.0,625,3,4218.8,2071.23
1312,Customer_2068,46,Mansoura,2023-03-23,0,12704,2023-03-23,Express,102,Product_102,Home Appliances,1020.34,679.45,3,0.2,387,5,2448.82,410.47
1575,Customer_2069,7,Aswan,2021-05-10,0,12879,2021-05-10,Standard,104,Product_104,Sports,764.64,430.03,3,0.2,386,2,1835.14,545.05
1885,Customer_2070,60,Mansoura,2024-01-11,1,10261,2024-01-11,Standard,128,Product_128,Clothing,1061.81,463.71,2,0.0,356,4,2123.62,1196.2
2307,Customer_2071,45,Luxor,2020-10-21,1,13725,2020-10-21,Standard,133,Product_133,Electronics,99.44,59.82,3,0.05,1233,3,283.4,103.94
2144,Customer_2072,56,Giza,2021-08-19,1,12673,2021-08-19,Standard,111,Product_111,Electronics,1155.92,510.17,4,0.0,1200,2,4623.68,2583.0
2130,Customer_2073,31,Luxor,2022-05-29,0,13967,2022-05-29,Standard,103,Product_103,Electronics,98.35,54.32,3,0.0,349,4,295.05,132.09
1686,Customer_2074,41,Alexandria,2020-04-01,0,12832,2020-04-01,Standard,140,Product_140,Sports,710.18,304.02,1,0.0,531,4,710.18,406.16
2227,Customer_2075,37,Alexandria,2023-06-13,0,13109,2023-06-13,Express,105,Product_105,Electronics,268.9,155.08,3,0.0,568,5,806.7,341.46
1164,Customer_2076,72,Mansoura,2021-12-23,0,10196,2021-12-23,Express,121,Product_121,Electronics,1244.18,616.39,2,0.0,479,4,2488.36,1255.58
1304,Customer_2077,59,Mansoura,2021-07-05,0,13596,2021-07-05,Same Day,122,Product_122,Clothing,504.81,327.77,3,0.0,522,6,1514.43,531.12
1155,Customer_2078,41,Luxor,2023-03-14,0,13695,2023-03-14,Standard,137,Product_137,Clothing,708.44,453.39,2,0.0,426,5,1416.88,510.1
2390,Customer_2079,43,Luxor,2022-03-05,0,11460,2022-03-05,Same Day,111,Product_111,Clothing,671.69,469.88,4,0.0,385,5,2686.76,807.24
1619,Customer_2080,49,Aswan,2021-01-18,0,13720,2021-01-18,Express,144,Product_144,Sports,1170.13,558.45,5,0.0,478,7,5850.65,3058.4
2274,Customer_2081,75,Cairo,2023-09-22,0,12731,2023-09-22,Same Day,122,Product_122,Home Appliances,747.66,312.93,4,0.0,467,5,2990.64,1738.92
1956,Customer_2082,45,Aswan,2023-09-30,0,11662,2023-09-30,Express,141,Product_141,Electronics,1193.99,636.28,1,0.0,335,7,1193.99,557.71
1333,Customer_2083,40,Alexandria,2020-06-24,1,12921,2020-06-24,Express,113,Product_113,Electronics,156.59,66.55,4,0.0,1141,4,626.36,360.16
1968,Customer_2084,34,Aswan,2022-08-12,1,11433,2022-08-12,Same Day,103,Product_103,Sports,327.81,148.68,4,0.1,755,4,1180.12,585.4
1510,Customer_2085,43,Luxor,2022-08-01,0,10332,2022-08-01,Express,113,Product_113,Electronics,849.72,492.15,1,0.0,532,5,849.72,357.57
2316,Customer_2086,31,Aswan,2020-05-18,0,13602,2020-05-18,Express,128,Product_128,Sports,1423.28,822.14,1,0.0,512,4,1423.28,601.14
2043,Customer_2087,47,Giza,2022-12-13,0,13536,2022-12-13,Same Day,111,Product_111,Sports,158.4,65.42,5,0.0,750,6,792.0,464.9
1281,Customer_2088,18,Cairo,2023-01-19,1,12767,2023-01-19,Same Day,111,Product_111,Sports,112.47,59.93,5,0.0,713,2,562.35,262.7
1796,Customer_2089,36,Luxor,2022-11-05,0,11181,2022-11-05,Standard,121,Product_121,Home Appliances,277.0,154.86,3,0.0,788,5,831.0,366.42
2024,Customer_2090,51,Mansoura,2022-11-05,0,13231,2022-11-05,Same Day,121,Product_121,Sports,979.67,470.64,2,0.0,614,5,1959.34,1018.06
1118,Customer_2091,45,Aswan,2023-02-08,1,13405,2023-02-08,Express,107,Product_107,Home Appliances,628.54,415.85,1,0.0,693,3,628.54,212.69
2058,Customer_2092,33,Luxor,2020-02-11,0,11775,2020-02-11,Standard,117,Product_117,Home Appliances,1247.05,559.09,4,0.0,619,4,4988.2,2751.84
1197,Customer_2093,36,Mansoura,2022-10-03,0,13447,2022-10-03,Express,148,Product_148,Electronics,154.3,73.47,4,0.0,623,6,617.2,323.32
1484,Customer_2094,55,Mansoura,2022-08-20,0,10078,2022-08-20,Same Day,114,Product_114,Clothing,334.8,149.69,5,0.0,440,8,1674.0,925.55
2082,Customer_2095,21,Alexandria,2020-03-30,0,11867,2020-03-30,Express,133,Product_133,Home Appliances,485.04,210.97,2,0.0,398,8,970.08,548.14
1836,Customer_2096,21,Alexandria,2023-07-25,0,11892,2023-07-25,Same Day,111,Product_111,Home Appliances,958.76,636.32,1,0.0,475,6,958.76,322.44
2184,Customer_2097,26,Luxor,2022-03-03,0,13914,2022-03-03,Same Day,113,Product_113,Clothing,1043.5,504.38,5,0.0,338,9,5217.5,2695.6
2008,Customer_2098,39,Luxor,2022-02-03,1,10196,2022-02-03,Same Day,101,Product_101,Home Appliances,230.09,141.91,2,0.0,391,5,460.18,176.36
1690,Customer_2099,19,Giza,2021-06-03,1,13191,2021-06-03,Standard,134,Product_134,Clothing,1418.52,749.54,1,0.0,1108,4,1418.52,668.98
2229,Customer_2100,54,Cairo,2020-02-03,1,11783,2020-02-03,Same Day,109,Product_109,Electronics,544.51,321.68,4,0.2,1053,3,1742.43,455.71
2035,Customer_2101,26,Cairo,2022-01-01,0,13722,2022-01-01,Express,113,Product_113,Sports,1084.09,735.5,4,0.05,548,8,4119.54,1177.54
1489,Customer_2102,43,Luxor,2020-05-18,0,10225,2020-05-18,Standard,137,Product_137,Clothing,810.1,529.31,5,0.0,338,6,4050.5,1403.95
1275,Customer_2103,31,Alexandria,2021-07-12,1,12642,2021-07-12,Standard,130,Product_130,Sports,373.0,156.92,2,0.0,1121,1,746.0,432.16
1692,Customer_2104,39,Aswan,2021-05-08,0,13481,2021-05-08,Standard,141,Product_141,Clothing,1277.03,834.62,4,0.0,493,4,5108.12,1769.64
1241,Customer_2105,41,Giza,2023-07-09,0,11561,2023-07-09,Express,145,Product_145,Sports,1236.45,662.18,2,0.0,482,7,2472.9,1148.54
2239,Customer_2106,55,Cairo,2023-07-10,0,13711,2023-07-10,Same Day,137,Product_137,Electronics,624.3,315.3,5,0.0,541,4,3121.5,1545.0
2274,Customer_2107,25,Luxor,2020-07-31,0,12960,2020-07-31,Standard,147,Product_147,Home Appliances,903.48,429.515,3,0.0,467,5,2710.44,1421.9
1125,Customer_2108,24,Alexandria,2023-04-06,0,10734,2023-04-06,Same Day,107,Product_107,Electronics,423.85,290.36,2,0.0,384,5,847.7,266.98
1216,Customer_2109,75,Alexandria,2021-11-11,0,11362,2021-11-11,Same Day,114,Product_114,Home Appliances,1050.28,449.77,2,0.0,517,5,2100.56,1201.02
2329,Customer_2110,48,Alexandria,2020-09-30,0,11579,2020-09-30,Express,148,Product_148,Sports,498.09,314.01,5,0.0,473,3,2490.45,920.4
2208,Customer_2111,54,Aswan,2020-03-31,0,11619,2020-03-31,Standard,106,Product_106,Sports,1273.91,587.34,3,0.0,536,3,3821.73,2059.71
2062,Customer_2112,46,Mansoura,2021-12-22,0,12042,2021-12-22,Express,134,Product_134,Home Appliances,365.21,187.73,4,0.1,370,10,1314.76,563.84
2246,Customer_2113,33,Aswan,2023-01-23,0,12966,2023-01-23,Standard,116,Product_116,Clothing,71.46,47.32,1,0.0,492,8,71.46,24.14
2207,Customer_2114,20,Alexandria,2021-11-24,0,12584,2021-11-24,Standard,137,Product_137,Electronics,439.34,247.67,5,0.0,702,3,2196.7,958.35
1494,Customer_2115,35,Luxor,2023-09-08,0,10219,2023-09-08,Same Day,136,Product_136,Clothing,327.03,137.43,1,0.0,511,3,327.03,189.6
1426,Customer_2116,25,Giza,2020-12-24,1,12340,2020-12-24,Same Day,146,Product_146,Sports,787.02,434.76,3,0.0,497,3,2361.06,1056.78
2201,Customer_2117,26,Aswan,2023-03-11,0,11227,2023-03-11,Standard,106,Product_106,Electronics,345.37,429.515,3,0.0,341,7,1036.11,-252.44
1918,Customer_2118,16,Luxor,2022-08-09,0,13951,2022-08-09,Standard,108,Product_108,Electronics,1156.63,646.17,2,0.0,694,4,2313.26,1020.92
2451,Customer_2119,41,Alexandria,2023-11-25,0,11728,2023-11-25,Same Day,124,Product_124,Clothing,399.99,180.02,1,0.0,403,3,399.99,219.97
2317,Customer_2120,63,Giza,2022-07-09,1,13585,2022-07-09,Standard,103,Product_103,Home Appliances,1075.1,573.58,1,0.1,799,4,967.59,394.01
1150,Customer_2121,48,Cairo,2023-07-17,0,10201,2023-07-17,Standard,104,Product_104,Home Appliances,888.78,601.97,3,0.0,459,4,2666.34,860.43
1383,Customer_2122,38,Cairo,2021-08-01,1,11889,2021-08-01,Standard,132,Product_132,Electronics,1480.06,884.28,1,0.0,485,5,1480.06,595.78
1307,Customer_2123,39,Luxor,2020-03-10,0,12079,2020-03-10,Express,101,Product_101,Home Appliances,1499.86,429.515,4,0.2,1286,2,4799.55,3081.49
2359,Customer_2124,41,Giza,2020-09-05,1,13160,2020-09-05,Standard,134,Product_134,Sports,1310.81,833.39,3,0.0,1209,3,3932.43,1432.26
1745,Customer_2125,33,Luxor,2024-06-01,0,13273,2024-06-01,Standard,145,Product_145,Clothing,1151.98,492.14,2,0.05,361,3,2188.76,1204.48
1891,Customer_2126,18,Giza,2022-07-26,0,11713,2022-07-26,Same Day,109,Product_109,Clothing,610.36,350.63,2,0.1,431,5,1098.65,397.39
1374,Customer_2127,42,Giza,2020-03-16,1,13776,2020-03-16,Same Day,112,Product_112,Clothing,1142.25,585.72,2,0.0,814,5,2284.5,1113.06
2031,Customer_2128,36,Luxor,2021-08-23,1,13743,2021-08-23,Express,110,Product_110,Electronics,1437.18,634.87,1,0.0,344,5,1437.18,802.31
2364,Customer_2129,26,Giza,2021-02-16,1,13364,2021-02-16,Same Day,110,Product_110,Electronics,83.9,38.66,3,0.05,656,3,239.12,123.14
1128,Customer_2130,41,Aswan,2020-03-30,0,12763,2020-03-30,Standard,144,Product_144,Home Appliances,829.98,526.5,2,0.05,587,4,1576.96,523.96
2014,Customer_2131,41,Alexandria,2021-12-02,0,10752,2021-12-02,Express,148,Product_148,Clothing,366.1,429.515,3,0.0,434,8,1098.3,-190.25
1668,Customer_2132,62,Giza,2020-03-26,1,11016,2020-03-26,Standard,123,Product_123,Sports,858.92,424.07,1,0.0,1498,2,858.92,434.85
2375,Customer_2133,50,Aswan,2021-10-08,0,10114,2021-10-08,Standard,106,Product_106,Sports,726.35,352.62,4,0.0,370,5,2905.4,1494.92
2381,Customer_2134,43,Giza,2021-09-27,1,12769,2021-09-27,Standard,124,Product_124,Clothing,884.86,429.515,4,0.1,331,3,3185.5,1467.44
1516,Customer_2135,25,Aswan,2022-11-21,0,11245,2022-11-21,Express,124,Product_124,Electronics,848.9,429.515,4,0.0,669,5,3395.6,1677.54
1085,Customer_2136,23,Luxor,2022-03-26,1,13980,2022-03-26,Same Day,121,Product_121,Electronics,1442.16,908.24,1,0.2,889,3,1153.73,245.49
2198,Customer_2137,48,Cairo,2023-01-17,0,12229,2023-01-17,Same Day,142,Product_142,Electronics,850.67,345.92,2,0.2,502,3,1361.07,669.23
2216,Customer_2138,36,Mansoura,2022-08-27,1,12818,2022-08-27,Same Day,131,Product_131,Sports,1277.04,553.94,1,0.05,858,3,1213.19,659.25
1310,Customer_2139,43,Giza,2021-02-06,0,10468,2021-02-06,Standard,147,Product_147,Clothing,513.74,316.49,3,0.0,450,5,1541.22,591.75
2142,Customer_2140,54,Mansoura,2020-03-15,0,10425,2020-03-15,Express,141,Product_141,Sports,685.25,396.13,4,0.0,504,4,2741.0,1156.48
2241,Customer_2141,17,Giza,2023-08-17,0,11575,2023-08-17,Same Day,130,Product_130,Clothing,732.1,449.93,3,0.0,478,5,2196.3,846.51
1426,Customer_2142,60,Luxor,2021-01-26,1,11865,2021-01-26,Express,134,Product_134,Sports,454.16,213.02,1,0.0,497,3,454.16,241.14
2437,Customer_2143,54,Luxor,2021-08-08,0,10833,2021-08-08,Express,118,Product_118,Sports,600.7,385.13,5,0.0,432,5,3003.5,1077.85
1113,Customer_2144,9,Aswan,2022-01-01,0,13131,2022-01-01,Standard,112,Product_112,Home Appliances,917.84,499.27,5,0.0,423,5,4589.2,2092.85
2168,Customer_2145,75,Giza,2020-04-07,0,12028,2020-04-07,Express,135,Product_135,Sports,891.27,519.69,1,0.0,445,5,891.27,371.58
1302,Customer_2146,44,Luxor,2023-09-04,0,12532,2023-09-04,Same Day,107,Product_107,Clothing,972.83,429.515,2,0.0,407,4,1945.66,1086.63
1743,Customer_2147,32,Luxor,2021-11-10,1,10010,2021-11-10,Same Day,141,Product_141,Sports,560.14,258.51,3,0.05,969,5,1596.4,820.87
1587,Customer_2148,47,Giza,2021-07-13,0,13703,2021-07-13,Express,140,Product_140,Home Appliances,507.96,321.03,1,0.0,427,8,507.96,186.93
1986,Customer_2149,25,Aswan,2020-11-09,0,11408,2020-11-09,Express,125,Product_125,Home Appliances,936.85,437.67,1,0.0,1573,1,936.85,499.18
1344,Customer_2150,48,Aswan,2022-01-23,1,13481,2022-01-23,Express,106,Product_106,Clothing,242.65,103.8,5,0.0,1074,2,1213.25,694.25
1813,Customer_2151,28,Aswan,2022-06-13,0,12089,2022-06-13,Express,101,Product_101,Home Appliances,416.9,241.45,4,0.2,395,5,1334.08,368.28
1800,Customer_2152,70,Aswan,2022-03-30,0,11725,2022-03-30,Same Day,146,Product_146,Home Appliances,111.09,62.7,4,0.1,484,4,399.92,149.12
2024,Customer_2153,40,Cairo,2022-06-19,0,12170,2022-06-19,Same Day,116,Product_116,Electronics,155.29,90.44,2,0.0,614,5,310.58,129.7
2170,Customer_2154,49,Giza,2022-02-03,0,12748,2022-02-03,Standard,148,Product_148,Clothing,402.91,235.9,2,0.0,778,4,805.82,334.02
2310,Customer_2155,28,Cairo,2021-11-25,1,12299,2021-11-25,Express,104,Product_104,Home Appliances,78.32,43.08,2,0.2,1133,2,125.31,39.15
2076,Customer_2156,52,Luxor,2021-01-17,0,10972,2021-01-17,Same Day,129,Product_129,Home Appliances,405.85,222.46,5,0.0,827,6,2029.25,916.95
2327,Customer_2157,39,Cairo,2022-10-13,0,10603,2022-10-13,Express,138,Product_138,Home Appliances,999.72,677.06,1,0.0,365,7,999.72,322.66
2092,Customer_2158,18,Aswan,2023-11-18,0,13555,2023-11-18,Same Day,147,Product_147,Clothing,138.61,77.64,2,0.0,410,5,277.22,121.94
1360,Customer_2159,36,Luxor,2022-10-15,1,10212,2022-10-15,Standard,128,Product_128,Electronics,683.27,399.84,5,0.0,809,4,3416.35,1417.15
2243,Customer_2160,68,Cairo,2022-01-22,0,13901,2022-01-22,Same Day,122,Product_122,Sports,1374.01,659.65,3,0.0,437,8,4122.03,2143.08
2009,Customer_2161,52,Cairo,2022-11-29,0,13785,2022-11-29,Same Day,108,Product_108,Electronics,1197.36,791.85,1,0.0,764,3,1197.36,405.51
1703,Customer_2162,34,Giza,2021-06-30,0,12315,2021-06-30,Standard,132,Product_132,Clothing,492.88,200.76,3,0.0,681,6,1478.64,876.36
1574,Customer_2163,11,Cairo,2020-06-18,0,13053,2020-06-18,Express,133,Product_133,Clothing,1390.97,788.91,4,0.0,762,6,5563.88,2408.24
2184,Customer_2164,27,Luxor,2024-01-29,0,13738,2024-01-29,Same Day,113,Product_113,Clothing,527.99,272.0,4,0.0,338,9,2111.96,1023.96
2112,Customer_2165,18,Aswan,2022-05-19,0,12754,2022-05-19,Standard,127,Product_127,Sports,155.15,90.17,1,0.0,721,4,155.15,64.98
1687,Customer_2166,12,Giza,2020-06-10,0,10539,2020-06-10,Standard,118,Product_118,Clothing,1491.38,757.7,2,0.0,562,5,2982.76,1467.36
1780,Customer_2167,51,Cairo,2022-05-31,0,10705,2022-05-31,Standard,118,Product_118,Electronics,1311.53,806.99,1,0.0,438,6,1311.53,504.54
1584,Customer_2168,40,Giza,2023-05-18,0,13995,2023-05-18,Same Day,113,Product_113,Home Appliances,725.6,294.67,2,0.0,594,2,1451.2,861.86
1588,Customer_2169,66,Mansoura,2021-01-04,0,13058,2021-01-04,Express,122,Product_122,Home Appliances,1016.25,530.25,4,0.0,397,5,4065.0,1944.0
2182,Customer_2170,25,Giza,2023-01-22,1,11758,2023-01-22,Same Day,114,Product_114,Clothing,1023.28,664.5,1,0.0,568,3,1023.28,358.78
1488,Customer_2171,39,Aswan,2021-08-24,1,12666,2021-08-24,Same Day,111,Product_111,Clothing,332.0,157.72,1,0.0,756,6,332.0,174.28
1970,Customer_2172,19,Mansoura,2021-10-19,0,11684,2021-10-19,Same Day,139,Product_139,Sports,340.07,141.41,2,0.0,448,4,680.14,397.32
2347,Customer_2173,31,Mansoura,2020-07-29,0,11158,2020-07-29,Standard,122,Product_122,Home Appliances,730.89,401.23,4,0.0,502,5,2923.56,1318.64
2404,Customer_2174,36,Giza,2020-06-12,0,10497,2020-06-12,Express,136,Product_136,Sports,1371.78,950.59,4,0.0,782,4,5487.12,1684.76
2125,Customer_2175,34,Luxor,2021-11-02,0,13068,2021-11-02,Same Day,117,Product_117,Sports,64.49,27.04,2,0.0,549,7,128.98,74.9
1493,Customer_2176,40,Aswan,2023-09-15,0,13678,2023-09-15,Express,132,Product_132,Sports,1184.63,498.75,2,0.0,344,5,2369.26,1371.76
1018,Customer_2177,54,Luxor,2021-08-28,0,10781,2021-08-28,Same Day,114,Product_114,Sports,133.41,77.18,2,0.0,355,8,266.82,112.46
2477,Customer_2178,52,Aswan,2021-09-19,1,11909,2021-09-19,Express,142,Product_142,Electronics,743.42,353.14,4,0.05,1200,2,2825.0,1412.44
1396,Customer_2179,28,Aswan,2022-07-02,0,10125,2022-07-02,Standard,129,Product_129,Clothing,974.92,509.95,4,0.05,384,7,3704.7,1664.9
2000,Customer_2180,39,Luxor,2023-05-19,1,13430,2023-05-19,Express,106,Product_106,Clothing,1045.8,678.88,1,0.1,593,3,941.22,262.34
2302,Customer_2181,51,Alexandria,2024-01-09,1,11526,2024-01-09,Standard,104,Product_104,Sports,134.79,61.96,4,0.0,358,3,539.16,291.32
1850,Customer_2182,55,Mansoura,2022-05-22,1,10840,2022-05-22,Standard,111,Product_111,Sports,656.98,404.56,3,0.0,629,4,1970.94,757.26
2388,Customer_2183,30,Giza,2020-07-12,1,10982,2020-07-12,Express,145,Product_145,Electronics,896.56,494.31,3,0.1,740,3,2420.71,937.78
2354,Customer_2184,50,Luxor,2023-11-13,0,11341,2023-11-13,Same Day,140,Product_140,Sports,145.77,97.88,2,0.0,415,3,291.54,95.78
2367,Customer_2185,44,Luxor,2022-06-28,1,10011,2022-06-28,Same Day,110,Product_110,Electronics,245.89,170.13,2,0.0,825,7,491.78,151.52
1821,Customer_2186,24,Giza,2021-12-20,0,11500,2021-12-20,Same Day,128,Product_128,Electronics,1012.29,552.19,2,0.0,673,7,2024.58,920.2
1454,Customer_2187,52,Mansoura,2022-07-04,0,11317,2022-07-04,Same Day,111,Product_111,Sports,806.38,463.99,1,0.2,561,7,645.1,181.11
1724,Customer_2188,42,Giza,2020-03-27,0,11463,2020-03-27,Express,135,Product_135,Clothing,284.65,177.55,3,0.0,760,4,853.95,321.3
2088,Customer_2189,13,Aswan,2024-01-28,0,11830,2024-01-28,Same Day,115,Product_115,Electronics,826.1,409.42,3,0.0,339,6,2478.3,1250.04
2099,Customer_2190,35,Alexandria,2021-12-23,0,13925,2021-12-23,Same Day,108,Product_108,Clothing,1373.4,642.78,4,0.0,909,4,5493.6,2922.48
1710,Customer_2191,40,Aswan,2023-06-13,1,10515,2023-06-13,Standard,120,Product_120,Clothing,72.6,50.05,3,0.0,568,2,217.8,67.65
1142,Customer_2192,30,Alexandria,2022-09-06,0,13887,2022-09-06,Express,121,Product_121,Electronics,981.82,520.15,4,0.2,368,5,3141.82,1061.22
1916,Customer_2193,58,Giza,2021-07-16,0,13462,2021-07-16,Standard,101,Product_101,Home Appliances,156.79,62.79,1,0.0,1265,6,156.79,94.0
1827,Customer_2194,58,Aswan,2023-08-02,0,12363,2023-08-02,Standard,129,Product_129,Electronics,59.35,38.66,2,0.0,518,6,118.7,41.38
1604,Customer_2195,34,Mansoura,2020-04-27,0,11703,2020-04-27,Same Day,124,Product_124,Home Appliances,268.45,155.67,2,0.0,630,4,536.9,225.56
2496,Customer_2196,32,Aswan,2020-06-02,0,13079,2020-06-02,Same Day,130,Product_130,Electronics,663.21,298.82,4,0.1,519,3,2387.56,1192.28
2440,Customer_2197,38,Luxor,2023-10-06,0,13579,2023-10-06,Express,140,Product_140,Electronics,1213.4,496.33,5,0.1,453,4,5460.3,2978.65
1304,Customer_2198,36,Alexandria,2023-07-29,0,11147,2023-07-29,Standard,135,Product_135,Clothing,458.59,223.54,4,0.05,522,6,1742.64,848.48
1735,Customer_2199,31,Alexandria,2022-11-04,0,13443,2022-11-04,Same Day,133,Product_133,Clothing,957.23,649.35,1,0.1,800,5,861.51,212.16
1290,Customer_2200,41,Mansoura,2022-01-14,0,12361,2022-01-14,Standard,120,Product_120,Sports,646.18,439.43,3,0.0,1083,2,1938.54,620.25
1101,Customer_2201,66,Alexandria,2022-11-16,0,13256,2022-11-16,Same Day,116,Product_116,Clothing,389.78,192.28,4,0.2,502,3,1247.3,478.18
2290,Customer_2202,40,Alexandria,2023-10-23,0,12594,2023-10-23,Same Day,109,Product_109,Clothing,795.66,517.8,1,0.0,388,2,795.66,277.86
1866,Customer_2203,37,Mansoura,2020-11-23,0,13656,2020-11-23,Same Day,131,Product_131,Clothing,1206.32,642.43,2,0.1,404,5,2171.38,886.52
1967,Customer_2204,44,Aswan,2020-03-04,0,13954,2020-03-04,Same Day,117,Product_117,Clothing,1257.11,749.62,5,0.0,1460,3,6285.55,2537.45
1973,Customer_2205,38,Giza,2020-10-19,0,11548,2020-10-19,Express,131,Product_131,Sports,1277.45,639.15,5,0.0,548,6,6387.25,3191.5
1841,Customer_2206,33,Aswan,2023-05-29,0,12086,2023-05-29,Standard,148,Product_148,Clothing,540.91,300.09,4,0.0,403,4,2163.64,963.28
1961,Customer_2207,24,Luxor,2023-10-20,0,13155,2023-10-20,Standard,123,Product_123,Home Appliances,1200.51,586.01,3,0.0,347,4,3601.53,1843.5
1941,Customer_2208,12,Luxor,2022-06-16,0,13092,2022-06-16,Express,106,Product_106,Home Appliances,357.66,149.62,4,0.0,475,5,1430.64,832.16
2026,Customer_2209,19,Alexandria,2020-03-12,1,12300,2020-03-12,Express,130,Product_130,Sports,1120.72,495.15,5,0.0,1123,4,5603.6,3127.85
1084,Customer_2210,23,Luxor,2020-09-15,1,12350,2020-09-15,Express,107,Product_107,Clothing,1425.16,694.34,5,0.0,1569,1,7125.8,3654.1
1327,Customer_2211,49,Giza,2020-05-17,0,10978,2020-05-17,Same Day,148,Product_148,Home Appliances,69.93,48.45,2,0.2,959,3,111.89,14.99
1815,Customer_2212,50,Alexandria,2021-04-28,1,12305,2021-04-28,Same Day,140,Product_140,Electronics,688.53,474.88,3,0.2,439,6,1652.47,227.83
2473,Customer_2213,26,Luxor,2023-08-14,0,13883,2023-08-14,Standard,142,Product_142,Home Appliances,989.27,641.34,3,0.1,391,7,2671.03,747.01
1453,Customer_2214,0,Cairo,2022-01-20,0,13047,2022-01-20,Express,146,Product_146,Clothing,1067.57,429.515,5,0.05,622,4,5070.96,2923.38
1628,Customer_2215,40,Cairo,2022-11-01,0,12589,2022-11-01,Standard,111,Product_111,Home Appliances,305.33,162.58,5,0.0,344,6,1526.65,713.75
2244,Customer_2216,33,Cairo,2022-02-23,1,12006,2022-02-23,Express,134,Product_134,Electronics,1459.67,776.45,4,0.0,1043,3,5838.68,2732.88
2177,Customer_2217,33,Cairo,2023-03-07,0,12687,2023-03-07,Standard,112,Product_112,Home Appliances,942.13,486.23,4,0.0,666,6,3768.52,1823.6
1664,Customer_2218,54,Aswan,2020-03-07,1,11846,2020-03-07,Express,145,Product_145,Clothing,288.29,119.2,2,0.2,1007,3,461.26,222.86
1011,Customer_2219,42,Cairo,2023-05-24,0,12599,2023-05-24,Express,147,Product_147,Electronics,79.76,44.69,5,0.1,588,5,358.92,135.47
2156,Customer_2220,25,Alexandria,2020-11-10,0,12508,2020-11-10,Same Day,127,Product_127,Sports,1185.73,500.19,4,0.05,476,3,4505.77,2505.01
1303,Customer_2221,21,Mansoura,2023-10-22,1,13680,2023-10-22,Standard,112,Product_112,Electronics,165.57,106.06,2,0.2,437,1,264.91,52.79
2316,Customer_2222,36,Aswan,2022-07-10,0,10223,2022-07-10,Same Day,113,Product_113,Home Appliances,254.52,154.59,3,0.0,512,4,763.56,299.79
1974,Customer_2223,26,Mansoura,2022-01-29,0,12139,2022-01-29,Same Day,108,Product_108,Sports,883.5,446.89,5,0.0,898,3,4417.5,2183.05
2323,Customer_2224,38,Alexandria,2022-01-31,1,10279,2022-01-31,Standard,116,Product_116,Electronics,925.08,549.63,1,0.2,473,2,740.06,190.43
1782,Customer_2225,55,Alexandria,2022-06-28,1,11193,2022-06-28,Same Day,129,Product_129,Electronics,1045.99,429.515,5,0.0,918,2,5229.95,3082.38
1042,Customer_2226,19,Giza,2020-06-06,0,11819,2020-06-06,Express,135,Product_135,Electronics,620.6,297.62,4,0.0,359,7,2482.4,1291.92
1943,Customer_2227,41,Aswan,2023-03-21,0,11757,2023-03-21,Express,129,Product_129,Clothing,1172.15,579.32,5,0.0,378,5,5860.75,2964.15
1342,Customer_2228,53,Mansoura,2020-10-08,0,12045,2020-10-08,Express,131,Product_131,Sports,1462.82,934.89,1,0.0,818,3,1462.82,527.93
2349,Customer_2229,38,Cairo,2022-12-20,1,13700,2022-12-20,Express,113,Product_113,Sports,443.09,205.24,5,0.05,535,5,2104.68,1078.48
1497,Customer_2230,50,Alexandria,2022-01-21,1,10247,2022-01-21,Same Day,112,Product_112,Electronics,1069.39,608.31,4,0.0,1076,1,4277.56,1844.32
1363,Customer_2231,35,Cairo,2022-03-26,1,11384,2022-03-26,Standard,102,Product_102,Sports,1396.28,642.48,3,0.0,422,3,4188.84,2261.4
1890,Customer_2232,42,Mansoura,2021-05-10,0,11372,2021-05-10,Same Day,133,Product_133,Home Appliances,1045.12,507.42,4,0.0,830,6,4180.48,2150.8
1426,Customer_2233,46,Aswan,2023-08-23,1,12913,2023-08-23,Standard,108,Product_108,Home Appliances,1037.61,488.35,2,0.0,497,3,2075.22,1098.52
2004,Customer_2234,31,Luxor,2021-07-24,0,13506,2021-07-24,Standard,141,Product_141,Electronics,374.47,222.25,4,0.2,481,3,1198.3,309.3
1020,Customer_2235,69,Luxor,2021-05-26,0,13477,2021-05-26,Same Day,140,Product_140,Home Appliances,825.94,460.89,2,0.0,534,7,1651.88,730.1
1406,Customer_2236,48,Alexandria,2020-08-20,0,13672,2020-08-20,Same Day,149,Product_149,Electronics,865.66,533.58,5,0.0,399,5,4328.3,1660.4
1618,Customer_2237,59,Giza,2020-02-23,0,12125,2020-02-23,Express,141,Product_141,Home Appliances,1065.19,496.36,2,0.0,342,3,2130.38,1137.66
2014,Customer_2238,56,Cairo,2021-01-16,0,12505,2021-01-16,Standard,132,Product_132,Electronics,1495.39,602.26,5,0.2,434,8,5981.56,2970.26
1335,Customer_2239,44,Alexandria,2022-10-19,0,12633,2022-10-19,Standard,138,Product_138,Electronics,98.78,59.68,2,0.0,516,6,197.56,78.2
2140,Customer_2240,60,Giza,2022-11-26,0,13463,2022-11-26,Standard,128,Product_128,Sports,144.59,62.82,4,0.2,429,6,462.69,211.41
2147,Customer_2241,42,Cairo,2022-03-03,0,13085,2022-03-03,Express,115,Product_115,Sports,163.03,77.26,1,0.0,654,6,163.03,85.77
1398,Customer_2242,29,Mansoura,2023-02-24,0,10044,2023-02-24,Standard,123,Product_123,Electronics,1127.32,554.31,5,0.0,677,6,5636.6,2865.05
1792,Customer_2243,40,Luxor,2020-08-29,1,12085,2020-08-29,Standard,124,Product_124,Sports,247.71,154.58,2,0.05,948,4,470.65,161.49
1714,Customer_2244,24,Giza,2021-06-20,0,10415,2021-06-20,Express,113,Product_113,Sports,952.56,559.88,1,0.0,420,4,952.56,392.68
1050,Customer_2245,8,Cairo,2021-06-17,0,12292,2021-06-17,Same Day,121,Product_121,Clothing,520.77,237.1,2,0.0,697,4,1041.54,567.34
1323,Customer_2246,27,Alexandria,2023-12-12,0,13133,2023-12-12,Express,112,Product_112,Home Appliances,713.11,413.15,2,0.0,386,4,1426.22,599.92
1788,Customer_2247,41,Cairo,2022-07-02,0,12540,2022-07-02,Express,113,Product_113,Sports,362.71,429.515,2,0.0,914,2,725.42,-133.61
1140,Customer_2248,55,Alexandria,2021-03-15,0,13679,2021-03-15,Same Day,139,Product_139,Electronics,1305.85,674.69,4,0.0,857,6,5223.4,2524.64
1469,Customer_2249,27,Luxor,2023-06-07,0,12370,2023-06-07,Standard,123,Product_123,Clothing,899.92,426.37,2,0.0,574,2,1799.84,947.1
1786,Customer_2250,55,Luxor,2021-07-08,0,11275,2021-07-08,Same Day,146,Product_146,Clothing,1419.62,857.02,1,0.0,373,3,1419.62,562.6
2357,Customer_2251,21,Cairo,2023-11-22,0,12515,2023-11-22,Standard,143,Product_143,Sports,883.16,515.12,2,0.0,406,1,1766.32,736.08
1963,Customer_2252,26,Cairo,2022-10-02,0,11084,2022-10-02,Express,128,Product_128,Electronics,229.67,97.24,3,0.05,772,4,654.56,362.84
2007,Customer_2253,61,Alexandria,2021-02-13,0,13852,2021-02-13,Standard,114,Product_114,Electronics,297.76,178.66,5,0.0,580,5,1488.8,595.5
1372,Customer_2254,40,Alexandria,2020-09-08,1,11142,2020-09-08,Express,117,Product_117,Electronics,1484.16,811.18,4,0.0,999,3,5936.64,2691.92
1493,Customer_2255,37,Giza,2020-10-04,0,10086,2020-10-04,Standard,124,Product_124,Electronics,1102.07,689.91,3,0.0,344,5,3306.21,1236.48
1750,Customer_2256,43,Giza,2020-05-31,0,13666,2020-05-31,Express,134,Product_134,Electronics,121.45,55.53,3,0.0,414,5,364.35,197.76
2179,Customer_2257,21,Giza,2022-07-14,0,12127,2022-07-14,Standard,148,Product_148,Home Appliances,1070.48,511.12,1,0.0,500,5,1070.48,559.36
1290,Customer_2258,35,Cairo,2020-12-19,0,10227,2020-12-19,Standard,122,Product_122,Electronics,647.65,364.62,1,0.1,1083,2,582.88,218.26
2167,Customer_2259,40,Aswan,2023-12-31,0,12530,2023-12-31,Standard,110,Product_110,Electronics,495.45,269.78,4,0.1,367,5,1783.62,704.5
1105,Customer_2260,58,Aswan,2022-06-30,1,11838,2022-06-30,Same Day,108,Product_108,Home Appliances,273.39,141.04,4,0.0,916,2,1093.56,529.4
2443,Customer_2261,14,Aswan,2020-06-28,1,10622,2020-06-28,Express,121,Product_121,Sports,1267.86,790.9,5,0.0,1212,4,6339.3,2384.8
1669,Customer_2262,66,Aswan,2023-10-28,0,13953,2023-10-28,Express,137,Product_137,Clothing,142.57,429.515,2,0.0,431,4,285.14,-573.89
1001,Customer_2263,38,Giza,2021-10-16,0,13381,2021-10-16,Express,107,Product_107,Home Appliances,470.26,288.31,4,0.2,585,5,1504.83,351.59
1588,Customer_2264,23,Cairo,2023-09-29,0,11606,2023-09-29,Same Day,126,Product_126,Clothing,494.26,429.515,4,0.0,397,5,1977.04,258.98
1643,Customer_2265,20,Aswan,2021-12-12,1,12995,2021-12-12,Same Day,113,Product_113,Clothing,283.31,175.28,2,0.0,863,4,566.62,216.06
1089,Customer_2266,44,Luxor,2023-12-24,0,10484,2023-12-24,Same Day,116,Product_116,Home Appliances,786.87,423.7,5,0.0,354,5,3934.35,1815.85
2368,Customer_2267,19,Mansoura,2020-12-05,0,12887,2020-12-05,Same Day,130,Product_130,Electronics,66.97,27.47,1,0.0,748,4,66.97,39.5
1349,Customer_2268,31,Luxor,2023-01-31,0,10024,2023-01-31,Standard,131,Product_131,Clothing,486.41,228.78,5,0.0,350,4,2432.05,1288.15
2482,Customer_2269,36,Cairo,2023-01-15,0,11814,2023-01-15,Express,105,Product_105,Electronics,1403.76,572.35,2,0.1,618,5,2526.77,1382.07
2286,Customer_2270,57,Cairo,2021-08-17,1,11225,2021-08-17,Standard,132,Product_132,Sports,500.27,268.68,1,0.0,1233,2,500.27,231.59
2374,Customer_2271,55,Mansoura,2021-06-09,1,13997,2021-06-09,Same Day,116,Product_116,Home Appliances,572.67,285.05,1,0.0,1213,1,572.67,287.62
2131,Customer_2272,30,Alexandria,2020-11-18,0,11248,2020-11-18,Same Day,147,Product_147,Clothing,736.09,512.49,1,0.0,611,4,736.09,223.6
2062,Customer_2273,36,Alexandria,2023-12-28,0,10778,2023-12-28,Standard,109,Product_109,Electronics,864.46,571.02,5,0.0,370,10,4322.3,1467.2
1908,Customer_2274,16,Alexandria,2023-12-24,0,13581,2023-12-24,Express,122,Product_122,Clothing,1222.63,791.9,2,0.0,351,4,2445.26,861.46
1158,Customer_2275,9,Giza,2023-05-12,0,10930,2023-05-12,Same Day,144,Product_144,Sports,325.97,179.39,5,0.05,393,4,1548.36,651.41
1958,Customer_2276,21,Alexandria,2023-07-30,0,12842,2023-07-30,Standard,140,Product_140,Sports,1314.03,843.77,5,0.0,521,3,6570.15,2351.3
1311,Customer_2277,56,Giza,2020-12-22,0,13700,2020-12-22,Standard,145,Product_145,Clothing,1148.45,551.33,3,0.0,867,3,3445.35,1791.36
2264,Customer_2278,51,Giza,2022-01-10,0,11602,2022-01-10,Standard,137,Product_137,Home Appliances,1097.84,623.79,4,0.1,694,3,3952.22,1457.06
1444,Customer_2279,45,Alexandria,2022-11-07,0,11582,2022-11-07,Standard,114,Product_114,Sports,175.87,91.08,5,0.0,688,7,879.35,423.95
1297,Customer_2280,18,Alexandria,2021-04-04,1,10752,2021-04-04,Express,116,Product_116,Electronics,81.38,36.74,3,0.0,1368,1,244.14,133.92
1951,Customer_2281,29,Mansoura,2020-05-09,0,11713,2020-05-09,Express,143,Product_143,Sports,911.32,384.38,2,0.0,702,5,1822.64,1053.88
1035,Customer_2282,27,Aswan,2021-02-15,1,13591,2021-02-15,Same Day,120,Product_120,Electronics,1301.54,738.58,3,0.05,1244,3,3709.39,1493.65
2107,Customer_2283,37,Mansoura,2020-10-11,0,13254,2020-10-11,Same Day,144,Product_144,Clothing,897.44,385.26,5,0.0,351,10,4487.2,2560.9
2475,Customer_2284,36,Giza,2021-04-29,0,11100,2021-04-29,Express,115,Product_115,Electronics,359.19,221.05,2,0.0,1041,5,718.38,276.28
2408,Customer_2285,24,Mansoura,2022-08-10,0,10425,2022-08-10,Express,144,Product_144,Clothing,181.25,122.6,3,0.0,456,5,543.75,175.95
2195,Customer_2286,45,Giza,2020-02-23,1,13138,2020-02-23,Standard,126,Product_126,Sports,1064.41,429.515,5,0.0,1604,5,5322.05,3174.48
2399,Customer_2287,43,Cairo,2022-01-09,0,10659,2022-01-09,Standard,109,Product_109,Home Appliances,1096.57,593.55,2,0.05,353,5,2083.48,896.38
2385,Customer_2288,29,Giza,2023-02-08,0,11517,2023-02-08,Standard,101,Product_101,Sports,300.17,186.6,2,0.0,693,2,600.34,227.14
1558,Customer_2289,41,Giza,2023-03-18,0,12732,2023-03-18,Same Day,135,Product_135,Sports,90.88,44.17,4,0.1,519,7,327.17,150.49
1890,Customer_2290,56,Mansoura,2022-01-25,0,10546,2022-01-25,Same Day,144,Product_144,Sports,642.01,434.15,5,0.0,830,6,3210.05,1039.3
1140,Customer_2291,61,Aswan,2022-08-15,0,11100,2022-08-15,Same Day,120,Product_120,Sports,894.94,596.51,4,0.0,857,6,3579.76,1193.72
1886,Customer_2292,47,Cairo,2023-02-03,1,12963,2023-02-03,Same Day,145,Product_145,Home Appliances,1073.7,462.9,2,0.05,641,4,2040.03,1114.23
2141,Customer_2293,46,Luxor,2020-09-22,1,13863,2020-09-22,Standard,106,Product_106,Sports,1224.42,499.83,2,0.0,681,7,2448.84,1449.18
2300,Customer_2294,36,Luxor,2023-07-06,1,13768,2023-07-06,Same Day,142,Product_142,Electronics,935.28,648.09,3,0.0,497,5,2805.84,861.57
1725,Customer_2295,55,Aswan,2020-06-25,0,12102,2020-06-25,Same Day,110,Product_110,Home Appliances,210.78,144.79,4,0.0,504,9,843.12,263.96
2243,Customer_2296,23,Luxor,2020-05-14,0,13976,2020-05-14,Standard,148,Product_148,Home Appliances,1039.74,547.62,1,0.0,437,8,1039.74,492.12
2049,Customer_2297,53,Cairo,2021-09-25,0,13677,2021-09-25,Standard,133,Product_133,Electronics,1477.06,613.23,5,0.0,414,4,7385.3,4319.15
1520,Customer_2298,35,Alexandria,2022-03-26,0,11496,2022-03-26,Express,116,Product_116,Clothing,1363.1,798.32,4,0.2,365,6,4361.92,1168.64
1009,Customer_2299,62,Cairo,2024-01-08,0,13727,2024-01-08,Standard,136,Product_136,Sports,1313.92,641.22,2,0.1,359,5,2365.06,1082.62
1983,Customer_2300,48,Mansoura,2024-12-01,0,13318,2024-12-01,Same Day,106,Product_106,Home Appliances,488.15,332.44,3,0.2,355,5,1171.56,174.24
1377,Customer_2301,38,Giza,2022-09-07,1,11462,2022-09-07,Standard,119,Product_119,Sports,1138.64,726.91,5,0.2,847,3,4554.56,920.01
1681,Customer_2302,36,Giza,2022-12-12,0,11735,2022-12-12,Same Day,131,Product_131,Sports,1284.1,763.88,5,0.0,349,4,6420.5,2601.1
1583,Customer_2303,47,Mansoura,2022-04-21,1,11771,2022-04-21,Express,102,Product_102,Electronics,1033.57,501.64,3,0.0,603,3,3100.71,1595.79
1151,Customer_2304,47,Mansoura,2022-04-18,1,12361,2022-04-18,Express,118,Product_118,Electronics,413.31,252.28,2,0.0,771,3,826.62,322.06
1719,Customer_2305,34,Giza,2023-03-23,0,11343,2023-03-23,Express,142,Product_142,Electronics,1433.06,697.54,1,0.1,650,4,1289.75,592.21
2072,Customer_2306,41,Aswan,2020-05-31,0,12267,2020-05-31,Same Day,128,Product_128,Sports,703.69,289.42,3,0.0,340,5,2111.07,1242.81
2177,Customer_2307,53,Alexandria,2020-09-13,0,13915,2020-09-13,Same Day,104,Product_104,Home Appliances,238.22,131.62,1,0.0,666,6,238.22,106.6
1858,Customer_2308,19,Alexandria,2021-10-11,0,11394,2021-10-11,Express,101,Product_101,Home Appliances,209.18,114.34,4,0.0,551,5,836.72,379.36
2316,Customer_2309,50,Alexandria,2023-08-08,0,11239,2023-08-08,Express,147,Product_147,Clothing,988.9,621.92,5,0.0,512,4,4944.5,1834.9
1049,Customer_2310,47,Mansoura,2020-05-31,0,10048,2020-05-31,Same Day,142,Product_142,Sports,684.68,429.515,2,0.0,1417,4,1369.36,510.33
1663,Customer_2311,57,Giza,2022-10-07,0,11820,2022-10-07,Same Day,116,Product_116,Clothing,187.0,94.69,1,0.0,521,6,187.0,92.31
1530,Customer_2312,29,Aswan,2022-12-08,0,12510,2022-12-08,Same Day,145,Product_145,Clothing,1123.53,600.91,2,0.1,873,1,2022.35,820.53
2083,Customer_2313,40,Giza,2023-10-24,0,12165,2023-10-24,Same Day,147,Product_147,Clothing,1209.02,429.515,4,0.0,435,3,4836.08,3118.02
2190,Customer_2314,43,Giza,2022-11-25,0,12129,2022-11-25,Express,102,Product_102,Clothing,1101.85,547.91,1,0.2,515,3,881.48,333.57
2225,Customer_2315,51,Aswan,2021-06-12,0,13334,2021-06-12,Express,136,Product_136,Clothing,343.28,213.87,2,0.0,570,3,686.56,258.82
1856,Customer_2316,46,Cairo,2020-09-19,1,13660,2020-09-19,Standard,101,Product_101,Sports,1050.17,584.56,2,0.2,1565,2,1680.27,511.15
1145,Customer_2317,21,Aswan,2023-02-03,0,11746,2023-02-03,Standard,139,Product_139,Electronics,65.55,44.19,4,0.0,698,3,262.2,85.44
1914,Customer_2318,44,Cairo,2023-03-08,1,10495,2023-03-08,Same Day,123,Product_123,Clothing,492.41,293.03,3,0.05,514,4,1403.37,524.28
1992,Customer_2319,70,Luxor,2023-04-18,0,10633,2023-04-18,Express,126,Product_126,Home Appliances,628.29,291.26,4,0.0,385,6,2513.16,1348.12
2462,Customer_2320,49,Cairo,2021-07-01,1,12884,2021-07-01,Same Day,111,Product_111,Sports,1261.11,566.8,1,0.0,930,3,1261.11,694.31
1241,Customer_2321,64,Alexandria,2020-09-21,0,10601,2020-09-21,Standard,142,Product_142,Clothing,616.07,315.25,1,0.1,482,7,554.46,239.21
1580,Customer_2322,55,Alexandria,2022-06-05,0,12817,2022-06-05,Same Day,101,Product_101,Home Appliances,66.34,33.44,5,0.0,387,5,331.7,164.5
1686,Customer_2323,41,Aswan,2022-10-26,0,12720,2022-10-26,Standard,111,Product_111,Clothing,560.9,292.87,2,0.0,531,4,1121.8,536.06
1482,Customer_2324,44,Alexandria,2020-04-23,0,10175,2020-04-23,Standard,124,Product_124,Electronics,773.44,351.98,1,0.0,1185,5,773.44,421.46
2131,Customer_2325,47,Alexandria,2020-09-11,0,12852,2020-09-11,Express,110,Product_110,Sports,1426.06,988.93,3,0.0,611,4,4278.18,1311.39
2249,Customer_2326,43,Luxor,2022-11-27,0,13160,2022-11-27,Same Day,114,Product_114,Electronics,1414.5,627.63,3,0.0,328,6,4243.5,2360.61
1672,Customer_2327,40,Alexandria,2020-11-09,1,10638,2020-11-09,Express,114,Product_114,Home Appliances,312.27,186.05,4,0.0,1196,3,1249.08,504.88
1630,Customer_2328,51,Mansoura,2021-09-14,1,13430,2021-09-14,Standard,107,Product_107,Clothing,318.46,128.63,1,0.0,755,2,318.46,189.83
1660,Customer_2329,32,Mansoura,2020-03-12,0,13357,2020-03-12,Standard,123,Product_123,Electronics,286.9,149.79,1,0.0,441,8,286.9,137.11
1661,Customer_2330,68,Mansoura,2020-11-27,0,10296,2020-11-27,Same Day,143,Product_143,Electronics,1193.94,588.32,5,0.1,356,10,5372.73,2431.13
2455,Customer_2331,26,Cairo,2021-10-22,1,11283,2021-10-22,Same Day,122,Product_122,Clothing,58.73,429.515,5,0.0,1167,2,293.65,-1853.92
1804,Customer_2332,52,Aswan,2023-12-23,0,11874,2023-12-23,Same Day,136,Product_136,Sports,234.41,128.79,5,0.0,375,6,1172.05,528.1
1418,Customer_2333,60,Aswan,2021-06-04,0,10474,2021-06-04,Same Day,127,Product_127,Home Appliances,830.04,481.52,1,0.0,485,4,830.04,348.52
1987,Customer_2334,37,Giza,2021-12-09,0,13827,2021-12-09,Standard,102,Product_102,Sports,408.96,235.17,4,0.0,558,6,1635.84,695.16
2478,Customer_2335,23,Luxor,2022-11-28,0,11646,2022-11-28,Standard,139,Product_139,Home Appliances,183.92,108.37,4,0.0,653,5,735.68,302.2
2183,Customer_2336,57,Mansoura,2021-08-04,0,11958,2021-08-04,Standard,146,Product_146,Home Appliances,571.82,373.61,4,0.0,448,3,2287.28,792.84
1649,Customer_2337,43,Mansoura,2020-10-06,0,12583,2020-10-06,Express,119,Product_119,Electronics,447.6,298.11,4,0.2,647,3,1432.32,239.88
1968,Customer_2338,52,Alexandria,2021-05-28,1,13633,2021-05-28,Express,107,Product_107,Clothing,791.1,491.41,3,0.05,755,4,2254.64,780.41
1589,Customer_2339,38,Mansoura,2021-06-02,1,11060,2021-06-02,Express,112,Product_112,Sports,1469.89,622.77,1,0.0,1425,2,1469.89,847.12
2100,Customer_2340,65,Alexandria,2023-07-24,0,13252,2023-07-24,Same Day,103,Product_103,Electronics,230.24,158.49,2,0.0,527,1,460.48,143.5
1508,Customer_2341,8,Alexandria,2023-02-02,0,11788,2023-02-02,Standard,147,Product_147,Electronics,590.45,404.0,1,0.0,428,6,590.45,186.45
1440,Customer_2342,45,Giza,2021-07-16,0,10024,2021-07-16,Express,105,Product_105,Electronics,1401.38,859.76,4,0.2,1012,2,4484.42,1045.38
2277,Customer_2343,60,Cairo,2020-09-13,0,10348,2020-09-13,Same Day,108,Product_108,Sports,1321.47,733.72,3,0.2,476,5,3171.53,970.37
1920,Customer_2344,41,Alexandria,2023-04-07,0,10636,2023-04-07,Same Day,114,Product_114,Electronics,621.69,295.42,3,0.0,547,7,1865.07,978.81
1769,Customer_2345,44,Alexandria,2021-12-09,0,13614,2021-12-09,Same Day,136,Product_136,Clothing,1063.48,666.7,1,0.0,654,7,1063.48,396.78
2343,Customer_2346,33,Aswan,2023-12-06,0,13820,2023-12-06,Standard,107,Product_107,Electronics,177.39,117.67,2,0.0,451,5,354.78,119.44
1262,Customer_2347,40,Giza,2022-12-28,1,10226,2022-12-28,Same Day,107,Product_107,Electronics,1083.18,649.43,4,0.0,735,3,4332.72,1735.0
2397,Customer_2348,14,Alexandria,2020-10-07,0,11371,2020-10-07,Express,146,Product_146,Home Appliances,1460.64,859.91,3,0.0,995,3,4381.92,1802.19
1636,Customer_2349,29,Luxor,2022-10-26,1,10037,2022-10-26,Same Day,132,Product_132,Electronics,829.36,379.77,4,0.0,798,3,3317.44,1798.36
2190,Customer_2350,28,Cairo,2023-05-08,0,11406,2023-05-08,Standard,108,Product_108,Sports,772.81,392.08,4,0.0,515,3,3091.24,1522.92
1458,Customer_2351,50,Luxor,2020-11-12,1,12617,2020-11-12,Standard,112,Product_112,Sports,321.61,198.41,4,0.0,415,5,1286.44,492.8
1998,Customer_2352,31,Mansoura,2023-04-27,0,12283,2023-04-27,Same Day,110,Product_110,Clothing,968.99,392.51,5,0.0,615,4,4844.95,2882.4
2303,Customer_2353,31,Cairo,2023-04-04,0,11204,2023-04-04,Standard,114,Product_114,Sports,906.13,536.77,4,0.05,638,4,3443.29,1296.21
1699,Customer_2354,34,Mansoura,2020-11-11,0,12161,2020-11-11,Standard,109,Product_109,Sports,995.3,627.04,4,0.0,433,9,3981.2,1473.04
1301,Customer_2355,28,Aswan,2020-12-16,0,12353,2020-12-16,Express,138,Product_138,Electronics,87.82,43.95,2,0.0,434,6,175.64,87.74
2241,Customer_2356,44,Alexandria,2023-11-09,0,12179,2023-11-09,Express,130,Product_130,Clothing,845.65,357.58,2,0.05,478,5,1606.74,891.58
2125,Customer_2357,45,Giza,2023-02-07,0,10347,2023-02-07,Same Day,105,Product_105,Sports,912.66,429.515,5,0.0,549,7,4563.3,2415.73
1553,Customer_2358,52,Luxor,2024-01-15,0,11203,2024-01-15,Standard,101,Product_101,Clothing,350.92,155.3,5,0.0,352,5,1754.6,978.1
1287,Customer_2359,49,Mansoura,2023-05-24,1,12462,2023-05-24,Standard,101,Product_101,Clothing,352.08,180.0,4,0.0,588,2,1408.32,688.32
2190,Customer_2360,48,Alexandria,2021-11-22,0,10982,2021-11-22,Standard,120,Product_120,Home Appliances,450.52,275.8,3,0.0,515,3,1351.56,524.16
1620,Customer_2361,35,Luxor,2023-02-28,0,13661,2023-02-28,Express,149,Product_149,Home Appliances,1082.0,697.99,3,0.0,433,3,3246.0,1152.03
2005,Customer_2362,34,Luxor,2020-03-25,1,10731,2020-03-25,Standard,111,Product_111,Electronics,929.09,612.01,1,0.05,1743,1,882.64,270.63
1035,Customer_2363,26,Aswan,2020-02-28,1,12701,2020-02-28,Express,126,Product_126,Sports,1276.36,713.64,3,0.0,1244,3,3829.08,1688.16
1743,Customer_2364,26,Aswan,2020-06-15,1,12432,2020-06-15,Standard,144,Product_144,Electronics,478.7,259.82,3,0.0,969,5,1436.1,656.64
1352,Customer_2365,42,Mansoura,2020-04-03,1,12559,2020-04-03,Express,103,Product_103,Electronics,1372.5,898.29,2,0.1,447,4,2470.5,673.92
1072,Customer_2366,29,Alexandria,2023-06-08,0,11066,2023-06-08,Same Day,106,Product_106,Clothing,1128.37,641.96,1,0.0,514,7,1128.37,486.41
1647,Customer_2367,62,Giza,2023-03-27,0,11503,2023-03-27,Same Day,143,Product_143,Clothing,622.77,357.22,1,0.0,646,3,622.77,265.55
2376,Customer_2368,39,Mansoura,2021-06-26,1,11141,2021-06-26,Standard,145,Product_145,Clothing,188.13,429.515,2,0.0,997,2,376.26,-482.77
2093,Customer_2369,62,Luxor,2023-08-26,0,11594,2023-08-26,Standard,111,Product_111,Electronics,422.63,216.32,3,0.0,494,5,1267.89,618.93
1424,Customer_2370,48,Luxor,2021-03-07,0,12108,2021-03-07,Express,108,Product_108,Sports,1437.31,782.13,3,0.0,420,7,4311.93,1965.54
1998,Customer_2371,28,Cairo,2023-03-17,0,12600,2023-03-17,Express,129,Product_129,Electronics,500.03,254.74,1,0.1,615,4,450.03,195.29
1707,Customer_2372,39,Alexandria,2022-05-03,1,11809,2022-05-03,Express,110,Product_110,Electronics,528.36,265.8,3,0.0,974,1,1585.08,787.68
1560,Customer_2373,14,Cairo,2023-06-19,0,12235,2023-06-19,Standard,134,Product_134,Electronics,324.9,226.81,1,0.0,386,6,324.9,98.09
1827,Customer_2374,42,Aswan,2023-01-08,0,10452,2023-01-08,Express,124,Product_124,Home Appliances,1219.93,611.02,3,0.2,518,6,2927.83,1094.77
1955,Customer_2375,29,Giza,2020-03-03,0,12894,2020-03-03,Standard,146,Product_146,Home Appliances,449.68,214.46,4,0.0,371,6,1798.72,940.88
1516,Customer_2376,23,Mansoura,2022-10-16,0,12234,2022-10-16,Express,148,Product_148,Sports,528.87,267.7,2,0.0,669,5,1057.74,522.34
1427,Customer_2377,62,Luxor,2023-07-08,0,12985,2023-07-08,Standard,117,Product_117,Home Appliances,650.8,375.66,5,0.05,441,4,3091.3,1213.0
1159,Customer_2378,55,Alexandria,2023-01-22,0,13535,2023-01-22,Express,132,Product_132,Electronics,678.91,457.11,4,0.1,546,6,2444.08,615.64
1148,Customer_2379,55,Luxor,2021-08-16,0,11763,2021-08-16,Express,111,Product_111,Home Appliances,646.44,411.37,3,0.0,485,6,1939.32,705.21
1775,Customer_2380,51,Aswan,2023-07-08,0,10163,2023-07-08,Express,134,Product_134,Home Appliances,780.43,509.37,5,0.1,454,7,3511.94,965.09
2253,Customer_2381,21,Cairo,2021-10-09,1,11447,2021-10-09,Standard,124,Product_124,Electronics,1231.04,809.66,4,0.0,1209,2,4924.16,1685.52
1066,Customer_2382,33,Cairo,2022-09-16,0,13869,2022-09-16,Same Day,105,Product_105,Sports,1237.96,837.06,2,0.1,646,2,2228.33,554.21
2013,Customer_2383,34,Mansoura,2021-05-16,0,10101,2021-05-16,Same Day,129,Product_129,Home Appliances,1207.55,568.18,5,0.2,409,5,4830.2,1989.3
1380,Customer_2384,14,Alexandria,2023-11-03,1,13338,2023-11-03,Standard,148,Product_148,Electronics,196.63,105.69,5,0.0,383,4,983.15,454.7
1057,Customer_2385,31,Aswan,2022-04-11,1,13707,2022-04-11,Standard,148,Product_148,Electronics,1209.53,623.58,2,0.0,993,3,2419.06,1171.9
2282,Customer_2386,31,Alexandria,2021-01-09,1,13224,2021-01-09,Same Day,134,Product_134,Electronics,224.37,115.45,4,0.0,601,3,897.48,435.68
1341,Customer_2387,41,Mansoura,2022-07-17,0,11452,2022-07-17,Same Day,116,Product_116,Clothing,230.85,137.51,5,0.05,806,5,1096.54,408.99
2153,Customer_2388,77,Aswan,2020-05-29,0,10690,2020-05-29,Express,125,Product_125,Electronics,1424.4,741.46,2,0.1,367,5,2563.92,1081.0
1726,Customer_2389,39,Aswan,2023-11-11,0,11450,2023-11-11,Express,137,Product_137,Home Appliances,1238.13,724.18,4,0.0,417,7,4952.52,2055.8
2195,Customer_2390,41,Cairo,2020-02-05,1,12625,2020-02-05,Standard,108,Product_108,Home Appliances,851.0,438.0,3,0.05,1604,5,2425.35,1111.35
1769,Customer_2391,36,Cairo,2020-11-19,0,12658,2020-11-19,Same Day,129,Product_129,Electronics,1318.71,650.57,1,0.05,654,7,1252.77,602.2
1613,Customer_2392,41,Cairo,2022-06-19,0,11966,2022-06-19,Same Day,146,Product_146,Clothing,1484.58,751.08,3,0.05,390,3,4231.05,1977.81
2232,Customer_2393,23,Luxor,2022-01-05,0,10535,2022-01-05,Standard,125,Product_125,Clothing,935.43,599.73,3,0.05,976,2,2665.98,866.79
1353,Customer_2394,68,Giza,2022-09-18,0,13404,2022-09-18,Same Day,142,Product_142,Clothing,938.7,544.74,1,0.0,836,3,938.7,393.96
2494,Customer_2395,38,Cairo,2022-08-09,1,12808,2022-08-09,Express,123,Product_123,Home Appliances,1143.92,791.82,3,0.0,876,3,3431.76,1056.3
1115,Customer_2396,34,Giza,2021-02-21,0,12025,2021-02-21,Same Day,134,Product_134,Clothing,386.6,251.21,3,0.1,471,5,1043.82,290.19
2287,Customer_2397,54,Giza,2021-11-27,1,11700,2021-11-27,Same Day,103,Product_103,Sports,292.33,159.53,2,0.2,1131,5,467.73,148.67
1661,Customer_2398,26,Alexandria,2023-05-27,0,12943,2023-05-27,Express,130,Product_130,Sports,1151.39,544.28,2,0.0,356,10,2302.78,1214.22
2465,Customer_2399,50,Mansoura,2020-10-21,1,11463,2020-10-21,Same Day,134,Product_134,Clothing,550.11,331.26,4,0.0,1533,3,2200.44,875.4
1452,Customer_2400,61,Luxor,2021-10-02,0,11629,2021-10-02,Express,132,Product_132,Sports,245.85,151.93,5,0.1,334,5,1106.32,346.67
1286,Customer_2401,36,Giza,2024-01-11,0,13018,2024-01-11,Express,129,Product_129,Electronics,506.57,273.17,4,0.05,356,4,1924.97,832.29
2326,Customer_2402,70,Luxor,2021-10-15,0,11878,2021-10-15,Express,109,Product_109,Clothing,570.02,267.33,2,0.0,391,7,1140.04,605.38
2016,Customer_2403,49,Alexandria,2021-12-08,0,10123,2021-12-08,Same Day,102,Product_102,Clothing,1449.58,822.16,2,0.0,478,6,2899.16,1254.84
1310,Customer_2404,49,Cairo,2022-03-27,0,13373,2022-03-27,Express,139,Product_139,Clothing,1062.04,505.69,1,0.05,450,5,1008.94,503.25
1207,Customer_2405,60,Aswan,2020-09-24,0,12715,2020-09-24,Standard,107,Product_107,Electronics,819.74,559.06,1,0.05,336,5,778.75,219.69
1617,Customer_2406,41,Giza,2022-01-28,0,12396,2022-01-28,Same Day,146,Product_146,Electronics,1454.87,856.43,2,0.05,1069,4,2764.25,1051.39
1445,Customer_2407,43,Mansoura,2022-11-20,0,10248,2022-11-20,Express,105,Product_105,Clothing,1359.55,662.89,3,0.05,616,3,3874.72,1886.05
1669,Customer_2408,51,Aswan,2023-02-24,0,11971,2023-02-24,Standard,108,Product_108,Home Appliances,792.4,368.24,4,0.0,431,4,3169.6,1696.64
1632,Customer_2409,60,Alexandria,2020-08-05,0,11294,2020-08-05,Standard,132,Product_132,Home Appliances,1363.24,838.42,2,0.2,723,4,2181.18,504.34
1054,Customer_2410,41,Luxor,2021-10-15,0,11452,2021-10-15,Express,118,Product_118,Sports,636.24,429.515,2,0.05,397,5,1208.86,349.83
1911,Customer_2411,14,Cairo,2021-05-10,1,11593,2021-05-10,Standard,138,Product_138,Electronics,384.11,222.45,1,0.0,1332,2,384.11,161.66
2035,Customer_2412,39,Luxor,2022-08-13,0,12754,2022-08-13,Express,146,Product_146,Sports,387.38,226.34,4,0.2,548,8,1239.62,334.26
1656,Customer_2413,13,Mansoura,2020-07-09,1,10712,2020-07-09,Standard,118,Product_118,Sports,1010.36,587.18,4,0.2,1285,4,3233.15,884.43
2423,Customer_2414,35,Giza,2021-01-07,0,13655,2021-01-07,Same Day,149,Product_149,Clothing,776.55,429.515,5,0.1,472,5,3494.48,1346.91
1979,Customer_2415,44,Mansoura,2022-07-09,0,13054,2022-07-09,Express,141,Product_141,Home Appliances,1005.48,684.96,2,0.0,474,4,2010.96,641.04
1514,Customer_2416,35,Luxor,2021-05-22,0,10246,2021-05-22,Standard,145,Product_145,Sports,1044.81,568.15,5,0.0,562,5,5224.05,2383.3
1236,Customer_2417,37,Luxor,2020-10-15,1,10480,2020-10-15,Standard,116,Product_116,Clothing,82.37,33.45,1,0.0,1539,2,82.37,48.92
2302,Customer_2418,24,Aswan,2020-07-17,1,12145,2020-07-17,Express,121,Product_121,Electronics,128.36,64.76,5,0.0,358,3,641.8,318.0
1347,Customer_2419,51,Mansoura,2020-04-13,0,12376,2020-04-13,Same Day,110,Product_110,Sports,822.38,361.09,3,0.0,890,4,2467.14,1383.87
1626,Customer_2420,24,Mansoura,2021-08-17,1,13664,2021-08-17,Express,142,Product_142,Home Appliances,327.0,166.45,2,0.0,1233,2,654.0,321.1
2127,Customer_2421,8,Mansoura,2022-02-25,0,11448,2022-02-25,Standard,104,Product_104,Electronics,967.17,563.36,2,0.0,674,6,1934.34,807.62
1629,Customer_2422,36,Cairo,2023-06-14,0,13648,2023-06-14,Express,144,Product_144,Clothing,850.67,346.05,4,0.2,371,4,2722.14,1337.94
2271,Customer_2423,53,Luxor,2022-06-05,0,13495,2022-06-05,Same Day,108,Product_108,Electronics,899.35,594.52,5,0.0,811,4,4496.75,1524.15
1363,Customer_2424,41,Alexandria,2021-05-23,1,11028,2021-05-23,Standard,147,Product_147,Sports,488.56,284.88,4,0.0,422,3,1954.24,814.72
1320,Customer_2425,22,Cairo,2020-11-23,1,12013,2020-11-23,Same Day,119,Product_119,Electronics,977.77,477.75,5,0.0,715,4,4888.85,2500.1
1285,Customer_2426,41,Cairo,2021-01-11,1,10458,2021-01-11,Same Day,147,Product_147,Electronics,1252.76,618.06,5,0.0,1157,3,6263.8,3173.5
1148,Customer_2427,46,Cairo,2023-03-29,0,12843,2023-03-29,Standard,140,Product_140,Electronics,1497.2,808.04,1,0.1,485,6,1347.48,539.44
2107,Customer_2428,41,Aswan,2024-01-16,0,13877,2024-01-16,Same Day,140,Product_140,Home Appliances,1265.74,600.5,5,0.0,351,10,6328.7,3326.2
1405,Customer_2429,36,Alexandria,2021-02-10,1,10592,2021-02-10,Standard,109,Product_109,Sports,858.37,429.515,4,0.0,567,5,3433.48,1715.42
1977,Customer_2430,47,Mansoura,2021-01-23,1,10497,2021-01-23,Same Day,130,Product_130,Clothing,330.47,134.82,5,0.0,966,3,1652.35,978.25
1455,Customer_2431,13,Aswan,2020-11-22,0,12134,2020-11-22,Same Day,117,Product_117,Home Appliances,1038.1,526.65,5,0.0,347,6,5190.5,2557.25
1799,Customer_2432,26,Luxor,2022-10-17,1,12449,2022-10-17,Standard,140,Product_140,Sports,1409.6,616.37,2,0.0,807,3,2819.2,1586.46
2184,Customer_2433,20,Giza,2022-11-20,0,11316,2022-11-20,Same Day,144,Product_144,Clothing,357.21,145.28,2,0.0,338,9,714.42,423.86
2012,Customer_2434,60,Aswan,2022-08-14,0,13994,2022-08-14,Same Day,115,Product_115,Clothing,421.19,277.05,2,0.0,682,5,842.38,288.28
1783,Customer_2435,50,Giza,2022-10-18,1,13352,2022-10-18,Same Day,104,Product_104,Clothing,266.06,128.31,3,0.0,806,3,798.18,413.25
1459,Customer_2436,42,Luxor,2021-09-23,0,10196,2021-09-23,Express,106,Product_106,Sports,1118.25,616.09,2,0.05,338,6,2124.67,892.49
1737,Customer_2437,18,Alexandria,2022-10-15,0,12811,2022-10-15,Same Day,116,Product_116,Clothing,639.51,290.22,3,0.0,485,4,1918.53,1047.87
1508,Customer_2438,51,Giza,2020-02-17,0,13154,2020-02-17,Express,126,Product_126,Clothing,140.91,58.34,3,0.0,428,6,422.73,247.71
1480,Customer_2439,60,Cairo,2020-07-03,0,10026,2020-07-03,Standard,137,Product_137,Home Appliances,1318.68,822.14,4,0.0,744,3,5274.72,1986.16
1113,Customer_2440,48,Aswan,2022-03-16,0,13916,2022-03-16,Standard,123,Product_123,Clothing,858.62,375.64,2,0.0,423,5,1717.24,965.96
1748,Customer_2441,39,Giza,2022-01-11,0,11717,2022-01-11,Standard,113,Product_113,Electronics,530.09,216.13,5,0.0,792,3,2650.45,1569.8
1360,Customer_2442,49,Luxor,2022-07-25,1,12182,2022-07-25,Express,147,Product_147,Home Appliances,548.78,316.19,1,0.0,809,4,548.78,232.59
1340,Customer_2443,44,Cairo,2021-05-08,0,11113,2021-05-08,Standard,117,Product_117,Home Appliances,470.86,190.25,5,0.0,338,4,2354.3,1403.05
1769,Customer_2444,53,Giza,2021-03-16,0,12253,2021-03-16,Standard,127,Product_127,Sports,710.45,377.17,2,0.0,654,7,1420.9,666.56
1760,Customer_2445,53,Luxor,2023-04-09,0,13098,2023-04-09,Same Day,122,Product_122,Clothing,538.71,262.16,5,0.0,633,6,2693.55,1382.75
1968,Customer_2446,36,Alexandria,2021-12-23,1,13449,2021-12-23,Express,137,Product_137,Electronics,844.52,418.73,2,0.0,755,4,1689.04,851.58
1448,Customer_2447,30,Luxor,2020-09-04,0,13642,2020-09-04,Express,119,Product_119,Electronics,1171.6,470.01,2,0.2,390,5,1874.56,934.54
1834,Customer_2448,34,Alexandria,2020-04-13,1,13655,2020-04-13,Express,139,Product_139,Clothing,1027.97,708.58,5,0.0,1724,1,5139.85,1596.95
2203,Customer_2449,48,Cairo,2021-07-30,1,11438,2021-07-30,Standard,135,Product_135,Clothing,476.96,264.76,3,0.0,1251,3,1430.88,636.6
2430,Customer_2450,34,Luxor,2022-10-10,0,13298,2022-10-10,Express,113,Product_113,Sports,816.67,466.93,4,0.2,399,4,2613.34,745.62
2219,Customer_2451,28,Mansoura,2023-05-08,0,10602,2023-05-08,Standard,114,Product_114,Electronics,1268.18,760.7,4,0.0,528,5,5072.72,2029.92
2489,Customer_2452,39,Aswan,2023-01-09,1,11091,2023-01-09,Standard,148,Product_148,Home Appliances,148.9,95.19,4,0.0,347,5,595.6,214.84
1310,Customer_2453,56,Mansoura,2023-10-09,0,10361,2023-10-09,Standard,131,Product_131,Sports,163.53,95.24,4,0.0,450,5,654.12,273.16
1261,Customer_2454,42,Mansoura,2022-08-21,0,11283,2022-08-21,Standard,145,Product_145,Sports,856.45,538.42,1,0.0,819,5,856.45,318.03
2442,Customer_2455,35,Mansoura,2021-08-08,0,12705,2021-08-08,Same Day,102,Product_102,Home Appliances,976.72,522.17,2,0.0,615,5,1953.44,909.1
1405,Customer_2456,44,Aswan,2023-04-01,1,11086,2023-04-01,Express,146,Product_146,Sports,356.55,182.33,1,0.2,567,5,285.24,102.91
1142,Customer_2457,41,Mansoura,2020-01-17,0,13926,2020-01-17,Express,139,Product_139,Clothing,1130.57,731.41,4,0.0,368,5,4522.28,1596.64
1341,Customer_2458,10,Alexandria,2020-08-08,0,12015,2020-08-08,Standard,137,Product_137,Home Appliances,987.08,651.07,4,0.0,806,5,3948.32,1344.04
2339,Customer_2459,50,Luxor,2022-06-01,0,10971,2022-06-01,Standard,114,Product_114,Home Appliances,1388.77,612.92,5,0.0,606,3,6943.85,3879.25
2124,Customer_2460,46,Cairo,2020-10-01,0,11715,2020-10-01,Standard,109,Product_109,Electronics,294.98,166.01,4,0.0,633,4,1179.92,515.88
1243,Customer_2461,40,Mansoura,2021-06-25,1,13027,2021-06-25,Same Day,110,Product_110,Home Appliances,1139.49,689.5,2,0.0,1286,2,2278.98,899.98
1489,Customer_2462,55,Mansoura,2024-01-29,0,11646,2024-01-29,Standard,107,Product_107,Sports,171.28,72.81,4,0.0,338,6,685.12,393.88
1011,Customer_2463,58,Cairo,2022-01-19,0,11726,2022-01-19,Express,128,Product_128,Electronics,869.67,590.4,4,0.0,588,5,3478.68,1117.08
2262,Customer_2464,51,Cairo,2022-05-04,1,12988,2022-05-04,Express,146,Product_146,Sports,850.25,472.77,1,0.0,892,5,850.25,377.48
1560,Customer_2465,27,Mansoura,2022-01-19,0,10907,2022-01-19,Same Day,125,Product_125,Clothing,613.16,363.99,2,0.1,386,6,1103.69,375.71
1041,Customer_2466,27,Alexandria,2020-04-02,1,13463,2020-04-02,Standard,146,Product_146,Clothing,1274.63,578.01,3,0.0,1073,3,3823.89,2089.86
1677,Customer_2467,56,Cairo,2022-03-31,0,10245,2022-03-31,Express,128,Product_128,Electronics,56.34,27.01,5,0.0,740,2,281.7,146.65
1593,Customer_2468,11,Luxor,2020-04-14,0,12325,2020-04-14,Same Day,102,Product_102,Electronics,804.26,350.9,3,0.0,506,5,2412.78,1360.08
2452,Customer_2469,37,Luxor,2023-03-13,1,10346,2023-03-13,Express,117,Product_117,Sports,364.87,174.85,1,0.0,528,4,364.87,190.02
2181,Customer_2470,46,Alexandria,2023-02-24,1,11960,2023-02-24,Same Day,104,Product_104,Clothing,1128.07,617.87,4,0.0,677,2,4512.28,2040.8
2239,Customer_2471,13,Aswan,2021-02-02,0,10371,2021-02-02,Standard,113,Product_113,Electronics,112.45,73.1,5,0.05,541,4,534.14,168.64
2485,Customer_2472,43,Giza,2022-01-12,0,10808,2022-01-12,Express,118,Product_118,Clothing,1255.75,703.37,2,0.0,527,4,2511.5,1104.76
1133,Customer_2473,54,Alexandria,2023-02-07,1,12896,2023-02-07,Express,103,Product_103,Clothing,1265.23,598.88,5,0.0,694,2,6326.15,3331.75
2090,Customer_2474,17,Mansoura,2021-08-14,1,12170,2021-08-14,Standard,137,Product_137,Clothing,1257.66,429.515,1,0.2,1236,1,1006.13,576.62
2030,Customer_2475,64,Giza,2020-05-30,0,13128,2020-05-30,Standard,133,Product_133,Sports,271.22,159.1,4,0.0,441,5,1084.88,448.48
1947,Customer_2476,24,Mansoura,2022-02-03,1,10159,2022-02-03,Same Day,141,Product_141,Sports,964.09,507.16,1,0.05,450,4,915.89,408.73
1072,Customer_2477,48,Luxor,2022-10-29,0,11150,2022-10-29,Standard,124,Product_124,Clothing,70.83,49.25,2,0.0,514,7,141.66,43.16
1398,Customer_2478,38,Cairo,2022-07-11,0,12784,2022-07-11,Express,108,Product_108,Clothing,1279.55,811.14,3,0.0,677,6,3838.65,1405.23
2428,Customer_2479,41,Mansoura,2023-01-31,1,13678,2023-01-31,Express,135,Product_135,Clothing,1098.31,429.515,4,0.2,636,4,3514.59,1796.53
1577,Customer_2480,41,Luxor,2021-07-26,1,11334,2021-07-26,Standard,102,Product_102,Home Appliances,820.17,331.08,4,0.05,776,4,3116.65,1792.33
1858,Customer_2481,58,Alexandria,2023-06-30,0,10517,2023-06-30,Standard,133,Product_133,Home Appliances,1109.36,702.6,1,0.0,551,5,1109.36,406.76
1129,Customer_2482,44,Mansoura,2023-10-25,0,12982,2023-10-25,Standard,112,Product_112,Sports,186.77,85.61,1,0.0,434,4,186.77,101.16
1930,Customer_2483,64,Luxor,2023-06-05,0,11288,2023-06-05,Standard,122,Product_122,Clothing,816.55,470.12,1,0.0,576,3,816.55,346.43
2489,Customer_2484,21,Cairo,2020-08-31,1,10745,2020-08-31,Express,113,Product_113,Home Appliances,472.35,252.34,4,0.0,347,5,1889.4,880.04
2229,Customer_2485,37,Mansoura,2020-09-20,1,12335,2020-09-20,Same Day,110,Product_110,Electronics,1460.3,834.53,1,0.2,1053,3,1168.24,333.71
1265,Customer_2486,43,Aswan,2020-07-17,1,10419,2020-07-17,Express,117,Product_117,Electronics,1292.82,568.88,5,0.0,980,3,6464.1,3619.7
1792,Customer_2487,40,Luxor,2022-03-17,1,13967,2022-03-17,Express,143,Product_143,Clothing,1113.25,597.89,5,0.0,948,4,5566.25,2576.8
1252,Customer_2488,50,Mansoura,2022-02-03,0,11551,2022-02-03,Same Day,105,Product_105,Home Appliances,1403.93,577.13,5,0.05,621,4,6668.67,3783.02
1821,Customer_2489,37,Cairo,2021-11-25,0,10139,2021-11-25,Standard,109,Product_109,Electronics,552.92,227.97,4,0.1,673,7,1990.51,1078.63
2312,Customer_2490,71,Mansoura,2023-02-16,0,11832,2023-02-16,Same Day,113,Product_113,Sports,1356.28,810.14,1,0.0,622,7,1356.28,546.14
1163,Customer_2491,40,Mansoura,2022-01-18,0,10706,2022-01-18,Express,123,Product_123,Electronics,521.6,357.56,2,0.05,327,4,991.04,275.92
1094,Customer_2492,41,Aswan,2020-10-22,0,10697,2020-10-22,Standard,130,Product_130,Sports,1112.56,704.49,1,0.0,353,4,1112.56,408.07
1832,Customer_2493,41,Luxor,2021-11-02,0,13034,2021-11-02,Standard,143,Product_143,Electronics,1117.8,604.45,4,0.05,481,6,4247.64,1829.84
2133,Customer_2494,58,Giza,2023-05-18,1,10474,2023-05-18,Standard,104,Product_104,Electronics,76.61,31.93,5,0.0,594,1,383.05,223.4
1335,Customer_2495,26,Mansoura,2022-08-11,0,13976,2022-08-11,Standard,121,Product_121,Home Appliances,573.54,237.16,4,0.2,516,6,1835.33,886.69
1821,Customer_2496,25,Giza,2022-02-04,0,11660,2022-02-04,Standard,143,Product_143,Electronics,78.18,34.98,1,0.0,673,7,78.18,43.2
1237,Customer_2497,27,Alexandria,2022-10-21,0,13600,2022-10-21,Standard,109,Product_109,Electronics,1495.78,1036.19,4,0.0,803,3,5983.12,1838.36
1380,Customer_2498,23,Mansoura,2020-03-23,1,11901,2020-03-23,Same Day,107,Product_107,Sports,227.19,118.05,2,0.0,383,4,454.38,218.28
2459,Customer_2499,32,Giza,2020-02-04,0,12436,2020-02-04,Standard,116,Product_116,Sports,837.08,546.63,4,0.05,661,6,3180.9,994.38
1898,Customer_2500,53,Alexandria,2020-03-20,0,10510,2020-03-20,Same Day,123,Product_123,Electronics,1196.31,731.59,3,0.05,599,7,3409.48,1214.71
1482,Customer_2501,62,Aswan,2020-07-10,0,10537,2020-07-10,Same Day,123,Product_123,Clothing,341.83,198.82,4,0.0,1185,5,1367.32,572.04
1901,Customer_2502,3,Luxor,2024-01-01,0,12260,2024-01-01,Same Day,131,Product_131,Electronics,753.33,515.54,1,0.0,366,5,753.33,237.79
2048,Customer_2503,34,Mansoura,2021-11-13,1,12944,2021-11-13,Standard,105,Product_105,Electronics,930.77,436.65,3,0.0,1145,3,2792.31,1482.36
2140,Customer_2504,44,Luxor,2022-08-28,0,11536,2022-08-28,Standard,106,Product_106,Home Appliances,282.3,151.44,5,0.0,429,6,1411.5,654.3
1481,Customer_2505,43,Alexandria,2022-11-29,0,13874,2022-11-29,Standard,101,Product_101,Electronics,1178.91,777.39,1,0.0,764,3,1178.91,401.52
2415,Customer_2506,68,Luxor,2022-07-24,0,11288,2022-07-24,Standard,148,Product_148,Electronics,484.04,273.74,2,0.0,327,6,968.08,420.6
1916,Customer_2507,9,Luxor,2020-11-01,0,11366,2020-11-01,Express,128,Product_128,Sports,355.98,168.71,4,0.0,1265,6,1423.92,749.08
1993,Customer_2508,1,Cairo,2023-05-26,0,11061,2023-05-26,Express,118,Product_118,Sports,859.52,397.68,4,0.0,510,4,3438.08,1847.36
1963,Customer_2509,70,Alexandria,2022-11-21,0,10232,2022-11-21,Standard,124,Product_124,Sports,644.95,403.65,1,0.2,772,4,515.96,112.31
1536,Customer_2510,51,Luxor,2020-10-13,1,12307,2020-10-13,Express,113,Product_113,Sports,1384.41,559.08,4,0.0,750,5,5537.64,3301.32
2102,Customer_2511,31,Giza,2021-02-11,1,10307,2021-02-11,Standard,133,Product_133,Electronics,1326.09,894.13,4,0.0,1156,3,5304.36,1727.84
2196,Customer_2512,42,Alexandria,2023-06-09,1,10402,2023-06-09,Standard,110,Product_110,Clothing,750.86,304.49,5,0.0,572,4,3754.3,2231.85
2035,Customer_2513,43,Cairo,2021-10-14,0,10996,2021-10-14,Standard,107,Product_107,Home Appliances,570.93,336.45,4,0.0,548,8,2283.72,937.92
1127,Customer_2514,31,Mansoura,2020-11-28,1,11284,2020-11-28,Standard,137,Product_137,Home Appliances,522.0,303.5,4,0.0,740,5,2088.0,874.0
1091,Customer_2515,42,Aswan,2022-03-15,0,11499,2022-03-15,Standard,132,Product_132,Clothing,437.97,251.19,5,0.0,551,6,2189.85,933.9
1542,Customer_2516,45,Luxor,2023-06-16,1,10749,2023-06-16,Standard,145,Product_145,Clothing,839.59,455.31,4,0.0,565,2,3358.36,1537.12
1845,Customer_2517,70,Giza,2021-04-09,1,11129,2021-04-09,Standard,122,Product_122,Home Appliances,1217.22,798.17,5,0.0,811,3,6086.1,2095.25
1988,Customer_2518,54,Cairo,2023-04-30,1,13318,2023-04-30,Same Day,116,Product_116,Electronics,500.6,299.26,2,0.0,612,3,1001.2,402.68
1446,Customer_2519,66,Alexandria,2021-11-19,0,10303,2021-11-19,Same Day,124,Product_124,Home Appliances,325.64,206.64,4,0.0,641,3,1302.56,476.0
1389,Customer_2520,19,Aswan,2022-11-04,0,12390,2022-11-04,Express,114,Product_114,Clothing,739.45,321.41,1,0.0,789,5,739.45,418.04
1671,Customer_2521,34,Aswan,2022-11-09,0,11470,2022-11-09,Express,111,Product_111,Electronics,150.1,62.29,3,0.0,716,8,450.3,263.43
1042,Customer_2522,43,Luxor,2022-12-26,0,11061,2022-12-26,Same Day,119,Product_119,Home Appliances,1066.85,435.87,2,0.0,359,7,2133.7,1261.96
1253,Customer_2523,11,Cairo,2022-09-30,0,13891,2022-09-30,Same Day,123,Product_123,Electronics,801.62,356.05,4,0.0,605,6,3206.48,1782.28
2153,Customer_2524,57,Cairo,2023-12-22,0,10854,2023-12-22,Same Day,134,Product_134,Electronics,769.74,461.92,1,0.0,367,5,769.74,307.82
2083,Customer_2525,49,Giza,2023-02-26,0,11069,2023-02-26,Express,140,Product_140,Clothing,485.65,266.24,3,0.05,435,3,1384.1,585.38
1662,Customer_2526,34,Mansoura,2021-09-05,0,11745,2021-09-05,Standard,113,Product_113,Sports,1361.78,852.03,5,0.2,440,3,5447.12,1186.97
1466,Customer_2527,37,Mansoura,2022-08-30,0,11628,2022-08-30,Express,139,Product_139,Home Appliances,181.21,82.91,4,0.0,442,4,724.84,393.2
1286,Customer_2528,58,Mansoura,2020-02-04,0,13291,2020-02-04,Standard,144,Product_144,Clothing,1311.24,668.85,5,0.0,356,4,6556.2,3211.95
2010,Customer_2529,41,Aswan,2022-01-24,1,12303,2022-01-24,Standard,128,Product_128,Home Appliances,596.22,397.41,2,0.0,923,2,1192.44,397.62
2490,Customer_2530,59,Aswan,2021-11-09,1,12184,2021-11-09,Express,140,Product_140,Sports,1326.9,903.24,3,0.0,1149,3,3980.7,1270.98
1777,Customer_2531,36,Alexandria,2023-11-10,0,11254,2023-11-10,Standard,116,Product_116,Sports,1106.7,748.7,3,0.0,448,4,3320.1,1074.0
1344,Customer_2532,51,Aswan,2020-08-12,1,10817,2020-08-12,Express,128,Product_128,Sports,201.05,129.78,5,0.0,1074,2,1005.25,356.35
1641,Customer_2533,41,Aswan,2022-05-03,1,11737,2022-05-03,Same Day,104,Product_104,Sports,1255.73,761.56,5,0.05,961,2,5964.72,2156.92
1381,Customer_2534,73,Cairo,2023-10-04,0,13649,2023-10-04,Same Day,128,Product_128,Home Appliances,1039.16,700.5,2,0.0,632,2,2078.32,677.32
1689,Customer_2535,26,Alexandria,2021-09-22,0,10972,2021-09-22,Express,112,Product_112,Electronics,96.84,59.48,1,0.2,679,7,77.47,17.99
2276,Customer_2536,31,Cairo,2024-01-25,0,10037,2024-01-25,Express,116,Product_116,Electronics,243.87,167.34,4,0.0,342,5,975.48,306.12
2079,Customer_2537,17,Giza,2023-11-10,1,11178,2023-11-10,Express,149,Product_149,Sports,971.66,395.89,1,0.0,418,2,971.66,575.77
2486,Customer_2538,23,Giza,2023-12-07,0,13574,2023-12-07,Express,136,Product_136,Sports,1010.77,683.78,3,0.0,345,4,3032.31,980.97
1456,Customer_2539,50,Alexandria,2020-02-24,0,10104,2020-02-24,Standard,120,Product_120,Electronics,1132.64,641.89,4,0.0,400,6,4530.56,1963.0
1982,Customer_2540,64,Alexandria,2023-07-05,1,10254,2023-07-05,Same Day,126,Product_126,Clothing,1094.36,429.515,2,0.2,605,4,1750.98,891.95
1082,Customer_2541,52,Aswan,2022-08-29,0,13475,2022-08-29,Express,126,Product_126,Sports,1006.3,467.4,1,0.0,520,5,1006.3,538.9
2122,Customer_2542,39,Giza,2021-06-27,0,12535,2021-06-27,Express,122,Product_122,Electronics,1161.05,761.24,1,0.0,541,9,1161.05,399.81
1148,Customer_2543,26,Luxor,2023-04-09,0,11981,2023-04-09,Same Day,109,Product_109,Clothing,883.87,487.75,4,0.0,485,6,3535.48,1584.48
2352,Customer_2544,53,Mansoura,2023-03-30,1,12505,2023-03-30,Express,105,Product_105,Electronics,428.15,297.5,2,0.0,643,2,856.3,261.3
2179,Customer_2545,25,Aswan,2023-03-28,0,12575,2023-03-28,Same Day,117,Product_117,Clothing,1372.95,597.59,2,0.0,500,5,2745.9,1550.72
1189,Customer_2546,19,Mansoura,2021-11-04,0,10590,2021-11-04,Same Day,149,Product_149,Home Appliances,76.41,40.02,1,0.0,580,6,76.41,36.39
1882,Customer_2547,35,Giza,2024-01-17,0,10524,2024-01-17,Express,134,Product_134,Clothing,581.51,290.5,1,0.0,350,7,581.51,291.01
1262,Customer_2548,9,Mansoura,2020-04-15,1,10369,2020-04-15,Standard,102,Product_102,Sports,1106.86,614.13,5,0.2,735,3,4427.44,1356.79
2103,Customer_2549,19,Luxor,2023-04-10,0,10101,2023-04-10,Express,107,Product_107,Clothing,669.38,394.96,4,0.0,632,1,2677.52,1097.68
1399,Customer_2550,68,Luxor,2022-10-09,1,12963,2022-10-09,Standard,136,Product_136,Clothing,86.01,51.48,2,0.0,844,2,172.02,69.06
1763,Customer_2551,16,Cairo,2020-12-15,0,10663,2020-12-15,Express,113,Product_113,Sports,145.67,58.32,3,0.0,403,5,437.01,262.05
1608,Customer_2552,22,Alexandria,2022-09-12,0,10689,2022-09-12,Standard,120,Product_120,Home Appliances,990.52,422.64,4,0.1,754,2,3565.87,1875.31
2283,Customer_2553,41,Mansoura,2023-12-07,0,11926,2023-12-07,Same Day,130,Product_130,Clothing,1449.05,594.86,5,0.0,327,6,7245.25,4270.95
1784,Customer_2554,41,Luxor,2024-01-16,0,12646,2024-01-16,Same Day,130,Product_130,Home Appliances,850.2,560.6,4,0.2,351,5,2720.64,478.24
1100,Customer_2555,36,Alexandria,2023-06-23,0,12647,2023-06-23,Express,111,Product_111,Electronics,784.8,387.68,1,0.0,558,2,784.8,397.12
2382,Customer_2556,9,Alexandria,2022-02-17,1,12588,2022-02-17,Express,131,Product_131,Electronics,511.57,260.96,4,0.0,907,6,2046.28,1002.44
2403,Customer_2557,52,Cairo,2020-10-29,0,11535,2020-10-29,Standard,103,Product_103,Sports,422.2,225.92,4,0.0,626,7,1688.8,785.12
1819,Customer_2558,33,Alexandria,2023-10-26,0,12436,2023-10-26,Standard,102,Product_102,Home Appliances,80.43,429.515,4,0.2,433,5,257.38,-1460.68
2244,Customer_2559,58,Alexandria,2021-05-11,1,12410,2021-05-11,Standard,148,Product_148,Sports,445.78,180.21,3,0.0,1043,3,1337.34,796.71
1819,Customer_2560,30,Aswan,2020-05-03,0,12028,2020-05-03,Standard,103,Product_103,Sports,701.21,305.44,5,0.0,433,5,3506.05,1978.85
1419,Customer_2561,54,Giza,2023-03-18,0,10930,2023-03-18,Standard,115,Product_115,Clothing,337.03,204.09,4,0.0,401,8,1348.12,531.76
1123,Customer_2562,59,Cairo,2023-12-05,0,11856,2023-12-05,Express,117,Product_117,Electronics,176.65,121.74,4,0.0,393,5,706.6,219.64
1421,Customer_2563,32,Cairo,2020-08-13,0,12659,2020-08-13,Same Day,148,Product_148,Sports,1090.71,646.61,3,0.0,352,4,3272.13,1332.3
2254,Customer_2564,53,Mansoura,2021-01-25,0,13186,2021-01-25,Standard,107,Product_107,Clothing,1347.2,644.42,2,0.05,788,5,2559.68,1270.84
2086,Customer_2565,20,Alexandria,2020-02-08,0,12769,2020-02-08,Same Day,148,Product_148,Clothing,1408.32,782.97,4,0.2,561,5,4506.62,1374.74
1767,Customer_2566,43,Mansoura,2022-06-22,0,11989,2022-06-22,Same Day,105,Product_105,Home Appliances,946.1,655.17,4,0.2,924,1,3027.52,406.84
1482,Customer_2567,58,Aswan,2021-10-04,0,12390,2021-10-04,Express,134,Product_134,Electronics,126.52,70.65,2,0.0,1185,5,253.04,111.74
1518,Customer_2568,47,Luxor,2022-05-07,1,13145,2022-05-07,Standard,133,Product_133,Home Appliances,1124.25,575.67,4,0.0,932,3,4497.0,2194.32
1154,Customer_2569,76,Alexandria,2020-06-11,1,12182,2020-06-11,Standard,145,Product_145,Home Appliances,209.64,107.97,4,0.0,1517,2,838.56,406.68
1091,Customer_2570,48,Luxor,2022-04-25,0,12987,2022-04-25,Standard,116,Product_116,Sports,1021.13,704.69,4,0.0,551,6,4084.52,1265.76
1981,Customer_2571,41,Giza,2023-11-15,0,13852,2023-11-15,Standard,137,Product_137,Home Appliances,1180.08,726.55,5,0.1,413,4,5310.36,1677.61
1454,Customer_2572,82,Aswan,2021-02-21,0,11885,2021-02-21,Express,103,Product_103,Sports,1102.5,668.28,1,0.0,561,7,1102.5,434.22
1597,Customer_2573,64,Alexandria,2022-04-20,0,10977,2022-04-20,Express,147,Product_147,Home Appliances,1430.23,671.66,5,0.1,397,7,6436.04,3077.74
1509,Customer_2574,15,Mansoura,2022-10-24,1,13661,2022-10-24,Standard,148,Product_148,Clothing,1120.31,636.16,2,0.1,800,3,2016.56,744.24
2206,Customer_2575,28,Mansoura,2023-06-06,0,11994,2023-06-06,Standard,143,Product_143,Electronics,1055.15,534.99,5,0.0,575,3,5275.75,2600.8
1385,Customer_2576,24,Alexandria,2022-08-23,0,10379,2022-08-23,Same Day,121,Product_121,Electronics,429.53,202.76,5,0.0,378,6,2147.65,1133.85
1404,Customer_2577,49,Mansoura,2024-01-29,0,11513,2024-01-29,Same Day,141,Product_141,Electronics,1390.91,930.05,3,0.0,338,5,4172.73,1382.58
1245,Customer_2578,48,Alexandria,2020-05-07,1,11148,2020-05-07,Standard,108,Product_108,Clothing,310.34,159.81,2,0.0,1483,3,620.68,301.06
1741,Customer_2579,48,Cairo,2023-12-16,0,12085,2023-12-16,Standard,122,Product_122,Clothing,1362.1,660.4,2,0.0,382,2,2724.2,1403.4
1660,Customer_2580,15,Mansoura,2020-10-09,0,10780,2020-10-09,Same Day,105,Product_105,Home Appliances,503.36,342.04,2,0.2,441,8,805.38,121.3
1649,Customer_2581,30,Alexandria,2022-11-28,0,10309,2022-11-28,Same Day,117,Product_117,Home Appliances,238.74,109.63,5,0.0,647,3,1193.7,645.55
2494,Customer_2582,37,Alexandria,2021-02-28,1,12153,2021-02-28,Standard,137,Product_137,Home Appliances,1248.69,778.75,2,0.0,876,3,2497.38,939.88
2446,Customer_2583,12,Mansoura,2023-02-22,0,10555,2023-02-22,Same Day,114,Product_114,Home Appliances,53.62,31.95,3,0.05,679,2,152.82,56.97
1900,Customer_2584,26,Cairo,2021-10-27,1,13296,2021-10-27,Express,139,Product_139,Electronics,1256.53,849.6,4,0.05,1162,1,4774.81,1376.41
1064,Customer_2585,60,Mansoura,2023-09-18,0,13313,2023-09-18,Same Day,141,Product_141,Home Appliances,430.35,279.56,5,0.05,471,3,2044.16,646.36
2036,Customer_2586,16,Alexandria,2022-06-09,0,10396,2022-06-09,Standard,128,Product_128,Clothing,1332.85,815.16,4,0.0,386,6,5331.4,2070.76
1212,Customer_2587,61,Cairo,2022-12-12,0,12200,2022-12-12,Express,131,Product_131,Clothing,1052.64,520.4,4,0.0,712,4,4210.56,2128.96
1241,Customer_2588,56,Luxor,2022-10-02,0,12583,2022-10-02,Express,117,Product_117,Clothing,1015.97,557.43,5,0.0,482,7,5079.85,2292.7
1492,Customer_2589,35,Giza,2021-10-04,0,13707,2021-10-04,Same Day,135,Product_135,Sports,579.71,429.515,5,0.0,425,4,2898.55,750.98
2236,Customer_2590,30,Mansoura,2020-12-20,0,13868,2020-12-20,Standard,140,Product_140,Sports,136.13,55.4,2,0.0,589,4,272.26,161.46
1337,Customer_2591,52,Aswan,2022-07-30,0,13043,2022-07-30,Same Day,122,Product_122,Sports,1253.61,800.18,3,0.0,352,8,3760.83,1360.29
1172,Customer_2592,28,Alexandria,2022-12-27,0,13013,2022-12-27,Same Day,145,Product_145,Home Appliances,297.81,141.62,5,0.2,544,5,1191.24,483.14
1671,Customer_2593,28,Cairo,2021-02-12,0,13473,2021-02-12,Same Day,148,Product_148,Electronics,589.78,268.65,4,0.0,716,8,2359.12,1284.52
1163,Customer_2594,39,Cairo,2023-01-23,0,11883,2023-01-23,Express,129,Product_129,Electronics,920.51,432.33,5,0.0,327,4,4602.55,2440.9
1464,Customer_2595,8,Luxor,2021-12-26,1,13844,2021-12-26,Same Day,110,Product_110,Home Appliances,749.27,313.14,3,0.0,729,4,2247.81,1308.39
1994,Customer_2596,18,Mansoura,2023-10-16,0,11169,2023-10-16,Same Day,118,Product_118,Home Appliances,338.06,235.83,1,0.0,338,3,338.06,102.23
1496,Customer_2597,35,Aswan,2024-01-16,0,13262,2024-01-16,Same Day,135,Product_135,Sports,253.89,167.81,4,0.0,351,5,1015.56,344.32
1699,Customer_2598,47,Cairo,2023-10-26,0,12940,2023-10-26,Same Day,144,Product_144,Clothing,228.71,127.24,1,0.0,433,9,228.71,101.47
1394,Customer_2599,27,Luxor,2023-08-10,0,13748,2023-08-10,Standard,116,Product_116,Clothing,1301.36,799.73,1,0.2,510,5,1041.09,241.36
1702,Customer_2600,37,Alexandria,2023-11-20,1,12630,2023-11-20,Standard,149,Product_149,Sports,95.76,54.29,3,0.0,387,5,287.28,124.41
1307,Customer_2601,15,Luxor,2021-06-25,0,10200,2021-06-25,Standard,107,Product_107,Sports,1466.67,943.76,5,0.0,1286,2,7333.35,2614.55
1182,Customer_2602,53,Mansoura,2023-03-06,0,11890,2023-03-06,Express,130,Product_130,Electronics,337.87,220.77,1,0.0,530,7,337.87,117.1
1628,Customer_2603,43,Luxor,2022-09-18,0,10011,2022-09-18,Standard,119,Product_119,Sports,209.97,98.65,2,0.0,344,6,419.94,222.64
1509,Customer_2604,44,Cairo,2021-01-28,1,11075,2021-01-28,Same Day,123,Product_123,Clothing,886.61,476.93,5,0.2,800,3,3546.44,1161.79
1545,Customer_2605,47,Cairo,2021-05-19,0,11976,2021-05-19,Same Day,108,Product_108,Clothing,165.98,98.0,4,0.0,696,6,663.92,271.92
1623,Customer_2606,41,Giza,2021-07-25,0,12815,2021-07-25,Standard,117,Product_117,Home Appliances,923.56,429.515,5,0.0,556,5,4617.8,2470.23
1593,Customer_2607,41,Luxor,2023-02-16,0,11325,2023-02-16,Express,121,Product_121,Electronics,1283.41,776.22,3,0.0,506,5,3850.23,1521.57
1743,Customer_2608,56,Alexandria,2021-03-09,1,11895,2021-03-09,Express,126,Product_126,Home Appliances,119.45,79.95,3,0.05,969,5,340.43,100.58
2250,Customer_2609,42,Aswan,2021-05-04,0,13371,2021-05-04,Express,128,Product_128,Electronics,1209.81,791.01,4,0.0,625,5,4839.24,1675.2
2459,Customer_2610,37,Aswan,2021-01-09,0,10919,2021-01-09,Same Day,139,Product_139,Home Appliances,621.99,357.41,4,0.0,661,6,2487.96,1058.32
2445,Customer_2611,39,Mansoura,2021-08-14,0,12568,2021-08-14,Standard,133,Product_133,Electronics,281.26,187.91,4,0.0,495,4,1125.04,373.4
1553,Customer_2612,39,Giza,2023-12-14,0,13211,2023-12-14,Express,140,Product_140,Sports,305.34,156.71,3,0.2,352,5,732.82,262.69
1020,Customer_2613,37,Luxor,2021-02-28,0,12147,2021-02-28,Same Day,119,Product_119,Clothing,1382.21,710.16,5,0.1,534,7,6219.95,2669.15
1553,Customer_2614,46,Alexandria,2023-11-14,0,13556,2023-11-14,Express,129,Product_129,Sports,210.38,133.44,1,0.0,352,5,210.38,76.94
1396,Customer_2615,25,Giza,2023-12-14,0,13208,2023-12-14,Express,120,Product_120,Electronics,1306.84,575.48,1,0.1,384,7,1176.16,600.68
1624,Customer_2616,27,Cairo,2022-09-28,1,10870,2022-09-28,Standard,120,Product_120,Electronics,839.15,412.65,2,0.0,826,2,1678.3,853.0
1104,Customer_2617,48,Mansoura,2021-10-11,0,10365,2021-10-11,Same Day,110,Product_110,Home Appliances,106.63,62.12,3,0.0,592,4,319.89,133.53
1191,Customer_2618,37,Luxor,2022-09-09,0,13955,2022-09-09,Express,112,Product_112,Electronics,723.49,380.57,4,0.0,692,4,2893.96,1371.68
1016,Customer_2619,54,Aswan,2021-12-15,1,13605,2021-12-15,Same Day,133,Product_133,Sports,1235.3,842.74,5,0.05,683,6,5867.67,1653.97
2143,Customer_2620,46,Alexandria,2023-02-21,0,13578,2023-02-21,Express,125,Product_125,Electronics,1102.99,758.36,3,0.0,370,7,3308.97,1033.89
1392,Customer_2621,31,Cairo,2024-01-17,0,10656,2024-01-17,Standard,125,Product_125,Electronics,758.73,417.89,2,0.05,350,4,1441.59,605.81
1424,Customer_2622,48,Giza,2021-07-14,0,10160,2021-07-14,Express,104,Product_104,Home Appliances,1297.07,728.59,1,0.0,420,7,1297.07,568.48
1128,Customer_2623,57,Mansoura,2021-08-12,0,12808,2021-08-12,Standard,104,Product_104,Electronics,224.53,138.62,5,0.05,587,4,1066.52,373.42
2153,Customer_2624,46,Giza,2020-06-09,0,10174,2020-06-09,Express,109,Product_109,Home Appliances,1369.41,735.62,1,0.0,367,5,1369.41,633.79
1571,Customer_2625,49,Aswan,2023-03-20,0,13159,2023-03-20,Standard,115,Product_115,Clothing,1277.34,583.78,5,0.0,653,2,6386.7,3467.8
1028,Customer_2626,37,Giza,2023-10-17,0,13470,2023-10-17,Express,126,Product_126,Home Appliances,1077.0,672.15,4,0.0,442,6,4308.0,1619.4
2120,Customer_2627,54,Alexandria,2023-01-17,1,11503,2023-01-17,Express,115,Product_115,Electronics,1235.94,767.93,5,0.0,518,4,6179.7,2340.05
2033,Customer_2628,31,Cairo,2022-02-16,0,10544,2022-02-16,Express,126,Product_126,Clothing,838.53,429.515,4,0.0,968,4,3354.12,1636.06
1241,Customer_2629,45,Luxor,2022-03-19,0,12524,2022-03-19,Same Day,128,Product_128,Electronics,1028.99,668.71,3,0.0,482,7,3086.97,1080.84
1231,Customer_2630,78,Alexandria,2021-12-07,0,13854,2021-12-07,Same Day,107,Product_107,Home Appliances,862.87,504.0,1,0.2,351,3,690.3,186.3
1788,Customer_2631,48,Aswan,2020-10-26,0,12330,2020-10-26,Express,132,Product_132,Sports,565.37,266.23,5,0.0,914,2,2826.85,1495.7
2307,Customer_2632,33,Mansoura,2021-08-17,1,11761,2021-08-17,Same Day,112,Product_112,Clothing,874.85,521.07,5,0.0,1233,3,4374.25,1768.9
1714,Customer_2633,33,Aswan,2020-03-27,0,10956,2020-03-27,Same Day,135,Product_135,Sports,423.32,199.0,2,0.0,420,4,846.64,448.64
1758,Customer_2634,38,Aswan,2021-12-08,0,10451,2021-12-08,Express,132,Product_132,Sports,688.4,330.14,1,0.0,475,7,688.4,358.26
1801,Customer_2635,52,Giza,2024-01-02,0,13695,2024-01-02,Express,109,Product_109,Clothing,457.12,299.14,3,0.0,365,6,1371.36,473.94
1775,Customer_2636,42,Mansoura,2020-06-10,0,10081,2020-06-10,Express,114,Product_114,Sports,228.19,154.91,4,0.05,454,7,867.12,247.48
1725,Customer_2637,30,Alexandria,2021-10-12,0,11236,2021-10-12,Same Day,113,Product_113,Sports,516.7,246.5,3,0.0,504,9,1550.1,810.6
1199,Customer_2638,30,Aswan,2022-06-24,1,10815,2022-06-24,Same Day,144,Product_144,Sports,1285.38,872.02,2,0.05,922,1,2442.22,698.18
1944,Customer_2639,42,Alexandria,2023-09-05,0,12567,2023-09-05,Same Day,133,Product_133,Sports,602.57,284.2,3,0.0,484,1,1807.71,955.11
1078,Customer_2640,40,Luxor,2021-06-09,1,12181,2021-06-09,Express,132,Product_132,Clothing,1134.61,429.515,4,0.2,1187,3,3630.75,1912.69
1955,Customer_2641,46,Giza,2022-08-09,0,10446,2022-08-09,Same Day,119,Product_119,Electronics,304.04,126.93,1,0.0,371,6,304.04,177.11
1855,Customer_2642,53,Alexandria,2021-03-14,0,12165,2021-03-14,Same Day,130,Product_130,Sports,665.41,429.515,2,0.0,805,5,1330.82,471.79
2196,Customer_2643,80,Mansoura,2021-02-17,1,11619,2021-02-17,Standard,116,Product_116,Clothing,216.54,111.64,5,0.0,572,4,1082.7,524.5
1466,Customer_2644,18,Aswan,2023-01-08,0,11793,2023-01-08,Standard,112,Product_112,Clothing,251.0,170.24,5,0.2,442,4,1004.0,152.8
1580,Customer_2645,50,Luxor,2021-07-09,0,13314,2021-07-09,Express,110,Product_110,Clothing,945.28,446.78,1,0.0,387,5,945.28,498.5
2439,Customer_2646,41,Mansoura,2023-02-25,1,10748,2023-02-25,Express,102,Product_102,Clothing,930.85,474.4,3,0.0,452,5,2792.55,1369.35
1939,Customer_2647,12,Giza,2023-11-26,0,11173,2023-11-26,Same Day,118,Product_118,Home Appliances,359.39,429.515,5,0.0,364,5,1796.95,-350.62
1448,Customer_2648,41,Luxor,2021-10-07,0,11909,2021-10-07,Standard,113,Product_113,Electronics,737.91,362.04,2,0.2,390,5,1180.66,456.58
1086,Customer_2649,46,Luxor,2020-10-08,0,11556,2020-10-08,Standard,129,Product_129,Electronics,1301.79,787.99,4,0.0,875,5,5207.16,2055.2
1100,Customer_2650,51,Luxor,2020-08-11,0,10645,2020-08-11,Express,124,Product_124,Sports,302.59,160.26,3,0.0,558,2,907.77,426.99
2031,Customer_2651,14,Aswan,2023-06-14,1,10378,2023-06-14,Same Day,138,Product_138,Clothing,77.86,35.73,4,0.1,344,5,280.3,137.38
1844,Customer_2652,36,Cairo,2023-04-16,0,12655,2023-04-16,Express,112,Product_112,Home Appliances,995.39,617.36,3,0.1,626,3,2687.55,835.47
2223,Customer_2653,23,Luxor,2021-05-05,1,13013,2021-05-05,Same Day,129,Product_129,Clothing,127.57,52.06,2,0.05,1337,2,242.38,138.26
1086,Customer_2654,72,Mansoura,2021-05-11,0,12572,2021-05-11,Standard,122,Product_122,Sports,1470.91,717.36,4,0.2,875,5,4706.91,1837.47
1042,Customer_2655,57,Mansoura,2020-04-13,0,13584,2020-04-13,Same Day,136,Product_136,Electronics,933.95,473.38,2,0.0,359,7,1867.9,921.14
2408,Customer_2656,29,Giza,2023-03-10,0,13733,2023-03-10,Standard,101,Product_101,Sports,732.07,393.46,4,0.0,456,5,2928.28,1354.44
2458,Customer_2657,16,Alexandria,2022-12-23,0,11140,2022-12-23,Standard,143,Product_143,Sports,673.49,406.76,3,0.0,547,5,2020.47,800.19
1407,Customer_2658,42,Alexandria,2021-04-07,1,13735,2021-04-07,Standard,140,Product_140,Sports,880.95,473.79,2,0.05,485,3,1673.8,726.22
1663,Customer_2659,56,Cairo,2023-07-30,0,12623,2023-07-30,Express,134,Product_134,Sports,181.41,104.91,3,0.05,521,6,517.02,202.29
2040,Customer_2660,13,Aswan,2021-04-21,1,10936,2021-04-21,Express,134,Product_134,Sports,1398.53,809.38,3,0.2,935,5,3356.47,928.33
1147,Customer_2661,26,Aswan,2020-04-17,0,12013,2020-04-17,Express,148,Product_148,Sports,957.18,490.06,4,0.0,1135,3,3828.72,1868.48
1276,Customer_2662,23,Luxor,2020-07-24,0,10661,2020-07-24,Same Day,133,Product_133,Sports,316.77,215.46,4,0.0,391,8,1267.08,405.24
1231,Customer_2663,53,Cairo,2022-04-26,0,11340,2022-04-26,Express,104,Product_104,Electronics,865.74,594.55,2,0.0,351,3,1731.48,542.38
1365,Customer_2664,34,Giza,2021-11-07,0,10875,2021-11-07,Standard,138,Product_138,Electronics,243.22,139.74,5,0.0,477,3,1216.1,517.4
2251,Customer_2665,35,Giza,2024-09-01,0,10011,2024-09-01,Express,130,Product_130,Clothing,75.45,31.8,1,0.0,358,4,75.45,43.65
1435,Customer_2666,42,Alexandria,2022-08-25,1,11113,2022-08-25,Standard,146,Product_146,Clothing,964.25,527.77,4,0.1,860,3,3471.3,1360.22
1398,Customer_2667,26,Giza,2020-07-24,0,10387,2020-07-24,Express,120,Product_120,Home Appliances,990.3,450.91,3,0.0,677,6,2970.9,1618.17
2234,Customer_2668,18,Luxor,2023-10-27,1,12130,2023-10-27,Same Day,126,Product_126,Home Appliances,896.36,488.48,1,0.0,359,3,896.36,407.88
2414,Customer_2669,60,Mansoura,2020-10-08,0,13023,2020-10-08,Same Day,115,Product_115,Electronics,316.05,144.29,2,0.0,510,3,632.1,343.52
1498,Customer_2670,61,Giza,2020-01-11,0,13833,2020-01-11,Standard,107,Product_107,Electronics,924.97,565.3,1,0.05,914,6,878.72,313.42
1539,Customer_2671,42,Cairo,2023-02-01,0,11919,2023-02-01,Express,107,Product_107,Home Appliances,131.94,55.96,1,0.0,597,6,131.94,75.98
1562,Customer_2672,43,Luxor,2020-11-19,1,10395,2020-11-19,Express,129,Product_129,Electronics,933.4,640.3,5,0.05,1049,6,4433.65,1232.15
1441,Customer_2673,58,Giza,2022-04-13,0,12592,2022-04-13,Standard,123,Product_123,Home Appliances,853.32,391.34,5,0.0,686,5,4266.6,2309.9
2284,Customer_2674,42,Aswan,2023-08-30,0,12708,2023-08-30,Same Day,134,Product_134,Clothing,1000.12,598.27,1,0.0,490,4,1000.12,401.85
1772,Customer_2675,33,Giza,2022-09-01,1,10639,2022-09-01,Express,120,Product_120,Electronics,1348.44,429.515,5,0.0,853,1,6742.2,4594.62
1349,Customer_2676,40,Aswan,2022-09-04,0,10099,2022-09-04,Express,115,Product_115,Electronics,1283.02,608.62,5,0.05,350,4,6094.34,3051.24
2375,Customer_2677,60,Luxor,2023-08-25,0,10456,2023-08-25,Express,133,Product_133,Home Appliances,1471.95,1001.35,1,0.0,370,5,1471.95,470.6
1519,Customer_2678,40,Giza,2021-12-02,0,12022,2021-12-02,Same Day,117,Product_117,Sports,1465.55,757.11,4,0.2,611,6,4689.76,1661.32
2343,Customer_2679,29,Aswan,2021-11-08,0,12921,2021-11-08,Express,120,Product_120,Sports,1169.86,805.05,5,0.0,451,5,5849.3,1824.05
1137,Customer_2680,42,Mansoura,2021-10-19,0,12375,2021-10-19,Same Day,113,Product_113,Clothing,1436.81,993.42,1,0.0,392,4,1436.81,443.39
1991,Customer_2681,49,Alexandria,2021-08-07,1,12771,2021-08-07,Express,144,Product_144,Electronics,1307.56,596.8,4,0.0,1243,3,5230.24,2843.04
1367,Customer_2682,48,Luxor,2023-08-15,1,10073,2023-08-15,Same Day,124,Product_124,Electronics,1104.99,429.515,5,0.0,505,1,5524.95,3377.38
2243,Customer_2683,48,Aswan,2020-05-01,0,13167,2020-05-01,Standard,147,Product_147,Home Appliances,159.31,72.97,1,0.0,437,8,159.31,86.34
2360,Customer_2684,27,Cairo,2020-02-07,1,12139,2020-02-07,Same Day,137,Product_137,Sports,121.12,56.68,5,0.0,823,2,605.6,322.2
2246,Customer_2685,51,Giza,2023-08-28,0,12377,2023-08-28,Standard,107,Product_107,Sports,1264.52,537.72,4,0.05,492,8,4805.18,2654.3
1359,Customer_2686,40,Aswan,2023-03-21,0,11863,2023-03-21,Express,108,Product_108,Clothing,760.0,339.69,1,0.0,459,4,760.0,420.31
1920,Customer_2687,29,Aswan,2021-04-20,0,10174,2021-04-20,Express,123,Product_123,Sports,1231.18,725.98,4,0.0,547,7,4924.72,2020.8
1328,Customer_2688,51,Aswan,2022-12-31,0,11760,2022-12-31,Express,114,Product_114,Sports,503.73,269.38,3,0.0,732,4,1511.19,703.05
1961,Customer_2689,33,Alexandria,2024-01-20,0,12362,2024-01-20,Standard,104,Product_104,Sports,626.59,399.32,2,0.0,347,4,1253.18,454.54
1462,Customer_2690,16,Cairo,2020-03-17,0,13758,2020-03-17,Express,121,Product_121,Home Appliances,1065.27,532.21,3,0.0,489,2,3195.81,1599.18
1945,Customer_2691,24,Cairo,2020-12-24,0,13639,2020-12-24,Same Day,146,Product_146,Sports,1377.22,951.09,5,0.2,430,5,5508.88,753.43
1962,Customer_2692,37,Mansoura,2022-05-05,0,10496,2022-05-05,Same Day,110,Product_110,Clothing,177.25,73.55,4,0.0,581,4,709.0,414.8
2405,Customer_2693,48,Alexandria,2020-12-26,0,11292,2020-12-26,Standard,122,Product_122,Sports,1299.14,429.515,1,0.05,692,6,1234.18,804.67
1835,Customer_2694,27,Aswan,2020-03-15,0,10427,2020-03-15,Same Day,130,Product_130,Clothing,1199.87,732.42,4,0.0,559,5,4799.48,1869.8
1168,Customer_2695,36,Luxor,2022-03-24,1,10034,2022-03-24,Standard,130,Product_130,Home Appliances,507.53,338.15,5,0.0,1014,1,2537.65,846.9
1216,Customer_2696,21,Alexandria,2022-11-10,0,12166,2022-11-10,Standard,116,Product_116,Home Appliances,565.06,360.88,1,0.0,517,5,565.06,204.18
1377,Customer_2697,54,Alexandria,2021-01-16,1,11394,2021-01-16,Express,111,Product_111,Clothing,117.37,64.19,3,0.0,847,3,352.11,159.54
1118,Customer_2698,65,Cairo,2021-08-15,1,12972,2021-08-15,Standard,122,Product_122,Home Appliances,72.82,35.02,4,0.0,693,3,291.28,151.2
1189,Customer_2699,41,Mansoura,2020-03-17,0,13639,2020-03-17,Same Day,129,Product_129,Electronics,741.66,299.66,2,0.0,580,6,1483.32,884.0
1766,Customer_2700,54,Mansoura,2020-01-19,1,13972,2020-01-19,Same Day,125,Product_125,Electronics,188.53,104.23,5,0.1,1174,5,848.38,327.23
1369,Customer_2701,52,Alexandria,2021-03-09,0,13522,2021-03-09,Express,114,Product_114,Electronics,331.3,179.79,5,0.2,382,3,1325.2,426.25
1148,Customer_2702,8,Alexandria,2023-09-03,0,13380,2023-09-03,Standard,114,Product_114,Electronics,1277.81,643.09,4,0.0,485,6,5111.24,2538.88
1651,Customer_2703,42,Giza,2023-05-19,0,11380,2023-05-19,Express,102,Product_102,Electronics,877.99,503.46,3,0.05,593,1,2502.27,991.89
1769,Customer_2704,32,Aswan,2020-08-07,0,13447,2020-08-07,Express,113,Product_113,Home Appliances,968.77,599.32,3,0.0,654,7,2906.31,1108.35
1373,Customer_2705,53,Cairo,2021-11-17,1,12875,2021-11-17,Express,103,Product_103,Clothing,321.85,196.41,2,0.0,607,3,643.7,250.88
1780,Customer_2706,1,Aswan,2021-08-05,0,13176,2021-08-05,Express,130,Product_130,Home Appliances,1251.56,599.47,2,0.2,438,6,2002.5,803.56
1159,Customer_2707,42,Luxor,2022-07-19,0,12437,2022-07-19,Express,118,Product_118,Sports,1308.57,429.515,4,0.0,546,6,5234.28,3516.22
1350,Customer_2708,36,Luxor,2023-06-08,1,10175,2023-06-08,Standard,136,Product_136,Electronics,808.83,359.63,1,0.05,514,2,768.39,408.76
2311,Customer_2709,56,Mansoura,2023-01-17,0,12153,2023-01-17,Same Day,121,Product_121,Electronics,1373.21,599.38,3,0.0,474,6,4119.63,2321.49
2311,Customer_2710,63,Cairo,2022-12-09,0,10591,2022-12-09,Standard,119,Product_119,Home Appliances,1275.0,810.59,1,0.0,474,6,1275.0,464.41
1891,Customer_2711,26,Aswan,2022-08-10,0,11186,2022-08-10,Standard,116,Product_116,Sports,1110.42,675.27,1,0.0,431,5,1110.42,435.15
2249,Customer_2712,26,Mansoura,2020-10-01,0,10913,2020-10-01,Express,128,Product_128,Home Appliances,1114.41,702.5,4,0.1,328,6,4011.88,1201.88
1522,Customer_2713,43,Luxor,2022-10-29,0,11290,2022-10-29,Same Day,104,Product_104,Clothing,202.82,90.4,2,0.0,332,2,405.64,224.84
1521,Customer_2714,66,Alexandria,2022-08-16,0,11586,2022-08-16,Standard,115,Product_115,Electronics,442.71,298.56,1,0.0,869,2,442.71,144.15
1782,Customer_2715,40,Cairo,2021-07-12,1,13960,2021-07-12,Standard,101,Product_101,Home Appliances,146.93,64.64,4,0.0,918,2,587.72,329.16
1272,Customer_2716,20,Cairo,2021-01-29,1,11302,2021-01-29,Same Day,148,Product_148,Clothing,62.59,41.37,2,0.0,814,4,125.18,42.44
1935,Customer_2717,30,Aswan,2020-08-18,0,11326,2020-08-18,Standard,147,Product_147,Electronics,279.55,141.37,1,0.0,468,9,279.55,138.18
2425,Customer_2718,43,Giza,2021-11-08,1,13658,2021-11-08,Same Day,116,Product_116,Electronics,1326.71,572.65,1,0.05,851,2,1260.37,687.72
1182,Customer_2719,43,Aswan,2020-11-28,0,13002,2020-11-28,Standard,120,Product_120,Electronics,397.82,193.35,2,0.1,530,7,716.08,329.38
1487,Customer_2720,29,Alexandria,2024-06-02,0,10952,2024-06-02,Express,133,Product_133,Sports,1456.72,661.98,2,0.05,330,5,2767.77,1443.81
1845,Customer_2721,30,Alexandria,2022-07-28,1,10860,2022-07-28,Same Day,117,Product_117,Home Appliances,916.07,501.27,5,0.2,811,3,3664.28,1157.93
1123,Customer_2722,25,Mansoura,2023-08-20,0,12174,2023-08-20,Standard,105,Product_105,Electronics,394.02,429.515,5,0.05,393,5,1871.59,-275.98
1984,Customer_2723,57,Cairo,2021-06-10,0,11269,2021-06-10,Standard,105,Product_105,Electronics,770.84,384.16,4,0.2,611,4,2466.69,930.05
1789,Customer_2724,27,Mansoura,2024-01-11,0,12871,2024-01-11,Same Day,139,Product_139,Clothing,367.69,214.59,4,0.0,356,3,1470.76,612.4
1413,Customer_2725,33,Alexandria,2021-01-16,0,10233,2021-01-16,Same Day,113,Product_113,Home Appliances,1476.76,985.76,3,0.0,948,7,4430.28,1473.0
2195,Customer_2726,32,Giza,2020-01-29,1,12714,2020-01-29,Same Day,144,Product_144,Clothing,1278.53,753.08,5,0.2,1604,5,5114.12,1348.72
2311,Customer_2727,15,Cairo,2021-11-21,0,13656,2021-11-21,Same Day,136,Product_136,Home Appliances,88.05,44.79,2,0.0,474,6,176.1,86.52
2458,Customer_2728,27,Alexandria,2021-08-27,0,12978,2021-08-27,Same Day,130,Product_130,Electronics,1424.28,993.08,5,0.1,547,5,6409.26,1443.86
1685,Customer_2729,58,Giza,2023-03-08,0,11462,2023-03-08,Same Day,104,Product_104,Sports,1095.54,499.81,4,0.0,452,4,4382.16,2382.92
1112,Customer_2730,21,Aswan,2023-10-13,0,12184,2023-10-13,Express,123,Product_123,Clothing,169.45,94.38,4,0.1,446,6,610.02,232.5
1887,Customer_2731,25,Luxor,2021-01-30,1,11809,2021-01-30,Express,121,Product_121,Sports,1022.42,653.34,4,0.0,825,4,4089.68,1476.32
1121,Customer_2732,20,Alexandria,2020-12-25,0,12603,2020-12-25,Same Day,121,Product_121,Sports,988.04,395.41,2,0.0,448,5,1976.08,1185.26
2245,Customer_2733,38,Luxor,2023-05-06,1,12806,2023-05-06,Standard,106,Product_106,Sports,367.24,224.24,1,0.0,576,4,367.24,143.0
1038,Customer_2734,68,Mansoura,2023-08-01,0,11172,2023-08-01,Express,124,Product_124,Home Appliances,1149.75,551.82,4,0.0,461,5,4599.0,2391.72
1496,Customer_2735,38,Luxor,2022-10-04,0,10055,2022-10-04,Express,147,Product_147,Home Appliances,176.24,79.47,5,0.2,351,5,704.96,307.61
1779,Customer_2736,41,Alexandria,2022-05-25,0,13759,2022-05-25,Standard,131,Product_131,Sports,759.7,366.37,1,0.0,678,3,759.7,393.33
2256,Customer_2737,28,Luxor,2022-11-21,0,12403,2022-11-21,Express,119,Product_119,Electronics,64.39,44.43,5,0.2,329,8,257.56,35.41
1942,Customer_2738,39,Cairo,2021-02-11,0,13328,2021-02-11,Express,138,Product_138,Electronics,1454.67,971.11,4,0.0,523,5,5818.68,1934.24
1148,Customer_2739,58,Alexandria,2020-06-26,0,12970,2020-06-26,Same Day,112,Product_112,Sports,1139.77,529.0,2,0.2,485,6,1823.63,765.63
2420,Customer_2740,42,Giza,2022-03-31,0,10812,2022-03-31,Express,114,Product_114,Clothing,280.34,121.98,1,0.0,1007,2,280.34,158.36
2021,Customer_2741,71,Luxor,2023-02-10,0,13134,2023-02-10,Express,112,Product_112,Clothing,545.43,277.76,1,0.0,457,4,545.43,267.67
1660,Customer_2742,58,Cairo,2020-07-14,0,11849,2020-07-14,Express,115,Product_115,Home Appliances,282.82,163.39,4,0.0,441,8,1131.28,477.72
1301,Customer_2743,38,Mansoura,2021-01-13,0,11959,2021-01-13,Same Day,119,Product_119,Clothing,1161.6,766.82,4,0.2,434,6,3717.12,649.84
2383,Customer_2744,38,Mansoura,2020-10-14,0,11086,2020-10-14,Standard,128,Product_128,Electronics,135.4,93.4,4,0.0,530,3,541.6,168.0
1237,Customer_2745,64,Luxor,2022-09-04,0,10805,2022-09-04,Standard,140,Product_140,Sports,1268.59,793.31,3,0.0,803,3,3805.77,1425.84
1646,Customer_2746,42,Mansoura,2021-10-24,0,13100,2021-10-24,Standard,141,Product_141,Clothing,1416.18,820.96,2,0.0,591,3,2832.36,1190.44
1662,Customer_2747,61,Giza,2021-05-23,0,11575,2021-05-23,Standard,105,Product_105,Sports,1031.11,456.47,2,0.0,440,3,2062.22,1149.28
1235,Customer_2748,70,Alexandria,2020-01-14,1,13730,2020-01-14,Express,105,Product_105,Clothing,358.8,151.49,4,0.1,791,3,1291.68,685.72
1202,Customer_2749,36,Cairo,2021-06-18,0,10599,2021-06-18,Same Day,106,Product_106,Home Appliances,572.13,331.15,3,0.0,420,4,1716.39,722.94
1255,Customer_2750,45,Aswan,2022-02-24,1,12615,2022-02-24,Same Day,123,Product_123,Electronics,742.0,416.8,4,0.0,667,3,2968.0,1300.8
1597,Customer_2751,54,Luxor,2021-04-27,0,13371,2021-04-27,Express,103,Product_103,Home Appliances,926.71,605.91,4,0.2,397,7,2965.47,541.83
1661,Customer_2752,51,Mansoura,2022-07-03,0,12752,2022-07-03,Standard,137,Product_137,Sports,1019.56,506.5,2,0.0,356,10,2039.12,1026.12
1234,Customer_2753,51,Alexandria,2021-06-30,1,10611,2021-06-30,Same Day,133,Product_133,Electronics,853.61,429.515,3,0.1,1041,6,2304.75,1016.2
2368,Customer_2754,19,Aswan,2021-11-06,0,11238,2021-11-06,Express,143,Product_143,Electronics,559.41,294.87,2,0.0,748,4,1118.82,529.08
1533,Customer_2755,27,Giza,2021-09-10,0,12188,2021-09-10,Express,121,Product_121,Home Appliances,1341.83,926.88,4,0.2,468,4,4293.86,586.34
1859,Customer_2756,32,Mansoura,2023-07-04,1,11949,2023-07-04,Express,120,Product_120,Clothing,168.02,107.31,5,0.0,635,3,840.1,303.55
2489,Customer_2757,58,Mansoura,2024-01-20,1,11530,2024-01-20,Express,101,Product_101,Home Appliances,726.07,297.78,1,0.05,347,5,689.77,391.99
1769,Customer_2758,21,Cairo,2023-03-19,0,10560,2023-03-19,Same Day,139,Product_139,Sports,1174.57,778.04,4,0.0,654,7,4698.28,1586.12
1540,Customer_2759,62,Giza,2020-01-24,0,12546,2020-01-24,Express,147,Product_147,Clothing,138.27,74.87,3,0.0,502,4,414.81,190.2
1212,Customer_2760,51,Giza,2021-06-19,0,10626,2021-06-19,Same Day,117,Product_117,Home Appliances,1072.74,546.49,5,0.0,712,4,5363.7,2631.25
1462,Customer_2761,57,Luxor,2023-08-31,0,12549,2023-08-31,Express,129,Product_129,Home Appliances,1238.58,624.27,3,0.0,489,2,3715.74,1842.93
1435,Customer_2762,26,Aswan,2022-06-01,1,12788,2022-06-01,Express,108,Product_108,Clothing,1008.21,583.29,4,0.0,860,3,4032.84,1699.68
1282,Customer_2763,41,Cairo,2023-11-19,0,12811,2023-11-19,Same Day,126,Product_126,Clothing,68.76,429.515,4,0.0,404,5,275.04,-1443.02
2486,Customer_2764,44,Luxor,2021-04-28,0,11610,2021-04-28,Express,128,Product_128,Clothing,311.2,185.78,1,0.2,345,4,248.96,63.18
2430,Customer_2765,43,Cairo,2020-05-07,0,13262,2020-05-07,Standard,134,Product_134,Home Appliances,546.06,312.4,3,0.0,399,4,1638.18,700.98
1087,Customer_2766,44,Giza,2023-09-29,0,13782,2023-09-29,Same Day,126,Product_126,Clothing,388.85,172.33,5,0.0,460,3,1944.25,1082.6
2067,Customer_2767,35,Cairo,2020-08-30,1,10674,2020-08-30,Same Day,113,Product_113,Clothing,1445.85,689.92,1,0.0,1223,5,1445.85,755.93
1460,Customer_2768,42,Cairo,2022-11-08,0,13722,2022-11-08,Express,144,Product_144,Clothing,994.81,648.92,3,0.0,447,3,2984.43,1037.67
1277,Customer_2769,55,Cairo,2021-09-20,0,10048,2021-09-20,Same Day,137,Product_137,Electronics,480.61,287.87,4,0.0,562,3,1922.44,770.96
1420,Customer_2770,22,Alexandria,2020-11-23,0,11386,2020-11-23,Same Day,113,Product_113,Sports,1398.06,747.29,1,0.2,516,4,1118.45,371.16
2376,Customer_2771,63,Alexandria,2022-10-04,1,11902,2022-10-04,Standard,138,Product_138,Clothing,1123.86,511.11,4,0.1,997,2,4045.9,2001.46
1695,Customer_2772,54,Aswan,2023-11-06,0,10626,2023-11-06,Same Day,125,Product_125,Sports,462.68,186.14,2,0.0,422,3,925.36,553.08
1514,Customer_2773,25,Aswan,2022-10-26,0,12727,2022-10-26,Standard,147,Product_147,Clothing,599.38,295.83,2,0.0,562,5,1198.76,607.1
1702,Customer_2774,45,Giza,2023-11-12,1,13567,2023-11-12,Same Day,123,Product_123,Clothing,339.17,141.25,1,0.0,387,5,339.17,197.92
1018,Customer_2775,53,Cairo,2021-09-28,0,10276,2021-09-28,Standard,122,Product_122,Electronics,1458.06,794.18,1,0.0,355,8,1458.06,663.88
1022,Customer_2776,21,Giza,2023-11-14,0,12094,2023-11-14,Same Day,121,Product_121,Electronics,800.08,517.28,3,0.0,414,5,2400.24,848.4
1412,Customer_2777,40,Alexandria,2020-08-28,0,13842,2020-08-28,Same Day,130,Product_130,Clothing,1349.28,655.24,5,0.05,721,3,6409.08,3132.88
2053,Customer_2778,38,Cairo,2023-08-01,0,12973,2023-08-01,Standard,111,Product_111,Clothing,552.42,361.46,5,0.0,519,3,2762.1,954.8
1107,Customer_2779,30,Luxor,2021-08-27,0,10215,2021-08-27,Standard,104,Product_104,Clothing,1298.22,793.69,2,0.2,513,2,2077.15,489.77
2390,Customer_2780,41,Alexandria,2022-01-22,0,10229,2022-01-22,Standard,133,Product_133,Sports,128.14,429.515,2,0.0,385,5,256.28,-602.75
2304,Customer_2781,30,Alexandria,2023-06-12,0,13710,2023-06-12,Same Day,147,Product_147,Clothing,1474.03,874.64,2,0.0,569,3,2948.06,1198.78
2151,Customer_2782,60,Alexandria,2021-03-28,0,12370,2021-03-28,Express,112,Product_112,Sports,1372.45,611.43,4,0.2,530,3,4391.84,1946.12
2252,Customer_2783,30,Cairo,2021-03-24,0,13901,2021-03-24,Express,109,Product_109,Electronics,576.64,343.93,5,0.0,581,7,2883.2,1163.55
2134,Customer_2784,51,Aswan,2020-09-30,0,13492,2020-09-30,Same Day,132,Product_132,Sports,1173.35,519.58,1,0.0,631,4,1173.35,653.77
1135,Customer_2785,15,Mansoura,2022-09-06,1,12272,2022-09-06,Same Day,111,Product_111,Clothing,1140.77,590.64,2,0.0,848,1,2281.54,1100.26
1361,Customer_2786,37,Luxor,2020-09-11,0,11685,2020-09-11,Standard,137,Product_137,Electronics,1356.82,773.36,3,0.0,820,4,4070.46,1750.38
2209,Customer_2787,40,Luxor,2022-07-20,0,11310,2022-07-20,Standard,124,Product_124,Home Appliances,495.52,205.7,1,0.0,576,2,495.52,289.82
1128,Customer_2788,37,Giza,2023-05-25,0,10045,2023-05-25,Standard,107,Product_107,Electronics,725.0,323.34,1,0.0,587,4,725.0,401.66
2284,Customer_2789,34,Cairo,2022-02-04,0,11836,2022-02-04,Express,108,Product_108,Home Appliances,1304.25,647.07,1,0.0,490,4,1304.25,657.18
1514,Customer_2790,29,Aswan,2022-01-05,0,11037,2022-01-05,Same Day,133,Product_133,Sports,1178.94,635.09,5,0.1,562,5,5305.23,2129.78
1448,Customer_2791,51,Alexandria,2023-12-08,0,10632,2023-12-08,Same Day,125,Product_125,Electronics,620.53,408.03,2,0.0,390,5,1241.06,425.0
2127,Customer_2792,54,Mansoura,2023-01-29,0,13979,2023-01-29,Express,101,Product_101,Electronics,1276.3,582.22,3,0.0,674,6,3828.9,2082.24
2247,Customer_2793,38,Cairo,2022-08-22,0,12422,2022-08-22,Standard,103,Product_103,Electronics,118.08,59.54,4,0.0,516,3,472.32,234.16
1873,Customer_2794,23,Cairo,2023-01-05,1,12750,2023-01-05,Standard,140,Product_140,Sports,1183.97,642.58,3,0.0,727,3,3551.91,1624.17
1472,Customer_2795,66,Aswan,2023-09-22,0,10986,2023-09-22,Standard,128,Product_128,Clothing,349.81,170.96,3,0.0,467,2,1049.43,536.55
2033,Customer_2796,26,Mansoura,2021-03-23,0,10332,2021-03-23,Standard,143,Product_143,Sports,464.88,273.22,3,0.0,968,4,1394.64,574.98
2428,Customer_2797,18,Alexandria,2021-05-21,1,11879,2021-05-21,Express,133,Product_133,Electronics,765.16,364.97,4,0.0,636,4,3060.64,1600.76
1301,Customer_2798,9,Cairo,2023-10-25,0,12213,2023-10-25,Standard,146,Product_146,Clothing,702.12,429.515,3,0.0,434,6,2106.36,817.82
1230,Customer_2799,41,Luxor,2023-05-05,0,10506,2023-05-05,Standard,101,Product_101,Electronics,804.83,443.9,3,0.1,511,4,2173.04,841.34
1922,Customer_2800,36,Luxor,2020-06-16,0,10116,2020-06-16,Express,138,Product_138,Electronics,839.92,357.71,2,0.1,407,3,1511.86,796.44
2089,Customer_2801,55,Mansoura,2022-12-12,0,10942,2022-12-12,Standard,127,Product_127,Home Appliances,530.72,312.12,2,0.0,751,4,1061.44,437.2
1936,Customer_2802,49,Alexandria,2022-03-07,0,10635,2022-03-07,Express,138,Product_138,Electronics,304.08,173.56,2,0.0,840,3,608.16,261.04
1111,Customer_2803,44,Mansoura,2022-12-17,0,11589,2022-12-17,Standard,135,Product_135,Sports,1164.3,583.99,1,0.0,635,2,1164.3,580.31
2036,Customer_2804,35,Cairo,2023-12-12,0,11462,2023-12-12,Same Day,110,Product_110,Sports,629.97,254.1,3,0.0,386,6,1889.91,1127.61
2416,Customer_2805,56,Luxor,2022-01-10,1,13375,2022-01-10,Standard,112,Product_112,Sports,783.47,360.56,5,0.0,876,4,3917.35,2114.55
1499,Customer_2806,68,Giza,2020-08-06,0,12504,2020-08-06,Same Day,110,Product_110,Clothing,984.81,513.79,5,0.2,608,5,3939.24,1370.29
1931,Customer_2807,55,Mansoura,2023-01-03,0,11991,2023-01-03,Express,134,Product_134,Home Appliances,1368.97,629.69,5,0.0,672,3,6844.85,3696.4
1597,Customer_2808,33,Giza,2020-08-17,0,10868,2020-08-17,Standard,124,Product_124,Home Appliances,1075.95,616.79,4,0.2,397,7,3443.04,975.88
1233,Customer_2809,51,Giza,2020-05-06,1,11294,2020-05-06,Standard,128,Product_128,Electronics,115.92,71.14,2,0.0,1701,1,231.84,89.56
1601,Customer_2810,33,Aswan,2023-01-26,0,11734,2023-01-26,Standard,122,Product_122,Electronics,1265.91,831.46,2,0.0,706,4,2531.82,868.9
1313,Customer_2811,23,Luxor,2022-11-01,0,12263,2022-11-01,Same Day,145,Product_145,Home Appliances,1484.56,881.97,2,0.0,742,5,2969.12,1205.18
1565,Customer_2812,26,Mansoura,2021-02-18,1,10112,2021-02-18,Standard,116,Product_116,Clothing,735.1,445.99,4,0.05,914,4,2793.38,1009.42
2035,Customer_2813,34,Giza,2023-03-18,0,13087,2023-03-18,Express,113,Product_113,Sports,1455.91,848.11,3,0.0,548,8,4367.73,1823.4
1208,Customer_2814,41,Cairo,2023-01-04,1,12263,2023-01-04,Standard,136,Product_136,Electronics,843.63,586.87,1,0.0,728,2,843.63,256.76
2037,Customer_2815,70,Aswan,2020-11-02,1,10426,2020-11-02,Express,136,Product_136,Home Appliances,716.44,342.67,2,0.0,1202,2,1432.88,747.54
2441,Customer_2816,26,Alexandria,2020-02-12,0,11158,2020-02-12,Same Day,143,Product_143,Clothing,530.54,254.59,3,0.1,393,4,1432.46,668.69
2460,Customer_2817,59,Aswan,2021-02-11,0,11066,2021-02-11,Express,123,Product_123,Sports,1003.45,439.41,5,0.05,949,6,4766.39,2569.34
2400,Customer_2818,35,Alexandria,2022-01-12,1,12811,2022-01-12,Same Day,114,Product_114,Electronics,383.24,209.14,1,0.0,762,5,383.24,174.1
2043,Customer_2819,9,Luxor,2022-06-23,0,10283,2022-06-23,Same Day,132,Product_132,Sports,202.15,86.69,5,0.0,750,6,1010.75,577.3
1586,Customer_2820,32,Mansoura,2020-08-26,1,10833,2020-08-26,Same Day,103,Product_103,Sports,89.49,429.515,3,0.2,909,2,214.78,-1073.77
2014,Customer_2821,57,Mansoura,2023-10-25,0,13169,2023-10-25,Express,127,Product_127,Home Appliances,473.95,258.21,3,0.1,434,8,1279.66,505.03
2093,Customer_2822,45,Alexandria,2021-02-24,0,13131,2021-02-24,Express,119,Product_119,Home Appliances,623.87,428.77,5,0.0,494,5,3119.35,975.5
2234,Customer_2823,46,Cairo,2024-01-08,1,10229,2024-01-08,Express,122,Product_122,Sports,850.51,586.12,1,0.1,359,3,765.46,179.34
2124,Customer_2824,59,Alexandria,2023-04-09,0,11919,2023-04-09,Standard,101,Product_101,Sports,474.49,295.67,5,0.0,633,4,2372.45,894.1
1697,Customer_2825,24,Alexandria,2022-09-28,0,11666,2022-09-28,Express,105,Product_105,Electronics,1476.89,763.22,5,0.0,393,5,7384.45,3568.35
1131,Customer_2826,24,Mansoura,2020-07-05,0,10384,2020-07-05,Same Day,149,Product_149,Clothing,473.03,311.99,5,0.0,565,4,2365.15,805.2
2404,Customer_2827,6,Giza,2022-11-11,0,10158,2022-11-11,Express,133,Product_133,Clothing,689.41,456.83,1,0.0,782,4,689.41,232.58
2155,Customer_2828,53,Cairo,2022-07-01,1,10823,2022-07-01,Same Day,119,Product_119,Sports,199.75,134.44,4,0.1,794,2,719.1,181.34
2043,Customer_2829,48,Mansoura,2020-04-23,0,12518,2020-04-23,Express,136,Product_136,Home Appliances,427.91,253.33,1,0.0,750,6,427.91,174.58
1535,Customer_2830,50,Aswan,2022-07-17,0,13667,2022-07-17,Express,106,Product_106,Clothing,120.08,55.3,5,0.0,861,3,600.4,323.9
2013,Customer_2831,22,Alexandria,2020-09-27,0,10207,2020-09-27,Same Day,115,Product_115,Sports,861.29,368.05,2,0.1,409,5,1550.32,814.22
1226,Customer_2832,15,Giza,2022-11-17,0,10173,2022-11-17,Express,136,Product_136,Home Appliances,1139.04,768.21,2,0.1,776,6,2050.27,513.85
2177,Customer_2833,20,Cairo,2022-04-30,0,11823,2022-04-30,Standard,133,Product_133,Electronics,333.78,139.07,3,0.0,666,6,1001.34,584.13
2492,Customer_2834,26,Luxor,2022-07-24,1,11104,2022-07-24,Standard,124,Product_124,Clothing,583.47,285.18,4,0.0,892,4,2333.88,1193.16
1821,Customer_2835,63,Cairo,2023-02-28,0,11041,2023-02-28,Same Day,127,Product_127,Electronics,74.09,40.46,3,0.05,673,7,211.16,89.78
1870,Customer_2836,55,Cairo,2020-04-28,0,11016,2020-04-28,Same Day,149,Product_149,Home Appliances,1267.31,515.28,3,0.05,694,4,3611.83,2065.99
1404,Customer_2837,33,Alexandria,2023-02-18,0,10707,2023-02-18,Same Day,111,Product_111,Sports,1180.95,793.69,2,0.05,338,5,2243.8,656.42
1201,Customer_2838,44,Alexandria,2022-08-04,0,13362,2022-08-04,Standard,149,Product_149,Electronics,141.72,68.9,1,0.0,765,5,141.72,72.82
1037,Customer_2839,29,Luxor,2023-09-10,0,11383,2023-09-10,Same Day,123,Product_123,Sports,579.06,236.58,3,0.0,450,3,1737.18,1027.44
1941,Customer_2840,45,Luxor,2021-09-23,0,11891,2021-09-23,Same Day,133,Product_133,Clothing,1435.17,1001.86,3,0.1,475,5,3874.96,869.38
1187,Customer_2841,22,Luxor,2024-01-21,0,11302,2024-01-21,Standard,141,Product_141,Electronics,618.44,305.15,4,0.1,346,6,2226.38,1005.78
2080,Customer_2842,51,Mansoura,2020-02-14,0,13022,2020-02-14,Same Day,146,Product_146,Clothing,813.0,539.04,2,0.0,847,2,1626.0,547.92
1940,Customer_2843,27,Mansoura,2022-03-21,0,12444,2022-03-21,Express,147,Product_147,Clothing,565.1,302.92,1,0.0,566,2,565.1,262.18
2043,Customer_2844,52,Alexandria,2021-05-06,0,13021,2021-05-06,Express,129,Product_129,Clothing,914.39,547.66,4,0.1,750,6,3291.8,1101.16
1272,Customer_2845,33,Alexandria,2020-07-01,1,12813,2020-07-01,Express,131,Product_131,Clothing,1468.33,693.53,1,0.0,814,4,1468.33,774.8
2142,Customer_2846,28,Luxor,2021-03-22,0,13213,2021-03-22,Express,101,Product_101,Clothing,1496.38,824.3,1,0.0,504,4,1496.38,672.08
1582,Customer_2847,64,Mansoura,2023-03-30,0,10676,2023-03-30,Standard,134,Product_134,Home Appliances,1173.34,560.03,3,0.0,643,2,3520.02,1839.93
1515,Customer_2848,42,Giza,2020-05-29,0,12564,2020-05-29,Express,118,Product_118,Electronics,636.25,436.04,4,0.0,514,7,2545.0,800.84
2244,Customer_2849,35,Mansoura,2020-02-04,1,13322,2020-02-04,Express,118,Product_118,Sports,766.93,320.79,3,0.0,1043,3,2300.79,1338.42
1525,Customer_2850,51,Alexandria,2022-05-17,0,10661,2022-05-17,Standard,106,Product_106,Sports,567.26,273.65,5,0.0,377,5,2836.3,1468.05
1335,Customer_2851,19,Mansoura,2021-12-06,0,11563,2021-12-06,Standard,140,Product_140,Home Appliances,1479.08,987.93,1,0.0,516,6,1479.08,491.15
1697,Customer_2852,56,Alexandria,2023-12-05,0,11260,2023-12-05,Standard,101,Product_101,Sports,1076.25,585.49,4,0.2,393,5,3444.0,1102.04
2078,Customer_2853,37,Luxor,2020-10-05,1,13203,2020-10-05,Express,147,Product_147,Sports,700.95,406.57,2,0.2,1697,1,1121.52,308.38
1499,Customer_2854,49,Luxor,2023-01-13,0,12353,2023-01-13,Same Day,142,Product_142,Sports,67.57,40.24,3,0.2,608,5,162.17,41.45
1899,Customer_2855,16,Luxor,2020-03-05,0,10357,2020-03-05,Same Day,130,Product_130,Electronics,804.7,339.0,5,0.1,788,5,3621.15,1926.15
1765,Customer_2856,34,Giza,2020-05-21,1,11308,2020-05-21,Express,104,Product_104,Sports,1476.7,598.54,5,0.0,1686,1,7383.5,4390.8
1535,Customer_2857,40,Giza,2022-08-24,0,11316,2022-08-24,Same Day,132,Product_132,Electronics,808.44,550.83,5,0.0,861,3,4042.2,1288.05
1161,Customer_2858,55,Alexandria,2020-05-03,0,13234,2020-05-03,Same Day,110,Product_110,Sports,314.52,151.43,3,0.0,455,6,943.56,489.27
1593,Customer_2859,50,Cairo,2021-08-10,0,13987,2021-08-10,Standard,143,Product_143,Sports,82.04,42.18,2,0.0,506,5,164.08,79.72
1158,Customer_2860,34,Aswan,2022-04-17,0,10418,2022-04-17,Express,105,Product_105,Electronics,564.32,341.2,4,0.0,393,4,2257.28,892.48
2211,Customer_2861,44,Giza,2021-03-01,0,13810,2021-03-01,Express,109,Product_109,Home Appliances,1381.43,650.5,1,0.0,372,5,1381.43,730.93
1059,Customer_2862,58,Alexandria,2020-10-04,1,11491,2020-10-04,Same Day,105,Product_105,Sports,1495.0,926.78,2,0.2,1550,1,2392.0,538.44
1914,Customer_2863,37,Mansoura,2023-06-08,1,10641,2023-06-08,Express,111,Product_111,Clothing,1420.78,763.63,3,0.0,514,4,4262.34,1971.45
2342,Customer_2864,35,Luxor,2024-02-02,0,13955,2024-02-02,Standard,135,Product_135,Clothing,1107.66,727.71,4,0.0,334,4,4430.64,1519.8
1210,Customer_2865,11,Luxor,2023-08-15,0,11593,2023-08-15,Same Day,127,Product_127,Home Appliances,859.31,415.53,1,0.0,505,3,859.31,443.78
1405,Customer_2866,35,Luxor,2022-05-10,1,10506,2022-05-10,Standard,104,Product_104,Clothing,906.49,418.02,4,0.0,567,5,3625.96,1953.88
1663,Customer_2867,13,Alexandria,2022-05-02,0,11681,2022-05-02,Same Day,110,Product_110,Electronics,831.54,540.09,1,0.2,521,6,665.23,125.14
2132,Customer_2868,38,Luxor,2022-02-22,0,11501,2022-02-22,Express,139,Product_139,Sports,1075.22,535.35,1,0.0,999,7,1075.22,539.87
2099,Customer_2869,54,Giza,2022-07-07,0,11385,2022-07-07,Standard,133,Product_133,Sports,657.37,344.17,5,0.0,909,4,3286.85,1566.0
1541,Customer_2870,8,Mansoura,2022-02-12,0,10311,2022-02-12,Standard,138,Product_138,Sports,1020.35,651.1,3,0.2,563,5,2448.84,495.54
2337,Customer_2871,58,Luxor,2022-08-02,0,11657,2022-08-02,Standard,108,Product_108,Sports,226.34,133.69,2,0.0,388,7,452.68,185.3
1997,Customer_2872,35,Alexandria,2020-06-13,1,12751,2020-06-13,Same Day,149,Product_149,Clothing,435.26,231.78,5,0.0,1023,3,2176.3,1017.4
2140,Customer_2873,39,Mansoura,2023-10-30,0,10244,2023-10-30,Same Day,124,Product_124,Clothing,1262.2,599.5,5,0.0,429,6,6311.0,3313.5
1926,Customer_2874,32,Luxor,2023-09-17,1,10476,2023-09-17,Standard,139,Product_139,Clothing,1360.44,856.07,4,0.05,472,1,5169.67,1745.39
1867,Customer_2875,14,Cairo,2023-09-01,1,10614,2023-09-01,Standard,133,Product_133,Electronics,831.56,377.64,1,0.0,723,4,831.56,453.92
1018,Customer_2876,28,Luxor,2020-09-29,0,13962,2020-09-29,Same Day,141,Product_141,Clothing,95.87,65.05,1,0.1,355,8,86.28,21.23
1431,Customer_2877,71,Aswan,2023-08-31,1,12483,2023-08-31,Express,143,Product_143,Clothing,1394.11,620.51,4,0.2,421,4,4461.15,1979.11
1739,Customer_2878,23,Giza,2021-12-13,1,10249,2021-12-13,Express,119,Product_119,Sports,1067.99,685.09,3,0.0,1115,4,3203.97,1148.7
2373,Customer_2879,16,Mansoura,2020-08-30,0,13093,2020-08-30,Standard,102,Product_102,Clothing,650.34,342.91,1,0.0,579,4,650.34,307.43
1182,Customer_2880,42,Giza,2020-12-31,0,12524,2020-12-31,Express,111,Product_111,Home Appliances,917.65,418.27,5,0.1,530,7,4129.42,2038.07
1112,Customer_2881,38,Cairo,2023-01-05,0,11595,2023-01-05,Same Day,135,Product_135,Home Appliances,673.17,350.53,5,0.0,446,6,3365.85,1613.2
2206,Customer_2882,35,Cairo,2022-03-15,0,11773,2022-03-15,Express,117,Product_117,Sports,724.74,338.07,1,0.2,575,3,579.79,241.72
1480,Customer_2883,40,Aswan,2022-12-19,0,11929,2022-12-19,Same Day,142,Product_142,Clothing,1335.87,588.85,1,0.0,744,3,1335.87,747.02
2169,Customer_2884,49,Giza,2020-09-17,1,11875,2020-09-17,Standard,103,Product_103,Home Appliances,283.57,133.77,3,0.0,1567,3,850.71,449.4
1830,Customer_2885,41,Mansoura,2024-01-30,0,10510,2024-01-30,Express,122,Product_122,Home Appliances,200.32,132.26,1,0.0,337,5,200.32,68.06
2136,Customer_2886,42,Cairo,2021-01-04,0,13967,2021-01-04,Express,135,Product_135,Electronics,53.96,23.3,3,0.0,428,7,161.88,91.98
1762,Customer_2887,55,Cairo,2020-08-01,1,13407,2020-08-01,Same Day,121,Product_121,Sports,505.3,349.55,5,0.0,783,7,2526.5,778.75
1475,Customer_2888,25,Luxor,2020-02-16,0,11669,2020-02-16,Same Day,125,Product_125,Home Appliances,263.75,105.9,3,0.05,366,7,751.69,433.99
1762,Customer_2889,5,Aswan,2021-09-03,1,11872,2021-09-03,Standard,139,Product_139,Home Appliances,368.98,220.46,1,0.0,783,7,368.98,148.52
2326,Customer_2890,50,Alexandria,2022-08-06,0,10773,2022-08-06,Standard,102,Product_102,Sports,66.3,43.56,2,0.05,391,7,125.97,38.85
1970,Customer_2891,77,Cairo,2023-10-11,0,11365,2023-10-11,Same Day,101,Product_101,Clothing,379.43,258.08,1,0.0,448,4,379.43,121.35
2019,Customer_2892,39,Mansoura,2024-12-01,1,13409,2024-12-01,Same Day,107,Product_107,Sports,532.43,235.97,2,0.0,355,5,1064.86,592.92
2141,Customer_2893,43,Mansoura,2023-01-20,1,13551,2023-01-20,Standard,120,Product_120,Electronics,95.77,58.37,5,0.05,681,7,454.91,163.06
1160,Customer_2894,35,Luxor,2022-05-18,0,10923,2022-05-18,Same Day,143,Product_143,Electronics,931.46,402.58,4,0.2,959,4,2980.67,1370.35
1400,Customer_2895,63,Mansoura,2022-12-25,0,13113,2022-12-25,Express,106,Product_106,Electronics,874.76,442.44,5,0.1,438,9,3936.42,1724.22
1197,Customer_2896,38,Luxor,2022-02-15,0,10073,2022-02-15,Standard,136,Product_136,Home Appliances,190.7,429.515,5,0.1,623,6,858.15,-1289.42
2283,Customer_2897,37,Cairo,2021-04-15,0,10808,2021-04-15,Express,121,Product_121,Clothing,912.76,459.84,5,0.0,327,6,4563.8,2264.6
1659,Customer_2898,53,Cairo,2021-05-21,0,12878,2021-05-21,Same Day,146,Product_146,Electronics,1498.05,740.06,3,0.1,1016,3,4044.73,1824.55
2070,Customer_2899,32,Cairo,2022-01-08,0,11045,2022-01-08,Standard,135,Product_135,Sports,1419.48,617.21,5,0.0,367,6,7097.4,4011.35
1398,Customer_2900,20,Cairo,2021-12-09,0,12267,2021-12-09,Standard,136,Product_136,Electronics,53.87,22.62,4,0.0,677,6,215.48,125.0
1077,Customer_2901,53,Alexandria,2020-11-13,0,12126,2020-11-13,Standard,108,Product_108,Home Appliances,1203.3,522.93,1,0.0,527,4,1203.3,680.37
1123,Customer_2902,31,Aswan,2021-07-18,0,10234,2021-07-18,Same Day,104,Product_104,Electronics,562.73,372.89,2,0.1,393,5,1012.91,267.13
1074,Customer_2903,25,Aswan,2021-01-21,0,12204,2021-01-21,Standard,143,Product_143,Clothing,142.29,57.39,5,0.0,519,6,711.45,424.5
1136,Customer_2904,71,Alexandria,2024-01-24,0,12374,2024-01-24,Standard,116,Product_116,Electronics,479.18,291.27,2,0.0,343,6,958.36,375.82
1601,Customer_2905,37,Cairo,2020-08-19,0,13185,2020-08-19,Standard,103,Product_103,Clothing,516.52,325.71,5,0.0,706,4,2582.6,954.05
2423,Customer_2906,47,Mansoura,2020-06-03,0,13873,2020-06-03,Standard,107,Product_107,Clothing,808.7,461.26,3,0.0,472,5,2426.1,1042.32
1836,Customer_2907,40,Luxor,2023-09-14,0,13679,2023-09-14,Same Day,102,Product_102,Sports,1008.57,624.54,2,0.1,475,6,1815.43,566.35
1499,Customer_2908,26,Aswan,2022-05-08,0,10641,2022-05-08,Standard,101,Product_101,Clothing,1136.13,429.515,5,0.0,608,5,5680.65,3533.08
1137,Customer_2909,50,Giza,2023-06-13,0,13993,2023-06-13,Standard,101,Product_101,Home Appliances,406.56,218.19,5,0.0,392,4,2032.8,941.85
1049,Customer_2910,44,Luxor,2020-02-02,0,10620,2020-02-02,Same Day,138,Product_138,Home Appliances,516.57,265.94,4,0.0,1417,4,2066.28,1002.52
1972,Customer_2911,30,Giza,2021-05-07,1,13658,2021-05-07,Standard,107,Product_107,Clothing,497.15,339.25,4,0.0,1335,5,1988.6,631.6
1253,Customer_2912,46,Giza,2021-02-26,0,10984,2021-02-26,Express,124,Product_124,Clothing,575.97,398.33,4,0.0,605,6,2303.88,710.56
1709,Customer_2913,32,Cairo,2020-05-17,0,11298,2020-05-17,Standard,105,Product_105,Electronics,1499.5,892.77,3,0.0,677,5,4498.5,1820.19
1562,Customer_2914,23,Giza,2020-07-25,1,13452,2020-07-25,Standard,121,Product_121,Electronics,1178.02,540.93,2,0.0,1049,6,2356.04,1274.18
1756,Customer_2915,21,Cairo,2023-05-01,0,13091,2023-05-01,Express,128,Product_128,Sports,1463.74,782.18,3,0.0,611,2,4391.22,2044.68
2449,Customer_2916,44,Alexandria,2020-03-09,1,13744,2020-03-09,Same Day,118,Product_118,Electronics,1055.01,579.16,1,0.1,879,5,949.51,370.35
1546,Customer_2917,34,Mansoura,2022-07-03,1,13280,2022-07-03,Standard,124,Product_124,Home Appliances,639.09,400.96,5,0.2,740,4,2556.36,551.56
2325,Customer_2918,62,Giza,2023-09-05,0,13955,2023-09-05,Express,132,Product_132,Electronics,615.13,369.28,5,0.0,603,5,3075.65,1229.25
1921,Customer_2919,39,Mansoura,2023-08-10,0,12653,2023-08-10,Same Day,145,Product_145,Sports,758.44,420.51,5,0.0,392,2,3792.2,1689.65
1580,Customer_2920,28,Cairo,2023-12-11,0,11617,2023-12-11,Same Day,133,Product_133,Sports,654.46,395.37,4,0.05,387,5,2486.95,905.47
2372,Customer_2921,42,Giza,2020-04-09,0,12911,2020-04-09,Express,110,Product_110,Clothing,1251.07,509.46,5,0.0,369,7,6255.35,3708.05
1048,Customer_2922,20,Luxor,2021-05-16,0,13687,2021-05-16,Same Day,109,Product_109,Sports,724.25,458.44,4,0.0,1080,4,2897.0,1063.24
1916,Customer_2923,38,Alexandria,2020-03-31,0,12796,2020-03-31,Same Day,149,Product_149,Clothing,478.64,221.84,1,0.0,1265,6,478.64,256.8
2097,Customer_2924,44,Aswan,2022-03-04,0,11795,2022-03-04,Express,133,Product_133,Home Appliances,1173.55,700.52,3,0.2,484,3,2816.52,714.96
1703,Customer_2925,42,Alexandria,2022-06-17,0,13231,2022-06-17,Same Day,133,Product_133,Home Appliances,1288.91,559.63,3,0.0,681,6,3866.73,2187.84
1260,Customer_2926,59,Giza,2021-04-24,1,12962,2021-04-24,Express,107,Product_107,Electronics,659.62,429.515,3,0.0,747,5,1978.86,690.31
1355,Customer_2927,78,Alexandria,2023-01-10,0,12946,2023-01-10,Same Day,104,Product_104,Sports,1018.32,418.22,4,0.0,722,5,4073.28,2400.4
2283,Customer_2928,50,Aswan,2021-03-20,0,13045,2021-03-20,Express,128,Product_128,Home Appliances,135.27,91.05,2,0.0,327,6,270.54,88.44
1637,Customer_2929,57,Luxor,2020-04-25,1,10859,2020-04-25,Same Day,123,Product_123,Clothing,817.72,475.4,2,0.0,1063,3,1635.44,684.64
1742,Customer_2930,78,Mansoura,2020-10-13,1,12620,2020-10-13,Express,132,Product_132,Sports,115.22,58.6,1,0.0,1313,2,115.22,56.62
2318,Customer_2931,24,Luxor,2022-10-28,1,12085,2022-10-28,Standard,144,Product_144,Sports,92.33,58.75,2,0.1,796,3,166.19,48.69
2009,Customer_2932,41,Alexandria,2021-08-15,0,12165,2021-08-15,Same Day,116,Product_116,Clothing,938.74,551.81,1,0.0,764,3,938.74,386.93
1930,Customer_2933,32,Aswan,2021-04-24,0,12437,2021-04-24,Express,146,Product_146,Sports,489.84,287.06,5,0.0,576,3,2449.2,1013.9
1640,Customer_2934,52,Mansoura,2024-07-02,0,13895,2024-07-02,Same Day,110,Product_110,Sports,1126.68,615.29,3,0.0,329,2,3380.04,1534.17
1791,Customer_2935,44,Aswan,2023-03-25,1,12727,2023-03-25,Same Day,114,Product_114,Home Appliances,1349.32,542.94,4,0.0,648,4,5397.28,3225.52
2336,Customer_2936,27,Luxor,2021-10-15,1,10376,2021-10-15,Standard,139,Product_139,Clothing,252.12,120.4,1,0.2,625,5,201.7,81.3
1611,Customer_2937,40,Cairo,2023-03-28,1,12896,2023-03-28,Same Day,136,Product_136,Home Appliances,1100.56,476.24,4,0.0,588,3,4402.24,2497.28
1808,Customer_2938,55,Cairo,2023-05-09,0,11897,2023-05-09,Same Day,134,Product_134,Clothing,796.05,476.61,4,0.0,603,2,3184.2,1277.76
2205,Customer_2939,20,Mansoura,2023-10-09,0,10375,2023-10-09,Standard,124,Product_124,Electronics,212.57,100.88,3,0.0,409,7,637.71,335.07
1685,Customer_2940,28,Mansoura,2021-10-18,0,11604,2021-10-18,Express,118,Product_118,Sports,994.81,532.27,5,0.0,452,4,4974.05,2312.7
2387,Customer_2941,25,Mansoura,2021-04-30,1,10594,2021-04-30,Express,116,Product_116,Sports,933.73,472.49,5,0.2,887,6,3734.92,1372.47
1187,Customer_2942,44,Cairo,2021-09-10,0,12794,2021-09-10,Express,141,Product_141,Home Appliances,797.68,353.34,2,0.0,346,6,1595.36,888.68
1984,Customer_2943,58,Luxor,2020-10-20,0,11065,2020-10-20,Express,137,Product_137,Sports,1393.38,429.515,5,0.0,611,4,6966.9,4819.32
1547,Customer_2944,9,Mansoura,2023-09-14,0,13682,2023-09-14,Express,141,Product_141,Sports,805.57,547.81,3,0.0,475,2,2416.71,773.28
1724,Customer_2945,41,Cairo,2022-12-03,0,13541,2022-12-03,Express,125,Product_125,Home Appliances,1486.25,632.22,4,0.05,760,4,5647.75,3118.87
1925,Customer_2946,26,Mansoura,2021-03-28,1,12007,2021-03-28,Standard,108,Product_108,Home Appliances,788.38,511.04,1,0.0,1133,3,788.38,277.34
2431,Customer_2947,55,Mansoura,2022-04-26,0,12505,2022-04-26,Express,124,Product_124,Clothing,217.99,119.13,1,0.0,458,3,217.99,98.86
1875,Customer_2948,36,Aswan,2021-07-09,1,13201,2021-07-09,Standard,120,Product_120,Electronics,732.18,462.83,5,0.0,855,3,3660.9,1346.75
1617,Customer_2949,41,Mansoura,2021-07-17,0,11051,2021-07-17,Same Day,148,Product_148,Home Appliances,314.38,140.01,2,0.2,1069,4,503.01,222.99
1413,Customer_2950,39,Cairo,2020-05-04,0,13816,2020-05-04,Standard,130,Product_130,Clothing,915.84,402.68,1,0.0,948,7,915.84,513.16
2365,Customer_2951,56,Luxor,2023-02-14,1,12788,2023-02-14,Standard,120,Product_120,Home Appliances,1055.04,703.95,2,0.0,640,4,2110.08,702.18
2243,Customer_2952,70,Cairo,2023-04-26,0,10628,2023-04-26,Standard,118,Product_118,Clothing,729.23,488.11,1,0.0,437,8,729.23,241.12
1902,Customer_2953,22,Cairo,2020-12-24,0,13984,2020-12-24,Standard,104,Product_104,Electronics,191.67,103.46,2,0.0,416,5,383.34,176.42
1162,Customer_2954,25,Mansoura,2023-07-06,1,12373,2023-07-06,Express,148,Product_148,Clothing,729.53,482.25,2,0.0,372,2,1459.06,494.56
2243,Customer_2955,44,Aswan,2023-10-22,0,11532,2023-10-22,Same Day,136,Product_136,Clothing,168.11,100.91,4,0.0,437,8,672.44,268.8
1269,Customer_2956,27,Giza,2022-05-24,0,12666,2022-05-24,Same Day,106,Product_106,Sports,1039.08,473.3,3,0.0,428,5,3117.24,1697.34
1631,Customer_2957,54,Giza,2023-02-12,0,13962,2023-02-12,Same Day,103,Product_103,Home Appliances,1196.03,429.515,1,0.0,566,5,1196.03,766.52
1905,Customer_2958,56,Giza,2022-12-10,0,12372,2022-12-10,Standard,118,Product_118,Clothing,1445.45,637.18,5,0.0,526,4,7227.25,4041.35
2423,Customer_2959,31,Cairo,2020-06-04,0,11830,2020-06-04,Standard,147,Product_147,Home Appliances,265.76,168.01,3,0.0,472,5,797.28,293.25
2205,Customer_2960,28,Mansoura,2021-06-12,0,13974,2021-06-12,Express,140,Product_140,Clothing,822.01,571.77,4,0.0,409,7,3288.04,1000.96
1204,Customer_2961,35,Giza,2023-08-10,0,11183,2023-08-10,Express,118,Product_118,Sports,872.93,492.26,4,0.1,510,3,3142.55,1173.51
1581,Customer_2962,41,Alexandria,2023-06-10,0,12563,2023-06-10,Same Day,123,Product_123,Sports,1387.59,828.06,4,0.0,453,3,5550.36,2238.12
1840,Customer_2963,44,Alexandria,2022-02-19,1,13732,2022-02-19,Standard,135,Product_135,Electronics,959.55,598.59,5,0.0,1047,2,4797.75,1804.8
2251,Customer_2964,6,Alexandria,2022-12-10,0,10745,2022-12-10,Standard,106,Product_106,Clothing,260.99,121.95,1,0.1,358,4,234.89,112.94
1595,Customer_2965,25,Luxor,2021-10-14,1,11277,2021-10-14,Standard,126,Product_126,Sports,682.71,341.9,1,0.0,839,4,682.71,340.81
1249,Customer_2966,33,Mansoura,2023-11-27,0,11951,2023-11-27,Same Day,121,Product_121,Home Appliances,999.41,523.39,2,0.0,401,4,1998.82,952.04
1874,Customer_2967,41,Cairo,2022-05-02,0,12295,2022-05-02,Same Day,124,Product_124,Clothing,1065.41,616.21,2,0.0,634,2,2130.82,898.4
2464,Customer_2968,41,Cairo,2022-04-16,0,13921,2022-04-16,Standard,115,Product_115,Clothing,1301.46,852.65,2,0.0,388,6,2602.92,897.62
1195,Customer_2969,11,Mansoura,2020-01-11,0,13424,2020-01-11,Standard,127,Product_127,Electronics,311.74,148.47,5,0.0,413,4,1558.7,816.35
1689,Customer_2970,20,Aswan,2021-09-06,0,12445,2021-09-06,Same Day,132,Product_132,Home Appliances,1429.74,773.87,3,0.0,679,7,4289.22,1967.61
2093,Customer_2971,38,Aswan,2022-02-09,0,12629,2022-02-09,Same Day,112,Product_112,Electronics,135.75,84.91,1,0.0,494,5,135.75,50.84
1638,Customer_2972,33,Luxor,2021-11-01,0,12250,2021-11-01,Express,105,Product_105,Clothing,1476.46,629.29,2,0.05,753,4,2805.27,1546.69
2422,Customer_2973,30,Mansoura,2023-01-06,0,11325,2023-01-06,Express,107,Product_107,Electronics,1293.76,716.57,5,0.0,726,2,6468.8,2885.95
1671,Customer_2974,51,Aswan,2022-08-27,0,11171,2022-08-27,Express,122,Product_122,Clothing,1007.4,446.59,5,0.05,716,8,4785.15,2552.2
2226,Customer_2975,51,Luxor,2021-05-08,1,10220,2021-05-08,Standard,127,Product_127,Clothing,1115.74,429.515,2,0.2,1334,2,1785.18,926.15
2171,Customer_2976,42,Giza,2021-06-04,1,13769,2021-06-04,Standard,115,Product_115,Electronics,155.4,97.96,4,0.0,1069,4,621.6,229.76
2495,Customer_2977,41,Giza,2021-09-07,1,12914,2021-09-07,Standard,139,Product_139,Electronics,110.15,51.89,4,0.05,1212,3,418.57,211.01
1943,Customer_2978,27,Luxor,2023-12-20,0,11871,2023-12-20,Same Day,145,Product_145,Clothing,197.56,129.37,4,0.0,378,5,790.24,272.76
1198,Customer_2979,28,Mansoura,2020-10-22,1,13631,2020-10-22,Express,135,Product_135,Electronics,176.67,88.41,2,0.0,689,3,353.34,176.52
2449,Customer_2980,14,Giza,2022-08-06,1,12310,2022-08-06,Same Day,126,Product_126,Electronics,843.7,385.77,5,0.2,879,5,3374.8,1445.95
1491,Customer_2981,36,Mansoura,2020-04-28,1,12343,2020-04-28,Same Day,123,Product_123,Clothing,362.39,195.54,5,0.0,1670,3,1811.95,834.25
1895,Customer_2982,51,Aswan,2023-02-25,0,13386,2023-02-25,Same Day,113,Product_113,Home Appliances,1297.3,429.515,1,0.0,507,3,1297.3,867.78
1141,Customer_2983,60,Giza,2022-04-25,0,13067,2022-04-25,Standard,126,Product_126,Electronics,696.34,429.515,4,0.0,822,3,2785.36,1067.3
2336,Customer_2984,36,Aswan,2022-05-03,1,12339,2022-05-03,Standard,103,Product_103,Electronics,1058.49,527.42,2,0.0,625,5,2116.98,1062.14
1164,Customer_2985,47,Mansoura,2023-02-15,0,10683,2023-02-15,Same Day,129,Product_129,Sports,996.67,593.96,1,0.0,479,4,996.67,402.71
1313,Customer_2986,41,Mansoura,2022-12-21,0,10875,2022-12-21,Express,102,Product_102,Home Appliances,513.79,429.515,5,0.0,742,5,2568.95,421.38
1020,Customer_2987,33,Alexandria,2020-01-10,0,11054,2020-01-10,Standard,128,Product_128,Electronics,402.59,169.59,1,0.0,534,7,402.59,233.0
2105,Customer_2988,33,Luxor,2022-06-03,1,13753,2022-06-03,Standard,123,Product_123,Clothing,546.56,273.06,4,0.0,846,3,2186.24,1094.0
2154,Customer_2989,62,Cairo,2021-12-05,1,13115,2021-12-05,Same Day,136,Product_136,Sports,1205.15,778.87,3,0.0,1123,4,3615.45,1278.84
1983,Customer_2990,45,Luxor,2021-06-06,0,11962,2021-06-06,Standard,149,Product_149,Sports,900.1,621.44,4,0.0,355,5,3600.4,1114.64
1304,Customer_2991,47,Mansoura,2021-02-20,0,12602,2021-02-20,Express,106,Product_106,Sports,417.63,172.04,4,0.0,522,6,1670.52,982.36
1370,Customer_2992,46,Mansoura,2021-11-07,0,13205,2021-11-07,Same Day,111,Product_111,Electronics,1235.88,705.42,2,0.0,1001,3,2471.76,1060.92
1852,Customer_2993,40,Luxor,2023-08-17,1,10348,2023-08-17,Standard,138,Product_138,Clothing,129.4,55.85,3,0.0,379,5,388.2,220.65
1383,Customer_2994,62,Mansoura,2020-10-06,1,10218,2020-10-06,Same Day,134,Product_134,Sports,1063.82,642.67,3,0.05,485,5,3031.89,1103.88
1444,Customer_2995,5,Aswan,2022-07-10,0,11022,2022-07-10,Same Day,117,Product_117,Home Appliances,686.7,276.31,3,0.0,688,7,2060.1,1231.17
1424,Customer_2996,42,Giza,2022-01-29,0,10449,2022-01-29,Express,103,Product_103,Sports,1110.37,449.06,5,0.0,420,7,5551.85,3306.55
1160,Customer_2997,56,Mansoura,2020-07-08,0,10503,2020-07-08,Express,144,Product_144,Sports,1394.82,883.01,1,0.05,959,4,1325.08,442.07
2201,Customer_2998,11,Luxor,2023-01-01,0,10085,2023-01-01,Standard,146,Product_146,Home Appliances,1137.55,480.42,5,0.0,341,7,5687.75,3285.65
1628,Customer_2999,52,Luxor,2024-01-23,0,13322,2024-01-23,Same Day,134,Product_134,Sports,690.85,339.59,3,0.0,344,6,2072.55,1053.78
1894,Customer_3000,28,Luxor,2021-01-25,0,11288,2021-01-25,Standard,122,Product_122,Sports,268.91,429.515,2,0.0,742,6,537.82,-321.21
1489,Customer_3001,41,Alexandria,2020-04-15,0,10522,2020-04-15,Standard,129,Product_129,Home Appliances,1219.21,429.515,4,0.0,338,6,4876.84,3158.78
2016,Customer_3002,28,Aswan,2021-03-07,0,13151,2021-03-07,Standard,129,Product_129,Electronics,718.02,321.98,4,0.0,478,6,2872.08,1584.16
1326,Customer_3003,54,Aswan,2022-11-02,1,13692,2022-11-02,Express,105,Product_105,Home Appliances,159.2,90.47,5,0.2,1055,4,636.8,184.45
1597,Customer_3004,35,Alexandria,2023-10-11,0,12508,2023-10-11,Same Day,110,Product_110,Electronics,1092.63,620.33,5,0.0,397,7,5463.15,2361.5
2014,Customer_3005,52,Aswan,2023-05-23,0,13061,2023-05-23,Same Day,110,Product_110,Electronics,473.19,253.49,2,0.0,434,8,946.38,439.4
1288,Customer_3006,46,Alexandria,2023-05-19,0,10629,2023-05-19,Express,109,Product_109,Electronics,120.89,81.89,4,0.1,593,6,435.2,107.64
1592,Customer_3007,28,Aswan,2020-03-21,0,12299,2020-03-21,Express,121,Product_121,Home Appliances,1358.99,851.01,5,0.0,569,6,6794.95,2539.9
1572,Customer_3008,47,Alexandria,2020-05-29,1,10017,2020-05-29,Standard,113,Product_113,Home Appliances,750.5,472.33,1,0.0,1304,4,750.5,278.17
2377,Customer_3009,30,Alexandria,2021-01-20,0,13327,2021-01-20,Standard,110,Product_110,Electronics,457.39,219.95,5,0.0,407,6,2286.95,1187.2
1027,Customer_3010,40,Aswan,2023-04-18,0,11268,2023-04-18,Express,138,Product_138,Home Appliances,1088.76,577.36,5,0.0,624,4,5443.8,2557.0
1953,Customer_3011,35,Alexandria,2024-01-23,0,11176,2024-01-23,Express,111,Product_111,Electronics,1334.56,728.97,3,0.1,344,2,3603.31,1416.4
1042,Customer_3012,53,Aswan,2023-07-10,0,11632,2023-07-10,Same Day,104,Product_104,Home Appliances,50.45,24.7,1,0.0,359,7,50.45,25.75
1422,Customer_3013,48,Alexandria,2023-02-18,1,10499,2023-02-18,Same Day,146,Product_146,Clothing,1047.39,448.75,1,0.1,683,1,942.65,493.9
1176,Customer_3014,39,Luxor,2021-03-20,1,10457,2021-03-20,Same Day,131,Product_131,Home Appliances,1162.17,508.92,2,0.0,496,5,2324.34,1306.5
1528,Customer_3015,29,Cairo,2022-08-09,1,13769,2022-08-09,Express,149,Product_149,Home Appliances,354.39,160.96,3,0.1,846,2,956.85,473.97
1965,Customer_3016,20,Aswan,2021-03-03,0,13613,2021-03-03,Standard,134,Product_134,Home Appliances,759.95,350.41,1,0.0,838,2,759.95,409.54
1197,Customer_3017,42,Alexandria,2021-11-12,0,10114,2021-11-12,Same Day,142,Product_142,Electronics,179.46,84.83,3,0.1,623,6,484.54,230.05
1609,Customer_3018,30,Luxor,2021-09-12,0,10752,2021-09-12,Express,135,Product_135,Electronics,1132.79,429.515,3,0.0,351,5,3398.37,2109.82
1841,Customer_3019,11,Cairo,2020-01-02,0,10768,2020-01-02,Express,139,Product_139,Clothing,1278.81,686.36,4,0.05,403,4,4859.48,2114.04
1852,Customer_3020,20,Alexandria,2021-03-09,1,12494,2021-03-09,Standard,139,Product_139,Clothing,206.87,114.37,1,0.0,379,5,206.87,92.5
1021,Customer_3021,64,Cairo,2021-01-24,0,12400,2021-01-24,Same Day,133,Product_133,Sports,1233.87,429.515,4,0.0,908,6,4935.48,3217.42
2135,Customer_3022,30,Aswan,2020-08-28,0,12672,2020-08-28,Same Day,108,Product_108,Clothing,1168.78,785.64,5,0.0,511,3,5843.9,1915.7
2080,Customer_3023,56,Cairo,2022-09-07,0,11870,2022-09-07,Express,132,Product_132,Electronics,553.02,312.98,5,0.0,847,2,2765.1,1200.2
2089,Customer_3024,34,Giza,2021-05-11,0,12588,2021-05-11,Same Day,133,Product_133,Clothing,1050.92,668.64,4,0.0,751,4,4203.68,1529.12
1841,Customer_3025,58,Mansoura,2023-11-25,0,10321,2023-11-25,Standard,108,Product_108,Clothing,50.07,429.515,5,0.0,403,4,250.35,-1897.22
1097,Customer_3026,57,Giza,2023-05-22,0,13530,2023-05-22,Same Day,146,Product_146,Home Appliances,1401.11,629.02,4,0.0,590,4,5604.44,3088.36
2167,Customer_3027,27,Aswan,2023-12-12,0,11972,2023-12-12,Standard,114,Product_114,Clothing,848.06,448.08,2,0.05,367,5,1611.31,715.15
1434,Customer_3028,10,Aswan,2021-02-22,0,10225,2021-02-22,Express,134,Product_134,Sports,949.49,503.19,3,0.0,792,6,2848.47,1338.9
1636,Customer_3029,11,Cairo,2022-03-23,1,13827,2022-03-23,Standard,108,Product_108,Home Appliances,1013.76,513.31,2,0.0,798,3,2027.52,1000.9
2109,Customer_3030,27,Luxor,2021-05-05,0,10360,2021-05-05,Standard,142,Product_142,Electronics,863.99,347.9,1,0.0,622,5,863.99,516.09
1587,Customer_3031,68,Alexandria,2023-04-02,0,11554,2023-04-02,Standard,107,Product_107,Sports,1292.31,833.27,2,0.0,427,8,2584.62,918.08
1343,Customer_3032,33,Mansoura,2021-10-20,0,10833,2021-10-20,Standard,113,Product_113,Electronics,934.07,404.89,2,0.2,595,2,1494.51,684.73
2317,Customer_3033,42,Alexandria,2021-08-02,1,10111,2021-08-02,Express,121,Product_121,Sports,1366.25,954.52,5,0.0,799,4,6831.25,2058.65
1570,Customer_3034,59,Luxor,2022-02-18,0,10211,2022-02-18,Standard,147,Product_147,Home Appliances,894.38,565.15,4,0.0,803,3,3577.52,1316.92
1610,Customer_3035,41,Aswan,2022-08-12,1,11256,2022-08-12,Express,132,Product_132,Sports,298.13,171.13,1,0.0,873,2,298.13,127.0
1242,Customer_3036,41,Mansoura,2022-12-28,0,10947,2022-12-28,Same Day,111,Product_111,Sports,1374.67,613.63,5,0.0,735,2,6873.35,3805.2
1560,Customer_3037,49,Giza,2023-08-21,0,10158,2023-08-21,Same Day,114,Product_114,Clothing,1038.36,575.89,1,0.0,386,6,1038.36,462.47
1959,Customer_3038,44,Aswan,2022-01-05,0,12619,2022-01-05,Same Day,111,Product_111,Electronics,1063.9,508.9,3,0.0,657,3,3191.7,1665.0
1031,Customer_3039,38,Aswan,2021-09-23,1,11908,2021-09-23,Same Day,102,Product_102,Home Appliances,1478.95,703.53,4,0.0,1196,3,5915.8,3101.68
1390,Customer_3040,29,Cairo,2021-06-19,0,11347,2021-06-19,Express,134,Product_134,Sports,159.04,103.19,5,0.0,559,5,795.2,279.25
1276,Customer_3041,41,Luxor,2022-06-01,0,13164,2022-06-01,Express,144,Product_144,Electronics,671.46,429.515,2,0.0,391,8,1342.92,483.89
1531,Customer_3042,56,Cairo,2022-11-16,0,11271,2022-11-16,Same Day,147,Product_147,Electronics,396.69,212.32,3,0.0,452,4,1190.07,553.11
2177,Customer_3043,66,Cairo,2022-10-15,0,12717,2022-10-15,Standard,117,Product_117,Clothing,964.12,429.515,2,0.0,666,6,1928.24,1069.21
1382,Customer_3044,44,Alexandria,2022-12-08,0,13212,2022-12-08,Same Day,114,Product_114,Electronics,1219.88,520.08,1,0.2,780,4,975.9,455.82
2091,Customer_3045,51,Aswan,2020-07-20,1,10910,2020-07-20,Same Day,125,Product_125,Home Appliances,1451.15,839.32,3,0.2,1360,3,3482.76,964.8
1883,Customer_3046,44,Luxor,2024-01-19,0,13070,2024-01-19,Same Day,148,Product_148,Clothing,709.16,406.68,5,0.1,348,5,3191.22,1157.82
1213,Customer_3047,38,Cairo,2022-08-19,0,12451,2022-08-19,Express,127,Product_127,Sports,1190.02,627.81,2,0.1,610,4,2142.04,886.42
1375,Customer_3048,47,Giza,2021-10-17,0,13803,2021-10-17,Same Day,108,Product_108,Home Appliances,1379.72,895.35,2,0.0,465,3,2759.44,968.74
1743,Customer_3049,57,Mansoura,2021-02-20,1,10403,2021-02-20,Same Day,117,Product_117,Home Appliances,1040.82,710.74,1,0.0,969,5,1040.82,330.08
1212,Customer_3050,26,Luxor,2022-01-29,0,11841,2022-01-29,Same Day,105,Product_105,Home Appliances,401.96,216.9,1,0.0,712,4,401.96,185.06
1078,Customer_3051,18,Alexandria,2021-02-10,1,12648,2021-02-10,Express,112,Product_112,Clothing,931.39,500.01,4,0.0,1187,3,3725.56,1725.52
1627,Customer_3052,32,Luxor,2022-04-27,0,11690,2022-04-27,Same Day,138,Product_138,Electronics,1456.43,801.94,4,0.1,729,5,5243.15,2035.39
1603,Customer_3053,43,Aswan,2020-04-03,1,13485,2020-04-03,Same Day,118,Product_118,Home Appliances,1481.95,914.27,1,0.0,836,4,1481.95,567.68
1781,Customer_3054,53,Alexandria,2023-02-26,1,11463,2023-02-26,Standard,126,Product_126,Electronics,981.42,589.26,4,0.0,675,1,3925.68,1568.64
2404,Customer_3055,25,Mansoura,2021-03-29,0,11256,2021-03-29,Same Day,131,Product_131,Electronics,1336.13,623.77,2,0.0,782,4,2672.26,1424.72
2000,Customer_3056,2,Giza,2020-10-25,1,10192,2020-10-25,Express,137,Product_137,Home Appliances,340.51,142.73,1,0.0,593,3,340.51,197.78
1679,Customer_3057,32,Cairo,2020-02-03,1,11122,2020-02-03,Standard,106,Product_106,Electronics,406.81,278.57,3,0.0,570,3,1220.43,384.72
1057,Customer_3058,37,Luxor,2021-06-18,1,11974,2021-06-18,Same Day,141,Product_141,Clothing,1431.69,684.81,1,0.0,993,3,1431.69,746.88
2049,Customer_3059,22,Alexandria,2023-02-07,0,13184,2023-02-07,Express,115,Product_115,Clothing,246.09,145.58,5,0.2,414,4,984.36,256.46
1880,Customer_3060,28,Mansoura,2023-04-11,0,11642,2023-04-11,Standard,142,Product_142,Sports,327.1,212.13,5,0.0,598,10,1635.5,574.85
1446,Customer_3061,53,Cairo,2023-01-04,0,13607,2023-01-04,Express,149,Product_149,Electronics,659.8,323.36,1,0.0,641,3,659.8,336.44
1065,Customer_3062,41,Mansoura,2024-01-14,1,13352,2024-01-14,Standard,126,Product_126,Electronics,904.9,534.46,3,0.0,353,2,2714.7,1111.32
2277,Customer_3063,45,Giza,2022-05-05,0,10999,2022-05-05,Express,112,Product_112,Sports,925.53,400.17,1,0.0,476,5,925.53,525.36
2067,Customer_3064,34,Cairo,2021-08-27,1,11739,2021-08-27,Standard,141,Product_141,Clothing,473.37,327.09,3,0.0,1223,5,1420.11,438.84
2120,Customer_3065,28,Cairo,2020-08-11,1,10522,2020-08-11,Same Day,147,Product_147,Sports,1384.89,578.12,2,0.0,518,4,2769.78,1613.54
2011,Customer_3066,34,Cairo,2021-02-05,1,10349,2021-02-05,Same Day,114,Product_114,Sports,1376.89,731.75,2,0.0,1348,5,2753.78,1290.28
1226,Customer_3067,47,Alexandria,2021-11-06,0,12363,2021-11-06,Same Day,101,Product_101,Sports,618.5,347.01,3,0.0,776,6,1855.5,814.47
1773,Customer_3068,17,Cairo,2021-04-16,0,11740,2021-04-16,Same Day,117,Product_117,Electronics,679.72,433.08,4,0.0,504,3,2718.88,986.56
1678,Customer_3069,64,Mansoura,2022-02-16,1,12990,2022-02-16,Standard,133,Product_133,Electronics,1068.62,466.28,2,0.0,881,2,2137.24,1204.68
2459,Customer_3070,48,Alexandria,2023-03-12,0,11944,2023-03-12,Standard,129,Product_129,Electronics,1011.34,538.28,5,0.1,661,6,4551.03,1859.63
1600,Customer_3071,31,Cairo,2021-05-18,1,13571,2021-05-18,Standard,145,Product_145,Electronics,604.33,296.07,1,0.0,1115,4,604.33,308.26
1378,Customer_3072,52,Mansoura,2022-10-19,1,11560,2022-10-19,Standard,131,Product_131,Home Appliances,650.65,321.16,4,0.0,805,3,2602.6,1317.96
2201,Customer_3073,58,Mansoura,2023-02-01,0,12960,2023-02-01,Standard,108,Product_108,Sports,554.66,429.515,5,0.1,341,7,2495.97,348.4
2450,Customer_3074,41,Luxor,2023-02-09,0,10651,2023-02-09,Standard,130,Product_130,Sports,391.31,157.17,1,0.0,487,4,391.31,234.14
1708,Customer_3075,36,Mansoura,2023-11-03,0,10634,2023-11-03,Same Day,113,Product_113,Electronics,714.3,446.24,5,0.0,425,6,3571.5,1340.3
1306,Customer_3076,62,Aswan,2021-11-22,0,13058,2021-11-22,Standard,116,Product_116,Clothing,1045.33,672.27,4,0.0,581,4,4181.32,1492.24
1778,Customer_3077,71,Giza,2021-11-06,1,13507,2021-11-06,Express,102,Product_102,Home Appliances,1125.85,754.78,3,0.1,1039,5,3039.79,775.45
1503,Customer_3078,40,Cairo,2022-09-27,1,13594,2022-09-27,Express,145,Product_145,Home Appliances,1179.37,693.55,1,0.1,827,5,1061.43,367.88
1267,Customer_3079,22,Cairo,2024-01-21,0,11801,2024-01-21,Express,118,Product_118,Clothing,593.36,296.7,5,0.0,346,5,2966.8,1483.3
1007,Customer_3080,32,Cairo,2023-07-08,0,10592,2023-07-08,Standard,135,Product_135,Electronics,1158.72,612.0,5,0.0,513,3,5793.6,2733.6
1507,Customer_3081,55,Mansoura,2022-10-01,0,12491,2022-10-01,Same Day,145,Product_145,Home Appliances,59.45,41.08,4,0.0,349,4,237.8,73.48
1475,Customer_3082,24,Mansoura,2022-01-08,0,13893,2022-01-08,Express,119,Product_119,Home Appliances,741.72,492.77,4,0.2,366,7,2373.5,402.42
2320,Customer_3083,36,Cairo,2020-12-10,1,12668,2020-12-10,Standard,113,Product_113,Sports,1201.16,647.49,4,0.0,1168,2,4804.64,2214.68
1163,Customer_3084,44,Aswan,2024-09-02,0,11231,2024-09-02,Standard,104,Product_104,Sports,963.56,658.03,3,0.1,327,4,2601.61,627.52
1484,Customer_3085,26,Alexandria,2021-12-22,0,13902,2021-12-22,Same Day,119,Product_119,Electronics,737.39,477.01,2,0.0,440,8,1474.78,520.76
2095,Customer_3086,56,Alexandria,2020-12-12,0,10755,2020-12-12,Standard,125,Product_125,Electronics,984.73,660.09,5,0.0,598,3,4923.65,1623.2
1566,Customer_3087,50,Giza,2020-10-13,0,11299,2020-10-13,Standard,138,Product_138,Sports,1365.07,825.72,3,0.0,383,3,4095.21,1618.05
1904,Customer_3088,70,Luxor,2024-01-15,0,10496,2024-01-15,Express,131,Product_131,Sports,871.25,572.67,5,0.05,352,3,4138.44,1275.09
1558,Customer_3089,51,Giza,2023-01-24,0,10772,2023-01-24,Express,136,Product_136,Sports,1209.69,807.5,3,0.0,519,7,3629.07,1206.57
1237,Customer_3090,25,Cairo,2022-09-27,0,13368,2022-09-27,Express,104,Product_104,Clothing,1472.08,629.47,1,0.0,803,3,1472.08,842.61
2127,Customer_3091,47,Cairo,2021-11-01,0,12421,2021-11-01,Express,139,Product_139,Home Appliances,1073.07,739.95,2,0.0,674,6,2146.14,666.24
2233,Customer_3092,54,Cairo,2023-01-15,0,11598,2023-01-15,Express,107,Product_107,Electronics,881.32,440.73,5,0.0,335,4,4406.6,2202.95
1553,Customer_3093,55,Luxor,2023-07-08,0,10183,2023-07-08,Standard,116,Product_116,Electronics,104.35,55.51,4,0.05,352,5,396.53,174.49
1827,Customer_3094,28,Mansoura,2020-04-30,0,10031,2020-04-30,Standard,148,Product_148,Clothing,592.99,378.07,2,0.0,518,6,1185.98,429.84
1467,Customer_3095,26,Luxor,2022-12-09,0,10282,2022-12-09,Same Day,105,Product_105,Sports,869.89,521.47,5,0.0,416,2,4349.45,1742.1
2477,Customer_3096,22,Giza,2020-10-03,1,10835,2020-10-03,Express,147,Product_147,Home Appliances,1205.95,805.48,1,0.0,1200,2,1205.95,400.47
2291,Customer_3097,64,Mansoura,2020-01-06,0,12920,2020-01-06,Express,123,Product_123,Sports,685.25,356.45,5,0.0,586,6,3426.25,1644.0
1385,Customer_3098,49,Mansoura,2023-09-30,0,11455,2023-09-30,Express,136,Product_136,Electronics,1442.08,738.33,5,0.05,378,6,6849.88,3158.23
1774,Customer_3099,27,Giza,2020-09-04,1,13590,2020-09-04,Express,132,Product_132,Clothing,444.1,181.86,5,0.0,1241,2,2220.5,1311.2
1847,Customer_3100,41,Mansoura,2020-01-14,0,10685,2020-01-14,Express,124,Product_124,Home Appliances,1129.62,608.66,2,0.05,1198,4,2146.28,928.96
1386,Customer_3101,38,Alexandria,2022-04-24,0,10461,2022-04-24,Standard,125,Product_125,Home Appliances,657.6,405.88,5,0.0,721,7,3288.0,1258.6
1876,Customer_3102,25,Giza,2020-08-10,0,10870,2020-08-10,Standard,145,Product_145,Home Appliances,754.68,370.06,4,0.0,428,5,3018.72,1538.48
1258,Customer_3103,40,Giza,2023-07-15,0,13031,2023-07-15,Express,128,Product_128,Home Appliances,1213.63,653.93,3,0.0,536,3,3640.89,1679.1
1282,Customer_3104,42,Alexandria,2021-04-18,0,10367,2021-04-18,Standard,119,Product_119,Clothing,479.51,223.37,4,0.2,404,5,1534.43,640.95
1039,Customer_3105,68,Luxor,2020-05-19,0,12705,2020-05-19,Express,107,Product_107,Electronics,190.38,120.29,1,0.0,531,5,190.38,70.09
1485,Customer_3106,30,Luxor,2023-12-19,0,13323,2023-12-19,Same Day,144,Product_144,Home Appliances,804.37,336.35,2,0.0,379,1,1608.74,936.04
1928,Customer_3107,14,Luxor,2020-11-05,0,10165,2020-11-05,Express,141,Product_141,Home Appliances,816.75,499.54,3,0.05,381,6,2327.74,829.12
1219,Customer_3108,24,Mansoura,2020-01-19,1,13686,2020-01-19,Same Day,117,Product_117,Electronics,1205.89,619.44,2,0.2,1216,3,1929.42,690.54
2152,Customer_3109,26,Alexandria,2021-03-23,0,13047,2021-03-23,Same Day,102,Product_102,Sports,1454.06,599.77,2,0.0,442,6,2908.12,1708.58
2014,Customer_3110,33,Giza,2022-11-01,0,11728,2022-11-01,Express,116,Product_116,Home Appliances,130.19,85.41,5,0.0,434,8,650.95,223.9
2023,Customer_3111,24,Giza,2022-07-22,0,13600,2022-07-22,Express,139,Product_139,Home Appliances,907.95,496.03,4,0.0,599,3,3631.8,1647.68
1612,Customer_3112,52,Giza,2022-02-03,0,10601,2022-02-03,Express,118,Product_118,Sports,1037.85,601.74,3,0.0,521,7,3113.55,1308.33
1927,Customer_3113,23,Mansoura,2020-05-03,1,13442,2020-05-03,Express,139,Product_139,Electronics,1479.41,916.66,5,0.0,1013,3,7397.05,2813.75
1687,Customer_3114,40,Mansoura,2023-06-19,0,13669,2023-06-19,Standard,101,Product_101,Electronics,1416.76,845.13,3,0.2,562,5,3400.22,864.83
1612,Customer_3115,70,Aswan,2023-07-30,0,13174,2023-07-30,Standard,103,Product_103,Home Appliances,1083.05,670.69,4,0.0,521,7,4332.2,1649.44
1259,Customer_3116,48,Luxor,2023-09-27,1,12641,2023-09-27,Same Day,121,Product_121,Electronics,806.59,507.09,5,0.0,462,2,4032.95,1497.5
1989,Customer_3117,46,Aswan,2023-06-16,0,12173,2023-06-16,Express,130,Product_130,Sports,284.21,163.92,3,0.1,565,7,767.37,275.61
1965,Customer_3118,67,Aswan,2022-09-16,0,10037,2022-09-16,Standard,111,Product_111,Clothing,607.06,309.41,5,0.0,838,2,3035.3,1488.25
1365,Customer_3119,58,Mansoura,2023-12-09,0,10347,2023-12-09,Standard,122,Product_122,Sports,898.43,424.91,2,0.0,477,3,1796.86,947.04
1543,Customer_3120,48,Luxor,2022-09-26,0,11236,2022-09-26,Standard,147,Product_147,Sports,1101.54,738.99,1,0.1,402,3,991.39,252.4
1648,Customer_3121,35,Luxor,2020-02-02,0,13390,2020-02-02,Same Day,125,Product_125,Clothing,971.33,671.17,3,0.2,504,4,2331.19,317.68
1813,Customer_3122,39,Giza,2020-01-14,0,12021,2020-01-14,Standard,103,Product_103,Sports,1085.48,550.66,4,0.0,395,5,4341.92,2139.28
2039,Customer_3123,38,Mansoura,2022-12-25,0,12784,2022-12-25,Express,130,Product_130,Home Appliances,672.27,291.56,3,0.0,738,4,2016.81,1142.13
2152,Customer_3124,33,Luxor,2023-03-02,0,10733,2023-03-02,Standard,124,Product_124,Home Appliances,1105.06,515.8,1,0.0,442,6,1105.06,589.26
1574,Customer_3125,43,Aswan,2022-04-22,0,10425,2022-04-22,Express,145,Product_145,Electronics,258.42,155.36,3,0.0,762,6,775.26,309.18
2132,Customer_3126,45,Alexandria,2020-01-25,0,11270,2020-01-25,Standard,136,Product_136,Electronics,285.75,129.12,3,0.0,999,7,857.25,469.89
2012,Customer_3127,21,Alexandria,2020-02-04,0,10647,2020-02-04,Express,123,Product_123,Sports,286.11,181.4,3,0.0,682,5,858.33,314.13
1669,Customer_3128,64,Mansoura,2022-12-20,0,12333,2022-12-20,Same Day,108,Product_108,Home Appliances,1341.75,908.24,4,0.05,431,4,5098.65,1465.69
1268,Customer_3129,46,Giza,2024-01-19,0,13302,2024-01-19,Standard,104,Product_104,Home Appliances,160.25,110.43,1,0.05,348,2,152.24,41.81
2185,Customer_3130,36,Giza,2021-07-16,1,10319,2021-07-16,Standard,139,Product_139,Clothing,1212.19,488.27,1,0.1,882,3,1090.97,602.7
2283,Customer_3131,43,Luxor,2023-01-02,0,10511,2023-01-02,Same Day,143,Product_143,Electronics,388.68,429.515,4,0.0,327,6,1554.72,-163.34
1923,Customer_3132,53,Mansoura,2021-08-10,1,13592,2021-08-10,Same Day,131,Product_131,Home Appliances,729.22,453.62,3,0.0,438,3,2187.66,826.8
2125,Customer_3133,17,Alexandria,2020-05-02,0,12272,2020-05-02,Same Day,129,Product_129,Sports,1378.14,586.01,3,0.1,549,7,3720.98,1962.95
1246,Customer_3134,38,Aswan,2022-10-25,1,12553,2022-10-25,Express,136,Product_136,Home Appliances,899.61,471.91,1,0.05,497,4,854.63,382.72
1130,Customer_3135,22,Luxor,2023-11-30,0,13896,2023-11-30,Express,113,Product_113,Electronics,354.67,216.35,3,0.1,398,4,957.61,308.56
1352,Customer_3136,79,Aswan,2023-10-12,1,13178,2023-10-12,Standard,141,Product_141,Sports,461.93,317.35,2,0.2,447,4,739.09,104.39
1195,Customer_3137,42,Luxor,2022-05-31,0,11722,2022-05-31,Express,109,Product_109,Electronics,1384.65,622.04,3,0.1,413,4,3738.56,1872.44
1929,Customer_3138,22,Cairo,2021-01-02,0,11756,2021-01-02,Standard,121,Product_121,Home Appliances,669.36,293.39,3,0.0,502,5,2008.08,1127.91
2405,Customer_3139,93,Aswan,2020-07-08,0,13678,2020-07-08,Same Day,103,Product_103,Home Appliances,901.13,488.15,5,0.0,692,6,4505.65,2064.9
2021,Customer_3140,41,Mansoura,2020-07-16,0,13778,2020-07-16,Standard,125,Product_125,Home Appliances,716.9,429.515,1,0.0,457,4,716.9,287.38
1644,Customer_3141,36,Aswan,2022-09-12,0,11777,2022-09-12,Same Day,125,Product_125,Electronics,598.74,413.98,1,0.0,754,3,598.74,184.76
1226,Customer_3142,37,Aswan,2020-10-31,0,12789,2020-10-31,Same Day,112,Product_112,Sports,373.75,175.05,2,0.0,776,6,747.5,397.4
1700,Customer_3143,27,Luxor,2021-08-05,0,13402,2021-08-05,Standard,129,Product_129,Home Appliances,1044.98,518.11,2,0.05,384,3,1985.46,949.24
2499,Customer_3144,43,Alexandria,2021-01-28,0,13076,2021-01-28,Express,111,Product_111,Home Appliances,1091.45,733.9,2,0.0,440,4,2182.9,715.1
1264,Customer_3145,6,Cairo,2023-06-23,1,13934,2023-06-23,Express,111,Product_111,Home Appliances,448.58,278.32,1,0.05,558,3,426.15,147.83
2395,Customer_3146,56,Aswan,2022-12-14,0,12515,2022-12-14,Standard,149,Product_149,Clothing,1194.07,825.93,5,0.0,749,2,5970.35,1840.7
2457,Customer_3147,23,Alexandria,2021-05-31,1,11539,2021-05-31,Express,126,Product_126,Clothing,1289.08,861.03,5,0.0,890,2,6445.4,2140.25
1645,Customer_3148,33,Giza,2021-12-26,0,13847,2021-12-26,Same Day,114,Product_114,Sports,1384.98,643.36,4,0.1,344,7,4985.93,2412.49
1210,Customer_3149,51,Cairo,2021-07-01,0,10937,2021-07-01,Same Day,116,Product_116,Electronics,283.76,178.18,1,0.0,505,3,283.76,105.58
2400,Customer_3150,36,Cairo,2022-03-23,1,10764,2022-03-23,Express,110,Product_110,Home Appliances,490.69,203.43,4,0.0,762,5,1962.76,1149.04
2418,Customer_3151,37,Luxor,2020-10-06,1,12210,2020-10-06,Express,131,Product_131,Home Appliances,1297.51,837.35,3,0.0,1339,3,3892.53,1380.48
2473,Customer_3152,24,Aswan,2022-02-03,0,10652,2022-02-03,Same Day,131,Product_131,Electronics,337.88,196.13,2,0.1,391,7,608.18,215.92
1942,Customer_3153,71,Giza,2022-04-11,0,12948,2022-04-11,Standard,136,Product_136,Electronics,55.03,37.8,4,0.1,523,5,198.11,46.91
2387,Customer_3154,47,Luxor,2022-07-29,1,12855,2022-07-29,Express,110,Product_110,Sports,1312.7,903.15,4,0.2,887,6,4200.64,588.04
1456,Customer_3155,23,Mansoura,2023-03-03,0,13602,2023-03-03,Express,126,Product_126,Electronics,523.35,217.32,1,0.1,400,6,471.02,253.7
1724,Customer_3156,42,Alexandria,2021-05-13,0,12129,2021-05-13,Standard,120,Product_120,Home Appliances,651.02,291.76,2,0.05,760,4,1236.94,653.42
2249,Customer_3157,22,Alexandria,2023-11-28,0,10480,2023-11-28,Same Day,144,Product_144,Sports,697.18,380.15,2,0.0,328,6,1394.36,634.06
1981,Customer_3158,65,Luxor,2021-04-07,0,13964,2021-04-07,Standard,109,Product_109,Clothing,1280.0,849.73,5,0.0,413,4,6400.0,2151.35
2154,Customer_3159,42,Alexandria,2021-06-09,1,10515,2021-06-09,Standard,115,Product_115,Sports,539.94,347.9,4,0.0,1123,4,2159.76,768.16
1587,Customer_3160,25,Aswan,2023-11-01,0,11663,2023-11-01,Standard,109,Product_109,Sports,1343.81,926.3,5,0.0,427,8,6719.05,2087.55
1475,Customer_3161,50,Alexandria,2020-06-14,0,10186,2020-06-14,Express,107,Product_107,Sports,944.56,552.97,4,0.05,366,7,3589.33,1377.45
1985,Customer_3162,35,Aswan,2023-08-31,0,10145,2023-08-31,Same Day,126,Product_126,Electronics,814.57,388.52,1,0.0,332,3,814.57,426.05
2300,Customer_3163,20,Mansoura,2023-08-23,1,11005,2023-08-23,Same Day,124,Product_124,Home Appliances,522.14,212.79,1,0.0,497,5,522.14,309.35
1155,Customer_3164,45,Giza,2020-03-05,0,10151,2020-03-05,Express,112,Product_112,Electronics,403.38,188.33,3,0.0,426,5,1210.14,645.15
2241,Customer_3165,45,Cairo,2020-07-10,0,11386,2020-07-10,Standard,120,Product_120,Home Appliances,954.88,575.39,4,0.0,478,5,3819.52,1517.96
1189,Customer_3166,57,Luxor,2022-04-10,0,10092,2022-04-10,Express,114,Product_114,Electronics,698.0,473.16,4,0.0,580,6,2792.0,899.36
2440,Customer_3167,40,Luxor,2022-02-15,0,13102,2022-02-15,Standard,122,Product_122,Sports,1370.25,680.02,2,0.0,453,4,2740.5,1380.46
1980,Customer_3168,41,Aswan,2022-11-02,1,11849,2022-11-02,Standard,116,Product_116,Home Appliances,762.88,429.515,2,0.05,1055,4,1449.47,590.44
1545,Customer_3169,42,Mansoura,2023-02-05,0,12587,2023-02-05,Standard,129,Product_129,Electronics,792.1,410.68,5,0.0,696,6,3960.5,1907.1
1040,Customer_3170,63,Mansoura,2022-01-09,0,12696,2022-01-09,Standard,132,Product_132,Sports,654.25,322.21,3,0.2,451,6,1570.2,603.57
1306,Customer_3171,35,Cairo,2020-04-24,0,10601,2020-04-24,Express,119,Product_119,Clothing,1194.43,660.11,1,0.0,581,4,1194.43,534.32
1942,Customer_3172,47,Giza,2023-07-28,0,10048,2023-07-28,Standard,135,Product_135,Electronics,666.02,354.78,4,0.0,523,5,2664.08,1244.96
1337,Customer_3173,49,Luxor,2020-01-20,0,11902,2020-01-20,Express,143,Product_143,Electronics,440.55,296.99,5,0.0,352,8,2202.75,717.8
2337,Customer_3174,45,Aswan,2023-12-10,0,13329,2023-12-10,Standard,132,Product_132,Clothing,1299.94,702.59,3,0.0,388,7,3899.82,1792.05
2098,Customer_3175,34,Mansoura,2020-12-16,0,13589,2020-12-16,Express,120,Product_120,Electronics,915.4,442.32,2,0.0,469,6,1830.8,946.16
1952,Customer_3176,41,Luxor,2020-06-18,1,12588,2020-06-18,Same Day,140,Product_140,Clothing,907.69,592.51,3,0.0,1658,1,2723.07,945.54
1278,Customer_3177,38,Aswan,2022-10-20,1,13481,2022-10-20,Express,120,Product_120,Home Appliances,935.69,654.63,5,0.0,804,3,4678.45,1405.3
2199,Customer_3178,69,Alexandria,2022-07-06,0,12203,2022-07-06,Same Day,108,Product_108,Clothing,1092.32,649.33,1,0.1,726,3,983.09,333.76
1895,Customer_3179,33,Luxor,2023-08-13,0,10774,2023-08-13,Express,135,Product_135,Sports,503.95,239.45,2,0.0,507,3,1007.9,529.0
1272,Customer_3180,26,Giza,2021-11-09,1,10545,2021-11-09,Same Day,142,Product_142,Clothing,99.07,46.73,2,0.0,814,4,198.14,104.68
1836,Customer_3181,39,Aswan,2023-04-03,0,11463,2023-04-03,Express,113,Product_113,Home Appliances,1225.36,511.36,1,0.0,475,6,1225.36,714.0
1619,Customer_3182,38,Giza,2020-07-14,0,11260,2020-07-14,Standard,141,Product_141,Clothing,236.91,100.26,2,0.0,478,7,473.82,273.3
1861,Customer_3183,42,Luxor,2022-12-17,0,10649,2022-12-17,Same Day,106,Product_106,Clothing,1096.64,739.68,5,0.0,746,3,5483.2,1784.8
1930,Customer_3184,33,Alexandria,2020-03-28,0,13439,2020-03-28,Standard,147,Product_147,Home Appliances,169.36,72.65,2,0.1,576,3,304.85,159.55
1288,Customer_3185,41,Giza,2021-04-15,0,13048,2021-04-15,Same Day,116,Product_116,Electronics,594.2,324.02,4,0.0,593,6,2376.8,1080.72
1723,Customer_3186,41,Mansoura,2021-08-03,1,12023,2021-08-03,Standard,105,Product_105,Electronics,141.39,86.17,3,0.2,1367,2,339.34,80.83
1892,Customer_3187,53,Aswan,2023-11-18,0,11080,2023-11-18,Standard,145,Product_145,Sports,807.21,528.81,5,0.0,407,4,4036.05,1392.0
1271,Customer_3188,41,Luxor,2023-03-06,0,10174,2023-03-06,Express,134,Product_134,Sports,997.05,450.05,1,0.0,667,4,997.05,547.0
2089,Customer_3189,41,Alexandria,2022-08-31,0,11237,2022-08-31,Standard,106,Product_106,Clothing,298.58,158.65,5,0.2,751,4,1194.32,401.07
1482,Customer_3190,47,Mansoura,2021-07-09,0,12074,2021-07-09,Same Day,133,Product_133,Electronics,588.86,429.515,4,0.0,1185,5,2355.44,637.38
1935,Customer_3191,53,Luxor,2020-04-05,0,13878,2020-04-05,Same Day,115,Product_115,Electronics,1398.85,666.9,2,0.05,468,9,2657.81,1324.01
1247,Customer_3192,25,Alexandria,2020-06-01,1,11941,2020-06-01,Same Day,115,Product_115,Clothing,691.46,339.61,2,0.0,1319,2,1382.92,703.7
1155,Customer_3193,21,Mansoura,2023-11-02,0,11142,2023-11-02,Express,114,Product_114,Home Appliances,1213.69,699.25,5,0.0,426,5,6068.45,2572.2
2070,Customer_3194,65,Giza,2021-07-28,0,10146,2021-07-28,Express,139,Product_139,Electronics,1394.42,564.7,2,0.0,367,6,2788.84,1659.44
1453,Customer_3195,50,Luxor,2023-01-17,0,10867,2023-01-17,Same Day,105,Product_105,Sports,1462.8,764.5,2,0.1,622,4,2633.04,1104.04
1200,Customer_3196,36,Luxor,2023-02-28,0,12312,2023-02-28,Standard,126,Product_126,Clothing,1352.57,616.84,4,0.0,673,5,5410.28,2942.92
1123,Customer_3197,40,Giza,2023-09-09,0,13474,2023-09-09,Express,148,Product_148,Home Appliances,510.24,352.13,1,0.0,393,5,510.24,158.11
1000,Customer_3198,34,Cairo,2020-08-03,0,12305,2020-08-03,Standard,117,Product_117,Sports,1445.73,429.515,3,0.2,363,5,3469.75,2181.2
1967,Customer_3199,43,Mansoura,2021-01-02,0,11883,2021-01-02,Express,143,Product_143,Electronics,1227.97,810.99,5,0.0,1460,3,6139.85,2084.9
1854,Customer_3200,25,Giza,2021-10-06,0,13260,2021-10-06,Express,147,Product_147,Home Appliances,1263.9,579.76,1,0.0,723,2,1263.9,684.14
1639,Customer_3201,52,Luxor,2020-02-02,1,12874,2020-02-02,Express,116,Product_116,Sports,72.0,46.3,3,0.2,1264,4,172.8,33.9
1190,Customer_3202,42,Mansoura,2021-02-28,0,10742,2021-02-28,Express,135,Product_135,Clothing,1433.65,429.515,1,0.0,670,3,1433.65,1004.14
1515,Customer_3203,43,Mansoura,2023-04-17,0,11522,2023-04-17,Same Day,138,Product_138,Home Appliances,1178.23,534.1,5,0.0,514,7,5891.15,3220.65
1441,Customer_3204,26,Cairo,2020-10-22,0,10709,2020-10-22,Express,123,Product_123,Home Appliances,1163.55,731.14,4,0.1,686,5,4188.78,1264.22
1142,Customer_3205,47,Luxor,2023-12-30,0,13310,2023-12-30,Express,113,Product_113,Clothing,168.21,105.74,4,0.0,368,5,672.84,249.88
2214,Customer_3206,26,Alexandria,2022-03-26,0,11350,2022-03-26,Same Day,133,Product_133,Electronics,387.22,270.58,4,0.0,1012,3,1548.88,466.56
1532,Customer_3207,29,Cairo,2020-06-06,0,11093,2020-06-06,Same Day,129,Product_129,Electronics,1445.28,916.71,1,0.0,547,3,1445.28,528.57
1226,Customer_3208,41,Cairo,2021-04-09,0,11952,2021-04-09,Same Day,146,Product_146,Home Appliances,775.98,344.21,5,0.05,776,6,3685.9,1964.85
2336,Customer_3209,77,Alexandria,2020-11-28,1,13835,2020-11-28,Same Day,134,Product_134,Home Appliances,626.89,311.42,2,0.0,625,5,1253.78,630.94
1948,Customer_3210,42,Alexandria,2023-02-28,1,13776,2023-02-28,Standard,134,Product_134,Home Appliances,1267.91,678.99,2,0.0,673,2,2535.82,1177.84
2325,Customer_3211,1,Cairo,2021-07-05,0,13096,2021-07-05,Same Day,127,Product_127,Sports,176.64,77.37,4,0.0,603,5,706.56,397.08
1459,Customer_3212,30,Mansoura,2023-06-03,0,11605,2023-06-03,Same Day,115,Product_115,Home Appliances,654.57,416.58,1,0.0,338,6,654.57,237.99
2424,Customer_3213,50,Giza,2022-07-03,0,13227,2022-07-03,Same Day,109,Product_109,Electronics,594.77,331.89,2,0.0,575,6,1189.54,525.76
1550,Customer_3214,23,Giza,2023-10-18,1,11681,2023-10-18,Standard,126,Product_126,Clothing,557.28,380.81,1,0.0,441,3,557.28,176.47
1392,Customer_3215,52,Cairo,2023-01-12,0,11854,2023-01-12,Same Day,103,Product_103,Clothing,496.15,286.18,5,0.0,350,4,2480.75,1049.85
1844,Customer_3216,42,Mansoura,2021-10-11,0,12266,2021-10-11,Standard,136,Product_136,Clothing,354.61,197.47,4,0.0,626,3,1418.44,628.56
2230,Customer_3217,54,Alexandria,2022-02-25,0,10560,2022-02-25,Express,147,Product_147,Home Appliances,300.72,126.73,3,0.0,526,7,902.16,521.97
1209,Customer_3218,31,Aswan,2020-10-13,0,13450,2020-10-13,Standard,105,Product_105,Home Appliances,978.59,435.28,4,0.0,649,5,3914.36,2173.24
2138,Customer_3219,30,Cairo,2023-12-11,0,10891,2023-12-11,Same Day,120,Product_120,Clothing,1383.12,905.75,3,0.0,416,2,4149.36,1432.11
1645,Customer_3220,48,Luxor,2024-01-23,0,13265,2024-01-23,Standard,120,Product_120,Sports,787.83,549.28,2,0.0,344,7,1575.66,477.1
2274,Customer_3221,39,Mansoura,2020-06-09,0,13111,2020-06-09,Standard,105,Product_105,Sports,482.06,252.87,3,0.0,467,5,1446.18,687.57
1218,Customer_3222,38,Luxor,2022-10-22,1,10596,2022-10-22,Standard,110,Product_110,Sports,280.78,180.55,1,0.0,802,2,280.78,100.23
1406,Customer_3223,63,Luxor,2021-12-09,0,12390,2021-12-09,Standard,116,Product_116,Sports,1253.71,737.53,3,0.0,399,5,3761.13,1548.54
2466,Customer_3224,49,Cairo,2020-04-19,0,12550,2020-04-19,Standard,125,Product_125,Electronics,1458.66,1003.15,2,0.0,657,5,2917.32,911.02
2377,Customer_3225,10,Mansoura,2020-07-19,0,10449,2020-07-19,Standard,144,Product_144,Clothing,556.28,262.25,2,0.2,407,6,890.05,365.55
1887,Customer_3226,51,Luxor,2022-06-14,1,12383,2022-06-14,Standard,125,Product_125,Electronics,471.88,265.88,4,0.0,825,4,1887.52,824.0
1557,Customer_3227,50,Mansoura,2021-04-20,0,12051,2021-04-20,Standard,130,Product_130,Home Appliances,922.16,481.96,2,0.0,1012,3,1844.32,880.4
1549,Customer_3228,57,Giza,2020-04-06,1,11825,2020-04-06,Express,114,Product_114,Sports,1174.23,660.52,1,0.05,807,3,1115.52,455.0
1141,Customer_3229,25,Aswan,2021-11-28,0,12806,2021-11-28,Express,122,Product_122,Sports,710.33,341.43,3,0.0,822,3,2130.99,1106.7
1611,Customer_3230,44,Luxor,2023-05-24,1,12564,2023-05-24,Same Day,143,Product_143,Clothing,963.61,529.33,5,0.05,588,3,4577.15,1930.5
1500,Customer_3231,41,Luxor,2023-11-06,0,13568,2023-11-06,Same Day,128,Product_128,Sports,1089.0,639.72,2,0.2,570,3,1742.4,462.96
1839,Customer_3232,25,Mansoura,2023-04-05,0,11249,2023-04-05,Same Day,130,Product_130,Clothing,1442.86,612.3,3,0.0,608,3,4328.58,2491.68
1701,Customer_3233,54,Aswan,2022-03-23,1,11173,2022-03-23,Same Day,119,Product_119,Home Appliances,289.3,180.2,4,0.1,991,3,1041.48,320.68
1595,Customer_3234,36,Giza,2021-10-30,1,12285,2021-10-30,Same Day,138,Product_138,Sports,1496.2,915.61,5,0.0,839,4,7481.0,2902.95
1280,Customer_3235,57,Luxor,2020-01-03,0,11683,2020-01-03,Same Day,142,Product_142,Sports,618.63,410.86,4,0.0,413,2,2474.52,831.08
1423,Customer_3236,28,Cairo,2023-07-22,1,12150,2023-07-22,Express,120,Product_120,Electronics,1098.64,579.81,1,0.0,529,1,1098.64,518.83
1855,Customer_3237,18,Mansoura,2021-07-13,0,11198,2021-07-13,Express,135,Product_135,Clothing,880.0,368.28,4,0.0,805,5,3520.0,2046.88
1269,Customer_3238,36,Mansoura,2022-07-11,0,11009,2022-07-11,Express,122,Product_122,Clothing,755.67,406.88,3,0.0,428,5,2267.01,1046.37
1153,Customer_3239,43,Luxor,2022-10-01,0,13532,2022-10-01,Standard,115,Product_115,Sports,1062.21,468.73,5,0.0,423,8,5311.05,2967.4
1613,Customer_3240,31,Giza,2021-04-12,0,11771,2021-04-12,Standard,111,Product_111,Electronics,623.84,370.71,4,0.05,390,3,2370.59,887.75
1661,Customer_3241,41,Luxor,2021-12-29,0,13105,2021-12-29,Same Day,134,Product_134,Sports,232.86,96.44,4,0.0,356,10,931.44,545.68
1082,Customer_3242,41,Alexandria,2023-02-06,0,11707,2023-02-06,Express,124,Product_124,Clothing,758.9,388.71,1,0.0,520,5,758.9,370.19
1946,Customer_3243,45,Luxor,2022-07-02,0,12565,2022-07-02,Same Day,106,Product_106,Clothing,806.78,429.515,3,0.0,380,9,2420.34,1131.8
1898,Customer_3244,50,Aswan,2022-06-03,0,10439,2022-06-03,Express,117,Product_117,Sports,342.76,137.45,4,0.0,599,7,1371.04,821.24
2449,Customer_3245,34,Aswan,2021-01-15,1,11308,2021-01-15,Express,128,Product_128,Home Appliances,1406.65,968.01,3,0.0,879,5,4219.95,1315.92
2298,Customer_3246,33,Alexandria,2023-10-24,0,12272,2023-10-24,Same Day,131,Product_131,Sports,379.84,265.45,2,0.05,435,1,721.7,190.8
1283,Customer_3247,61,Aswan,2023-04-14,1,12612,2023-04-14,Same Day,136,Product_136,Electronics,643.38,364.57,1,0.0,472,3,643.38,278.81
1979,Customer_3248,16,Aswan,2023-09-15,0,13328,2023-09-15,Standard,109,Product_109,Clothing,274.65,429.515,1,0.0,474,4,274.65,-154.86
1172,Customer_3249,41,Cairo,2022-02-17,0,12030,2022-02-17,Express,110,Product_110,Clothing,826.91,556.78,1,0.0,544,5,826.91,270.13
2350,Customer_3250,42,Mansoura,2020-06-24,0,13130,2020-06-24,Standard,121,Product_121,Sports,496.07,335.8,3,0.0,443,3,1488.21,480.81
2086,Customer_3251,49,Aswan,2023-06-20,0,11967,2023-06-20,Standard,134,Product_134,Home Appliances,759.45,429.515,4,0.0,561,5,3037.8,1319.74
2096,Customer_3252,42,Mansoura,2021-08-27,0,10245,2021-08-27,Standard,131,Product_131,Clothing,375.69,429.515,4,0.0,454,6,1502.76,-215.3
1762,Customer_3253,26,Giza,2021-05-19,1,11542,2021-05-19,Standard,129,Product_129,Sports,127.97,54.06,3,0.0,783,7,383.91,221.73
2398,Customer_3254,57,Luxor,2023-12-31,1,11237,2023-12-31,Express,143,Product_143,Home Appliances,1179.88,503.26,3,0.0,367,2,3539.64,2029.86
1632,Customer_3255,41,Cairo,2020-05-30,0,12975,2020-05-30,Express,143,Product_143,Sports,979.58,655.33,2,0.1,723,4,1763.24,452.58
1786,Customer_3256,14,Alexandria,2020-06-17,0,11613,2020-06-17,Standard,111,Product_111,Sports,544.07,360.58,5,0.05,373,3,2584.33,781.43
1942,Customer_3257,43,Giza,2021-02-07,0,11724,2021-02-07,Express,133,Product_133,Sports,118.87,63.04,5,0.0,523,5,594.35,279.15
2011,Customer_3258,47,Cairo,2020-11-11,1,10952,2020-11-11,Standard,146,Product_146,Clothing,1305.08,429.515,1,0.1,1348,5,1174.57,745.06
1397,Customer_3259,69,Cairo,2022-02-17,0,12866,2022-02-17,Same Day,101,Product_101,Home Appliances,296.2,175.72,4,0.1,434,5,1066.32,363.44
2143,Customer_3260,46,Alexandria,2023-12-28,0,12263,2023-12-28,Standard,121,Product_121,Electronics,1399.58,898.67,1,0.0,370,7,1399.58,500.91
1933,Customer_3261,17,Alexandria,2023-07-22,0,13474,2023-07-22,Same Day,123,Product_123,Electronics,743.96,460.89,4,0.0,529,6,2975.84,1132.28
2460,Customer_3262,18,Mansoura,2020-11-11,0,10282,2020-11-11,Standard,109,Product_109,Clothing,543.56,317.81,4,0.0,949,6,2174.24,903.0
1675,Customer_3263,41,Luxor,2022-03-08,0,13902,2022-03-08,Standard,101,Product_101,Clothing,1125.55,528.39,2,0.0,1030,4,2251.1,1194.32
1935,Customer_3264,41,Giza,2021-10-10,0,13644,2021-10-10,Express,121,Product_121,Sports,1321.42,632.63,3,0.0,468,9,3964.26,2066.37
1464,Customer_3265,16,Luxor,2022-01-08,1,12620,2022-01-08,Same Day,122,Product_122,Sports,587.53,362.64,3,0.0,729,4,1762.59,674.67
1285,Customer_3266,55,Giza,2020-08-06,1,13286,2020-08-06,Express,104,Product_104,Home Appliances,640.65,410.52,3,0.0,1157,3,1921.95,690.39
1264,Customer_3267,32,Cairo,2020-07-06,1,12429,2020-07-06,Standard,101,Product_101,Sports,678.08,429.515,5,0.0,558,3,3390.4,1242.83
1319,Customer_3268,54,Aswan,2020-01-11,0,13116,2020-01-11,Same Day,110,Product_110,Home Appliances,1387.37,632.9,3,0.0,436,3,4162.11,2263.41
1672,Customer_3269,26,Aswan,2021-09-23,1,11940,2021-09-23,Standard,115,Product_115,Sports,1054.22,429.515,5,0.0,1196,3,5271.1,3123.53
2399,Customer_3270,62,Alexandria,2022-06-29,0,10171,2022-06-29,Same Day,136,Product_136,Sports,409.09,211.38,1,0.0,353,5,409.09,197.71
1819,Customer_3271,53,Alexandria,2022-01-07,0,11244,2022-01-07,Same Day,129,Product_129,Electronics,318.25,181.08,5,0.0,433,5,1591.25,685.85
1088,Customer_3272,29,Cairo,2021-07-06,1,13456,2021-07-06,Standard,146,Product_146,Clothing,384.03,224.44,4,0.0,1145,2,1536.12,638.36
2226,Customer_3273,15,Cairo,2020-07-28,1,11118,2020-07-28,Standard,105,Product_105,Home Appliances,432.17,273.5,2,0.05,1334,2,821.12,274.12
1820,Customer_3274,74,Giza,2020-09-28,0,11882,2020-09-28,Express,129,Product_129,Electronics,383.77,246.27,2,0.0,501,6,767.54,275.0
2000,Customer_3275,36,Cairo,2020-06-27,1,12091,2020-06-27,Express,147,Product_147,Sports,1004.83,486.37,4,0.0,593,3,4019.32,2073.84
1333,Customer_3276,28,Giza,2021-01-18,1,12275,2021-01-18,Standard,147,Product_147,Electronics,218.1,122.66,1,0.0,1141,4,218.1,95.44
1221,Customer_3277,60,Luxor,2022-06-01,0,12621,2022-06-01,Express,127,Product_127,Home Appliances,611.67,267.33,2,0.0,945,1,1223.34,688.68
1040,Customer_3278,54,Alexandria,2022-08-07,0,12364,2022-08-07,Express,125,Product_125,Clothing,956.33,624.11,4,0.0,451,6,3825.32,1328.88
1067,Customer_3279,57,Alexandria,2023-02-14,0,12778,2023-02-14,Standard,116,Product_116,Electronics,471.75,308.35,2,0.0,687,3,943.5,326.8
1987,Customer_3280,38,Aswan,2023-02-10,0,13406,2023-02-10,Same Day,116,Product_116,Home Appliances,144.65,70.86,5,0.0,558,6,723.25,368.95
1513,Customer_3281,68,Aswan,2022-11-15,0,10600,2022-11-15,Standard,136,Product_136,Sports,168.64,75.58,2,0.0,439,3,337.28,186.12
2150,Customer_3282,20,Alexandria,2022-04-15,0,12671,2022-04-15,Express,125,Product_125,Electronics,232.65,97.95,5,0.0,696,7,1163.25,673.5
2278,Customer_3283,31,Luxor,2020-07-30,0,13790,2020-07-30,Standard,141,Product_141,Clothing,1261.97,722.47,5,0.0,522,2,6309.85,2697.5
1694,Customer_3284,45,Luxor,2020-02-23,0,12023,2020-02-23,Standard,101,Product_101,Home Appliances,1003.9,429.1,2,0.1,577,3,1807.02,948.82
2039,Customer_3285,57,Mansoura,2020-02-07,0,10466,2020-02-07,Same Day,105,Product_105,Clothing,143.56,86.74,2,0.0,738,4,287.12,113.64
1476,Customer_3286,49,Giza,2021-12-25,0,13950,2021-12-25,Same Day,141,Product_141,Sports,617.05,372.35,5,0.0,609,4,3085.25,1223.5
2085,Customer_3287,38,Aswan,2023-02-09,0,13889,2023-02-09,Express,120,Product_120,Clothing,453.95,429.515,2,0.05,465,3,862.5,3.47
1880,Customer_3288,32,Giza,2020-09-07,0,11738,2020-09-07,Express,105,Product_105,Sports,888.16,588.82,1,0.1,598,10,799.34,210.52
1431,Customer_3289,57,Aswan,2023-07-05,1,10296,2023-07-05,Express,136,Product_136,Sports,808.07,414.93,3,0.0,421,4,2424.21,1179.42
1267,Customer_3290,51,Mansoura,2023-05-09,0,12592,2023-05-09,Express,129,Product_129,Electronics,747.63,501.42,3,0.0,346,5,2242.89,738.63
2058,Customer_3291,26,Alexandria,2021-10-26,0,12536,2021-10-26,Express,148,Product_148,Sports,506.04,208.02,4,0.0,619,4,2024.16,1192.08
1778,Customer_3292,26,Giza,2022-02-27,1,11019,2022-02-27,Standard,134,Product_134,Clothing,249.81,108.37,3,0.0,1039,5,749.43,424.32
1493,Customer_3293,31,Aswan,2020-01-26,0,12262,2020-01-26,Standard,148,Product_148,Electronics,1126.45,589.88,1,0.0,344,5,1126.45,536.57
2492,Customer_3294,29,Giza,2021-08-20,1,11547,2021-08-20,Express,118,Product_118,Sports,1325.79,766.57,3,0.2,892,4,3181.9,882.19
1660,Customer_3295,55,Alexandria,2022-04-27,0,13073,2022-04-27,Same Day,102,Product_102,Home Appliances,1419.02,581.39,3,0.0,441,8,4257.06,2512.89
2348,Customer_3296,46,Cairo,2022-03-05,1,11898,2022-03-05,Same Day,116,Product_116,Home Appliances,135.0,76.98,1,0.2,729,4,108.0,31.02
2327,Customer_3297,48,Aswan,2020-06-22,0,10660,2020-06-22,Express,129,Product_129,Sports,1122.87,552.7,5,0.0,365,7,5614.35,2850.85
2299,Customer_3298,42,Cairo,2024-01-24,0,10653,2024-01-24,Standard,133,Product_133,Electronics,1103.43,735.04,3,0.1,343,4,2979.26,774.14
2012,Customer_3299,43,Mansoura,2023-02-19,0,10801,2023-02-19,Same Day,116,Product_116,Electronics,1423.31,797.03,4,0.0,682,5,5693.24,2505.12
2224,Customer_3300,16,Luxor,2021-05-12,0,13278,2021-05-12,Same Day,135,Product_135,Electronics,416.73,240.19,3,0.0,878,5,1250.19,529.62
2468,Customer_3301,51,Giza,2023-03-17,1,10340,2023-03-17,Same Day,147,Product_147,Clothing,1126.16,769.94,3,0.05,656,2,3209.56,899.74
2347,Customer_3302,31,Aswan,2022-12-03,0,10703,2022-12-03,Same Day,143,Product_143,Home Appliances,129.21,81.31,1,0.0,502,5,129.21,47.9
2058,Customer_3303,39,Giza,2020-12-13,0,12454,2020-12-13,Standard,142,Product_142,Sports,965.31,513.04,1,0.0,619,4,965.31,452.27
1976,Customer_3304,32,Mansoura,2023-11-04,1,10852,2023-11-04,Standard,117,Product_117,Sports,558.73,303.43,4,0.0,424,3,2234.92,1021.2
1481,Customer_3305,42,Mansoura,2022-02-18,0,10305,2022-02-18,Same Day,104,Product_104,Home Appliances,1164.92,692.4,2,0.0,764,3,2329.84,945.04
1727,Customer_3306,48,Giza,2020-12-13,1,13578,2020-12-13,Standard,149,Product_149,Clothing,1301.79,598.9,1,0.0,1480,2,1301.79,702.89
1479,Customer_3307,24,Aswan,2020-11-10,0,11933,2020-11-10,Standard,104,Product_104,Electronics,578.99,246.99,2,0.0,516,3,1157.98,664.0
2088,Customer_3308,43,Alexandria,2021-07-04,0,13540,2021-07-04,Express,125,Product_125,Home Appliances,812.1,400.67,4,0.05,339,6,3085.98,1483.3
2031,Customer_3309,33,Alexandria,2021-08-09,1,11787,2021-08-09,Express,133,Product_133,Sports,220.24,139.53,3,0.0,344,5,660.72,242.13
2324,Customer_3310,59,Luxor,2021-03-07,0,13787,2021-03-07,Express,114,Product_114,Clothing,654.52,312.34,3,0.0,354,7,1963.56,1026.54
1342,Customer_3311,23,Giza,2022-10-06,0,10873,2022-10-06,Express,124,Product_124,Sports,573.16,251.75,2,0.0,818,3,1146.32,642.82
2454,Customer_3312,24,Giza,2020-10-25,1,11581,2020-10-25,Same Day,111,Product_111,Electronics,315.53,146.94,4,0.05,492,2,1199.01,611.25
2447,Customer_3313,34,Aswan,2020-05-09,0,13957,2020-05-09,Express,125,Product_125,Home Appliances,1346.99,813.17,4,0.0,531,4,5387.96,2135.28
1331,Customer_3314,26,Giza,2020-08-12,1,10494,2020-08-12,Express,128,Product_128,Electronics,264.73,154.65,1,0.0,1485,2,264.73,110.08
1437,Customer_3315,36,Aswan,2022-06-09,1,13332,2022-06-09,Standard,107,Product_107,Clothing,971.82,589.4,2,0.0,937,3,1943.64,764.84
1173,Customer_3316,32,Giza,2021-07-19,1,12625,2021-07-19,Same Day,149,Product_149,Home Appliances,1340.71,665.78,1,0.0,1262,2,1340.71,674.93
1558,Customer_3317,41,Mansoura,2022-05-12,0,11685,2022-05-12,Standard,136,Product_136,Electronics,1372.35,429.515,2,0.0,519,7,2744.7,1885.67
1526,Customer_3318,55,Cairo,2021-09-05,1,11605,2021-09-05,Standard,110,Product_110,Electronics,1200.2,429.515,1,0.0,853,2,1200.2,770.68
1658,Customer_3319,41,Giza,2022-09-18,0,13435,2022-09-18,Standard,149,Product_149,Electronics,305.4,169.23,1,0.0,768,4,305.4,136.17
1025,Customer_3320,42,Cairo,2020-06-06,0,11537,2020-06-06,Express,136,Product_136,Clothing,1235.28,845.73,4,0.0,667,2,4941.12,1558.2
1819,Customer_3321,24,Alexandria,2022-09-01,0,12588,2022-09-01,Same Day,131,Product_131,Electronics,451.02,312.91,4,0.1,433,5,1623.67,372.03
1604,Customer_3322,37,Luxor,2021-05-30,0,12815,2021-05-30,Express,119,Product_119,Sports,1387.48,830.36,3,0.0,630,4,4162.44,1671.36
1405,Customer_3323,33,Alexandria,2021-05-20,1,13644,2021-05-20,Same Day,118,Product_118,Home Appliances,1078.18,736.88,3,0.0,567,5,3234.54,1023.9
1231,Customer_3324,50,Giza,2024-01-16,0,11635,2024-01-16,Standard,149,Product_149,Home Appliances,1188.64,668.55,4,0.0,351,3,4754.56,2080.36
1532,Customer_3325,28,Aswan,2023-04-07,0,10895,2023-04-07,Same Day,106,Product_106,Electronics,173.3,85.3,4,0.0,547,3,693.2,352.0
1504,Customer_3326,27,Alexandria,2022-10-12,0,12502,2022-10-12,Standard,128,Product_128,Clothing,895.01,442.61,1,0.0,812,5,895.01,452.4
1178,Customer_3327,44,Mansoura,2023-05-01,0,11167,2023-05-01,Express,107,Product_107,Sports,1240.66,704.3,3,0.0,611,1,3721.98,1609.08
1131,Customer_3328,69,Cairo,2023-06-16,0,13263,2023-06-16,Standard,138,Product_138,Sports,1299.31,755.56,4,0.0,565,4,5197.24,2175.0
2478,Customer_3329,37,Aswan,2021-04-02,0,13936,2021-04-02,Express,112,Product_112,Home Appliances,91.52,48.68,2,0.0,653,5,183.04,85.68
1347,Customer_3330,42,Aswan,2022-07-26,0,13424,2022-07-26,Express,141,Product_141,Home Appliances,1411.78,429.515,2,0.0,890,4,2823.56,1964.53
1539,Customer_3331,54,Giza,2020-07-08,0,13853,2020-07-08,Express,134,Product_134,Sports,112.84,59.58,3,0.0,597,6,338.52,159.78
1771,Customer_3332,47,Mansoura,2020-04-10,0,12346,2020-04-10,Standard,125,Product_125,Home Appliances,941.05,453.61,2,0.0,623,4,1882.1,974.88
2429,Customer_3333,47,Cairo,2021-09-15,0,13531,2021-09-15,Express,117,Product_117,Electronics,1055.41,424.69,1,0.0,1204,1,1055.41,630.72
1075,Customer_3334,38,Mansoura,2020-01-14,0,12474,2020-01-14,Same Day,133,Product_133,Sports,205.65,142.14,3,0.1,374,3,555.26,128.84
1578,Customer_3335,38,Alexandria,2022-03-21,0,11861,2022-03-21,Same Day,123,Product_123,Home Appliances,119.62,77.43,4,0.0,1000,4,478.48,168.76
1853,Customer_3336,28,Giza,2021-11-11,1,13894,2021-11-11,Same Day,109,Product_109,Electronics,1188.12,694.66,2,0.0,891,4,2376.24,986.92
1193,Customer_3337,47,Aswan,2023-06-24,0,12763,2023-06-24,Same Day,106,Product_106,Electronics,607.77,394.54,1,0.05,405,7,577.38,182.84
2185,Customer_3338,46,Aswan,2022-02-17,1,10756,2022-02-17,Express,102,Product_102,Sports,205.31,132.03,4,0.1,882,3,739.12,211.0
1346,Customer_3339,50,Alexandria,2021-05-11,0,10030,2021-05-11,Same Day,138,Product_138,Electronics,1155.87,785.48,5,0.0,487,2,5779.35,1851.95
1950,Customer_3340,32,Aswan,2022-06-20,0,12379,2022-06-20,Standard,109,Product_109,Sports,1281.29,660.92,1,0.0,421,4,1281.29,620.37
2384,Customer_3341,52,Luxor,2021-11-16,0,11993,2021-11-16,Same Day,103,Product_103,Electronics,901.71,510.78,2,0.1,426,4,1623.08,601.52
2110,Customer_3342,57,Giza,2022-05-31,0,13482,2022-05-31,Same Day,116,Product_116,Sports,283.79,121.91,1,0.05,946,2,269.6,147.69
2285,Customer_3343,21,Alexandria,2023-08-26,1,12099,2023-08-26,Standard,125,Product_125,Sports,72.07,49.7,5,0.05,494,2,342.33,93.83
1213,Customer_3344,35,Giza,2023-05-02,0,13455,2023-05-02,Standard,124,Product_124,Sports,1066.16,741.55,5,0.0,610,4,5330.8,1623.05
1572,Customer_3345,57,Cairo,2020-10-05,1,10242,2020-10-05,Same Day,147,Product_147,Sports,847.7,539.75,1,0.0,1304,4,847.7,307.95
1779,Customer_3346,30,Giza,2021-09-07,0,12822,2021-09-07,Express,129,Product_129,Electronics,993.66,532.84,4,0.0,678,3,3974.64,1843.28
1261,Customer_3347,47,Giza,2021-10-18,0,10685,2021-10-18,Standard,144,Product_144,Sports,1229.12,674.75,4,0.2,819,5,3933.18,1234.18
1729,Customer_3348,40,Cairo,2023-05-20,0,11635,2023-05-20,Express,140,Product_140,Home Appliances,679.63,360.62,5,0.05,592,3,3228.24,1425.14
1282,Customer_3349,44,Alexandria,2023-11-24,0,11440,2023-11-24,Express,126,Product_126,Electronics,230.55,112.51,3,0.1,404,5,622.49,284.96
2490,Customer_3350,40,Giza,2021-02-15,1,11498,2021-02-15,Same Day,138,Product_138,Sports,1412.98,788.92,3,0.0,1149,3,4238.94,1872.18
2403,Customer_3351,51,Mansoura,2022-09-08,0,11415,2022-09-08,Express,135,Product_135,Electronics,840.63,349.73,4,0.0,626,7,3362.52,1963.6
1361,Customer_3352,24,Giza,2021-05-10,0,11412,2021-05-10,Express,123,Product_123,Electronics,942.18,657.23,3,0.0,820,4,2826.54,854.85
2472,Customer_3353,26,Alexandria,2020-12-29,1,10572,2020-12-29,Express,104,Product_104,Electronics,1403.45,739.92,4,0.05,547,3,5333.11,2373.43
1440,Customer_3354,61,Aswan,2022-03-26,0,11991,2022-03-26,Same Day,142,Product_142,Electronics,1400.8,950.04,2,0.0,1012,2,2801.6,901.52
1092,Customer_3355,71,Cairo,2021-10-15,1,12919,2021-10-15,Standard,114,Product_114,Sports,879.54,542.92,4,0.2,822,5,2814.53,642.85
1752,Customer_3356,39,Aswan,2021-08-19,1,12747,2021-08-19,Same Day,147,Product_147,Electronics,481.54,234.5,2,0.0,482,4,963.08,494.08
1866,Customer_3357,65,Alexandria,2023-11-24,0,13540,2023-11-24,Standard,139,Product_139,Home Appliances,1495.81,697.97,5,0.0,404,5,7479.05,3989.2
2447,Customer_3358,28,Luxor,2023-07-20,0,11431,2023-07-20,Express,107,Product_107,Electronics,1037.18,724.68,3,0.2,531,4,2489.23,315.19
1141,Customer_3359,32,Aswan,2022-10-02,0,12566,2022-10-02,Standard,108,Product_108,Electronics,642.23,429.515,5,0.0,822,3,3211.15,1063.58
2314,Customer_3360,61,Giza,2023-03-25,0,11212,2023-03-25,Standard,142,Product_142,Home Appliances,861.76,409.25,1,0.0,493,2,861.76,452.51
2455,Customer_3361,52,Giza,2021-11-05,1,12642,2021-11-05,Standard,119,Product_119,Sports,652.96,274.4,1,0.1,1167,2,587.66,313.26
1748,Customer_3362,64,Cairo,2021-10-29,0,13422,2021-10-29,Standard,102,Product_102,Home Appliances,1338.04,814.97,5,0.0,792,3,6690.2,2615.35
1652,Customer_3363,47,Giza,2022-02-09,1,12330,2022-02-09,Express,147,Product_147,Clothing,749.62,367.99,4,0.1,1057,3,2698.63,1226.67
1700,Customer_3364,24,Mansoura,2021-07-28,0,11659,2021-07-28,Standard,101,Product_101,Home Appliances,1244.12,580.26,4,0.0,384,3,4976.48,2655.44
1997,Customer_3365,43,Mansoura,2022-03-15,1,13228,2022-03-15,Standard,142,Product_142,Sports,1268.26,786.93,3,0.05,1023,3,3614.54,1253.75
1048,Customer_3366,58,Aswan,2022-01-17,0,10598,2022-01-17,Express,138,Product_138,Home Appliances,1245.28,429.515,5,0.0,1080,4,6226.4,4078.82
2325,Customer_3367,38,Alexandria,2020-08-21,0,12195,2020-08-21,Standard,113,Product_113,Electronics,1097.17,597.33,1,0.0,603,5,1097.17,499.84
1880,Customer_3368,35,Cairo,2023-02-28,0,10069,2023-02-28,Same Day,142,Product_142,Sports,1289.57,880.51,5,0.0,598,10,6447.85,2045.3
2213,Customer_3369,47,Luxor,2021-02-13,1,11393,2021-02-13,Standard,144,Product_144,Clothing,611.48,369.27,5,0.0,1418,3,3057.4,1211.05
2159,Customer_3370,31,Aswan,2023-04-27,0,13659,2023-04-27,Same Day,124,Product_124,Sports,216.26,144.47,3,0.0,615,2,648.78,215.37
1554,Customer_3371,44,Alexandria,2023-01-22,1,11649,2023-01-22,Same Day,132,Product_132,Electronics,1271.56,429.515,4,0.2,710,2,4068.99,2350.93
1403,Customer_3372,40,Cairo,2021-01-03,1,11538,2021-01-03,Same Day,130,Product_130,Clothing,772.34,377.67,1,0.05,1302,5,733.72,356.05
1891,Customer_3373,32,Cairo,2023-10-28,0,12281,2023-10-28,Express,106,Product_106,Sports,234.7,101.24,3,0.2,431,5,563.28,259.56
1864,Customer_3374,54,Aswan,2023-01-31,0,12726,2023-01-31,Same Day,138,Product_138,Sports,217.2,106.73,1,0.0,609,3,217.2,110.47
1601,Customer_3375,49,Alexandria,2020-02-25,0,13682,2020-02-25,Same Day,133,Product_133,Electronics,280.9,194.25,1,0.0,706,4,280.9,86.65
1340,Customer_3376,34,Alexandria,2024-01-29,0,12683,2024-01-29,Express,144,Product_144,Home Appliances,1138.91,784.55,4,0.0,338,4,4555.64,1417.44
1703,Customer_3377,39,Giza,2022-03-08,0,10466,2022-03-08,Express,123,Product_123,Home Appliances,1080.74,678.83,4,0.2,681,6,3458.37,743.05
1317,Customer_3378,35,Luxor,2023-12-21,0,10556,2023-12-21,Same Day,110,Product_110,Clothing,345.54,192.23,3,0.0,377,6,1036.62,459.93
1617,Customer_3379,30,Mansoura,2021-05-03,0,10893,2021-05-03,Express,146,Product_146,Electronics,1278.04,429.515,2,0.0,1069,4,2556.08,1697.05
2386,Customer_3380,14,Giza,2022-06-16,0,10835,2022-06-16,Standard,115,Product_115,Electronics,457.88,259.18,3,0.0,930,2,1373.64,596.1
1381,Customer_3381,32,Cairo,2021-08-19,0,11310,2021-08-19,Same Day,123,Product_123,Home Appliances,1199.83,481.19,3,0.0,632,2,3599.49,2155.92
1232,Customer_3382,30,Luxor,2023-11-19,0,10617,2023-11-19,Same Day,136,Product_136,Home Appliances,758.77,417.68,2,0.2,409,4,1214.03,378.67
2367,Customer_3383,41,Luxor,2020-05-21,1,11317,2020-05-21,Standard,101,Product_101,Clothing,1110.75,643.88,1,0.0,825,7,1110.75,466.87
1816,Customer_3384,46,Alexandria,2022-04-17,0,11504,2022-04-17,Express,108,Product_108,Home Appliances,603.01,289.28,5,0.2,550,6,2412.04,965.64
1552,Customer_3385,27,Luxor,2023-10-10,0,10133,2023-10-10,Standard,103,Product_103,Clothing,553.35,255.09,2,0.0,402,5,1106.7,596.52
1855,Customer_3386,45,Aswan,2022-10-19,0,10007,2022-10-19,Standard,114,Product_114,Sports,1269.97,612.31,5,0.1,805,5,5714.87,2653.32
1818,Customer_3387,25,Luxor,2020-10-12,1,12075,2020-10-12,Express,117,Product_117,Clothing,101.19,59.41,1,0.0,674,3,101.19,41.78
1182,Customer_3388,38,Cairo,2023-07-21,0,10782,2023-07-21,Express,134,Product_134,Clothing,1463.37,649.47,2,0.0,530,7,2926.74,1627.8
2064,Customer_3389,30,Aswan,2021-12-09,0,13806,2021-12-09,Same Day,147,Product_147,Clothing,989.86,609.85,4,0.0,400,5,3959.44,1520.04
1396,Customer_3390,51,Aswan,2021-05-10,0,13591,2021-05-10,Same Day,106,Product_106,Sports,677.1,356.7,3,0.0,384,7,2031.3,961.2
1778,Customer_3391,41,Giza,2021-06-01,1,11333,2021-06-01,Same Day,105,Product_105,Home Appliances,960.68,486.11,2,0.0,1039,5,1921.36,949.14
1906,Customer_3392,38,Luxor,2023-09-10,0,13717,2023-09-10,Express,146,Product_146,Clothing,227.97,146.4,2,0.0,479,2,455.94,163.14
2356,Customer_3393,30,Alexandria,2020-11-11,1,10540,2020-11-11,Same Day,141,Product_141,Home Appliances,795.38,438.91,1,0.0,1512,1,795.38,356.47
1126,Customer_3394,35,Giza,2024-04-01,1,12674,2024-04-01,Standard,140,Product_140,Clothing,1478.39,759.18,4,0.0,363,2,5913.56,2876.84
1000,Customer_3395,67,Alexandria,2022-05-16,0,13565,2022-05-16,Same Day,129,Product_129,Home Appliances,391.14,259.5,2,0.0,363,5,782.28,263.28
2191,Customer_3396,32,Luxor,2022-02-11,0,11057,2022-02-11,Express,135,Product_135,Clothing,1097.3,560.14,4,0.0,402,6,4389.2,2148.64
1018,Customer_3397,47,Giza,2020-05-31,0,12054,2020-05-31,Express,118,Product_118,Home Appliances,680.71,447.7,5,0.05,355,8,3233.37,994.87
2355,Customer_3398,38,Luxor,2022-08-07,0,12087,2022-08-07,Same Day,140,Product_140,Electronics,996.06,549.09,2,0.2,481,4,1593.7,495.52
1583,Customer_3399,46,Cairo,2023-05-09,1,13401,2023-05-09,Express,148,Product_148,Sports,347.09,160.5,4,0.0,603,3,1388.36,746.36
1455,Customer_3400,52,Giza,2022-08-09,0,10908,2022-08-09,Express,130,Product_130,Clothing,732.17,427.47,3,0.0,347,6,2196.51,914.1
1956,Customer_3401,34,Alexandria,2023-07-04,0,12109,2023-07-04,Same Day,115,Product_115,Sports,1471.13,714.38,1,0.0,335,7,1471.13,756.75
2132,Customer_3402,50,Cairo,2022-03-31,0,13157,2022-03-31,Same Day,115,Product_115,Clothing,333.17,147.98,4,0.0,999,7,1332.68,740.76
2291,Customer_3403,81,Mansoura,2022-12-30,0,13796,2022-12-30,Standard,116,Product_116,Electronics,972.85,414.39,1,0.05,586,6,924.21,509.82
1444,Customer_3404,48,Alexandria,2022-03-11,0,13187,2022-03-11,Express,133,Product_133,Electronics,884.62,417.99,2,0.0,688,7,1769.24,933.26
2263,Customer_3405,64,Luxor,2023-11-17,1,13648,2023-11-17,Same Day,110,Product_110,Sports,869.32,539.82,2,0.0,328,2,1738.64,659.0
2324,Customer_3406,47,Alexandria,2022-05-06,0,11320,2022-05-06,Standard,119,Product_119,Clothing,941.93,613.57,5,0.0,354,7,4709.65,1641.8
1601,Customer_3407,26,Mansoura,2023-01-18,0,12426,2023-01-18,Express,137,Product_137,Home Appliances,778.25,512.49,1,0.1,706,4,700.42,187.93
1102,Customer_3408,44,Alexandria,2020-03-16,0,13753,2020-03-16,Express,103,Product_103,Clothing,74.55,35.86,3,0.0,759,2,223.65,116.07
1987,Customer_3409,35,Cairo,2022-06-01,0,13699,2022-06-01,Standard,136,Product_136,Home Appliances,1355.14,810.77,3,0.2,558,6,3252.34,820.03
2273,Customer_3410,31,Aswan,2023-07-12,0,10321,2023-07-12,Express,104,Product_104,Sports,1249.12,585.97,4,0.2,391,2,3997.18,1653.3
2476,Customer_3411,38,Alexandria,2023-01-04,0,13699,2023-01-04,Same Day,111,Product_111,Sports,302.54,177.54,3,0.0,728,3,907.62,375.0
1519,Customer_3412,37,Giza,2023-01-05,0,10732,2023-01-05,Standard,141,Product_141,Electronics,649.25,432.51,1,0.0,611,6,649.25,216.74
2176,Customer_3413,24,Mansoura,2023-07-30,0,11418,2023-07-30,Standard,133,Product_133,Home Appliances,1167.3,481.24,2,0.0,351,4,2334.6,1372.12
1858,Customer_3414,80,Alexandria,2020-06-23,0,11380,2020-06-23,Same Day,128,Product_128,Clothing,1471.09,1023.24,1,0.0,551,5,1471.09,447.85
1173,Customer_3415,52,Mansoura,2020-08-11,1,13633,2020-08-11,Standard,132,Product_132,Electronics,1429.15,926.27,1,0.0,1262,2,1429.15,502.88
2366,Customer_3416,43,Aswan,2021-05-23,1,12886,2021-05-23,Same Day,116,Product_116,Sports,1354.07,851.03,2,0.0,1043,3,2708.14,1006.08
2004,Customer_3417,41,Cairo,2023-09-08,0,12466,2023-09-08,Same Day,109,Product_109,Electronics,279.64,169.86,1,0.0,481,3,279.64,109.78
1430,Customer_3418,58,Giza,2023-09-23,0,13549,2023-09-23,Express,111,Product_111,Clothing,1375.99,868.36,3,0.0,466,3,4127.97,1522.89
1726,Customer_3419,71,Luxor,2021-12-28,0,11359,2021-12-28,Express,106,Product_106,Clothing,1323.75,429.515,4,0.1,417,7,4765.5,3047.44
1849,Customer_3420,50,Alexandria,2020-12-06,0,13662,2020-12-06,Express,149,Product_149,Sports,596.58,376.48,4,0.2,554,3,1909.06,403.14
2347,Customer_3421,41,Cairo,2023-08-18,0,12067,2023-08-18,Express,127,Product_127,Electronics,622.06,314.44,1,0.0,502,5,622.06,307.62
1989,Customer_3422,62,Mansoura,2023-08-06,0,12459,2023-08-06,Express,112,Product_112,Home Appliances,716.87,418.78,2,0.0,565,7,1433.74,596.18
1638,Customer_3423,42,Aswan,2020-03-31,0,11914,2020-03-31,Same Day,122,Product_122,Home Appliances,1001.45,501.8,5,0.0,753,4,5007.25,2498.25
1419,Customer_3424,46,Mansoura,2023-02-27,0,10548,2023-02-27,Standard,140,Product_140,Home Appliances,428.21,295.9,1,0.1,401,8,385.39,89.49
1593,Customer_3425,55,Aswan,2023-08-14,0,11282,2023-08-14,Standard,148,Product_148,Clothing,83.28,55.8,1,0.2,506,5,66.62,10.82
1484,Customer_3426,34,Aswan,2023-10-19,0,10604,2023-10-19,Express,137,Product_137,Electronics,254.78,145.3,5,0.0,440,8,1273.9,547.4
1411,Customer_3427,8,Cairo,2023-08-17,0,11722,2023-08-17,Same Day,121,Product_121,Home Appliances,688.17,436.56,4,0.0,395,4,2752.68,1006.44
1935,Customer_3428,33,Alexandria,2022-03-29,0,12404,2022-03-29,Same Day,133,Product_133,Electronics,458.9,308.8,4,0.0,468,9,1835.6,600.4
2107,Customer_3429,51,Luxor,2021-11-10,0,12248,2021-11-10,Same Day,117,Product_117,Sports,1158.55,548.09,5,0.0,351,10,5792.75,3052.3
2136,Customer_3430,50,Alexandria,2022-05-31,0,13482,2022-05-31,Standard,129,Product_129,Home Appliances,204.7,117.47,2,0.0,428,7,409.4,174.46
1331,Customer_3431,60,Giza,2020-04-08,1,13359,2020-04-08,Same Day,140,Product_140,Electronics,1380.32,751.6,1,0.0,1485,2,1380.32,628.72
2401,Customer_3432,34,Alexandria,2020-01-22,1,13119,2020-01-22,Express,110,Product_110,Clothing,1348.22,851.37,3,0.2,1093,6,3235.73,681.62
1654,Customer_3433,63,Aswan,2020-07-20,1,12812,2020-07-20,Same Day,118,Product_118,Sports,1367.7,702.62,4,0.0,1626,1,5470.8,2660.32
1040,Customer_3434,42,Aswan,2021-06-13,0,11581,2021-06-13,Express,147,Product_147,Sports,1122.43,687.71,4,0.05,451,6,4265.23,1514.39
1958,Customer_3435,41,Giza,2021-03-30,0,13441,2021-03-30,Standard,113,Product_113,Sports,205.15,106.86,4,0.0,521,3,820.6,393.16
1104,Customer_3436,53,Mansoura,2022-11-11,0,12278,2022-11-11,Standard,127,Product_127,Sports,685.3,296.96,2,0.0,592,4,1370.6,776.68
1201,Customer_3437,19,Aswan,2022-11-28,0,13166,2022-11-28,Same Day,110,Product_110,Clothing,240.54,103.95,5,0.05,765,5,1142.56,622.81
1449,Customer_3438,24,Giza,2023-02-16,0,12350,2023-02-16,Standard,132,Product_132,Clothing,1482.16,645.8,2,0.2,644,5,2371.46,1079.86
2289,Customer_3439,24,Aswan,2023-03-04,0,13289,2023-03-04,Standard,141,Product_141,Home Appliances,532.91,218.36,4,0.05,639,2,2025.06,1151.62
1909,Customer_3440,56,Luxor,2023-11-09,1,13623,2023-11-09,Same Day,145,Product_145,Clothing,898.73,503.19,1,0.05,419,3,853.79,350.6
1209,Customer_3441,35,Aswan,2023-03-24,0,12434,2023-03-24,Standard,103,Product_103,Clothing,1180.12,709.93,4,0.05,649,5,4484.46,1644.74
1562,Customer_3442,70,Cairo,2021-03-28,1,10714,2021-03-28,Express,122,Product_122,Sports,1384.89,606.61,1,0.0,1049,6,1384.89,778.28
2141,Customer_3443,40,Giza,2022-01-07,1,13699,2022-01-07,Same Day,127,Product_127,Clothing,1145.54,668.49,1,0.05,681,7,1088.26,419.77
1712,Customer_3444,17,Alexandria,2022-02-05,0,10924,2022-02-05,Express,103,Product_103,Sports,1028.03,595.56,4,0.05,507,2,3906.51,1524.27
2400,Customer_3445,29,Giza,2022-12-03,1,13162,2022-12-03,Standard,133,Product_133,Electronics,725.67,322.29,4,0.0,762,5,2902.68,1613.52
1770,Customer_3446,41,Mansoura,2022-08-06,0,10057,2022-08-06,Same Day,102,Product_102,Electronics,927.83,483.61,1,0.0,356,3,927.83,444.22
2107,Customer_3447,47,Aswan,2023-10-23,0,10433,2023-10-23,Express,111,Product_111,Electronics,186.54,429.515,2,0.05,351,10,354.43,-504.6
1453,Customer_3448,25,Giza,2023-04-20,0,12569,2023-04-20,Same Day,146,Product_146,Electronics,1331.69,539.37,2,0.1,622,4,2397.04,1318.3
1666,Customer_3449,48,Luxor,2023-11-15,0,12815,2023-11-15,Express,110,Product_110,Electronics,838.48,372.36,2,0.0,370,3,1676.96,932.24
1628,Customer_3450,52,Giza,2022-10-21,0,12876,2022-10-21,Express,139,Product_139,Electronics,108.2,75.6,3,0.1,344,6,292.14,65.34
1386,Customer_3451,30,Luxor,2020-11-04,0,11784,2020-11-04,Same Day,133,Product_133,Electronics,1383.86,858.08,1,0.1,721,7,1245.47,387.39
2373,Customer_3452,69,Aswan,2021-12-07,0,10482,2021-12-07,Express,107,Product_107,Sports,759.49,409.55,3,0.0,579,4,2278.47,1049.82
1295,Customer_3453,32,Alexandria,2020-02-20,0,10366,2020-02-20,Same Day,115,Product_115,Sports,1309.45,771.19,3,0.05,334,5,3731.93,1418.36
1257,Customer_3454,25,Aswan,2022-09-15,0,10888,2022-09-15,Standard,126,Product_126,Sports,1292.49,845.12,1,0.0,333,3,1292.49,447.37
2104,Customer_3455,17,Mansoura,2020-08-02,1,11852,2020-08-02,Express,111,Product_111,Sports,1232.84,804.66,3,0.0,735,5,3698.52,1284.54
1267,Customer_3456,58,Cairo,2021-08-28,0,13478,2021-08-28,Express,138,Product_138,Clothing,139.03,69.15,1,0.0,346,5,139.03,69.88
1418,Customer_3457,40,Alexandria,2022-05-01,0,13589,2022-05-01,Express,127,Product_127,Clothing,408.25,223.47,5,0.2,485,4,1633.0,515.65
1234,Customer_3458,32,Alexandria,2020-06-24,1,11354,2020-06-24,Express,139,Product_139,Home Appliances,1319.54,780.4,5,0.0,1041,6,6597.7,2695.7
2334,Customer_3459,17,Cairo,2020-08-25,0,11723,2020-08-25,Standard,107,Product_107,Clothing,1353.54,570.61,1,0.1,821,2,1218.19,647.58
1985,Customer_3460,34,Giza,2024-02-04,0,11258,2024-02-04,Same Day,101,Product_101,Sports,714.2,488.33,1,0.0,332,3,714.2,225.87
2380,Customer_3461,75,Aswan,2020-10-17,1,12930,2020-10-17,Same Day,110,Product_110,Sports,688.06,364.55,1,0.1,1268,3,619.25,254.7
2236,Customer_3462,7,Giza,2021-12-14,0,10410,2021-12-14,Same Day,121,Product_121,Electronics,303.95,155.4,2,0.1,589,4,547.11,236.31
1573,Customer_3463,30,Giza,2021-09-30,1,12230,2021-09-30,Standard,115,Product_115,Electronics,1454.2,977.41,1,0.1,1189,4,1308.78,331.37
1048,Customer_3464,66,Aswan,2021-03-12,0,13358,2021-03-12,Standard,130,Product_130,Home Appliances,359.05,156.36,4,0.05,1080,4,1364.39,738.95
2150,Customer_3465,58,Mansoura,2022-07-21,0,13194,2022-07-21,Same Day,130,Product_130,Clothing,326.86,134.59,5,0.1,696,7,1470.87,797.92
1222,Customer_3466,31,Alexandria,2021-02-27,1,12205,2021-02-27,Same Day,108,Product_108,Sports,1008.06,610.38,5,0.0,786,2,5040.3,1988.4
1920,Customer_3467,41,Luxor,2022-03-12,0,13394,2022-03-12,Standard,124,Product_124,Clothing,402.12,207.29,1,0.0,547,7,402.12,194.83
2302,Customer_3468,46,Cairo,2022-09-16,1,12060,2022-09-16,Standard,119,Product_119,Home Appliances,1411.22,888.14,5,0.0,358,3,7056.1,2615.4
2431,Customer_3469,42,Alexandria,2021-12-14,0,13898,2021-12-14,Express,103,Product_103,Electronics,65.82,27.68,1,0.05,458,3,62.53,34.85
2317,Customer_3470,66,Giza,2022-02-09,1,12613,2022-02-09,Same Day,115,Product_115,Sports,58.34,30.05,1,0.0,799,4,58.34,28.29
1276,Customer_3471,45,Cairo,2020-07-18,0,12919,2020-07-18,Same Day,136,Product_136,Electronics,782.07,368.04,5,0.0,391,8,3910.35,2070.15
2461,Customer_3472,57,Luxor,2022-06-16,0,11812,2022-06-16,Same Day,106,Product_106,Sports,757.69,471.19,5,0.1,709,4,3409.61,1053.66
2130,Customer_3473,42,Alexandria,2024-01-18,0,12602,2024-01-18,Same Day,142,Product_142,Electronics,286.88,134.3,4,0.05,349,4,1090.14,552.94
1419,Customer_3474,9,Alexandria,2023-11-27,0,11802,2023-11-27,Same Day,148,Product_148,Electronics,767.05,412.2,3,0.1,401,8,2071.04,834.44
1610,Customer_3475,22,Mansoura,2022-07-15,1,13692,2022-07-15,Express,118,Product_118,Home Appliances,646.91,417.69,4,0.0,873,2,2587.64,916.88
2452,Customer_3476,25,Alexandria,2021-10-15,1,13906,2021-10-15,Standard,138,Product_138,Clothing,1340.98,904.65,4,0.0,528,4,5363.92,1745.32
1374,Customer_3477,36,Alexandria,2020-05-17,1,10677,2020-05-17,Express,119,Product_119,Electronics,63.42,39.12,5,0.0,814,5,317.1,121.5
1072,Customer_3478,71,Luxor,2021-09-06,0,12910,2021-09-06,Express,149,Product_149,Sports,1465.59,774.96,4,0.0,514,7,5862.36,2762.52
2053,Customer_3479,45,Luxor,2020-01-04,0,13991,2020-01-04,Same Day,130,Product_130,Clothing,955.37,546.09,5,0.0,519,3,4776.85,2046.4
2211,Customer_3480,38,Cairo,2023-12-26,0,10617,2023-12-26,Express,113,Product_113,Clothing,270.17,429.515,2,0.0,372,5,540.34,-318.69
2387,Customer_3481,58,Giza,2020-08-23,1,13634,2020-08-23,Express,139,Product_139,Electronics,117.8,78.04,1,0.0,887,6,117.8,39.76
2474,Customer_3482,18,Luxor,2020-02-16,0,12251,2020-02-16,Same Day,112,Product_112,Electronics,830.25,553.42,3,0.0,551,6,2490.75,830.49
1194,Customer_3483,32,Cairo,2021-12-03,1,13004,2021-12-03,Express,134,Product_134,Electronics,390.59,265.32,2,0.0,1117,4,781.18,250.54
2179,Customer_3484,30,Alexandria,2023-08-20,0,12349,2023-08-20,Express,112,Product_112,Clothing,486.69,313.05,1,0.0,500,5,486.69,173.64
2195,Customer_3485,45,Cairo,2020-11-08,1,13114,2020-11-08,Standard,144,Product_144,Home Appliances,405.44,180.03,1,0.05,1604,5,385.17,205.14
1846,Customer_3486,53,Cairo,2023-10-18,0,10794,2023-10-18,Same Day,124,Product_124,Electronics,992.75,619.77,3,0.05,441,3,2829.34,970.03
2064,Customer_3487,47,Cairo,2020-02-12,0,12644,2020-02-12,Same Day,104,Product_104,Clothing,852.62,549.41,4,0.1,400,5,3069.43,871.79
2086,Customer_3488,47,Aswan,2021-05-14,0,10728,2021-05-14,Express,136,Product_136,Clothing,163.06,108.17,1,0.0,561,5,163.06,54.89
1022,Customer_3489,34,Cairo,2022-11-22,0,11693,2022-11-22,Same Day,148,Product_148,Sports,813.46,551.07,3,0.2,414,5,1952.3,299.09
1359,Customer_3490,44,Luxor,2020-12-23,0,11885,2020-12-23,Standard,114,Product_114,Electronics,1197.23,661.77,5,0.2,459,4,4788.92,1480.07
2098,Customer_3491,27,Aswan,2023-04-02,0,12553,2023-04-02,Express,117,Product_117,Home Appliances,167.73,100.06,1,0.0,469,6,167.73,67.67
1559,Customer_3492,50,Giza,2020-11-23,0,10638,2020-11-23,Standard,149,Product_149,Sports,1340.12,539.89,1,0.0,809,7,1340.12,800.23
1671,Customer_3493,32,Cairo,2021-08-11,0,10190,2021-08-11,Express,103,Product_103,Electronics,888.54,508.1,4,0.0,716,8,3554.16,1521.76
2141,Customer_3494,23,Mansoura,2023-02-20,1,11801,2023-02-20,Express,138,Product_138,Sports,1428.41,774.14,4,0.05,681,7,5427.96,2331.4
2403,Customer_3495,40,Alexandria,2022-05-23,0,10898,2022-05-23,Same Day,123,Product_123,Electronics,264.8,182.37,5,0.0,626,7,1324.0,412.15
1678,Customer_3496,11,Alexandria,2022-04-08,1,11996,2022-04-08,Same Day,113,Product_113,Sports,1490.67,999.51,1,0.2,881,2,1192.54,193.03
2313,Customer_3497,62,Aswan,2021-04-19,0,12107,2021-04-19,Express,109,Product_109,Home Appliances,984.2,629.18,4,0.0,435,4,3936.8,1420.08
1439,Customer_3498,51,Alexandria,2022-09-04,1,13866,2022-09-04,Standard,121,Product_121,Sports,872.87,364.07,3,0.2,998,1,2094.89,1002.68
1932,Customer_3499,45,Alexandria,2023-07-13,0,11489,2023-07-13,Express,141,Product_141,Sports,797.16,415.01,1,0.1,538,1,717.44,302.43
1006,Customer_3500,15,Aswan,2021-01-12,1,11402,2021-01-12,Express,108,Product_108,Sports,84.3,51.32,3,0.2,586,4,202.32,48.36
2219,Customer_3501,29,Alexandria,2021-01-16,0,11452,2021-01-16,Express,117,Product_117,Electronics,1412.48,577.56,2,0.0,528,5,2824.96,1669.84
1420,Customer_3502,40,Cairo,2023-08-04,0,12109,2023-08-04,Standard,116,Product_116,Electronics,983.79,463.11,5,0.0,516,4,4918.95,2603.4
1832,Customer_3503,36,Giza,2023-09-08,0,11943,2023-09-08,Same Day,116,Product_116,Home Appliances,182.86,121.83,4,0.05,481,6,694.87,207.55
2216,Customer_3504,14,Aswan,2022-04-06,1,12349,2022-04-06,Same Day,128,Product_128,Sports,80.38,35.28,2,0.05,858,3,152.72,82.16
1558,Customer_3505,20,Mansoura,2022-03-21,0,10637,2022-03-21,Standard,116,Product_116,Clothing,123.64,51.36,4,0.0,519,7,494.56,289.12
2171,Customer_3506,35,Aswan,2020-02-29,1,10998,2020-02-29,Same Day,146,Product_146,Sports,933.62,536.06,2,0.05,1069,4,1773.88,701.76
2225,Customer_3507,20,Luxor,2023-11-06,0,12219,2023-11-06,Express,146,Product_146,Clothing,940.32,643.12,4,0.0,570,3,3761.28,1188.8
2467,Customer_3508,60,Mansoura,2021-08-02,1,11528,2021-08-02,Same Day,114,Product_114,Clothing,774.52,503.74,5,0.0,1423,2,3872.6,1353.9
1913,Customer_3509,47,Luxor,2022-07-09,0,10062,2022-07-09,Same Day,146,Product_146,Sports,494.81,342.62,1,0.0,350,4,494.81,152.19
2442,Customer_3510,27,Aswan,2023-04-27,0,12819,2023-04-27,Standard,144,Product_144,Clothing,821.03,514.01,3,0.2,615,5,1970.47,428.44
2450,Customer_3511,57,Luxor,2022-05-29,0,10015,2022-05-29,Standard,138,Product_138,Clothing,798.64,424.25,2,0.0,487,4,1597.28,748.78
2006,Customer_3512,54,Mansoura,2022-07-03,1,12738,2022-07-03,Express,120,Product_120,Sports,78.15,53.45,3,0.05,785,5,222.73,62.38
2498,Customer_3513,44,Cairo,2020-10-01,1,10841,2020-10-01,Express,145,Product_145,Electronics,459.58,242.65,3,0.0,1605,2,1378.74,650.79
1125,Customer_3514,39,Aswan,2023-12-14,0,13951,2023-12-14,Same Day,148,Product_148,Sports,127.12,64.2,4,0.05,384,5,483.06,226.26
1394,Customer_3515,35,Aswan,2021-03-15,0,11124,2021-03-15,Standard,141,Product_141,Home Appliances,1355.22,724.31,1,0.2,510,5,1084.18,359.87
1816,Customer_3516,31,Alexandria,2021-02-25,0,13247,2021-02-25,Standard,134,Product_134,Clothing,1101.57,709.62,4,0.0,550,6,4406.28,1567.8
1880,Customer_3517,19,Aswan,2021-07-24,0,11216,2021-07-24,Express,129,Product_129,Home Appliances,1494.37,1009.16,3,0.0,598,10,4483.11,1455.63
1575,Customer_3518,62,Aswan,2023-12-12,0,11996,2023-12-12,Same Day,103,Product_103,Clothing,488.15,247.64,5,0.0,386,2,2440.75,1202.55
1324,Customer_3519,32,Cairo,2020-05-08,1,13884,2020-05-08,Same Day,110,Product_110,Electronics,1323.8,713.1,1,0.2,1616,2,1059.04,345.94
2415,Customer_3520,40,Alexandria,2023-03-28,0,10898,2023-03-28,Standard,120,Product_120,Clothing,924.43,618.9,1,0.0,327,6,924.43,305.53
1929,Customer_3521,26,Giza,2020-07-27,0,13344,2020-07-27,Standard,102,Product_102,Sports,707.03,429.515,3,0.0,502,5,2121.09,832.54
2463,Customer_3522,36,Luxor,2023-01-04,1,11490,2023-01-04,Standard,127,Product_127,Clothing,372.73,236.74,4,0.0,728,4,1490.92,543.96
2227,Customer_3523,82,Mansoura,2021-01-17,0,12980,2021-01-17,Standard,132,Product_132,Home Appliances,1120.67,600.98,5,0.0,568,5,5603.35,2598.45
1832,Customer_3524,29,Giza,2022-01-19,0,13844,2022-01-19,Express,110,Product_110,Sports,1361.0,698.13,2,0.0,481,6,2722.0,1325.74
2054,Customer_3525,61,Alexandria,2021-10-29,1,12222,2021-10-29,Express,140,Product_140,Home Appliances,391.2,208.93,4,0.2,1160,2,1251.84,416.12
2411,Customer_3526,39,Cairo,2021-02-07,0,11257,2021-02-07,Standard,117,Product_117,Electronics,304.32,159.95,1,0.0,1049,2,304.32,144.37
2457,Customer_3527,50,Mansoura,2022-07-26,1,13883,2022-07-26,Same Day,133,Product_133,Home Appliances,1059.52,664.3,4,0.0,890,2,4238.08,1580.88
1836,Customer_3528,58,Luxor,2020-08-21,0,13287,2020-08-21,Express,106,Product_106,Home Appliances,1466.61,994.93,2,0.1,475,6,2639.9,650.04
1925,Customer_3529,44,Aswan,2021-06-21,1,11514,2021-06-21,Standard,139,Product_139,Home Appliances,1137.43,622.67,5,0.0,1133,3,5687.15,2573.8
2399,Customer_3530,34,Aswan,2023-10-05,0,10416,2023-10-05,Standard,147,Product_147,Sports,462.64,300.63,5,0.0,353,5,2313.2,810.05
2367,Customer_3531,37,Giza,2022-09-29,1,13830,2022-09-29,Same Day,118,Product_118,Electronics,658.94,408.27,2,0.05,825,7,1251.99,435.45
1442,Customer_3532,37,Luxor,2022-12-16,0,11556,2022-12-16,Same Day,109,Product_109,Electronics,607.26,303.15,2,0.0,519,4,1214.52,608.22
1074,Customer_3533,67,Alexandria,2023-08-01,0,10450,2023-08-01,Standard,108,Product_108,Electronics,1285.54,740.72,3,0.0,519,6,3856.62,1634.46
1556,Customer_3534,17,Luxor,2021-10-03,0,12883,2021-10-03,Express,125,Product_125,Home Appliances,1168.49,701.15,1,0.0,354,5,1168.49,467.34
2178,Customer_3535,13,Cairo,2023-05-07,1,13826,2023-05-07,Express,131,Product_131,Sports,904.01,367.98,3,0.0,605,2,2712.03,1608.09
2453,Customer_3536,14,Giza,2022-03-06,1,11823,2022-03-06,Same Day,142,Product_142,Sports,448.69,232.77,4,0.0,1032,2,1794.76,863.68
1362,Customer_3537,26,Giza,2023-05-06,1,10279,2023-05-06,Express,104,Product_104,Sports,1410.08,983.94,2,0.2,399,7,2256.13,288.25
1447,Customer_3538,50,Cairo,2022-03-14,1,10243,2022-03-14,Express,120,Product_120,Home Appliances,997.31,589.59,3,0.0,1024,2,2991.93,1223.16
2257,Customer_3539,51,Luxor,2023-04-17,1,10674,2023-04-17,Express,128,Product_128,Electronics,1457.19,728.99,1,0.1,625,3,1311.47,582.48
1261,Customer_3540,30,Cairo,2020-08-21,0,12193,2020-08-21,Standard,140,Product_140,Home Appliances,891.17,423.31,1,0.0,819,5,891.17,467.86
1124,Customer_3541,39,Mansoura,2021-12-13,0,13138,2021-12-13,Standard,101,Product_101,Sports,1240.73,574.27,2,0.2,382,3,1985.17,836.63
1910,Customer_3542,23,Cairo,2021-12-21,0,10102,2021-12-21,Express,140,Product_140,Home Appliances,1229.0,639.69,3,0.05,741,5,3502.65,1583.58
1244,Customer_3543,24,Luxor,2022-07-26,0,12357,2022-07-26,Standard,144,Product_144,Clothing,539.13,246.91,5,0.1,338,5,2426.08,1191.53
1541,Customer_3544,48,Cairo,2023-06-18,0,13993,2023-06-18,Same Day,123,Product_123,Electronics,1447.83,637.85,2,0.0,563,5,2895.66,1619.96
1484,Customer_3545,55,Alexandria,2020-12-19,0,13708,2020-12-19,Express,147,Product_147,Electronics,81.82,41.66,4,0.0,440,8,327.28,160.64
1121,Customer_3546,32,Aswan,2023-11-10,0,10116,2023-11-10,Express,113,Product_113,Sports,1164.63,677.93,3,0.0,448,5,3493.89,1460.1
1124,Customer_3547,64,Cairo,2023-12-16,0,11495,2023-12-16,Same Day,116,Product_116,Home Appliances,1450.06,429.515,3,0.05,382,3,4132.67,2844.12
1169,Customer_3548,54,Aswan,2021-09-01,0,10762,2021-09-01,Express,126,Product_126,Sports,541.42,223.77,2,0.1,767,5,974.56,527.02
1123,Customer_3549,63,Cairo,2023-12-06,0,13392,2023-12-06,Express,131,Product_131,Home Appliances,989.76,406.19,3,0.0,393,5,2969.28,1750.71
2058,Customer_3550,35,Luxor,2023-04-23,0,13506,2023-04-23,Express,101,Product_101,Clothing,865.22,415.49,3,0.2,619,4,2076.53,830.06
2110,Customer_3551,62,Mansoura,2020-06-22,0,13441,2020-06-22,Same Day,117,Product_117,Electronics,1154.19,527.51,4,0.2,946,2,3693.41,1583.37
1645,Customer_3552,72,Mansoura,2023-10-08,0,12785,2023-10-08,Standard,116,Product_116,Electronics,1305.96,733.66,4,0.0,344,7,5223.84,2289.2
1785,Customer_3553,33,Aswan,2020-10-01,1,11723,2020-10-01,Standard,137,Product_137,Home Appliances,924.41,496.15,5,0.0,1553,1,4622.05,2141.3
1200,Customer_3554,37,Luxor,2021-03-10,0,12234,2021-03-10,Express,110,Product_110,Electronics,1233.06,613.36,4,0.1,673,5,4439.02,1985.58
1368,Customer_3555,25,Luxor,2020-08-29,1,13659,2020-08-29,Standard,138,Product_138,Home Appliances,502.81,326.86,5,0.0,1560,3,2514.05,879.75
1796,Customer_3556,41,Luxor,2021-03-05,0,10784,2021-03-05,Express,144,Product_144,Sports,381.45,210.36,4,0.1,788,5,1373.22,531.78
1076,Customer_3557,23,Alexandria,2021-09-17,1,11492,2021-09-17,Same Day,131,Product_131,Clothing,674.47,288.31,5,0.1,1202,2,3035.12,1593.57
1058,Customer_3558,27,Giza,2020-08-27,1,13732,2020-08-27,Same Day,110,Product_110,Home Appliances,1032.72,504.72,4,0.0,1078,3,4130.88,2112.0
1430,Customer_3559,44,Cairo,2021-01-09,0,10706,2021-01-09,Express,149,Product_149,Clothing,321.51,222.49,4,0.0,466,3,1286.04,396.08
1637,Customer_3560,28,Luxor,2022-02-03,1,12923,2022-02-03,Express,134,Product_134,Sports,1036.51,718.4,2,0.0,1063,3,2073.02,636.22
1108,Customer_3561,43,Luxor,2023-11-21,0,10795,2023-11-21,Express,106,Product_106,Sports,621.44,296.05,4,0.2,407,5,1988.61,804.41
2007,Customer_3562,43,Luxor,2020-10-16,0,10472,2020-10-16,Standard,128,Product_128,Sports,1203.58,541.82,5,0.0,580,5,6017.9,3308.8
2301,Customer_3563,32,Mansoura,2022-12-11,1,12603,2022-12-11,Same Day,128,Product_128,Home Appliances,103.41,56.74,2,0.0,781,3,206.82,93.34
1067,Customer_3564,39,Luxor,2022-03-06,0,13525,2022-03-06,Express,113,Product_113,Clothing,1018.57,554.55,5,0.1,687,3,4583.57,1810.82
2092,Customer_3565,32,Cairo,2022-06-05,0,13517,2022-06-05,Standard,141,Product_141,Clothing,992.24,518.98,4,0.0,410,5,3968.96,1893.04
2188,Customer_3566,35,Luxor,2023-06-05,0,10681,2023-06-05,Express,112,Product_112,Electronics,1414.36,790.35,4,0.0,606,3,5657.44,2496.04
1304,Customer_3567,27,Cairo,2020-09-10,0,10093,2020-09-10,Same Day,140,Product_140,Home Appliances,1084.38,509.29,5,0.0,522,6,5421.9,2875.45
1673,Customer_3568,41,Alexandria,2023-03-23,0,10735,2023-03-23,Same Day,102,Product_102,Electronics,1204.64,523.39,3,0.0,626,4,3613.92,2043.75
1364,Customer_3569,30,Giza,2022-02-24,0,12837,2022-02-24,Same Day,108,Product_108,Electronics,1361.66,777.7,2,0.0,1042,6,2723.32,1167.92
1820,Customer_3570,22,Mansoura,2022-05-16,0,12041,2022-05-16,Express,142,Product_142,Home Appliances,1028.83,699.38,2,0.0,501,6,2057.66,658.9
2402,Customer_3571,48,Cairo,2021-01-15,1,12085,2021-01-15,Same Day,109,Product_109,Electronics,470.72,207.74,4,0.2,935,3,1506.3,675.34
1342,Customer_3572,49,Aswan,2022-09-23,0,12829,2022-09-23,Express,108,Product_108,Electronics,1311.17,801.71,2,0.0,818,3,2622.34,1018.92
1946,Customer_3573,56,Alexandria,2023-07-25,0,12529,2023-07-25,Standard,103,Product_103,Electronics,1133.99,602.57,5,0.0,380,9,5669.95,2657.1
1898,Customer_3574,24,Giza,2023-01-05,0,13818,2023-01-05,Standard,109,Product_109,Sports,665.43,324.86,4,0.0,599,7,2661.72,1362.28
2377,Customer_3575,32,Giza,2023-11-21,0,12158,2023-11-21,Standard,113,Product_113,Home Appliances,1080.27,708.58,2,0.0,407,6,2160.54,743.38
2439,Customer_3576,43,Giza,2023-08-14,1,11913,2023-08-14,Express,109,Product_109,Sports,1308.15,702.41,1,0.0,452,5,1308.15,605.74
2132,Customer_3577,32,Cairo,2020-12-20,0,12457,2020-12-20,Same Day,131,Product_131,Electronics,1464.7,842.19,2,0.0,999,7,2929.4,1245.02
1761,Customer_3578,48,Alexandria,2023-10-02,0,13239,2023-10-02,Same Day,125,Product_125,Electronics,1430.91,762.56,5,0.2,514,3,5723.64,1910.84
1340,Customer_3579,47,Luxor,2020-07-12,0,11589,2020-07-12,Express,144,Product_144,Sports,521.73,429.515,2,0.0,338,4,1043.46,184.43
1941,Customer_3580,47,Aswan,2022-09-29,0,12444,2022-09-29,Standard,145,Product_145,Electronics,661.46,382.64,3,0.0,475,5,1984.38,836.46
1382,Customer_3581,61,Alexandria,2021-08-14,0,11150,2021-08-14,Standard,108,Product_108,Home Appliances,208.83,109.77,3,0.0,780,4,626.49,297.18
2003,Customer_3582,49,Alexandria,2020-10-14,0,12013,2020-10-14,Express,147,Product_147,Clothing,408.94,174.22,4,0.0,341,3,1635.76,938.88
1299,Customer_3583,42,Alexandria,2021-01-18,1,13858,2021-01-18,Same Day,131,Product_131,Sports,1329.51,769.45,3,0.0,1444,2,3988.53,1680.18
1138,Customer_3584,37,Cairo,2021-10-06,0,10041,2021-10-06,Same Day,145,Product_145,Clothing,573.23,230.99,5,0.0,662,4,2866.15,1711.2
1358,Customer_3585,38,Aswan,2022-12-07,1,10040,2022-12-07,Same Day,145,Product_145,Clothing,949.8,439.34,1,0.0,904,1,949.8,510.46
1835,Customer_3586,24,Cairo,2023-06-22,0,13633,2023-06-22,Same Day,131,Product_131,Clothing,1015.65,644.25,1,0.0,559,5,1015.65,371.4
2408,Customer_3587,13,Aswan,2020-04-19,0,11510,2020-04-19,Standard,117,Product_117,Sports,1183.65,486.93,4,0.0,456,5,4734.6,2786.88
2303,Customer_3588,46,Aswan,2022-05-01,0,13970,2022-05-01,Same Day,147,Product_147,Electronics,315.06,187.15,4,0.0,638,4,1260.24,511.64
1482,Customer_3589,58,Cairo,2020-01-20,0,11694,2020-01-20,Express,119,Product_119,Home Appliances,491.98,336.96,3,0.0,1185,5,1475.94,465.06
1908,Customer_3590,35,Aswan,2022-09-19,0,13915,2022-09-19,Same Day,103,Product_103,Electronics,700.09,315.99,5,0.0,351,4,3500.45,1920.5
2134,Customer_3591,63,Alexandria,2020-06-10,0,12446,2020-06-10,Standard,146,Product_146,Home Appliances,579.02,429.515,3,0.2,631,4,1389.65,101.11
1865,Customer_3592,37,Cairo,2021-02-03,1,12229,2021-02-03,Same Day,130,Product_130,Electronics,1475.21,844.78,5,0.1,907,4,6638.45,2414.55
1138,Customer_3593,10,Aswan,2022-02-25,0,13252,2022-02-25,Same Day,110,Product_110,Clothing,1260.66,674.61,5,0.2,662,4,5042.64,1669.59
1995,Customer_3594,53,Giza,2023-02-24,0,13749,2023-02-24,Express,149,Product_149,Clothing,745.55,436.98,1,0.0,390,2,745.55,308.57
1434,Customer_3595,32,Cairo,2022-11-01,0,10743,2022-11-01,Same Day,129,Product_129,Home Appliances,1324.94,690.6,5,0.0,792,6,6624.7,3171.7
1508,Customer_3596,55,Mansoura,2023-08-30,0,12765,2023-08-30,Same Day,140,Product_140,Sports,554.1,246.33,2,0.0,428,6,1108.2,615.54
1272,Customer_3597,20,Cairo,2022-10-10,1,13938,2022-10-10,Express,118,Product_118,Electronics,1189.45,507.55,5,0.1,814,4,5352.52,2814.77
2122,Customer_3598,46,Cairo,2022-04-17,0,12511,2022-04-17,Express,112,Product_112,Clothing,374.33,233.33,1,0.0,541,9,374.33,141.0
1103,Customer_3599,27,Cairo,2023-03-11,0,11073,2023-03-11,Express,149,Product_149,Home Appliances,1169.87,551.7,3,0.0,425,6,3509.61,1854.51
2237,Customer_3600,43,Aswan,2022-04-10,0,11431,2022-04-10,Express,123,Product_123,Electronics,711.86,465.72,5,0.0,391,3,3559.3,1230.7
1761,Customer_3601,51,Cairo,2022-05-01,0,13472,2022-05-01,Standard,111,Product_111,Home Appliances,205.87,429.515,2,0.0,514,3,411.74,-447.29
1786,Customer_3602,48,Mansoura,2023-12-25,0,13217,2023-12-25,Same Day,109,Product_109,Sports,446.23,185.11,4,0.0,373,3,1784.92,1044.48
1164,Customer_3603,41,Luxor,2022-06-28,0,10297,2022-06-28,Same Day,124,Product_124,Sports,633.3,291.55,3,0.0,479,4,1899.9,1025.25
1998,Customer_3604,19,Cairo,2022-09-27,0,12192,2022-09-27,Standard,125,Product_125,Electronics,1136.47,429.515,4,0.0,615,4,4545.88,2827.82
1519,Customer_3605,50,Giza,2020-08-12,0,10015,2020-08-12,Express,125,Product_125,Sports,155.82,90.12,2,0.2,611,6,249.31,69.07
2307,Customer_3606,55,Mansoura,2020-06-18,1,13156,2020-06-18,Same Day,147,Product_147,Electronics,1006.34,647.02,1,0.1,1233,3,905.71,258.69
1516,Customer_3607,24,Luxor,2023-03-03,0,13287,2023-03-03,Express,109,Product_109,Electronics,1088.22,454.98,1,0.0,669,5,1088.22,633.24
1656,Customer_3608,26,Aswan,2020-04-03,1,13553,2020-04-03,Express,112,Product_112,Sports,998.19,474.02,3,0.0,1285,4,2994.57,1572.51
1612,Customer_3609,56,Cairo,2021-03-27,0,11075,2021-03-27,Standard,111,Product_111,Home Appliances,1152.97,591.32,5,0.0,521,7,5764.85,2808.25
1163,Customer_3610,36,Luxor,2021-08-21,0,13619,2021-08-21,Standard,149,Product_149,Home Appliances,308.34,140.3,5,0.0,327,4,1541.7,840.2
1063,Customer_3611,26,Giza,2020-07-03,1,10106,2020-07-03,Express,138,Product_138,Electronics,901.3,507.96,4,0.0,1761,1,3605.2,1573.36
2114,Customer_3612,44,Mansoura,2021-07-16,1,10218,2021-07-16,Same Day,128,Product_128,Clothing,1414.66,768.73,1,0.0,902,3,1414.66,645.93
2140,Customer_3613,30,Mansoura,2021-05-04,0,12982,2021-05-04,Express,108,Product_108,Electronics,935.64,463.09,5,0.05,429,6,4444.29,2128.84
1266,Customer_3614,42,Aswan,2023-06-01,0,12384,2023-06-01,Same Day,110,Product_110,Home Appliances,936.44,519.79,5,0.0,652,3,4682.2,2083.25
2163,Customer_3615,33,Aswan,2021-08-14,0,12968,2021-08-14,Express,125,Product_125,Electronics,1117.84,566.46,1,0.0,1064,2,1117.84,551.38
1245,Customer_3616,35,Aswan,2020-10-12,1,10370,2020-10-12,Express,147,Product_147,Home Appliances,533.15,268.15,1,0.0,1483,3,533.15,265.0
1394,Customer_3617,56,Luxor,2022-07-25,0,13045,2022-07-25,Same Day,136,Product_136,Sports,1065.69,511.12,2,0.0,510,5,2131.38,1109.14
1475,Customer_3618,2,Cairo,2023-04-03,0,12857,2023-04-03,Standard,143,Product_143,Electronics,1378.54,774.92,4,0.05,366,7,5238.45,2138.77
1976,Customer_3619,48,Alexandria,2022-10-11,1,10253,2022-10-11,Standard,109,Product_109,Electronics,65.8,35.09,1,0.0,424,3,65.8,30.71
2207,Customer_3620,54,Mansoura,2023-01-30,0,11428,2023-01-30,Express,141,Product_141,Sports,1311.66,601.92,2,0.0,702,3,2623.32,1419.48
2043,Customer_3621,30,Alexandria,2022-11-12,0,12627,2022-11-12,Same Day,108,Product_108,Sports,367.0,148.23,1,0.0,750,6,367.0,218.77
1557,Customer_3622,54,Mansoura,2020-08-19,0,12008,2020-08-19,Standard,103,Product_103,Clothing,711.09,316.63,3,0.0,1012,3,2133.27,1183.38
2017,Customer_3623,25,Aswan,2023-03-18,0,11722,2023-03-18,Same Day,118,Product_118,Sports,1285.9,530.88,3,0.0,406,3,3857.7,2265.06
1882,Customer_3624,30,Cairo,2020-08-21,0,12683,2020-08-21,Standard,146,Product_146,Clothing,1244.67,659.03,3,0.0,350,7,3734.01,1756.92
1146,Customer_3625,28,Cairo,2021-02-07,0,13101,2021-02-07,Same Day,135,Product_135,Sports,1343.29,429.515,1,0.0,660,5,1343.29,913.78
1665,Customer_3626,54,Mansoura,2023-01-17,0,12232,2023-01-17,Express,117,Product_117,Home Appliances,1413.6,743.75,5,0.0,715,4,7068.0,3349.25
2327,Customer_3627,13,Luxor,2022-01-21,0,11312,2022-01-21,Same Day,136,Product_136,Electronics,698.38,348.38,5,0.05,365,7,3317.3,1575.4
1619,Customer_3628,64,Aswan,2023-01-15,0,13430,2023-01-15,Express,128,Product_128,Sports,1001.73,562.38,3,0.0,478,7,3005.19,1318.05
1819,Customer_3629,35,Cairo,2020-03-26,0,12521,2020-03-26,Standard,115,Product_115,Home Appliances,616.19,380.29,4,0.0,433,5,2464.76,943.6
1863,Customer_3630,49,Cairo,2024-01-12,0,10984,2024-01-12,Same Day,119,Product_119,Sports,558.54,303.73,2,0.2,355,4,893.66,286.2
1581,Customer_3631,47,Giza,2022-06-22,0,13636,2022-06-22,Standard,122,Product_122,Electronics,675.81,282.89,3,0.0,453,3,2027.43,1178.76
2022,Customer_3632,42,Cairo,2023-01-23,0,13471,2023-01-23,Standard,106,Product_106,Sports,1127.46,456.91,2,0.2,709,2,1803.94,890.12
1694,Customer_3633,30,Giza,2021-03-23,0,13760,2021-03-23,Express,147,Product_147,Sports,777.09,360.55,2,0.0,577,3,1554.18,833.08
2251,Customer_3634,58,Cairo,2022-05-20,0,13031,2022-05-20,Same Day,107,Product_107,Electronics,1230.39,649.02,3,0.05,358,4,3506.61,1559.55
2125,Customer_3635,32,Cairo,2020-07-28,0,13204,2020-07-28,Express,144,Product_144,Sports,1130.57,467.46,5,0.0,549,7,5652.85,3315.55
2440,Customer_3636,29,Luxor,2023-08-31,0,12549,2023-08-31,Same Day,148,Product_148,Electronics,79.69,39.71,4,0.1,453,4,286.88,128.04
2239,Customer_3637,53,Luxor,2021-05-21,0,13574,2021-05-21,Standard,109,Product_109,Clothing,963.85,642.03,3,0.0,541,4,2891.55,965.46
1406,Customer_3638,42,Aswan,2021-01-09,0,12921,2021-01-09,Standard,120,Product_120,Sports,683.03,291.66,2,0.0,399,5,1366.06,782.74
1398,Customer_3639,60,Cairo,2020-03-07,0,13148,2020-03-07,Same Day,137,Product_137,Home Appliances,712.11,487.48,1,0.0,677,6,712.11,224.63
1714,Customer_3640,39,Aswan,2022-10-07,0,10349,2022-10-07,Standard,111,Product_111,Sports,1236.64,812.47,1,0.2,420,4,989.31,176.84
1703,Customer_3641,30,Aswan,2021-06-22,0,12107,2021-06-22,Standard,102,Product_102,Electronics,844.03,548.23,2,0.0,681,6,1688.06,591.6
1760,Customer_3642,44,Aswan,2021-12-14,0,11478,2021-12-14,Express,122,Product_122,Electronics,1334.15,879.34,3,0.2,633,6,3201.96,563.94
1498,Customer_3643,33,Aswan,2020-06-27,0,10878,2020-06-27,Standard,148,Product_148,Home Appliances,1083.57,459.45,5,0.0,914,6,5417.85,3120.6
2488,Customer_3644,30,Mansoura,2022-06-18,1,12512,2022-06-18,Standard,136,Product_136,Home Appliances,851.62,379.27,3,0.0,928,1,2554.86,1417.05
1973,Customer_3645,52,Mansoura,2020-08-28,0,10310,2020-08-28,Standard,105,Product_105,Electronics,1144.08,503.75,4,0.0,548,6,4576.32,2561.32
1081,Customer_3646,67,Cairo,2021-04-30,1,11114,2021-04-30,Same Day,107,Product_107,Clothing,105.61,45.77,1,0.0,809,4,105.61,59.84
1603,Customer_3647,36,Mansoura,2021-05-03,1,12978,2021-05-03,Standard,106,Product_106,Clothing,89.27,44.48,2,0.1,836,4,160.69,71.73
1771,Customer_3648,25,Cairo,2023-04-19,0,13012,2023-04-19,Express,122,Product_122,Electronics,170.86,110.9,5,0.0,623,4,854.3,299.8
1902,Customer_3649,37,Luxor,2023-12-11,0,11321,2023-12-11,Express,110,Product_110,Clothing,684.47,325.53,3,0.2,416,5,1642.73,666.14
1364,Customer_3650,47,Alexandria,2021-12-19,0,13396,2021-12-19,Express,146,Product_146,Home Appliances,391.4,185.24,4,0.0,1042,6,1565.6,824.64
1162,Customer_3651,43,Giza,2023-12-26,1,10279,2023-12-26,Express,140,Product_140,Clothing,1477.18,890.39,3,0.0,372,2,4431.54,1760.37
2071,Customer_3652,57,Mansoura,2023-06-03,0,12758,2023-06-03,Standard,146,Product_146,Home Appliances,836.32,358.85,4,0.05,578,4,3178.02,1742.62
1510,Customer_3653,49,Mansoura,2023-07-19,0,10966,2023-07-19,Express,146,Product_146,Sports,1010.5,513.42,3,0.0,532,5,3031.5,1491.24
2352,Customer_3654,23,Luxor,2022-05-26,1,13189,2022-05-26,Same Day,120,Product_120,Home Appliances,454.29,221.98,5,0.0,643,2,2271.45,1161.55
1115,Customer_3655,32,Mansoura,2020-05-12,0,10694,2020-05-12,Same Day,128,Product_128,Sports,516.61,337.96,5,0.0,471,5,2583.05,893.25
1940,Customer_3656,19,Cairo,2023-06-15,0,10909,2023-06-15,Standard,123,Product_123,Home Appliances,536.42,297.36,2,0.0,566,2,1072.84,478.12
1336,Customer_3657,57,Cairo,2020-10-12,1,12614,2020-10-12,Same Day,135,Product_135,Home Appliances,1063.17,429.515,5,0.2,730,3,4252.68,2105.11
1880,Customer_3658,10,Alexandria,2021-02-27,0,10270,2021-02-27,Same Day,101,Product_101,Clothing,736.87,323.27,4,0.2,598,10,2357.98,1064.9
1736,Customer_3659,20,Alexandria,2021-02-27,1,11540,2021-02-27,Standard,129,Product_129,Home Appliances,800.64,543.37,2,0.05,1362,2,1521.22,434.48
1839,Customer_3660,32,Alexandria,2020-05-01,0,11124,2020-05-01,Standard,109,Product_109,Electronics,908.4,451.23,5,0.05,608,3,4314.9,2058.75
1146,Customer_3661,48,Cairo,2023-03-13,0,11411,2023-03-13,Express,109,Product_109,Sports,1164.78,712.91,1,0.0,660,5,1164.78,451.87
2346,Customer_3662,32,Aswan,2021-12-19,0,11309,2021-12-19,Express,122,Product_122,Sports,181.04,124.26,4,0.0,361,5,724.16,227.12
1442,Customer_3663,34,Aswan,2022-12-26,0,13027,2022-12-26,Standard,102,Product_102,Home Appliances,1176.47,650.11,2,0.1,519,4,2117.65,817.43
1836,Customer_3664,34,Alexandria,2021-07-29,0,13124,2021-07-29,Same Day,116,Product_116,Electronics,866.69,478.64,4,0.0,475,6,3466.76,1552.2
2036,Customer_3665,42,Alexandria,2023-07-05,0,11753,2023-07-05,Standard,140,Product_140,Home Appliances,1020.19,443.96,2,0.0,386,6,2040.38,1152.46
1942,Customer_3666,21,Cairo,2023-08-01,0,10840,2023-08-01,Express,106,Product_106,Home Appliances,524.95,271.44,4,0.05,523,5,1994.81,909.05
1286,Customer_3667,25,Luxor,2020-10-12,0,11821,2020-10-12,Standard,113,Product_113,Clothing,643.61,422.04,1,0.0,356,4,643.61,221.57
1719,Customer_3668,65,Mansoura,2021-10-24,0,11003,2021-10-24,Standard,133,Product_133,Home Appliances,385.19,429.515,5,0.0,650,4,1925.95,-221.62
2137,Customer_3669,46,Giza,2023-12-12,0,10239,2023-12-12,Same Day,119,Product_119,Home Appliances,1469.98,992.61,3,0.05,386,2,4189.44,1211.61
1479,Customer_3670,51,Aswan,2021-08-22,0,13285,2021-08-22,Standard,115,Product_115,Clothing,770.65,462.54,3,0.0,516,3,2311.95,924.33
1021,Customer_3671,40,Aswan,2021-08-15,0,11639,2021-08-15,Express,133,Product_133,Clothing,1494.31,786.44,3,0.1,908,6,4034.64,1675.32
2372,Customer_3672,41,Cairo,2023-03-18,0,10360,2023-03-18,Standard,110,Product_110,Electronics,760.19,428.71,2,0.0,369,7,1520.38,662.96
1682,Customer_3673,46,Cairo,2021-01-07,0,13435,2021-01-07,Same Day,101,Product_101,Clothing,368.64,164.1,5,0.0,562,3,1843.2,1022.7
1905,Customer_3674,50,Giza,2022-11-19,0,10733,2022-11-19,Standard,112,Product_112,Sports,785.81,365.59,2,0.0,526,4,1571.62,840.44
1319,Customer_3675,52,Giza,2023-10-23,0,10851,2023-10-23,Same Day,143,Product_143,Sports,107.41,52.19,2,0.05,436,3,204.08,99.7
1125,Customer_3676,38,Alexandria,2020-07-14,0,10859,2020-07-14,Standard,129,Product_129,Electronics,1361.92,702.01,2,0.0,384,5,2723.84,1319.82
1276,Customer_3677,54,Giza,2020-04-10,0,10700,2020-04-10,Same Day,117,Product_117,Home Appliances,1236.9,834.48,2,0.0,391,8,2473.8,804.84
2227,Customer_3678,3,Mansoura,2022-04-22,0,11350,2022-04-22,Standard,104,Product_104,Electronics,1102.44,562.54,5,0.0,568,5,5512.2,2699.5
1193,Customer_3679,53,Mansoura,2020-05-01,0,12883,2020-05-01,Standard,129,Product_129,Clothing,934.25,520.52,3,0.0,405,7,2802.75,1241.19
1695,Customer_3680,33,Aswan,2021-07-21,0,13547,2021-07-21,Standard,107,Product_107,Home Appliances,890.76,399.6,4,0.0,422,3,3563.04,1964.64
2309,Customer_3681,48,Mansoura,2023-05-09,0,10822,2023-05-09,Standard,144,Product_144,Electronics,1495.26,928.25,2,0.0,484,1,2990.52,1134.02
1056,Customer_3682,30,Mansoura,2020-09-16,0,11634,2020-09-16,Standard,113,Product_113,Electronics,453.1,257.4,5,0.0,433,2,2265.5,978.5
2326,Customer_3683,20,Mansoura,2023-12-07,0,10096,2023-12-07,Express,105,Product_105,Sports,1180.54,628.01,1,0.0,391,7,1180.54,552.53
2186,Customer_3684,45,Alexandria,2020-09-28,0,10326,2020-09-28,Express,106,Product_106,Electronics,893.04,610.98,4,0.0,338,5,3572.16,1128.24
1018,Customer_3685,17,Aswan,2021-05-26,0,12120,2021-05-26,Standard,134,Product_134,Home Appliances,1465.03,977.46,2,0.0,355,8,2930.06,975.14
2393,Customer_3686,34,Cairo,2020-10-26,1,10993,2020-10-26,Same Day,107,Product_107,Electronics,1250.31,747.5,2,0.0,1085,2,2500.62,1005.62
1263,Customer_3687,27,Aswan,2023-12-27,0,11279,2023-12-27,Same Day,146,Product_146,Electronics,1497.86,1013.37,4,0.0,371,2,5991.44,1937.96
1793,Customer_3688,37,Aswan,2021-10-21,0,11766,2021-10-21,Express,128,Product_128,Clothing,903.07,514.24,4,0.0,388,7,3612.28,1555.32
1112,Customer_3689,51,Aswan,2021-05-21,0,13241,2021-05-21,Express,146,Product_146,Electronics,346.59,224.62,2,0.2,446,6,554.54,105.3
2350,Customer_3690,32,Giza,2023-10-16,0,10993,2023-10-16,Express,110,Product_110,Home Appliances,780.35,408.0,5,0.0,443,3,3901.75,1861.75
1541,Customer_3691,44,Cairo,2022-03-15,0,10332,2022-03-15,Same Day,104,Product_104,Sports,1081.11,460.58,1,0.0,563,5,1081.11,620.53
1646,Customer_3692,51,Giza,2022-09-29,0,11180,2022-09-29,Express,103,Product_103,Sports,1172.82,818.92,5,0.0,591,3,5864.1,1769.5
1578,Customer_3693,30,Alexandria,2020-10-18,0,13490,2020-10-18,Express,125,Product_125,Sports,50.74,22.82,3,0.1,1000,4,137.0,68.54
2088,Customer_3694,31,Alexandria,2023-03-28,0,11964,2023-03-28,Express,123,Product_123,Sports,782.29,371.94,3,0.2,339,6,1877.5,761.68
2315,Customer_3695,60,Luxor,2023-07-19,0,12505,2023-07-19,Standard,127,Product_127,Clothing,391.09,175.57,3,0.0,360,3,1173.27,646.56
1024,Customer_3696,38,Luxor,2021-07-04,0,12781,2021-07-04,Standard,114,Product_114,Home Appliances,1318.62,660.95,2,0.1,426,6,2373.52,1051.62
1000,Customer_3697,47,Alexandria,2023-07-09,0,12923,2023-07-09,Express,138,Product_138,Clothing,271.71,132.26,1,0.0,363,5,271.71,139.45
1910,Customer_3698,47,Alexandria,2022-04-28,0,12905,2022-04-28,Same Day,132,Product_132,Sports,1016.36,589.82,1,0.0,741,5,1016.36,426.54
1140,Customer_3699,22,Giza,2022-07-02,0,10098,2022-07-02,Standard,123,Product_123,Clothing,435.79,304.59,2,0.0,857,6,871.58,262.4
1647,Customer_3700,28,Alexandria,2022-07-14,0,12779,2022-07-14,Express,147,Product_147,Electronics,566.99,235.73,2,0.0,646,3,1133.98,662.52
1187,Customer_3701,45,Cairo,2020-06-03,0,12972,2020-06-03,Standard,140,Product_140,Home Appliances,1413.81,895.7,2,0.0,346,6,2827.62,1036.22
2151,Customer_3702,8,Giza,2023-07-21,0,10243,2023-07-21,Same Day,137,Product_137,Electronics,398.65,174.77,1,0.0,530,3,398.65,223.88
1200,Customer_3703,36,Alexandria,2020-09-07,0,13842,2020-09-07,Express,103,Product_103,Clothing,187.75,76.22,2,0.0,673,5,375.5,223.06
2150,Customer_3704,27,Giza,2022-04-05,0,11500,2022-04-05,Express,135,Product_135,Electronics,150.46,89.01,4,0.05,696,7,571.75,215.71
1256,Customer_3705,56,Giza,2022-11-21,1,11464,2022-11-21,Standard,113,Product_113,Clothing,781.69,517.47,4,0.0,772,1,3126.76,1056.88
1546,Customer_3706,45,Mansoura,2021-07-23,1,13265,2021-07-23,Express,134,Product_134,Clothing,980.48,444.05,4,0.0,740,4,3921.92,2145.72
1193,Customer_3707,57,Luxor,2023-11-23,0,11398,2023-11-23,Standard,124,Product_124,Home Appliances,524.58,263.59,2,0.0,405,7,1049.16,521.98
1702,Customer_3708,39,Giza,2022-01-25,1,12709,2022-01-25,Same Day,101,Product_101,Home Appliances,1050.88,473.55,4,0.0,387,5,4203.52,2309.32
2127,Customer_3709,38,Aswan,2022-07-20,0,13053,2022-07-20,Standard,112,Product_112,Home Appliances,138.5,93.07,2,0.0,674,6,277.0,90.86
2288,Customer_3710,35,Giza,2022-09-26,1,10366,2022-09-26,Express,108,Product_108,Sports,1293.14,622.14,4,0.0,828,3,5172.56,2684.0
1801,Customer_3711,32,Aswan,2021-01-11,0,13226,2021-01-11,Same Day,119,Product_119,Home Appliances,1234.02,658.24,2,0.0,365,6,2468.04,1151.56
1941,Customer_3712,80,Mansoura,2023-06-04,0,12546,2023-06-04,Same Day,109,Product_109,Electronics,1478.97,988.58,5,0.0,475,5,7394.85,2451.95
2407,Customer_3713,52,Alexandria,2020-01-06,1,13605,2020-01-06,Same Day,128,Product_128,Home Appliances,1407.93,796.69,3,0.1,1654,2,3801.41,1411.34
2283,Customer_3714,24,Giza,2024-09-02,0,11481,2024-09-02,Standard,114,Product_114,Home Appliances,566.49,429.515,5,0.0,327,6,2832.45,684.88
1413,Customer_3715,79,Mansoura,2020-09-07,0,13699,2020-09-07,Same Day,127,Product_127,Home Appliances,628.95,426.39,3,0.0,948,7,1886.85,607.68
2381,Customer_3716,33,Cairo,2024-02-05,1,12160,2024-02-05,Express,118,Product_118,Clothing,1131.65,609.37,3,0.0,331,3,3394.95,1566.84
2098,Customer_3717,44,Mansoura,2022-07-27,0,12992,2022-07-27,Same Day,142,Product_142,Clothing,244.42,140.47,4,0.2,469,6,782.14,220.26
2378,Customer_3718,54,Luxor,2023-07-24,0,13794,2023-07-24,Same Day,141,Product_141,Home Appliances,505.32,237.04,3,0.0,351,4,1515.96,804.84
1909,Customer_3719,16,Luxor,2023-09-22,1,11047,2023-09-22,Standard,106,Product_106,Clothing,221.88,154.69,3,0.0,419,3,665.64,201.57
1187,Customer_3720,27,Alexandria,2023-11-29,0,10282,2023-11-29,Standard,133,Product_133,Clothing,709.59,343.08,5,0.0,346,6,3547.95,1832.55
2313,Customer_3721,64,Aswan,2022-03-01,0,11315,2022-03-01,Express,137,Product_137,Sports,850.41,540.0,3,0.0,435,4,2551.23,931.23
1044,Customer_3722,36,Alexandria,2020-09-05,1,11386,2020-09-05,Express,142,Product_142,Electronics,356.18,175.91,2,0.0,1698,1,712.36,360.54
1082,Customer_3723,54,Aswan,2022-12-30,0,12448,2022-12-30,Standard,125,Product_125,Clothing,88.62,43.77,2,0.0,520,5,177.24,89.7
2146,Customer_3724,33,Aswan,2022-03-25,1,12615,2022-03-25,Same Day,113,Product_113,Electronics,1093.07,471.29,4,0.0,1013,1,4372.28,2487.12
1357,Customer_3725,38,Aswan,2021-03-22,1,13337,2021-03-22,Standard,123,Product_123,Clothing,79.01,44.88,5,0.0,1031,2,395.05,170.65
2089,Customer_3726,66,Aswan,2022-05-29,0,13125,2022-05-29,Standard,136,Product_136,Home Appliances,1461.43,691.91,1,0.0,751,4,1461.43,769.52
1935,Customer_3727,46,Luxor,2021-03-09,0,13920,2021-03-09,Standard,133,Product_133,Clothing,371.33,165.06,5,0.05,468,9,1763.82,938.52
1374,Customer_3728,34,Luxor,2022-10-10,1,13691,2022-10-10,Express,121,Product_121,Clothing,1012.66,473.92,1,0.0,814,5,1012.66,538.74
1161,Customer_3729,29,Giza,2021-03-07,0,12761,2021-03-07,Express,134,Product_134,Electronics,680.39,323.41,3,0.1,455,6,1837.05,866.82
2403,Customer_3730,31,Luxor,2021-10-23,0,11737,2021-10-23,Express,136,Product_136,Home Appliances,136.53,75.26,1,0.0,626,7,136.53,61.27
2381,Customer_3731,58,Alexandria,2021-08-03,1,10421,2021-08-03,Express,117,Product_117,Sports,734.67,378.93,3,0.0,331,3,2204.01,1067.22
2211,Customer_3732,51,Luxor,2021-11-22,0,12896,2021-11-22,Same Day,110,Product_110,Electronics,799.3,337.82,5,0.0,372,5,3996.5,2307.4
1321,Customer_3733,22,Alexandria,2023-01-25,0,13966,2023-01-25,Express,123,Product_123,Home Appliances,1289.29,723.04,5,0.0,665,3,6446.45,2831.25
1449,Customer_3734,41,Cairo,2023-03-29,0,13545,2023-03-29,Express,144,Product_144,Home Appliances,1111.91,707.54,4,0.0,644,5,4447.64,1617.48
2497,Customer_3735,38,Luxor,2020-09-24,0,13801,2020-09-24,Same Day,102,Product_102,Electronics,164.99,94.42,4,0.1,644,5,593.96,216.28
2036,Customer_3736,44,Alexandria,2023-03-05,0,11266,2023-03-05,Same Day,135,Product_135,Clothing,353.29,244.6,3,0.0,386,6,1059.87,326.07
1183,Customer_3737,30,Aswan,2022-09-20,0,11377,2022-09-20,Standard,114,Product_114,Home Appliances,502.24,215.84,3,0.05,834,2,1431.38,783.86
1110,Customer_3738,56,Mansoura,2021-12-04,0,11411,2021-12-04,Same Day,147,Product_147,Sports,218.79,141.41,2,0.0,675,6,437.58,154.76
1507,Customer_3739,39,Aswan,2023-10-29,0,13249,2023-10-29,Same Day,145,Product_145,Clothing,712.5,393.09,2,0.0,349,4,1425.0,638.82
2313,Customer_3740,45,Giza,2020-09-04,0,10474,2020-09-04,Express,141,Product_141,Electronics,1477.25,822.06,2,0.1,435,4,2659.05,1014.93
1294,Customer_3741,28,Alexandria,2020-04-04,0,13644,2020-04-04,Express,102,Product_102,Electronics,796.19,442.47,5,0.0,511,5,3980.95,1768.6
2474,Customer_3742,28,Aswan,2020-07-22,0,12452,2020-07-22,Express,119,Product_119,Electronics,1125.73,560.16,1,0.0,551,6,1125.73,565.57
1903,Customer_3743,79,Luxor,2023-07-06,1,12083,2023-07-06,Express,116,Product_116,Electronics,1040.26,429.515,3,0.0,545,1,3120.78,1832.24
2238,Customer_3744,67,Luxor,2022-07-30,0,10357,2022-07-30,Same Day,143,Product_143,Sports,1282.37,756.03,4,0.0,356,3,5129.48,2105.36
1973,Customer_3745,38,Cairo,2020-03-02,0,10557,2020-03-02,Express,144,Product_144,Sports,362.8,149.99,3,0.1,548,6,979.56,529.59
1631,Customer_3746,62,Mansoura,2020-11-09,0,13678,2020-11-09,Express,125,Product_125,Home Appliances,1143.05,659.12,1,0.0,566,5,1143.05,483.93
2050,Customer_3747,58,Alexandria,2020-11-19,1,11350,2020-11-19,Standard,101,Product_101,Sports,1327.97,819.86,3,0.0,639,2,3983.91,1524.33
1732,Customer_3748,30,Aswan,2022-06-22,0,11067,2022-06-22,Same Day,102,Product_102,Electronics,298.69,151.41,4,0.1,371,3,1075.28,469.64
2254,Customer_3749,29,Mansoura,2022-07-23,0,12367,2022-07-23,Same Day,148,Product_148,Sports,552.86,257.19,4,0.1,788,5,1990.3,961.54
1320,Customer_3750,50,Cairo,2020-02-01,1,10737,2020-02-01,Same Day,127,Product_127,Clothing,1456.65,675.91,1,0.0,715,4,1456.65,780.74
1912,Customer_3751,43,Giza,2022-05-26,0,12705,2022-05-26,Standard,102,Product_102,Clothing,1182.14,501.88,4,0.0,507,3,4728.56,2721.04
2256,Customer_3752,33,Mansoura,2021-02-18,0,12519,2021-02-18,Same Day,130,Product_130,Home Appliances,459.76,196.28,5,0.0,329,8,2298.8,1317.4
1436,Customer_3753,50,Cairo,2023-11-11,0,13340,2023-11-11,Same Day,110,Product_110,Electronics,867.72,390.48,4,0.0,417,1,3470.88,1908.96
1780,Customer_3754,18,Alexandria,2020-09-27,0,12572,2020-09-27,Express,119,Product_119,Sports,636.27,258.17,1,0.0,438,6,636.27,378.1
2426,Customer_3755,41,Giza,2023-08-24,0,10024,2023-08-24,Same Day,142,Product_142,Home Appliances,760.45,364.92,1,0.0,408,4,760.45,395.53
2076,Customer_3756,21,Luxor,2021-09-10,0,13844,2021-09-10,Express,116,Product_116,Home Appliances,564.99,277.93,3,0.0,827,6,1694.97,861.18
2336,Customer_3757,21,Cairo,2020-11-21,1,10639,2020-11-21,Standard,113,Product_113,Sports,455.03,317.87,4,0.0,625,5,1820.12,548.64
2304,Customer_3758,29,Luxor,2021-07-15,0,11574,2021-07-15,Express,148,Product_148,Home Appliances,1028.41,717.32,4,0.0,569,3,4113.64,1244.36
1725,Customer_3759,45,Giza,2020-10-07,0,13228,2020-10-07,Standard,108,Product_108,Electronics,1178.89,537.71,1,0.0,504,9,1178.89,641.18
1030,Customer_3760,29,Cairo,2023-02-09,0,12923,2023-02-09,Standard,131,Product_131,Sports,1317.24,611.08,3,0.0,487,2,3951.72,2118.48
1336,Customer_3761,21,Cairo,2022-01-08,1,11208,2022-01-08,Standard,145,Product_145,Clothing,275.23,150.71,3,0.0,730,3,825.69,373.56
1182,Customer_3762,47,Giza,2021-05-27,0,10173,2021-05-27,Express,125,Product_125,Clothing,1243.14,552.74,5,0.0,530,7,6215.7,3452.0
2046,Customer_3763,62,Alexandria,2020-06-17,0,11417,2020-06-17,Standard,139,Product_139,Sports,419.46,231.21,5,0.0,407,3,2097.3,941.25
1543,Customer_3764,49,Cairo,2022-01-31,0,10185,2022-01-31,Express,121,Product_121,Home Appliances,669.64,348.09,1,0.0,402,3,669.64,321.55
2469,Customer_3765,67,Giza,2023-09-22,0,11304,2023-09-22,Express,138,Product_138,Home Appliances,1357.09,675.0,3,0.0,413,3,4071.27,2046.27
2097,Customer_3766,61,Mansoura,2023-08-21,0,11000,2023-08-21,Express,141,Product_141,Clothing,709.03,458.59,3,0.0,484,3,2127.09,751.32
2033,Customer_3767,32,Luxor,2020-04-12,0,13657,2020-04-12,Standard,129,Product_129,Clothing,335.74,217.71,5,0.05,968,4,1594.76,506.21
2479,Customer_3768,49,Cairo,2020-04-16,0,11318,2020-04-16,Express,106,Product_106,Electronics,281.81,196.24,5,0.05,378,3,1338.6,357.4
1659,Customer_3769,38,Mansoura,2022-03-22,0,10527,2022-03-22,Express,118,Product_118,Home Appliances,735.83,343.58,1,0.0,1016,3,735.83,392.25
1159,Customer_3770,55,Cairo,2023-05-07,0,13259,2023-05-07,Standard,149,Product_149,Electronics,1155.88,770.37,3,0.0,546,6,3467.64,1156.53
2037,Customer_3771,38,Alexandria,2021-09-17,1,13483,2021-09-17,Express,144,Product_144,Clothing,1495.95,839.76,1,0.1,1202,2,1346.36,506.6
2201,Customer_3772,28,Giza,2024-01-26,0,13019,2024-01-26,Standard,135,Product_135,Clothing,1191.74,688.16,5,0.05,341,7,5660.76,2219.96
1411,Customer_3773,60,Cairo,2023-03-12,0,10683,2023-03-12,Standard,127,Product_127,Clothing,1321.67,884.05,4,0.2,395,4,4229.34,693.14
2011,Customer_3774,44,Giza,2021-04-24,1,12233,2021-04-24,Standard,105,Product_105,Clothing,1134.36,774.53,5,0.0,1348,5,5671.8,1799.15
1052,Customer_3775,30,Aswan,2022-05-29,1,11567,2022-05-29,Express,107,Product_107,Electronics,1348.38,833.36,3,0.2,607,3,3236.11,736.03
1407,Customer_3776,32,Cairo,2023-09-04,1,10574,2023-09-04,Express,110,Product_110,Clothing,160.63,81.01,1,0.0,485,3,160.63,79.62
1846,Customer_3777,29,Alexandria,2020-07-05,0,12034,2020-07-05,Same Day,110,Product_110,Sports,1398.4,764.79,3,0.0,441,3,4195.2,1900.83
2045,Customer_3778,24,Alexandria,2023-12-12,0,11884,2023-12-12,Same Day,128,Product_128,Home Appliances,624.79,365.2,5,0.0,331,5,3123.95,1297.95
2053,Customer_3779,32,Mansoura,2020-07-13,0,11324,2020-07-13,Same Day,136,Product_136,Clothing,1386.34,899.17,5,0.0,519,3,6931.7,2435.85
1702,Customer_3780,45,Alexandria,2020-01-03,1,10308,2020-01-03,Standard,110,Product_110,Home Appliances,159.81,95.47,2,0.0,387,5,319.62,128.68
1259,Customer_3781,40,Giza,2021-03-13,1,11212,2021-03-13,Same Day,135,Product_135,Clothing,1087.1,554.02,5,0.0,462,2,5435.5,2665.4
2228,Customer_3782,33,Aswan,2022-03-09,0,11841,2022-03-09,Express,135,Product_135,Electronics,1116.75,586.7,3,0.1,851,3,3015.22,1255.12
2082,Customer_3783,62,Alexandria,2020-08-06,0,11434,2020-08-06,Standard,137,Product_137,Home Appliances,1495.52,620.84,1,0.0,398,8,1495.52,874.68
2494,Customer_3784,9,Cairo,2020-09-28,1,10537,2020-09-28,Standard,148,Product_148,Electronics,1164.84,788.92,1,0.2,876,3,931.87,142.95
1775,Customer_3785,44,Alexandria,2023-04-30,0,13458,2023-04-30,Express,120,Product_120,Clothing,604.73,257.88,2,0.0,454,7,1209.46,693.7
2489,Customer_3786,37,Aswan,2021-08-04,1,10857,2021-08-04,Same Day,113,Product_113,Sports,858.01,492.48,3,0.0,347,5,2574.03,1096.59
2035,Customer_3787,25,Giza,2022-11-29,0,11574,2022-11-29,Same Day,111,Product_111,Sports,581.5,384.66,5,0.0,548,8,2907.5,984.2
2313,Customer_3788,45,Cairo,2023-10-24,0,10192,2023-10-24,Express,145,Product_145,Sports,334.23,175.89,4,0.0,435,4,1336.92,633.36
1849,Customer_3789,36,Mansoura,2022-06-30,0,11186,2022-06-30,Express,119,Product_119,Sports,410.33,262.63,1,0.05,554,3,389.81,127.18
1353,Customer_3790,58,Mansoura,2020-01-20,0,10052,2020-01-20,Same Day,128,Product_128,Sports,371.92,238.45,3,0.0,836,3,1115.76,400.41
2098,Customer_3791,53,Mansoura,2020-01-17,0,10474,2020-01-17,Express,138,Product_138,Electronics,845.78,353.5,2,0.0,469,6,1691.56,984.56
1872,Customer_3792,68,Cairo,2023-11-25,0,10173,2023-11-25,Same Day,145,Product_145,Sports,1363.93,714.21,4,0.05,403,5,5182.93,2326.09
2464,Customer_3793,32,Mansoura,2021-04-12,0,11219,2021-04-12,Express,104,Product_104,Clothing,1373.45,834.11,3,0.0,388,6,4120.35,1618.02
1990,Customer_3794,60,Alexandria,2020-03-09,1,13282,2020-03-09,Same Day,137,Product_137,Electronics,129.41,68.16,5,0.0,1126,2,647.05,306.25
2264,Customer_3795,22,Cairo,2022-05-14,0,11813,2022-05-14,Express,119,Product_119,Electronics,165.85,93.46,1,0.0,694,3,165.85,72.39
2017,Customer_3796,38,Cairo,2023-11-22,0,10699,2023-11-22,Standard,137,Product_137,Sports,405.42,234.47,5,0.0,406,3,2027.1,854.75
2177,Customer_3797,33,Cairo,2020-09-27,0,12437,2020-09-27,Standard,114,Product_114,Home Appliances,419.84,186.98,2,0.0,666,6,839.68,465.72
2119,Customer_3798,49,Luxor,2022-09-05,1,13379,2022-09-05,Standard,131,Product_131,Clothing,187.59,98.22,1,0.0,849,3,187.59,89.37
1293,Customer_3799,48,Giza,2020-05-25,1,10456,2020-05-25,Express,128,Product_128,Electronics,613.27,250.54,4,0.0,1682,2,2453.08,1450.92
1208,Customer_3800,26,Luxor,2021-04-13,1,11354,2021-04-13,Same Day,136,Product_136,Clothing,902.2,401.38,1,0.0,728,2,902.2,500.82
2366,Customer_3801,49,Luxor,2022-02-23,1,13797,2022-02-23,Same Day,144,Product_144,Home Appliances,888.34,491.85,5,0.05,1043,3,4219.62,1760.37
2111,Customer_3802,34,Luxor,2020-07-01,0,11518,2020-07-01,Same Day,138,Product_138,Electronics,837.97,479.38,3,0.1,648,4,2262.52,824.38
1817,Customer_3803,27,Giza,2024-05-02,0,13400,2024-05-02,Standard,119,Product_119,Clothing,541.07,240.16,3,0.0,331,1,1623.21,902.73
1389,Customer_3804,39,Luxor,2020-07-28,0,13100,2020-07-28,Standard,142,Product_142,Sports,1074.36,673.29,3,0.0,789,5,3223.08,1203.21
1324,Customer_3805,17,Mansoura,2020-07-30,1,13754,2020-07-30,Same Day,101,Product_101,Electronics,1248.4,639.05,2,0.0,1616,2,2496.8,1218.7
1939,Customer_3806,53,Cairo,2021-10-03,0,12169,2021-10-03,Express,123,Product_123,Electronics,552.1,373.33,2,0.0,364,5,1104.2,357.54
1888,Customer_3807,39,Cairo,2022-01-22,1,13529,2022-01-22,Express,128,Product_128,Electronics,174.03,429.515,3,0.0,1062,4,522.09,-766.46
2180,Customer_3808,39,Alexandria,2021-04-09,1,12465,2021-04-09,Same Day,148,Product_148,Electronics,479.68,213.43,4,0.1,992,4,1726.85,873.13
1667,Customer_3809,38,Aswan,2020-07-10,1,10158,2020-07-10,Same Day,104,Product_104,Sports,249.18,156.33,5,0.1,437,3,1121.31,339.66
1632,Customer_3810,64,Mansoura,2022-02-22,0,12645,2022-02-22,Express,141,Product_141,Home Appliances,727.67,415.02,4,0.0,723,4,2910.68,1250.6
1576,Customer_3811,62,Giza,2020-09-29,1,11837,2020-09-29,Same Day,118,Product_118,Home Appliances,276.11,142.47,3,0.0,1555,2,828.33,400.92
1136,Customer_3812,60,Aswan,2023-06-08,0,10515,2023-06-08,Express,149,Product_149,Clothing,721.12,365.45,5,0.0,343,6,3605.6,1778.35
1427,Customer_3813,38,Cairo,2023-10-18,0,11025,2023-10-18,Express,147,Product_147,Sports,370.45,164.94,2,0.1,441,4,666.81,336.93
2475,Customer_3814,23,Luxor,2020-10-19,0,13716,2020-10-19,Standard,139,Product_139,Sports,1121.16,563.1,1,0.1,1041,5,1009.04,445.94
1611,Customer_3815,39,Alexandria,2020-05-20,1,13373,2020-05-20,Standard,125,Product_125,Clothing,89.97,429.515,1,0.0,588,3,89.97,-339.54
1910,Customer_3816,44,Alexandria,2022-12-22,0,13150,2022-12-22,Standard,118,Product_118,Sports,854.38,470.52,5,0.0,741,5,4271.9,1919.3
1818,Customer_3817,52,Cairo,2023-02-27,1,10658,2023-02-27,Same Day,106,Product_106,Sports,295.76,197.87,4,0.0,674,3,1183.04,391.56
1140,Customer_3818,44,Mansoura,2020-01-18,0,10677,2020-01-18,Express,119,Product_119,Electronics,51.44,32.85,5,0.0,857,6,257.2,92.95
2106,Customer_3819,24,Aswan,2023-06-03,0,10314,2023-06-03,Same Day,112,Product_112,Electronics,1310.34,535.35,4,0.0,578,1,5241.36,3099.96
1176,Customer_3820,31,Alexandria,2023-08-24,1,13821,2023-08-24,Same Day,125,Product_125,Electronics,1023.72,680.14,4,0.0,496,5,4094.88,1374.32
1197,Customer_3821,30,Cairo,2020-12-02,0,12375,2020-12-02,Same Day,135,Product_135,Sports,193.47,103.64,1,0.0,623,6,193.47,89.83
1623,Customer_3822,48,Mansoura,2022-06-20,0,10275,2022-06-20,Express,101,Product_101,Sports,1012.9,429.515,2,0.0,556,5,2025.8,1166.77
1690,Customer_3823,48,Cairo,2021-12-20,1,12763,2021-12-20,Standard,105,Product_105,Home Appliances,936.89,586.23,3,0.0,1108,4,2810.67,1051.98
2444,Customer_3824,50,Cairo,2024-01-19,0,10451,2024-01-19,Express,101,Product_101,Electronics,736.37,365.87,2,0.0,348,2,1472.74,741.0
1400,Customer_3825,44,Mansoura,2021-03-12,0,11588,2021-03-12,Express,108,Product_108,Clothing,657.92,313.17,3,0.0,438,9,1973.76,1034.25
1470,Customer_3826,9,Mansoura,2023-10-07,0,10485,2023-10-07,Same Day,139,Product_139,Sports,1336.25,599.17,1,0.0,344,7,1336.25,737.08
1217,Customer_3827,14,Mansoura,2020-06-11,0,11130,2020-06-11,Same Day,147,Product_147,Electronics,405.46,221.38,3,0.1,483,5,1094.74,430.6
1928,Customer_3828,37,Cairo,2022-04-23,0,10566,2022-04-23,Standard,143,Product_143,Home Appliances,627.55,268.6,4,0.0,381,6,2510.2,1435.8
1631,Customer_3829,41,Alexandria,2023-06-15,0,10245,2023-06-15,Express,118,Product_118,Electronics,527.22,335.15,5,0.0,566,5,2636.1,960.35
1950,Customer_3830,58,Giza,2023-07-11,0,12982,2023-07-11,Standard,146,Product_146,Home Appliances,1168.24,632.25,3,0.0,421,4,3504.72,1607.97
1905,Customer_3831,41,Giza,2022-06-25,0,10888,2022-06-25,Same Day,109,Product_109,Home Appliances,1378.87,736.44,2,0.0,526,4,2757.74,1284.86
1174,Customer_3832,25,Cairo,2021-03-20,1,12211,2021-03-20,Same Day,105,Product_105,Sports,1282.18,513.59,1,0.0,626,4,1282.18,768.59
1022,Customer_3833,49,Cairo,2020-06-26,0,12574,2020-06-26,Standard,104,Product_104,Home Appliances,1206.67,778.74,1,0.0,414,5,1206.67,427.93
1234,Customer_3834,39,Alexandria,2020-07-24,1,10000,2020-07-24,Standard,144,Product_144,Home Appliances,1480.85,811.29,5,0.1,1041,6,6663.82,2607.37
2036,Customer_3835,33,Mansoura,2020-10-13,0,12910,2020-10-13,Express,129,Product_129,Clothing,1060.86,564.34,4,0.0,386,6,4243.44,1986.08
2124,Customer_3836,15,Cairo,2020-09-09,0,12184,2020-09-09,Standard,101,Product_101,Home Appliances,1139.03,715.78,4,0.1,633,4,4100.51,1237.39
1928,Customer_3837,41,Luxor,2023-04-22,0,10150,2023-04-22,Standard,130,Product_130,Clothing,1475.06,617.86,1,0.0,381,6,1475.06,857.2
1522,Customer_3838,43,Mansoura,2024-02-04,0,13251,2024-02-04,Express,145,Product_145,Clothing,60.14,30.67,4,0.0,332,2,240.56,117.88
2475,Customer_3839,25,Cairo,2022-02-25,0,13993,2022-02-25,Same Day,101,Product_101,Electronics,969.37,555.18,5,0.0,1041,5,4846.85,2070.95
1430,Customer_3840,51,Luxor,2021-12-20,0,11767,2021-12-20,Express,103,Product_103,Electronics,1121.51,603.57,1,0.05,466,3,1065.43,461.86
1792,Customer_3841,49,Aswan,2022-05-29,1,13051,2022-05-29,Same Day,122,Product_122,Sports,1380.85,627.58,4,0.2,948,4,4418.72,1908.4
1532,Customer_3842,40,Alexandria,2021-06-10,0,11510,2021-06-10,Same Day,108,Product_108,Sports,1331.57,652.18,3,0.1,547,3,3595.24,1638.7
1978,Customer_3843,40,Luxor,2020-10-13,1,13771,2020-10-13,Standard,118,Product_118,Sports,1270.84,622.79,3,0.0,1541,1,3812.52,1944.15
2316,Customer_3844,54,Cairo,2021-05-22,0,13089,2021-05-22,Standard,125,Product_125,Home Appliances,1421.4,991.56,4,0.0,512,4,5685.6,1719.36
1809,Customer_3845,45,Giza,2021-07-21,1,11248,2021-07-21,Standard,148,Product_148,Electronics,829.2,412.82,3,0.0,1260,1,2487.6,1249.14
1912,Customer_3846,29,Cairo,2023-08-13,0,11128,2023-08-13,Standard,120,Product_120,Home Appliances,60.03,27.71,5,0.0,507,3,300.15,161.6
2124,Customer_3847,37,Giza,2020-06-21,0,10998,2020-06-21,Standard,131,Product_131,Electronics,66.03,42.71,2,0.0,633,4,132.06,46.64
2327,Customer_3848,48,Alexandria,2021-05-23,0,13789,2021-05-23,Same Day,130,Product_130,Home Appliances,839.73,441.99,5,0.0,365,7,4198.65,1988.7
1870,Customer_3849,9,Alexandria,2023-07-02,0,10697,2023-07-02,Express,116,Product_116,Sports,681.14,363.16,5,0.0,694,4,3405.7,1589.9
1539,Customer_3850,26,Mansoura,2023-05-15,0,11088,2023-05-15,Standard,102,Product_102,Electronics,704.31,397.7,4,0.0,597,6,2817.24,1226.44
2023,Customer_3851,50,Mansoura,2023-05-13,0,12380,2023-05-13,Same Day,117,Product_117,Electronics,630.59,364.93,5,0.0,599,3,3152.95,1328.3
2378,Customer_3852,58,Giza,2024-01-16,0,12419,2024-01-16,Standard,110,Product_110,Clothing,1380.7,796.89,4,0.05,351,4,5246.66,2059.1
2326,Customer_3853,55,Giza,2023-05-29,0,11230,2023-05-29,Express,107,Product_107,Electronics,570.8,234.23,1,0.0,391,7,570.8,336.57
1226,Customer_3854,53,Alexandria,2021-06-08,0,13300,2021-06-08,Same Day,142,Product_142,Electronics,1291.53,833.88,4,0.0,776,6,5166.12,1830.6
2259,Customer_3855,41,Luxor,2023-11-15,0,12628,2023-11-15,Express,109,Product_109,Home Appliances,1359.15,623.11,4,0.0,413,2,5436.6,2944.16
1872,Customer_3856,24,Giza,2020-02-24,0,13213,2020-02-24,Standard,117,Product_117,Sports,774.28,377.62,1,0.0,403,5,774.28,396.66
1891,Customer_3857,37,Giza,2023-10-09,0,13789,2023-10-09,Same Day,109,Product_109,Clothing,698.06,315.54,2,0.0,431,5,1396.12,765.04
2478,Customer_3858,10,Luxor,2021-09-09,0,10685,2021-09-09,Express,109,Product_109,Home Appliances,1153.48,726.83,1,0.1,653,5,1038.13,311.3
2036,Customer_3859,59,Mansoura,2021-02-24,0,12756,2021-02-24,Standard,137,Product_137,Electronics,1076.56,619.13,4,0.0,386,6,4306.24,1829.72
1209,Customer_3860,27,Mansoura,2022-11-26,0,13402,2022-11-26,Standard,124,Product_124,Home Appliances,526.38,329.82,3,0.0,649,5,1579.14,589.68
1740,Customer_3861,31,Giza,2023-05-27,1,10927,2023-05-27,Same Day,139,Product_139,Sports,198.69,118.42,4,0.0,585,2,794.76,321.08
1396,Customer_3862,55,Mansoura,2022-09-11,0,11842,2022-09-11,Standard,111,Product_111,Clothing,434.04,187.18,1,0.0,384,7,434.04,246.86
2123,Customer_3863,15,Mansoura,2021-01-21,1,11732,2021-01-21,Express,108,Product_108,Home Appliances,239.99,117.7,4,0.0,1257,5,959.96,489.16
1030,Customer_3864,22,Aswan,2022-03-13,0,10739,2022-03-13,Standard,125,Product_125,Electronics,477.36,263.59,1,0.0,487,2,477.36,213.77
1897,Customer_3865,44,Mansoura,2021-08-28,1,10270,2021-08-28,Express,146,Product_146,Home Appliances,429.64,211.16,5,0.0,1003,4,2148.2,1092.4
1648,Customer_3866,47,Alexandria,2023-08-16,0,11972,2023-08-16,Express,102,Product_102,Electronics,974.68,450.49,2,0.2,504,4,1559.49,658.51
1328,Customer_3867,38,Cairo,2020-04-21,0,10710,2020-04-21,Express,110,Product_110,Clothing,1434.02,947.81,2,0.0,732,4,2868.04,972.42
2189,Customer_3868,39,Giza,2021-05-05,0,10324,2021-05-05,Express,124,Product_124,Clothing,1044.33,652.01,1,0.0,376,3,1044.33,392.32
2482,Customer_3869,59,Giza,2022-10-10,0,10989,2022-10-10,Same Day,148,Product_148,Home Appliances,1393.64,701.79,2,0.0,618,5,2787.28,1383.7
1951,Customer_3870,49,Alexandria,2022-03-01,0,11550,2022-03-01,Express,116,Product_116,Clothing,1186.99,747.21,3,0.0,702,5,3560.97,1319.34
2123,Customer_3871,47,Cairo,2020-08-18,1,10797,2020-08-18,Same Day,119,Product_119,Sports,1105.42,650.28,3,0.0,1257,5,3316.26,1365.42
1620,Customer_3872,51,Cairo,2021-08-05,0,11869,2021-08-05,Same Day,131,Product_131,Home Appliances,650.39,260.89,2,0.05,433,3,1235.74,713.96
2196,Customer_3873,35,Alexandria,2022-10-20,1,12967,2022-10-20,Same Day,111,Product_111,Electronics,520.95,267.81,1,0.05,572,4,494.9,227.09
1161,Customer_3874,72,Luxor,2023-07-30,0,13799,2023-07-30,Standard,106,Product_106,Home Appliances,1277.1,622.13,3,0.0,455,6,3831.3,1964.91
1775,Customer_3875,5,Luxor,2023-01-05,0,12594,2023-01-05,Express,106,Product_106,Electronics,1362.82,634.22,2,0.0,454,7,2725.64,1457.2
2286,Customer_3876,61,Cairo,2020-05-25,1,11092,2020-05-25,Standard,132,Product_132,Clothing,705.23,335.32,4,0.2,1233,2,2256.74,915.46
1273,Customer_3877,53,Luxor,2022-12-17,0,12955,2022-12-17,Express,139,Product_139,Electronics,63.14,43.11,3,0.1,746,4,170.48,41.15
2026,Customer_3878,43,Luxor,2020-01-25,1,10211,2020-01-25,Same Day,148,Product_148,Electronics,1199.17,654.62,5,0.0,1123,4,5995.85,2722.75
2051,Customer_3879,41,Luxor,2022-01-09,1,11581,2022-01-09,Standard,113,Product_113,Electronics,463.35,303.18,3,0.0,788,3,1390.05,480.51
1325,Customer_3880,37,Cairo,2021-10-10,0,13453,2021-10-10,Standard,103,Product_103,Electronics,64.34,29.87,2,0.1,1179,2,115.81,56.07
1939,Customer_3881,56,Luxor,2020-09-27,0,13831,2020-09-27,Same Day,141,Product_141,Sports,1217.23,550.58,2,0.0,364,5,2434.46,1333.3
2172,Customer_3882,39,Giza,2022-03-03,1,11443,2022-03-03,Same Day,135,Product_135,Electronics,800.25,533.48,2,0.0,1035,2,1600.5,533.54
1539,Customer_3883,29,Aswan,2023-03-10,0,12644,2023-03-10,Same Day,138,Product_138,Home Appliances,1043.56,572.61,1,0.0,597,6,1043.56,470.95
1487,Customer_3884,53,Cairo,2022-11-05,0,10047,2022-11-05,Standard,117,Product_117,Sports,1376.3,920.12,1,0.05,330,5,1307.48,387.36
1821,Customer_3885,63,Alexandria,2022-01-18,0,10230,2022-01-18,Same Day,103,Product_103,Electronics,834.7,349.66,4,0.0,673,7,3338.8,1940.16
2461,Customer_3886,11,Luxor,2023-01-23,0,10578,2023-01-23,Standard,134,Product_134,Electronics,779.63,526.2,4,0.0,709,4,3118.52,1013.72
2088,Customer_3887,75,Mansoura,2023-10-30,0,13548,2023-10-30,Express,112,Product_112,Electronics,471.46,247.34,3,0.0,339,6,1414.38,672.36
1355,Customer_3888,24,Cairo,2020-12-19,0,12997,2020-12-19,Same Day,124,Product_124,Sports,492.53,429.515,2,0.1,722,5,886.55,27.52
2275,Customer_3889,25,Alexandria,2022-08-22,0,11112,2022-08-22,Standard,106,Product_106,Electronics,1204.99,729.04,4,0.0,552,5,4819.96,1903.8
1234,Customer_3890,21,Aswan,2020-05-29,1,11754,2020-05-29,Same Day,142,Product_142,Electronics,701.09,448.05,2,0.1,1041,6,1261.96,365.86
1226,Customer_3891,40,Giza,2020-04-02,0,12979,2020-04-02,Same Day,111,Product_111,Electronics,287.11,118.92,3,0.1,776,6,775.2,418.44
2336,Customer_3892,20,Alexandria,2023-04-17,1,12099,2023-04-17,Standard,148,Product_148,Clothing,187.07,130.23,1,0.0,625,5,187.07,56.84
1048,Customer_3893,22,Luxor,2020-05-18,0,13605,2020-05-18,Standard,127,Product_127,Home Appliances,735.73,448.14,4,0.0,1080,4,2942.92,1150.36
1117,Customer_3894,29,Mansoura,2020-01-29,0,10421,2020-01-29,Standard,148,Product_148,Electronics,724.18,359.5,5,0.0,736,5,3620.9,1823.4
1053,Customer_3895,42,Luxor,2021-06-20,0,10610,2021-06-20,Same Day,124,Product_124,Home Appliances,997.51,444.28,5,0.1,535,5,4488.8,2267.4
1564,Customer_3896,43,Alexandria,2021-03-17,0,10445,2021-03-17,Express,118,Product_118,Clothing,733.05,379.54,5,0.0,561,2,3665.25,1767.55
2067,Customer_3897,41,Cairo,2020-03-22,1,10960,2020-03-22,Express,127,Product_127,Clothing,258.04,120.29,5,0.0,1223,5,1290.2,688.75
1052,Customer_3898,58,Mansoura,2020-03-05,1,10130,2020-03-05,Same Day,141,Product_141,Electronics,786.31,431.09,5,0.0,607,3,3931.55,1776.1
1557,Customer_3899,55,Mansoura,2022-03-26,0,12647,2022-03-26,Same Day,121,Product_121,Home Appliances,1364.84,866.08,5,0.0,1012,3,6824.2,2493.8
2125,Customer_3900,36,Alexandria,2022-03-11,0,11671,2022-03-11,Standard,134,Product_134,Sports,281.19,168.16,5,0.0,549,7,1405.95,565.15
1867,Customer_3901,12,Aswan,2021-08-09,1,12421,2021-08-09,Express,133,Product_133,Electronics,1050.14,557.39,4,0.0,723,4,4200.56,1971.0
1397,Customer_3902,12,Aswan,2023-11-07,0,12598,2023-11-07,Express,148,Product_148,Sports,911.1,429.515,5,0.0,434,5,4555.5,2407.93
2161,Customer_3903,55,Luxor,2023-12-30,0,12577,2023-12-30,Express,118,Product_118,Clothing,1135.45,780.22,5,0.1,368,1,5109.53,1208.43
1674,Customer_3904,52,Alexandria,2022-10-23,1,13176,2022-10-23,Standard,103,Product_103,Clothing,268.37,129.12,3,0.0,801,2,805.11,417.75
1386,Customer_3905,30,Mansoura,2022-04-30,0,12434,2022-04-30,Express,124,Product_124,Home Appliances,1415.33,684.1,4,0.0,721,7,5661.32,2924.92
1110,Customer_3906,18,Alexandria,2022-05-17,0,13729,2022-05-17,Standard,101,Product_101,Sports,950.4,564.21,3,0.1,675,6,2566.08,873.45
1613,Customer_3907,24,Mansoura,2023-08-12,0,10335,2023-08-12,Same Day,106,Product_106,Sports,1278.25,806.77,2,0.0,390,3,2556.5,942.96
1016,Customer_3908,42,Luxor,2022-04-03,1,12783,2022-04-03,Standard,119,Product_119,Electronics,407.58,283.37,5,0.0,683,6,2037.9,621.05
2205,Customer_3909,42,Cairo,2020-06-17,0,11140,2020-06-17,Same Day,122,Product_122,Home Appliances,1122.15,775.12,1,0.05,409,7,1066.04,290.92
1883,Customer_3910,55,Cairo,2023-08-04,0,11024,2023-08-04,Express,143,Product_143,Home Appliances,1182.49,797.15,5,0.1,348,5,5321.2,1335.45
1540,Customer_3911,33,Alexandria,2023-01-03,0,11652,2023-01-03,Same Day,108,Product_108,Sports,626.28,332.3,5,0.0,502,4,3131.4,1469.9
1170,Customer_3912,36,Mansoura,2023-01-06,1,12943,2023-01-06,Same Day,105,Product_105,Clothing,606.73,273.03,3,0.05,726,3,1729.18,910.09
1408,Customer_3913,56,Cairo,2023-06-15,1,10537,2023-06-15,Same Day,109,Product_109,Home Appliances,1003.8,577.53,2,0.0,566,1,2007.6,852.54
1739,Customer_3914,8,Mansoura,2020-08-11,1,13507,2020-08-11,Standard,147,Product_147,Clothing,185.44,75.14,3,0.0,1115,4,556.32,330.9
2401,Customer_3915,44,Luxor,2021-07-22,1,10495,2021-07-22,Standard,121,Product_121,Electronics,1116.66,512.41,4,0.1,1093,6,4019.98,1970.34
2211,Customer_3916,34,Alexandria,2020-06-20,0,13083,2020-06-20,Standard,128,Product_128,Home Appliances,112.19,44.96,2,0.0,372,5,224.38,134.46
1857,Customer_3917,50,Mansoura,2021-09-26,0,13365,2021-09-26,Same Day,146,Product_146,Home Appliances,326.36,148.22,2,0.0,661,3,652.72,356.28
1229,Customer_3918,47,Alexandria,2020-10-06,0,10507,2020-10-06,Same Day,104,Product_104,Electronics,1013.01,549.48,2,0.0,328,4,2026.02,927.06
1118,Customer_3919,29,Mansoura,2022-11-13,1,13924,2022-11-13,Same Day,124,Product_124,Home Appliances,192.57,429.515,3,0.0,693,3,577.71,-710.84
2179,Customer_3920,41,Aswan,2021-02-20,0,10680,2021-02-20,Express,108,Product_108,Sports,1459.17,745.33,5,0.0,500,5,7295.85,3569.2
1783,Customer_3921,5,Aswan,2020-11-14,1,12612,2020-11-14,Standard,117,Product_117,Sports,1309.17,850.03,5,0.0,806,3,6545.85,2295.7
1464,Customer_3922,51,Mansoura,2023-03-01,1,10780,2023-03-01,Express,134,Product_134,Electronics,958.14,577.28,5,0.0,729,4,4790.7,1904.3
1103,Customer_3923,43,Luxor,2021-10-31,0,10759,2021-10-31,Express,120,Product_120,Clothing,1237.63,842.74,5,0.0,425,6,6188.15,1974.45
1697,Customer_3924,60,Alexandria,2022-11-03,0,10127,2022-11-03,Express,116,Product_116,Clothing,1336.99,713.42,5,0.0,393,5,6684.95,3117.85
1174,Customer_3925,34,Giza,2023-04-16,1,13147,2023-04-16,Same Day,110,Product_110,Home Appliances,426.24,205.31,4,0.0,626,4,1704.96,883.72
1744,Customer_3926,53,Mansoura,2023-07-23,0,11292,2023-07-23,Standard,134,Product_134,Clothing,1281.65,559.83,1,0.0,528,2,1281.65,721.82
2444,Customer_3927,23,Mansoura,2023-08-23,0,12193,2023-08-23,Express,143,Product_143,Clothing,332.45,200.0,2,0.1,348,2,598.41,198.41
2157,Customer_3928,0,Aswan,2023-10-26,0,13986,2023-10-26,Standard,110,Product_110,Electronics,649.35,423.72,1,0.0,433,3,649.35,225.63
2414,Customer_3929,38,Cairo,2023-10-08,0,13474,2023-10-08,Standard,130,Product_130,Clothing,859.48,391.17,4,0.0,510,3,3437.92,1873.24
1664,Customer_3930,31,Aswan,2020-05-15,1,12546,2020-05-15,Same Day,130,Product_130,Clothing,1085.14,720.13,5,0.0,1007,3,5425.7,1825.05
1032,Customer_3931,24,Alexandria,2021-09-27,1,10965,2021-09-27,Express,125,Product_125,Clothing,93.7,52.27,4,0.0,1192,1,374.8,165.72
1054,Customer_3932,53,Aswan,2023-12-01,0,10559,2023-12-01,Same Day,146,Product_146,Sports,471.24,208.86,4,0.0,397,5,1884.96,1049.52
1518,Customer_3933,58,Giza,2022-06-14,1,11222,2022-06-14,Standard,143,Product_143,Sports,932.35,552.75,1,0.0,932,3,932.35,379.6
1755,Customer_3934,41,Luxor,2024-02-03,0,13654,2024-02-03,Express,141,Product_141,Electronics,568.18,315.92,2,0.0,333,1,1136.36,504.52
1011,Customer_3935,37,Giza,2021-03-05,0,10923,2021-03-05,Standard,107,Product_107,Home Appliances,1173.79,429.515,3,0.0,588,5,3521.37,2232.82
1719,Customer_3936,40,Luxor,2020-04-28,0,13574,2020-04-28,Standard,147,Product_147,Electronics,994.9,517.12,3,0.0,650,4,2984.7,1433.34
1554,Customer_3937,30,Giza,2021-05-15,1,11627,2021-05-15,Same Day,120,Product_120,Home Appliances,389.88,247.74,2,0.0,710,2,779.76,284.28
1372,Customer_3938,48,Aswan,2020-06-25,1,12450,2020-06-25,Express,117,Product_117,Home Appliances,261.6,148.23,5,0.0,999,3,1308.0,566.85
1483,Customer_3939,16,Giza,2022-06-08,1,13023,2022-06-08,Same Day,103,Product_103,Clothing,962.12,466.26,4,0.2,938,2,3078.78,1213.74
1972,Customer_3940,23,Aswan,2020-08-25,1,13280,2020-08-25,Same Day,147,Product_147,Clothing,703.18,477.17,5,0.2,1335,5,2812.72,426.87
2251,Customer_3941,28,Aswan,2022-07-17,0,12389,2022-07-17,Standard,146,Product_146,Electronics,294.99,139.04,4,0.0,358,4,1179.96,623.8
1622,Customer_3942,48,Alexandria,2023-07-06,0,13922,2023-07-06,Express,140,Product_140,Electronics,523.24,248.97,3,0.05,486,3,1491.23,744.32
1306,Customer_3943,35,Aswan,2023-05-31,0,11071,2023-05-31,Express,136,Product_136,Electronics,489.42,429.515,2,0.0,581,4,978.84,119.81
1456,Customer_3944,60,Cairo,2020-04-22,0,10540,2020-04-22,Express,126,Product_126,Sports,206.79,138.21,1,0.0,400,6,206.79,68.58
1159,Customer_3945,52,Giza,2021-09-25,0,11199,2021-09-25,Same Day,110,Product_110,Sports,843.02,465.59,1,0.0,546,6,843.02,377.43
1330,Customer_3946,27,Mansoura,2023-09-26,0,10510,2023-09-26,Same Day,134,Product_134,Sports,1157.29,699.76,2,0.0,463,6,2314.58,915.06
1775,Customer_3947,49,Mansoura,2023-09-09,0,12066,2023-09-09,Same Day,114,Product_114,Sports,884.43,612.8,3,0.0,454,7,2653.29,814.89
1224,Customer_3948,33,Mansoura,2020-12-25,0,12542,2020-12-25,Standard,108,Product_108,Sports,1248.12,792.54,4,0.0,501,3,4992.48,1822.32
1982,Customer_3949,47,Cairo,2020-09-01,1,10354,2020-09-01,Same Day,127,Product_127,Clothing,234.97,106.15,1,0.2,605,4,187.98,81.83
1728,Customer_3950,52,Aswan,2020-01-26,0,12606,2020-01-26,Express,110,Product_110,Home Appliances,681.64,433.87,3,0.05,789,4,1942.67,641.06
2479,Customer_3951,56,Giza,2023-12-20,0,10344,2023-12-20,Standard,115,Product_115,Sports,933.65,583.07,2,0.1,378,3,1680.57,514.43
2068,Customer_3952,43,Luxor,2020-08-10,1,11083,2020-08-10,Express,137,Product_137,Electronics,1030.2,483.97,5,0.1,893,2,4635.9,2216.05
2237,Customer_3953,64,Luxor,2023-12-07,0,12735,2023-12-07,Same Day,122,Product_122,Home Appliances,1058.89,526.91,3,0.1,391,3,2859.0,1278.27
2082,Customer_3954,46,Alexandria,2020-01-24,0,11790,2020-01-24,Express,145,Product_145,Sports,1107.0,678.63,3,0.0,398,8,3321.0,1285.11
1643,Customer_3955,42,Cairo,2020-01-12,1,13987,2020-01-12,Standard,131,Product_131,Sports,994.57,468.96,5,0.0,863,4,4972.85,2628.05
1615,Customer_3956,35,Giza,2022-10-13,1,12276,2022-10-13,Same Day,102,Product_102,Clothing,186.63,86.31,3,0.0,811,3,559.89,300.96
1194,Customer_3957,30,Aswan,2021-12-11,1,10146,2021-12-11,Standard,145,Product_145,Clothing,1058.19,646.6,1,0.0,1117,4,1058.19,411.59
1488,Customer_3958,46,Mansoura,2022-07-12,1,13369,2022-07-12,Same Day,131,Product_131,Clothing,1100.93,731.21,1,0.0,756,6,1100.93,369.72
1156,Customer_3959,41,Cairo,2022-11-25,0,13404,2022-11-25,Standard,114,Product_114,Sports,1490.55,629.76,1,0.1,433,3,1341.5,711.74
1609,Customer_3960,43,Cairo,2024-01-16,0,13822,2024-01-16,Standard,110,Product_110,Clothing,1055.38,563.33,3,0.2,351,5,2532.91,842.92
2249,Customer_3961,47,Giza,2021-06-14,0,12379,2021-06-14,Express,130,Product_130,Sports,1045.9,608.87,3,0.0,328,6,3137.7,1311.09
1411,Customer_3962,43,Aswan,2020-07-12,0,12480,2020-07-12,Same Day,136,Product_136,Home Appliances,796.48,480.18,3,0.0,395,4,2389.44,948.9
2228,Customer_3963,70,Alexandria,2022-01-31,0,10398,2022-01-31,Same Day,147,Product_147,Home Appliances,1308.49,914.45,2,0.1,851,3,2355.28,526.38
2102,Customer_3964,32,Aswan,2020-09-16,1,11723,2020-09-16,Same Day,140,Product_140,Sports,1495.41,904.44,5,0.0,1156,3,7477.05,2954.85
2147,Customer_3965,46,Alexandria,2021-07-04,0,12883,2021-07-04,Standard,115,Product_115,Electronics,1179.62,691.31,3,0.0,654,6,3538.86,1464.93
1470,Customer_3966,36,Alexandria,2020-08-29,0,13406,2020-08-29,Express,114,Product_114,Sports,938.13,653.8,5,0.1,344,7,4221.58,952.58
2241,Customer_3967,3,Mansoura,2020-03-01,0,13280,2020-03-01,Express,131,Product_131,Home Appliances,164.48,68.79,4,0.05,478,5,625.02,349.86
1515,Customer_3968,37,Mansoura,2021-11-17,0,11434,2021-11-17,Same Day,129,Product_129,Home Appliances,1103.77,466.16,1,0.0,514,7,1103.77,637.61
2127,Customer_3969,25,Giza,2022-05-29,0,10586,2022-05-29,Same Day,127,Product_127,Sports,1077.41,612.19,2,0.1,674,6,1939.34,714.96
1392,Customer_3970,38,Aswan,2021-07-11,0,13766,2021-07-11,Standard,121,Product_121,Sports,1174.57,596.21,5,0.0,350,4,5872.85,2891.8
1630,Customer_3971,39,Alexandria,2022-08-12,1,12646,2022-08-12,Standard,109,Product_109,Sports,230.61,429.515,1,0.0,755,2,230.61,-198.9
1607,Customer_3972,45,Giza,2020-10-05,0,11294,2020-10-05,Standard,120,Product_120,Home Appliances,997.91,429.515,2,0.0,421,3,1995.82,1136.79
1979,Customer_3973,32,Alexandria,2021-06-22,0,13251,2021-06-22,Express,135,Product_135,Electronics,478.8,288.38,1,0.0,474,4,478.8,190.42
1433,Customer_3974,33,Cairo,2023-12-29,0,13486,2023-12-29,Standard,115,Product_115,Sports,1152.39,765.4,3,0.0,369,1,3457.17,1160.97
2354,Customer_3975,50,Luxor,2023-03-26,0,12804,2023-03-26,Standard,124,Product_124,Home Appliances,398.54,170.69,3,0.2,415,3,956.5,444.43
2166,Customer_3976,27,Luxor,2023-09-07,1,12393,2023-09-07,Standard,149,Product_149,Sports,1041.77,585.52,1,0.0,542,3,1041.77,456.25
1539,Customer_3977,41,Alexandria,2020-06-06,0,11542,2020-06-06,Same Day,116,Product_116,Home Appliances,477.74,233.54,2,0.0,597,6,955.48,488.4
1277,Customer_3978,42,Giza,2022-10-13,0,11804,2022-10-13,Standard,136,Product_136,Sports,63.04,429.515,1,0.0,562,3,63.04,-366.48
1232,Customer_3979,56,Mansoura,2022-07-21,0,13509,2022-07-21,Same Day,111,Product_111,Home Appliances,968.37,546.97,4,0.0,409,4,3873.48,1685.6
2113,Customer_3980,50,Aswan,2022-11-12,1,13084,2022-11-12,Express,108,Product_108,Sports,214.24,145.26,2,0.1,781,2,385.63,95.11
2222,Customer_3981,42,Alexandria,2022-01-07,1,12035,2022-01-07,Express,103,Product_103,Clothing,1005.97,413.76,2,0.0,493,2,2011.94,1184.42
1361,Customer_3982,58,Alexandria,2020-04-23,0,11427,2020-04-23,Same Day,119,Product_119,Sports,1392.13,753.16,1,0.0,820,4,1392.13,638.97
2464,Customer_3983,56,Aswan,2022-10-20,0,10737,2022-10-20,Same Day,146,Product_146,Home Appliances,1455.41,666.33,5,0.0,388,6,7277.05,3945.4
1025,Customer_3984,35,Mansoura,2023-03-06,0,13849,2023-03-06,Standard,141,Product_141,Sports,392.09,219.98,1,0.1,667,2,352.88,132.9
2048,Customer_3985,43,Alexandria,2020-07-12,1,11777,2020-07-12,Standard,103,Product_103,Electronics,1223.42,802.65,5,0.0,1145,3,6117.1,2103.85
2417,Customer_3986,44,Cairo,2022-01-23,0,10379,2022-01-23,Express,136,Product_136,Sports,562.65,378.89,2,0.0,1003,4,1125.3,367.52
1506,Customer_3987,41,Mansoura,2020-11-18,1,13763,2020-11-18,Express,125,Product_125,Sports,1355.66,704.22,3,0.2,1505,1,3253.58,1140.92
2324,Customer_3988,57,Cairo,2021-06-06,0,12468,2021-06-06,Express,136,Product_136,Sports,1191.86,767.0,3,0.0,354,7,3575.58,1274.58
2362,Customer_3989,37,Luxor,2020-07-29,1,11203,2020-07-29,Express,111,Product_111,Electronics,157.19,76.1,1,0.0,1617,1,157.19,81.09
1266,Customer_3990,32,Aswan,2023-03-21,0,11661,2023-03-21,Standard,116,Product_116,Electronics,640.35,257.35,5,0.2,652,3,2561.4,1274.65
1460,Customer_3991,1,Mansoura,2023-10-12,0,13058,2023-10-12,Standard,117,Product_117,Electronics,539.11,353.96,1,0.0,447,3,539.11,185.15
1455,Customer_3992,28,Mansoura,2024-01-20,0,11306,2024-01-20,Express,142,Product_142,Clothing,1188.51,517.98,4,0.05,347,6,4516.34,2444.42
2383,Customer_3993,20,Giza,2020-08-24,0,12465,2020-08-24,Standard,124,Product_124,Electronics,644.91,261.37,1,0.0,530,3,644.91,383.54
2091,Customer_3994,39,Giza,2021-12-04,1,10355,2021-12-04,Standard,117,Product_117,Clothing,1042.65,527.73,1,0.0,1360,3,1042.65,514.92
2006,Customer_3995,21,Aswan,2022-11-08,1,13773,2022-11-08,Same Day,148,Product_148,Sports,923.53,474.52,1,0.0,785,5,923.53,449.01
1862,Customer_3996,49,Mansoura,2020-01-06,1,10015,2020-01-06,Same Day,120,Product_120,Clothing,1464.68,619.8,1,0.2,1230,3,1171.74,551.94
2435,Customer_3997,56,Luxor,2020-03-31,0,10314,2020-03-31,Express,122,Product_122,Sports,1409.79,908.26,5,0.2,709,3,5639.16,1097.86
1490,Customer_3998,39,Alexandria,2020-01-26,1,12580,2020-01-26,Express,106,Product_106,Clothing,670.16,349.61,5,0.0,1223,2,3350.8,1602.75
2072,Customer_3999,25,Aswan,2021-05-15,0,11039,2021-05-15,Express,107,Product_107,Electronics,1099.19,429.515,5,0.0,340,5,5495.95,3348.38
1563,Customer_4000,44,Aswan,2020-04-04,1,13536,2020-04-04,Express,114,Product_114,Electronics,1252.72,600.54,4,0.0,737,4,5010.88,2608.72
2125,Customer_4001,68,Giza,2022-08-24,0,11486,2022-08-24,Express,111,Product_111,Clothing,1353.38,749.03,4,0.0,549,7,5413.52,2417.4
1215,Customer_4002,63,Luxor,2022-01-15,0,13852,2022-01-15,Standard,112,Product_112,Clothing,148.79,93.74,1,0.0,511,5,148.79,55.05
2461,Customer_4003,18,Aswan,2022-02-23,0,12592,2022-02-23,Same Day,146,Product_146,Electronics,488.01,327.87,5,0.05,709,4,2318.05,678.7
1558,Customer_4004,18,Luxor,2020-11-03,0,10693,2020-11-03,Same Day,105,Product_105,Sports,514.33,355.48,4,0.1,519,7,1851.59,429.67
1158,Customer_4005,14,Aswan,2021-01-01,0,10068,2021-01-01,Same Day,105,Product_105,Sports,679.95,359.03,3,0.05,393,4,1937.86,860.77
1488,Customer_4006,22,Giza,2020-03-13,1,10410,2020-03-13,Standard,120,Product_120,Sports,295.43,205.92,1,0.0,756,6,295.43,89.51
1685,Customer_4007,43,Alexandria,2023-02-06,0,13123,2023-02-06,Standard,115,Product_115,Sports,769.5,375.89,2,0.05,452,4,1462.05,710.27
2265,Customer_4008,31,Giza,2024-02-01,1,13136,2024-02-01,Standard,126,Product_126,Home Appliances,1011.66,406.78,5,0.05,365,3,4805.38,2771.48
1793,Customer_4009,27,Aswan,2023-04-09,0,12859,2023-04-09,Same Day,133,Product_133,Sports,771.18,486.06,1,0.0,388,7,771.18,285.12
1004,Customer_4010,55,Luxor,2022-08-05,0,13997,2022-08-05,Same Day,130,Product_130,Home Appliances,1015.4,460.52,1,0.0,969,3,1015.4,554.88
1360,Customer_4011,47,Cairo,2021-04-04,1,10918,2021-04-04,Same Day,124,Product_124,Home Appliances,146.34,60.84,2,0.0,809,4,292.68,171.0
1458,Customer_4012,14,Giza,2021-10-21,1,12894,2021-10-21,Same Day,123,Product_123,Electronics,1320.18,894.03,3,0.0,415,5,3960.54,1278.45
1247,Customer_4013,54,Luxor,2021-05-23,1,10739,2021-05-23,Same Day,109,Product_109,Electronics,1411.65,899.99,4,0.2,1319,2,4517.28,917.32
1945,Customer_4014,47,Giza,2022-02-05,0,11490,2022-02-05,Standard,103,Product_103,Clothing,945.97,407.52,4,0.0,430,5,3783.88,2153.8
1421,Customer_4015,47,Aswan,2024-01-15,0,13805,2024-01-15,Standard,136,Product_136,Sports,1328.02,840.73,2,0.2,352,4,2124.83,443.37
1014,Customer_4016,31,Luxor,2021-10-17,0,13343,2021-10-17,Same Day,148,Product_148,Sports,240.6,157.16,2,0.0,699,3,481.2,166.88
1735,Customer_4017,37,Alexandria,2021-07-09,0,12486,2021-07-09,Standard,107,Product_107,Electronics,1206.3,810.14,4,0.05,800,5,4583.94,1343.38
2145,Customer_4018,10,Luxor,2020-08-06,1,12577,2020-08-06,Same Day,122,Product_122,Electronics,222.76,429.515,3,0.1,1298,3,601.45,-687.1
1276,Customer_4019,53,Mansoura,2023-03-16,0,12777,2023-03-16,Same Day,114,Product_114,Electronics,641.61,392.04,3,0.0,391,8,1924.83,748.71
1452,Customer_4020,41,Cairo,2022-02-02,0,10272,2022-02-02,Same Day,148,Product_148,Clothing,519.54,326.62,1,0.2,334,5,415.63,89.01
2413,Customer_4021,26,Aswan,2020-01-09,0,10458,2020-01-09,Standard,129,Product_129,Sports,899.11,545.39,2,0.0,526,4,1798.22,707.44
2317,Customer_4022,26,Luxor,2022-10-25,1,10819,2022-10-25,Express,116,Product_116,Clothing,487.2,289.42,2,0.0,799,4,974.4,395.56
1597,Customer_4023,67,Aswan,2023-10-10,0,11196,2023-10-10,Express,148,Product_148,Home Appliances,974.1,549.65,2,0.0,397,7,1948.2,848.9
1445,Customer_4024,29,Giza,2020-04-17,0,12615,2020-04-17,Express,134,Product_134,Home Appliances,582.71,316.85,4,0.0,616,3,2330.84,1063.44
1209,Customer_4025,54,Giza,2021-01-02,0,10860,2021-01-02,Express,110,Product_110,Sports,1298.15,907.2,4,0.2,649,5,4154.08,525.28
1713,Customer_4026,39,Luxor,2021-02-04,0,11973,2021-02-04,Express,107,Product_107,Electronics,969.13,485.79,4,0.0,522,8,3876.52,1933.36
1301,Customer_4027,27,Mansoura,2022-11-22,0,11544,2022-11-22,Standard,125,Product_125,Electronics,362.18,154.46,3,0.0,434,6,1086.54,623.16
2246,Customer_4028,24,Luxor,2020-04-04,0,12544,2020-04-04,Same Day,127,Product_127,Clothing,537.39,338.29,4,0.05,492,8,2042.08,688.92
1002,Customer_4029,30,Alexandria,2022-01-04,1,13984,2022-01-04,Express,115,Product_115,Home Appliances,1278.76,593.53,1,0.0,687,4,1278.76,685.23
1989,Customer_4030,38,Mansoura,2020-05-21,0,10794,2020-05-21,Express,132,Product_132,Home Appliances,610.4,341.71,4,0.0,565,7,2441.6,1074.76
2116,Customer_4031,49,Aswan,2022-08-10,1,10804,2022-08-10,Express,128,Product_128,Sports,826.91,354.53,3,0.0,875,2,2480.73,1417.14
1519,Customer_4032,32,Luxor,2021-08-01,0,13605,2021-08-01,Same Day,109,Product_109,Home Appliances,990.97,580.5,2,0.0,611,6,1981.94,820.94
2451,Customer_4033,32,Aswan,2021-09-28,0,11095,2021-09-28,Express,107,Product_107,Electronics,554.32,378.71,1,0.0,403,3,554.32,175.61
1492,Customer_4034,26,Cairo,2021-01-11,0,12981,2021-01-11,Standard,116,Product_116,Electronics,476.27,293.77,3,0.0,425,4,1428.81,547.5
2258,Customer_4035,22,Mansoura,2020-06-25,1,11890,2020-06-25,Same Day,126,Product_126,Electronics,739.12,343.22,5,0.0,435,4,3695.6,1979.5
1619,Customer_4036,20,Luxor,2023-06-02,0,13039,2023-06-02,Same Day,135,Product_135,Sports,361.58,249.98,2,0.0,478,7,723.16,223.2
2184,Customer_4037,54,Cairo,2022-07-24,0,10839,2022-07-24,Same Day,117,Product_117,Clothing,462.11,227.42,4,0.0,338,9,1848.44,938.76
1330,Customer_4038,32,Luxor,2020-01-17,0,13243,2020-01-17,Same Day,123,Product_123,Home Appliances,140.01,74.34,3,0.05,463,6,399.03,176.01
1332,Customer_4039,33,Alexandria,2022-01-25,0,12682,2022-01-25,Express,108,Product_108,Sports,490.76,269.64,5,0.0,733,2,2453.8,1105.6
1049,Customer_4040,30,Giza,2021-02-14,0,10602,2021-02-14,Express,102,Product_102,Clothing,515.02,359.08,3,0.2,1417,4,1236.05,158.81
1862,Customer_4041,35,Aswan,2021-08-20,1,12783,2021-08-20,Standard,131,Product_131,Sports,1444.66,607.72,4,0.1,1230,3,5200.78,2769.9
1271,Customer_4042,45,Luxor,2023-02-28,0,13363,2023-02-28,Express,132,Product_132,Home Appliances,905.11,551.23,3,0.2,667,4,2172.26,518.57
1579,Customer_4043,32,Mansoura,2021-09-14,1,13937,2021-09-14,Same Day,129,Product_129,Electronics,1191.7,606.07,5,0.0,1205,2,5958.5,2928.15
2275,Customer_4044,42,Luxor,2023-06-29,0,13323,2023-06-29,Standard,103,Product_103,Clothing,115.8,49.04,3,0.1,552,5,312.66,165.54
1559,Customer_4045,61,Luxor,2021-05-11,0,11432,2021-05-11,Express,108,Product_108,Clothing,204.48,429.515,1,0.05,809,7,194.26,-235.26
1695,Customer_4046,27,Luxor,2022-08-08,0,13038,2022-08-08,Same Day,102,Product_102,Sports,1231.08,710.28,1,0.0,422,3,1231.08,520.8
2113,Customer_4047,33,Luxor,2022-01-24,1,11833,2022-01-24,Standard,131,Product_131,Sports,954.15,597.35,4,0.0,781,2,3816.6,1427.2
1445,Customer_4048,49,Mansoura,2023-04-26,0,10366,2023-04-26,Standard,149,Product_149,Electronics,326.92,154.34,5,0.0,616,3,1634.6,862.9
2016,Customer_4049,62,Mansoura,2022-07-10,0,10255,2022-07-10,Express,137,Product_137,Sports,636.95,400.3,5,0.0,478,6,3184.75,1183.25
2355,Customer_4050,21,Luxor,2021-02-04,0,13596,2021-02-04,Same Day,120,Product_120,Home Appliances,831.08,538.99,5,0.0,481,4,4155.4,1460.45
2162,Customer_4051,14,Giza,2024-02-09,1,12487,2024-02-09,Express,129,Product_129,Home Appliances,1273.23,673.86,5,0.0,327,3,6366.15,2996.85
1356,Customer_4052,39,Luxor,2023-01-24,0,11358,2023-01-24,Standard,117,Product_117,Home Appliances,137.6,78.65,5,0.0,708,2,688.0,294.75
1273,Customer_4053,38,Aswan,2021-05-17,0,13701,2021-05-17,Same Day,110,Product_110,Home Appliances,915.25,632.95,2,0.2,746,4,1464.4,198.5
2042,Customer_4054,50,Aswan,2020-11-04,0,12482,2020-11-04,Standard,141,Product_141,Electronics,1089.7,712.68,3,0.0,984,3,3269.1,1131.06
1310,Customer_4055,48,Mansoura,2020-01-14,0,10689,2020-01-14,Standard,122,Product_122,Electronics,1467.94,783.08,5,0.0,450,5,7339.7,3424.3
1869,Customer_4056,39,Aswan,2022-04-19,1,13532,2022-04-19,Same Day,106,Product_106,Electronics,1220.38,731.46,1,0.0,908,2,1220.38,488.92
1885,Customer_4057,55,Aswan,2020-02-18,1,10307,2020-02-18,Express,143,Product_143,Sports,450.53,286.21,3,0.0,356,4,1351.59,492.96
1153,Customer_4058,29,Alexandria,2021-04-22,0,12035,2021-04-22,Standard,134,Product_134,Electronics,1078.89,439.43,4,0.0,423,8,4315.56,2557.84
2413,Customer_4059,43,Luxor,2023-01-14,0,11696,2023-01-14,Same Day,131,Product_131,Clothing,1156.75,666.88,4,0.1,526,4,4164.3,1496.78
2283,Customer_4060,21,Luxor,2021-10-12,0,13166,2021-10-12,Express,112,Product_112,Clothing,1108.12,770.54,5,0.0,327,6,5540.6,1687.9
1619,Customer_4061,39,Luxor,2023-07-26,0,10408,2023-07-26,Express,112,Product_112,Clothing,1239.21,847.81,2,0.0,478,7,2478.42,782.8
1882,Customer_4062,18,Luxor,2023-11-21,0,13951,2023-11-21,Standard,116,Product_116,Sports,1360.41,883.9,2,0.0,350,7,2720.82,953.02
1796,Customer_4063,23,Cairo,2020-01-20,0,10825,2020-01-20,Same Day,125,Product_125,Sports,192.72,83.23,3,0.1,788,5,520.34,270.65
1124,Customer_4064,65,Luxor,2021-11-17,0,11191,2021-11-17,Express,122,Product_122,Electronics,201.91,140.98,2,0.2,382,3,323.06,41.1
2377,Customer_4065,12,Mansoura,2020-01-03,0,12134,2020-01-03,Same Day,127,Product_127,Home Appliances,1204.78,702.22,4,0.0,407,6,4819.12,2010.24
2296,Customer_4066,36,Mansoura,2023-09-08,0,12050,2023-09-08,Express,124,Product_124,Clothing,415.94,194.19,5,0.0,481,5,2079.7,1108.75
1618,Customer_4067,52,Cairo,2022-02-09,0,12419,2022-02-09,Same Day,112,Product_112,Sports,134.89,81.24,1,0.05,342,3,128.15,46.91
1244,Customer_4068,73,Luxor,2024-01-29,0,11551,2024-01-29,Same Day,118,Product_118,Clothing,631.78,415.05,4,0.1,338,5,2274.41,614.21
1847,Customer_4069,42,Giza,2021-09-21,0,12689,2021-09-21,Same Day,145,Product_145,Electronics,1238.82,537.27,4,0.0,1198,4,4955.28,2806.2
1449,Customer_4070,43,Luxor,2020-07-31,0,13094,2020-07-31,Standard,147,Product_147,Sports,233.52,157.61,3,0.0,644,5,700.56,227.73
1929,Customer_4071,40,Mansoura,2021-02-24,0,10097,2021-02-24,Express,116,Product_116,Home Appliances,1024.17,692.4,2,0.0,502,5,2048.34,663.54
2270,Customer_4072,55,Alexandria,2022-12-21,1,12717,2022-12-21,Express,104,Product_104,Home Appliances,55.24,22.32,1,0.0,742,3,55.24,32.92
1519,Customer_4073,46,Aswan,2021-02-05,0,11774,2021-02-05,Standard,112,Product_112,Sports,209.12,140.13,1,0.0,611,6,209.12,68.99
2164,Customer_4074,31,Alexandria,2022-09-05,0,11545,2022-09-05,Express,149,Product_149,Home Appliances,558.73,382.2,2,0.0,674,5,1117.46,353.06
1361,Customer_4075,56,Giza,2022-10-04,0,10320,2022-10-04,Express,133,Product_133,Electronics,171.22,70.42,5,0.0,820,4,856.1,504.0
1007,Customer_4076,33,Luxor,2020-02-05,0,10533,2020-02-05,Standard,122,Product_122,Home Appliances,1276.56,623.28,2,0.0,513,3,2553.12,1306.56
1477,Customer_4077,16,Cairo,2020-10-18,0,12867,2020-10-18,Standard,118,Product_118,Clothing,1302.9,667.0,5,0.2,1175,3,5211.6,1876.6
2375,Customer_4078,16,Luxor,2023-12-28,0,12414,2023-12-28,Standard,148,Product_148,Clothing,1145.58,578.14,1,0.2,370,5,916.46,338.32
1494,Customer_4079,36,Giza,2021-07-27,0,11207,2021-07-27,Same Day,133,Product_133,Clothing,401.6,429.515,3,0.0,511,3,1204.8,-83.75
1832,Customer_4080,41,Giza,2020-07-09,0,10416,2020-07-09,Standard,127,Product_127,Sports,808.71,410.36,4,0.1,481,6,2911.36,1269.92
2450,Customer_4081,54,Aswan,2020-03-30,0,12776,2020-03-30,Same Day,142,Product_142,Sports,317.07,217.82,1,0.0,487,4,317.07,99.25
2062,Customer_4082,49,Giza,2021-04-19,0,11237,2021-04-19,Express,119,Product_119,Sports,457.85,319.81,1,0.0,370,10,457.85,138.04
1592,Customer_4083,41,Alexandria,2022-11-30,0,10847,2022-11-30,Standard,148,Product_148,Sports,798.21,395.15,1,0.0,569,6,798.21,403.06
1186,Customer_4084,55,Aswan,2022-04-25,0,10669,2022-04-25,Standard,114,Product_114,Sports,1115.77,616.62,4,0.05,378,4,4239.93,1773.45
1753,Customer_4085,40,Luxor,2023-06-12,0,13281,2023-06-12,Standard,125,Product_125,Electronics,187.25,106.23,5,0.2,392,4,749.0,217.85
1092,Customer_4086,20,Luxor,2022-02-01,1,11943,2022-02-01,Standard,134,Product_134,Sports,480.21,275.55,3,0.1,822,5,1296.57,469.92
1085,Customer_4087,17,Cairo,2022-07-27,1,12180,2022-07-27,Express,124,Product_124,Home Appliances,1393.6,713.89,3,0.0,889,3,4180.8,2039.13
2067,Customer_4088,59,Giza,2020-06-22,1,12100,2020-06-22,Same Day,138,Product_138,Electronics,672.23,302.37,3,0.05,1223,5,1915.86,1008.75
1136,Customer_4089,6,Giza,2023-04-04,0,10740,2023-04-04,Express,123,Product_123,Sports,1411.36,587.65,5,0.2,343,6,5645.44,2707.19
1420,Customer_4090,36,Mansoura,2020-07-14,0,12742,2020-07-14,Same Day,105,Product_105,Home Appliances,1487.53,642.47,2,0.0,516,4,2975.06,1690.12
1073,Customer_4091,84,Aswan,2022-01-11,1,10022,2022-01-11,Express,144,Product_144,Electronics,813.66,545.47,2,0.05,792,2,1545.95,455.01
2179,Customer_4092,46,Mansoura,2020-09-30,0,13177,2020-09-30,Express,136,Product_136,Clothing,467.66,226.4,3,0.0,500,5,1402.98,723.78
2278,Customer_4093,36,Aswan,2023-07-29,0,13674,2023-07-29,Express,124,Product_124,Electronics,1196.63,429.515,1,0.1,522,2,1076.97,647.46
1170,Customer_4094,14,Alexandria,2022-03-18,1,11654,2022-03-18,Standard,136,Product_136,Sports,281.0,164.96,1,0.0,726,3,281.0,116.04
1169,Customer_4095,64,Aswan,2020-06-02,0,10459,2020-06-02,Standard,105,Product_105,Electronics,415.47,175.57,4,0.0,767,5,1661.88,959.6
1871,Customer_4096,58,Luxor,2023-04-27,0,10649,2023-04-27,Same Day,139,Product_139,Electronics,1188.08,500.2,2,0.05,346,4,2257.35,1256.95
1321,Customer_4097,50,Cairo,2023-08-03,0,10481,2023-08-03,Express,106,Product_106,Clothing,678.79,429.515,1,0.0,665,3,678.79,249.27
1455,Customer_4098,39,Aswan,2020-07-05,0,10119,2020-07-05,Standard,145,Product_145,Electronics,342.23,197.61,3,0.0,347,6,1026.69,433.86
1943,Customer_4099,48,Aswan,2022-06-09,0,10672,2022-06-09,Express,136,Product_136,Electronics,994.13,410.02,4,0.0,378,5,3976.52,2336.44
1789,Customer_4100,37,Aswan,2023-09-18,0,12255,2023-09-18,Express,145,Product_145,Clothing,1112.5,598.68,2,0.1,356,3,2002.5,805.14
1612,Customer_4101,25,Cairo,2020-09-24,0,11884,2020-09-24,Same Day,104,Product_104,Sports,231.35,122.78,4,0.0,521,7,925.4,434.28
2178,Customer_4102,54,Giza,2021-04-29,1,10317,2021-04-29,Same Day,110,Product_110,Home Appliances,451.62,254.72,1,0.1,605,2,406.46,151.74
1888,Customer_4103,39,Cairo,2021-08-20,1,12385,2021-08-20,Express,101,Product_101,Electronics,370.85,230.43,3,0.1,1062,4,1001.3,310.01
1348,Customer_4104,47,Giza,2021-06-18,1,12202,2021-06-18,Express,121,Product_121,Clothing,600.79,291.29,3,0.0,906,3,1802.37,928.5
2474,Customer_4105,38,Luxor,2021-07-10,0,13846,2021-07-10,Express,140,Product_140,Electronics,1157.0,613.02,3,0.0,551,6,3471.0,1631.94
2196,Customer_4106,46,Cairo,2022-03-15,1,10867,2022-03-15,Same Day,139,Product_139,Sports,1084.88,691.96,1,0.0,572,4,1084.88,392.92
1009,Customer_4107,39,Giza,2023-12-06,0,13226,2023-12-06,Same Day,137,Product_137,Sports,1010.66,683.98,5,0.0,359,5,5053.3,1633.4
1739,Customer_4108,38,Luxor,2021-10-30,1,13913,2021-10-30,Standard,103,Product_103,Clothing,59.11,39.45,3,0.0,1115,4,177.33,58.98
2288,Customer_4109,40,Luxor,2021-10-13,1,10393,2021-10-13,Same Day,147,Product_147,Home Appliances,256.11,139.14,5,0.0,828,3,1280.55,584.85
2461,Customer_4110,84,Giza,2022-07-16,0,12552,2022-07-16,Express,131,Product_131,Home Appliances,373.78,207.92,3,0.0,709,4,1121.34,497.58
2270,Customer_4111,52,Giza,2021-07-10,1,10970,2021-07-10,Express,127,Product_127,Electronics,444.34,248.27,5,0.0,742,3,2221.7,980.35
1666,Customer_4112,78,Alexandria,2021-04-23,0,10312,2021-04-23,Same Day,117,Product_117,Clothing,262.32,173.29,2,0.05,370,3,498.41,151.83
1545,Customer_4113,39,Luxor,2020-01-06,0,13869,2020-01-06,Standard,123,Product_123,Home Appliances,644.96,420.5,2,0.0,696,6,1289.92,448.92
1128,Customer_4114,35,Giza,2021-02-19,0,11282,2021-02-19,Same Day,113,Product_113,Sports,159.01,78.47,3,0.2,587,4,381.62,146.21
1600,Customer_4115,23,Luxor,2020-10-05,1,13228,2020-10-05,Same Day,147,Product_147,Home Appliances,1137.53,510.59,4,0.0,1115,4,4550.12,2507.76
1604,Customer_4116,64,Cairo,2023-04-12,0,12061,2023-04-12,Express,127,Product_127,Clothing,1192.2,612.42,4,0.0,630,4,4768.8,2319.12
1326,Customer_4117,26,Mansoura,2020-08-11,1,10076,2020-08-11,Express,120,Product_120,Sports,882.69,429.45,1,0.0,1055,4,882.69,453.24
1979,Customer_4118,67,Mansoura,2020-11-14,0,13410,2020-11-14,Standard,146,Product_146,Electronics,180.07,123.39,2,0.0,474,4,360.14,113.36
1403,Customer_4119,24,Aswan,2020-04-08,1,10408,2020-04-08,Express,113,Product_113,Sports,1340.62,643.2,2,0.05,1302,5,2547.18,1260.78
1628,Customer_4120,53,Giza,2020-12-02,0,12441,2020-12-02,Standard,144,Product_144,Home Appliances,1450.17,658.9,4,0.0,344,6,5800.68,3165.08
2382,Customer_4121,16,Giza,2022-07-09,1,13918,2022-07-09,Same Day,124,Product_124,Home Appliances,343.43,230.04,3,0.0,907,6,1030.29,340.17
1717,Customer_4122,33,Luxor,2022-08-12,1,12267,2022-08-12,Standard,141,Product_141,Home Appliances,1071.73,456.5,1,0.0,873,3,1071.73,615.23
2040,Customer_4123,40,Aswan,2021-10-05,1,10743,2021-10-05,Same Day,103,Product_103,Electronics,1270.81,607.55,2,0.0,935,5,2541.62,1326.52
1273,Customer_4124,31,Giza,2022-12-04,0,10432,2022-12-04,Same Day,143,Product_143,Home Appliances,832.77,442.81,1,0.0,746,4,832.77,389.96
1684,Customer_4125,37,Luxor,2020-04-09,0,12853,2020-04-09,Express,110,Product_110,Clothing,518.82,300.15,2,0.0,367,7,1037.64,437.34
1115,Customer_4126,37,Giza,2023-02-01,0,11478,2023-02-01,Same Day,101,Product_101,Electronics,743.91,370.69,5,0.0,471,5,3719.55,1866.1
1860,Customer_4127,52,Luxor,2022-03-01,1,11677,2022-03-01,Same Day,149,Product_149,Sports,792.79,435.14,5,0.0,1094,3,3963.95,1788.25
1692,Customer_4128,8,Giza,2021-01-03,0,13834,2021-01-03,Standard,113,Product_113,Home Appliances,630.92,290.0,1,0.0,493,4,630.92,340.92
2114,Customer_4129,31,Alexandria,2022-07-14,1,13997,2022-07-14,Express,114,Product_114,Clothing,1398.27,800.21,4,0.05,902,3,5313.43,2112.59
2105,Customer_4130,58,Luxor,2021-09-23,1,11831,2021-09-23,Express,133,Product_133,Clothing,1128.63,589.53,4,0.0,846,3,4514.52,2156.4
1323,Customer_4131,48,Alexandria,2022-06-08,0,13211,2022-06-08,Express,102,Product_102,Electronics,399.89,261.84,2,0.0,386,4,799.78,276.1
1960,Customer_4132,59,Alexandria,2021-06-26,1,10987,2021-06-26,Same Day,102,Product_102,Clothing,899.06,429.515,5,0.0,784,2,4495.3,2347.73
1113,Customer_4133,51,Alexandria,2020-09-02,0,11521,2020-09-02,Same Day,139,Product_139,Electronics,1048.6,559.06,5,0.0,423,5,5243.0,2447.7
2081,Customer_4134,23,Alexandria,2020-07-04,0,12701,2020-07-04,Standard,141,Product_141,Electronics,253.23,146.28,1,0.0,412,4,253.23,106.95
1153,Customer_4135,49,Cairo,2020-11-18,0,13712,2020-11-18,Express,131,Product_131,Electronics,569.72,429.515,1,0.0,423,8,569.72,140.21
2427,Customer_4136,41,Aswan,2023-11-06,0,13907,2023-11-06,Express,104,Product_104,Sports,1363.05,609.34,4,0.0,422,1,5452.2,3014.84
2289,Customer_4137,74,Mansoura,2021-09-15,0,12864,2021-09-15,Same Day,134,Product_134,Sports,872.4,555.78,4,0.0,639,2,3489.6,1266.48
1314,Customer_4138,52,Cairo,2023-12-14,0,11553,2023-12-14,Standard,119,Product_119,Clothing,364.65,175.77,4,0.1,384,2,1312.74,609.66
2064,Customer_4139,47,Giza,2023-11-28,0,10754,2023-11-28,Same Day,137,Product_137,Sports,228.04,138.06,3,0.1,400,5,615.71,201.53
1104,Customer_4140,50,Giza,2023-05-20,0,10675,2023-05-20,Express,109,Product_109,Electronics,801.43,344.0,5,0.0,592,4,4007.15,2287.15
2216,Customer_4141,47,Aswan,2020-03-23,1,10831,2020-03-23,Same Day,124,Product_124,Electronics,844.14,545.78,5,0.0,858,3,4220.7,1491.8
2424,Customer_4142,46,Mansoura,2021-03-16,0,11119,2021-03-16,Standard,113,Product_113,Sports,534.9,372.54,1,0.0,575,6,534.9,162.36
2301,Customer_4143,36,Mansoura,2021-11-02,1,10027,2021-11-02,Standard,144,Product_144,Clothing,964.1,493.72,5,0.1,781,3,4338.45,1869.85
1353,Customer_4144,48,Mansoura,2020-10-30,0,13035,2020-10-30,Same Day,130,Product_130,Electronics,149.59,82.52,1,0.2,836,3,119.67,37.15
2015,Customer_4145,54,Alexandria,2020-05-07,0,11253,2020-05-07,Express,119,Product_119,Sports,260.45,138.77,3,0.0,436,3,781.35,365.04
1732,Customer_4146,41,Cairo,2023-12-27,0,10415,2023-12-27,Same Day,141,Product_141,Home Appliances,842.1,562.74,4,0.0,371,3,3368.4,1117.44
1708,Customer_4147,54,Giza,2021-05-23,0,13527,2021-05-23,Same Day,110,Product_110,Clothing,139.63,56.27,3,0.05,425,6,397.95,229.14
2279,Customer_4148,62,Cairo,2021-12-29,0,12072,2021-12-29,Standard,142,Product_142,Clothing,1327.32,791.13,4,0.1,456,4,4778.35,1613.83
1650,Customer_4149,56,Cairo,2022-03-22,0,11710,2022-03-22,Same Day,144,Product_144,Clothing,256.11,152.57,4,0.0,1016,1,1024.44,414.16
1823,Customer_4150,49,Cairo,2022-11-17,0,13475,2022-11-17,Standard,114,Product_114,Home Appliances,1027.18,528.71,1,0.0,776,3,1027.18,498.47
1946,Customer_4151,22,Mansoura,2020-04-10,0,12720,2020-04-10,Standard,140,Product_140,Electronics,617.24,287.51,4,0.0,380,9,2468.96,1318.92
1660,Customer_4152,22,Aswan,2023-10-18,0,10541,2023-10-18,Same Day,148,Product_148,Clothing,629.69,297.15,3,0.0,441,8,1889.07,997.62
1098,Customer_4153,36,Aswan,2021-04-09,0,10164,2021-04-09,Standard,149,Product_149,Sports,1159.09,741.98,2,0.0,700,4,2318.18,834.22
1587,Customer_4154,40,Mansoura,2021-06-16,0,12255,2021-06-16,Same Day,120,Product_120,Clothing,774.22,429.515,1,0.0,427,8,774.22,344.71
1281,Customer_4155,60,Giza,2020-12-22,1,12996,2020-12-22,Express,104,Product_104,Sports,1102.2,627.31,4,0.05,713,2,4188.36,1679.12
1402,Customer_4156,41,Giza,2020-04-03,0,10984,2020-04-03,Express,138,Product_138,Clothing,782.53,385.05,4,0.05,571,3,2973.61,1433.41
2132,Customer_4157,24,Giza,2022-04-08,0,12661,2022-04-08,Standard,144,Product_144,Sports,909.71,436.27,5,0.1,999,7,4093.7,1912.35
1699,Customer_4158,37,Aswan,2022-07-15,0,10372,2022-07-15,Express,139,Product_139,Sports,1153.04,636.16,1,0.0,433,9,1153.04,516.88
1198,Customer_4159,25,Aswan,2023-02-12,1,10617,2023-02-12,Express,105,Product_105,Sports,930.6,622.9,1,0.0,689,3,930.6,307.7
2326,Customer_4160,28,Cairo,2023-01-31,0,13913,2023-01-31,Same Day,142,Product_142,Home Appliances,942.64,551.85,3,0.0,391,7,2827.92,1172.37
1326,Customer_4161,32,Mansoura,2021-05-26,1,10068,2021-05-26,Same Day,132,Product_132,Home Appliances,1194.37,760.32,2,0.0,1055,4,2388.74,868.1
1153,Customer_4162,25,Alexandria,2020-12-07,0,11543,2020-12-07,Express,106,Product_106,Home Appliances,1426.18,827.48,3,0.0,423,8,4278.54,1796.1
1551,Customer_4163,28,Cairo,2022-08-04,1,11658,2022-08-04,Express,114,Product_114,Electronics,596.24,363.3,3,0.0,881,2,1788.72,698.82
1404,Customer_4164,60,Luxor,2020-07-27,0,13424,2020-07-27,Same Day,106,Product_106,Sports,886.82,469.77,3,0.0,338,5,2660.46,1251.15
1461,Customer_4165,49,Aswan,2020-10-13,1,10100,2020-10-13,Same Day,114,Product_114,Electronics,175.1,118.68,2,0.0,1407,2,350.2,112.84
1131,Customer_4166,51,Cairo,2020-05-09,0,10000,2020-05-09,Express,112,Product_112,Home Appliances,570.27,313.98,3,0.0,565,4,1710.81,768.87
1790,Customer_4167,39,Mansoura,2020-01-25,0,12398,2020-01-25,Standard,127,Product_127,Sports,647.47,366.17,1,0.0,635,3,647.47,281.3
1873,Customer_4168,55,Luxor,2020-06-05,1,12054,2020-06-05,Same Day,126,Product_126,Electronics,1261.09,703.04,2,0.0,727,3,2522.18,1116.1
1083,Customer_4169,52,Cairo,2021-03-31,1,10317,2021-03-31,Same Day,112,Product_112,Home Appliances,794.42,393.12,4,0.1,616,2,2859.91,1287.43
2422,Customer_4170,48,Mansoura,2020-09-24,0,12670,2020-09-24,Express,108,Product_108,Electronics,1110.05,521.03,5,0.0,726,2,5550.25,2945.1
1753,Customer_4171,30,Mansoura,2021-02-09,0,11878,2021-02-09,Express,110,Product_110,Electronics,77.56,32.74,5,0.0,392,4,387.8,224.1
1627,Customer_4172,33,Aswan,2022-03-31,0,12556,2022-03-31,Standard,116,Product_116,Home Appliances,723.51,445.29,1,0.0,729,5,723.51,278.22
2132,Customer_4173,55,Alexandria,2022-02-01,0,10185,2022-02-01,Same Day,126,Product_126,Sports,1356.91,660.52,5,0.05,999,7,6445.32,3142.72
1220,Customer_4174,41,Cairo,2023-06-11,0,10727,2023-06-11,Express,108,Product_108,Clothing,375.26,193.92,5,0.0,422,2,1876.3,906.7
1552,Customer_4175,20,Mansoura,2023-07-14,0,12509,2023-07-14,Express,141,Product_141,Clothing,95.71,64.7,5,0.05,402,5,454.62,131.12
2391,Customer_4176,31,Giza,2023-08-13,0,10342,2023-08-13,Standard,145,Product_145,Electronics,678.44,386.67,4,0.0,507,2,2713.76,1167.08
2170,Customer_4177,63,Mansoura,2020-06-21,0,12682,2020-06-21,Standard,129,Product_129,Electronics,1071.43,459.78,5,0.0,778,4,5357.15,3058.25
1111,Customer_4178,31,Alexandria,2023-04-07,0,10712,2023-04-07,Same Day,120,Product_120,Electronics,708.97,453.66,3,0.2,635,2,1701.53,340.55
1614,Customer_4179,44,Mansoura,2023-04-15,0,13079,2023-04-15,Express,117,Product_117,Sports,716.97,341.88,1,0.0,627,2,716.97,375.09
1923,Customer_4180,30,Aswan,2021-06-14,1,12623,2021-06-14,Express,119,Product_119,Electronics,1021.22,577.82,1,0.0,438,3,1021.22,443.4
1474,Customer_4181,51,Cairo,2020-06-02,1,10135,2020-06-02,Same Day,117,Product_117,Electronics,418.86,231.63,1,0.0,1501,3,418.86,187.23
1835,Customer_4182,48,Aswan,2020-02-14,0,11922,2020-02-14,Standard,139,Product_139,Electronics,1140.24,537.54,4,0.0,559,5,4560.96,2410.8
1270,Customer_4183,17,Cairo,2020-12-05,1,10382,2020-12-05,Same Day,101,Product_101,Home Appliances,272.01,118.25,4,0.0,1695,1,1088.04,615.04
1420,Customer_4184,44,Luxor,2021-08-02,0,10185,2021-08-02,Same Day,129,Product_129,Clothing,623.84,289.07,5,0.0,516,4,3119.2,1673.85
1706,Customer_4185,14,Cairo,2023-08-15,1,12686,2023-08-15,Same Day,114,Product_114,Clothing,1001.21,429.515,3,0.0,505,2,3003.63,1715.08
2390,Customer_4186,31,Luxor,2022-06-27,0,10927,2022-06-27,Standard,117,Product_117,Home Appliances,1251.14,603.91,5,0.2,385,5,5004.56,1985.01
2303,Customer_4187,39,Aswan,2020-09-20,0,13443,2020-09-20,Standard,113,Product_113,Sports,1197.72,837.43,1,0.0,638,4,1197.72,360.29
2306,Customer_4188,67,Giza,2020-07-07,0,10963,2020-07-07,Express,129,Product_129,Sports,1096.44,570.84,3,0.0,594,6,3289.32,1576.8
1039,Customer_4189,44,Alexandria,2021-10-11,0,10560,2021-10-11,Express,134,Product_134,Sports,570.69,429.515,1,0.0,531,5,570.69,141.18
1188,Customer_4190,28,Giza,2020-07-09,1,11189,2020-07-09,Same Day,127,Product_127,Home Appliances,227.34,128.39,3,0.0,1577,1,682.02,296.85
2187,Customer_4191,35,Luxor,2020-03-28,1,10897,2020-03-28,Express,146,Product_146,Clothing,364.41,218.64,2,0.0,769,3,728.82,291.54
1993,Customer_4192,53,Mansoura,2022-08-02,0,12686,2022-08-02,Standard,133,Product_133,Clothing,1304.01,429.515,4,0.0,510,4,5216.04,3497.98
1535,Customer_4193,28,Mansoura,2020-04-13,0,11928,2020-04-13,Express,129,Product_129,Electronics,1293.13,623.86,4,0.2,861,3,4138.02,1642.58
2027,Customer_4194,56,Giza,2020-10-12,1,11837,2020-10-12,Express,137,Product_137,Clothing,1429.76,790.85,1,0.0,1483,1,1429.76,638.91
1289,Customer_4195,32,Mansoura,2023-03-21,1,12368,2023-03-21,Standard,139,Product_139,Sports,160.18,106.41,1,0.0,652,1,160.18,53.77
1432,Customer_4196,26,Luxor,2022-06-06,0,11712,2022-06-06,Express,119,Product_119,Sports,828.37,342.01,2,0.0,940,1,1656.74,972.72
1470,Customer_4197,32,Aswan,2024-01-23,0,11738,2024-01-23,Standard,146,Product_146,Electronics,990.59,546.88,5,0.0,344,7,4952.95,2218.55
2204,Customer_4198,15,Alexandria,2022-03-19,1,11180,2022-03-19,Express,124,Product_124,Electronics,1080.45,448.71,3,0.05,1019,1,3079.28,1733.15
2271,Customer_4199,7,Cairo,2022-10-13,0,10857,2022-10-13,Express,114,Product_114,Clothing,983.6,528.24,2,0.0,811,4,1967.2,910.72
1627,Customer_4200,38,Luxor,2020-01-03,0,13802,2020-01-03,Same Day,147,Product_147,Electronics,1166.52,686.68,2,0.0,729,5,2333.04,959.68
1278,Customer_4201,38,Luxor,2022-02-22,1,13045,2022-02-22,Express,137,Product_137,Electronics,571.23,356.11,1,0.05,804,3,542.67,186.56
1876,Customer_4202,43,Cairo,2023-10-31,0,10284,2023-10-31,Same Day,105,Product_105,Home Appliances,310.18,136.96,1,0.1,428,5,279.16,142.2
1580,Customer_4203,38,Cairo,2022-05-23,0,13872,2022-05-23,Express,124,Product_124,Clothing,346.65,155.98,5,0.0,387,5,1733.25,953.35
1862,Customer_4204,74,Alexandria,2020-12-19,1,13099,2020-12-19,Same Day,134,Product_134,Sports,67.37,36.45,5,0.1,1230,3,303.17,120.92
1253,Customer_4205,42,Alexandria,2021-12-25,0,12398,2021-12-25,Express,131,Product_131,Home Appliances,557.97,390.25,1,0.0,605,6,557.97,167.72
1180,Customer_4206,19,Alexandria,2021-03-15,1,12130,2021-03-15,Standard,130,Product_130,Sports,183.03,92.76,4,0.0,1388,2,732.12,361.08
1680,Customer_4207,23,Mansoura,2021-01-18,0,11647,2021-01-18,Express,109,Product_109,Electronics,516.16,272.67,5,0.0,665,3,2580.8,1217.45
1824,Customer_4208,40,Luxor,2021-07-17,1,10665,2021-07-17,Standard,127,Product_127,Electronics,960.9,509.02,2,0.0,1125,5,1921.8,903.76
1699,Customer_4209,33,Aswan,2021-07-27,0,11393,2021-07-27,Standard,128,Product_128,Sports,1346.99,571.41,1,0.0,433,9,1346.99,775.58
1565,Customer_4210,21,Cairo,2022-07-02,1,12588,2022-07-02,Same Day,142,Product_142,Home Appliances,1267.43,801.33,3,0.0,914,4,3802.29,1398.3
2349,Customer_4211,39,Luxor,2020-10-31,1,13466,2020-10-31,Standard,126,Product_126,Home Appliances,416.38,198.17,3,0.0,535,5,1249.14,654.63
2380,Customer_4212,39,Luxor,2020-11-03,1,12024,2020-11-03,Standard,118,Product_118,Home Appliances,244.42,149.37,4,0.0,1268,3,977.68,380.2
1679,Customer_4213,63,Alexandria,2023-11-06,1,12527,2023-11-06,Same Day,136,Product_136,Electronics,329.95,179.01,1,0.0,570,3,329.95,150.94
1390,Customer_4214,26,Alexandria,2023-06-22,0,12260,2023-06-22,Express,108,Product_108,Clothing,1457.93,850.75,2,0.05,559,5,2770.07,1068.57
2108,Customer_4215,33,Luxor,2023-06-17,0,13685,2023-06-17,Express,118,Product_118,Electronics,846.74,352.41,4,0.0,440,3,3386.96,1977.32
2340,Customer_4216,63,Alexandria,2021-05-18,0,10929,2021-05-18,Standard,120,Product_120,Sports,314.63,209.85,2,0.0,368,2,629.26,209.56
1211,Customer_4217,44,Mansoura,2023-08-18,0,12407,2023-08-18,Same Day,132,Product_132,Home Appliances,1269.08,600.47,3,0.0,401,2,3807.24,2005.83
1383,Customer_4218,26,Cairo,2021-08-27,1,10213,2021-08-27,Express,129,Product_129,Clothing,623.03,374.46,2,0.0,485,5,1246.06,497.14
1341,Customer_4219,29,Luxor,2022-10-18,0,10303,2022-10-18,Same Day,149,Product_149,Home Appliances,1353.87,865.67,3,0.0,806,5,4061.61,1464.6
1843,Customer_4220,21,Cairo,2022-04-23,1,13226,2022-04-23,Same Day,148,Product_148,Electronics,427.98,429.515,5,0.2,984,4,1711.92,-435.65
2061,Customer_4221,41,Mansoura,2023-01-02,1,11403,2023-01-02,Standard,118,Product_118,Clothing,620.17,310.83,3,0.0,700,2,1860.51,928.02
1419,Customer_4222,55,Alexandria,2022-08-09,0,10199,2022-08-09,Same Day,107,Product_107,Clothing,782.17,542.33,3,0.05,401,8,2229.18,602.19
1750,Customer_4223,41,Giza,2020-05-04,0,13751,2020-05-04,Standard,101,Product_101,Electronics,1344.29,650.01,4,0.0,414,5,5377.16,2777.12
2192,Customer_4224,17,Mansoura,2020-06-28,1,12285,2020-06-28,Same Day,128,Product_128,Home Appliances,1309.7,896.62,4,0.1,1648,1,4714.92,1128.44
2366,Customer_4225,53,Giza,2021-07-26,1,10670,2021-07-26,Standard,133,Product_133,Home Appliances,882.81,394.5,1,0.0,1043,3,882.81,488.31
1305,Customer_4226,42,Cairo,2022-02-23,1,11728,2022-02-23,Express,104,Product_104,Home Appliances,371.57,192.01,1,0.2,1043,2,297.26,105.25
1701,Customer_4227,36,Luxor,2020-10-08,1,13238,2020-10-08,Same Day,120,Product_120,Electronics,634.87,280.33,3,0.0,991,3,1904.61,1063.62
1868,Customer_4228,33,Alexandria,2022-08-05,0,11249,2022-08-05,Standard,136,Product_136,Sports,1464.67,586.85,5,0.0,470,4,7323.35,4389.1
1536,Customer_4229,11,Mansoura,2021-12-02,1,10878,2021-12-02,Express,131,Product_131,Sports,931.27,445.22,1,0.0,750,5,931.27,486.05
2135,Customer_4230,49,Alexandria,2023-09-08,0,10250,2023-09-08,Standard,138,Product_138,Home Appliances,1182.59,503.98,3,0.0,511,3,3547.77,2035.83
2434,Customer_4231,20,Giza,2022-12-12,0,13351,2022-12-12,Standard,128,Product_128,Clothing,702.3,488.73,4,0.0,751,4,2809.2,854.28
1205,Customer_4232,28,Giza,2021-05-25,0,12523,2021-05-25,Standard,103,Product_103,Sports,821.41,516.25,1,0.0,417,5,821.41,305.16
2208,Customer_4233,46,Aswan,2023-07-15,0,10497,2023-07-15,Standard,106,Product_106,Home Appliances,671.98,269.54,1,0.05,536,3,638.38,368.84
2405,Customer_4234,12,Luxor,2023-01-18,0,11987,2023-01-18,Standard,145,Product_145,Sports,1069.24,499.44,3,0.0,692,6,3207.72,1709.4
1495,Customer_4235,20,Giza,2020-02-09,0,10977,2020-02-09,Same Day,123,Product_123,Home Appliances,1284.63,772.11,3,0.0,1788,1,3853.89,1537.56
2402,Customer_4236,58,Luxor,2022-02-22,1,13804,2022-02-22,Express,107,Product_107,Sports,785.68,408.21,2,0.0,935,3,1571.36,754.94
2070,Customer_4237,41,Aswan,2023-12-31,0,13606,2023-12-31,Express,136,Product_136,Sports,747.26,485.38,2,0.0,367,6,1494.52,523.76
1503,Customer_4238,30,Mansoura,2022-01-05,1,13044,2022-01-05,Express,101,Product_101,Clothing,543.42,299.67,5,0.0,827,5,2717.1,1218.75
2045,Customer_4239,41,Aswan,2022-09-09,0,12748,2022-09-09,Same Day,106,Product_106,Clothing,306.79,182.88,1,0.0,331,5,306.79,123.91
1212,Customer_4240,50,Luxor,2023-01-20,0,13482,2023-01-20,Standard,124,Product_124,Sports,1411.91,817.65,2,0.0,712,4,2823.82,1188.52
1309,Customer_4241,56,Giza,2022-09-19,0,10783,2022-09-19,Same Day,137,Product_137,Home Appliances,508.32,300.65,3,0.0,835,1,1524.96,623.01
1660,Customer_4242,23,Cairo,2021-05-12,0,12476,2021-05-12,Standard,145,Product_145,Clothing,1211.0,567.99,1,0.0,441,8,1211.0,643.01
1752,Customer_4243,24,Luxor,2023-03-04,1,10538,2023-03-04,Same Day,136,Product_136,Electronics,1087.25,556.66,2,0.2,482,4,1739.6,626.28
1271,Customer_4244,49,Alexandria,2022-10-25,0,10900,2022-10-25,Express,124,Product_124,Clothing,1196.83,496.91,5,0.0,667,4,5984.15,3499.6
1937,Customer_4245,49,Cairo,2021-10-20,0,11466,2021-10-20,Same Day,138,Product_138,Sports,1408.31,811.6,5,0.0,362,3,7041.55,2983.55
2225,Customer_4246,19,Luxor,2022-06-03,0,13015,2022-06-03,Standard,145,Product_145,Sports,953.89,512.98,5,0.0,570,3,4769.45,2204.55
1031,Customer_4247,25,Alexandria,2021-07-07,1,10209,2021-07-07,Express,129,Product_129,Electronics,1352.03,849.37,5,0.0,1196,3,6760.15,2513.3
1442,Customer_4248,37,Aswan,2021-03-01,0,13618,2021-03-01,Express,137,Product_137,Clothing,293.16,135.41,3,0.0,519,4,879.48,473.25
1161,Customer_4249,40,Cairo,2020-02-23,0,11733,2020-02-23,Standard,145,Product_145,Sports,958.73,509.13,5,0.2,455,6,3834.92,1289.27
1766,Customer_4250,40,Luxor,2021-10-15,1,10490,2021-10-15,Standard,132,Product_132,Electronics,1169.8,531.35,4,0.2,1174,5,3743.36,1617.96
1253,Customer_4251,19,Mansoura,2023-05-07,0,12518,2023-05-07,Same Day,125,Product_125,Electronics,443.88,259.31,5,0.0,605,6,2219.4,922.85
1520,Customer_4252,40,Aswan,2021-03-24,0,11709,2021-03-24,Standard,110,Product_110,Home Appliances,1124.09,735.61,2,0.0,365,6,2248.18,776.96
1976,Customer_4253,29,Alexandria,2020-03-01,1,11753,2020-03-01,Standard,135,Product_135,Clothing,1178.79,742.21,1,0.2,424,3,943.03,200.82
1009,Customer_4254,22,Mansoura,2021-07-29,0,12615,2021-07-29,Standard,125,Product_125,Clothing,1255.22,857.64,2,0.0,359,5,2510.44,795.16
1725,Customer_4255,39,Giza,2020-04-29,0,11918,2020-04-29,Express,127,Product_127,Clothing,503.68,348.3,1,0.0,504,9,503.68,155.38
1504,Customer_4256,38,Aswan,2022-08-24,0,12034,2022-08-24,Standard,145,Product_145,Sports,1038.33,655.82,3,0.0,812,5,3114.99,1147.53
1784,Customer_4257,52,Aswan,2022-12-20,0,12711,2022-12-20,Express,132,Product_132,Electronics,491.17,238.73,1,0.0,351,5,491.17,252.44
1435,Customer_4258,27,Luxor,2022-01-02,1,11929,2022-01-02,Express,112,Product_112,Home Appliances,1121.61,522.42,4,0.2,860,3,3589.15,1499.47
2134,Customer_4259,43,Luxor,2023-11-04,0,11486,2023-11-04,Express,104,Product_104,Clothing,721.31,385.37,5,0.05,631,4,3426.22,1499.37
1152,Customer_4260,16,Alexandria,2021-04-21,1,12597,2021-04-21,Standard,142,Product_142,Home Appliances,916.44,639.83,2,0.0,1253,3,1832.88,553.22
1916,Customer_4261,35,Aswan,2020-11-22,0,12003,2020-11-22,Standard,126,Product_126,Home Appliances,652.97,342.03,1,0.1,1265,6,587.67,245.64
1868,Customer_4262,46,Luxor,2020-07-24,0,11500,2020-07-24,Express,103,Product_103,Electronics,284.88,130.97,2,0.0,470,4,569.76,307.82
2125,Customer_4263,48,Giza,2021-05-22,0,10197,2021-05-22,Same Day,117,Product_117,Clothing,308.14,210.55,5,0.1,549,7,1386.63,333.88
1752,Customer_4264,48,Luxor,2023-09-07,1,11967,2023-09-07,Same Day,109,Product_109,Home Appliances,162.47,83.8,3,0.0,482,4,487.41,236.01
2214,Customer_4265,52,Aswan,2021-05-08,0,10520,2021-05-08,Same Day,129,Product_129,Clothing,946.21,574.6,5,0.0,1012,3,4731.05,1858.05
1562,Customer_4266,33,Cairo,2021-06-29,1,11522,2021-06-29,Standard,101,Product_101,Clothing,1280.53,814.99,3,0.0,1049,6,3841.59,1396.62
2104,Customer_4267,47,Mansoura,2022-12-28,1,11534,2022-12-28,Express,118,Product_118,Clothing,80.21,52.37,2,0.0,735,5,160.42,55.68
1488,Customer_4268,68,Aswan,2020-04-24,1,11713,2020-04-24,Standard,141,Product_141,Home Appliances,146.05,94.4,3,0.0,756,6,438.15,154.95
1894,Customer_4269,32,Giza,2021-03-25,0,11348,2021-03-25,Express,120,Product_120,Electronics,713.33,464.29,3,0.0,742,6,2139.99,747.12
2111,Customer_4270,60,Aswan,2023-03-25,0,10687,2023-03-25,Same Day,141,Product_141,Electronics,1119.7,672.15,3,0.2,648,4,2687.28,670.83
2217,Customer_4271,53,Giza,2022-03-06,1,10466,2022-03-06,Standard,134,Product_134,Home Appliances,278.68,145.23,3,0.2,1032,2,668.83,233.14
1103,Customer_4272,36,Aswan,2021-12-27,0,13844,2021-12-27,Same Day,128,Product_128,Sports,443.89,266.42,3,0.0,425,6,1331.67,532.41
2119,Customer_4273,37,Mansoura,2020-12-21,1,10595,2020-12-21,Express,148,Product_148,Clothing,386.41,251.56,1,0.1,849,3,347.77,96.21
2446,Customer_4274,41,Mansoura,2020-12-26,0,10138,2020-12-26,Same Day,135,Product_135,Clothing,628.62,429.515,3,0.2,679,2,1508.69,220.14
2221,Customer_4275,52,Giza,2021-04-29,1,11014,2021-04-29,Express,116,Product_116,Electronics,376.25,183.97,3,0.0,1343,1,1128.75,576.84
2024,Customer_4276,46,Aswan,2023-04-28,0,10241,2023-04-28,Standard,121,Product_121,Home Appliances,561.27,282.38,5,0.0,614,5,2806.35,1394.45
2006,Customer_4277,32,Mansoura,2021-10-13,1,12363,2021-10-13,Standard,113,Product_113,Home Appliances,1106.39,625.54,5,0.1,785,5,4978.76,1851.06
1406,Customer_4278,8,Alexandria,2023-11-29,0,12714,2023-11-29,Same Day,135,Product_135,Sports,935.96,389.11,5,0.0,399,5,4679.8,2734.25
2401,Customer_4279,50,Aswan,2022-04-01,1,10732,2022-04-01,Standard,142,Product_142,Sports,167.71,106.28,3,0.0,1093,6,503.13,184.29
1166,Customer_4280,11,Mansoura,2023-04-26,0,10134,2023-04-26,Express,132,Product_132,Electronics,974.73,430.49,5,0.0,333,3,4873.65,2721.2
1508,Customer_4281,19,Cairo,2020-02-27,0,13259,2020-02-27,Express,138,Product_138,Sports,741.76,429.515,1,0.0,428,6,741.76,312.24
1312,Customer_4282,33,Cairo,2023-11-12,0,13761,2023-11-12,Same Day,106,Product_106,Sports,1405.12,645.37,2,0.2,387,5,2248.19,957.45
2441,Customer_4283,21,Alexandria,2023-05-12,0,12626,2023-05-12,Express,138,Product_138,Home Appliances,469.49,269.05,5,0.0,393,4,2347.45,1002.2
1762,Customer_4284,44,Mansoura,2021-12-21,1,13140,2021-12-21,Standard,138,Product_138,Home Appliances,1102.94,535.67,5,0.1,783,7,4963.23,2284.88
1680,Customer_4285,35,Cairo,2023-08-03,0,12486,2023-08-03,Same Day,113,Product_113,Sports,1109.75,429.515,1,0.05,665,3,1054.26,624.74
1476,Customer_4286,51,Aswan,2023-02-28,0,12124,2023-02-28,Same Day,146,Product_146,Electronics,371.18,252.21,4,0.0,609,4,1484.72,475.88
1072,Customer_4287,15,Luxor,2020-10-18,0,12447,2020-10-18,Standard,139,Product_139,Sports,1359.67,889.44,4,0.05,514,7,5166.75,1608.99
2164,Customer_4288,30,Mansoura,2023-02-27,0,12421,2023-02-27,Standard,113,Product_113,Electronics,762.22,499.76,1,0.0,674,5,762.22,262.46
1581,Customer_4289,40,Alexandria,2021-01-20,0,13083,2021-01-20,Standard,147,Product_147,Sports,1034.38,593.0,5,0.0,453,3,5171.9,2206.9
1261,Customer_4290,40,Mansoura,2022-05-10,0,11510,2022-05-10,Same Day,112,Product_112,Home Appliances,261.49,172.57,2,0.1,819,5,470.68,125.54
2363,Customer_4291,50,Giza,2023-01-15,0,11818,2023-01-15,Same Day,133,Product_133,Home Appliances,423.82,268.52,5,0.0,645,4,2119.1,776.5
2331,Customer_4292,26,Giza,2021-09-24,1,10757,2021-09-24,Express,128,Product_128,Electronics,899.86,617.28,1,0.1,1195,2,809.87,192.59
1244,Customer_4293,41,Cairo,2020-12-25,0,12796,2020-12-25,Same Day,103,Product_103,Sports,512.59,214.93,1,0.0,338,5,512.59,297.66
2360,Customer_4294,47,Giza,2022-10-01,1,12811,2022-10-01,Same Day,118,Product_118,Sports,774.55,316.5,3,0.05,823,2,2207.47,1257.97
1560,Customer_4295,7,Alexandria,2020-03-18,0,10416,2020-03-18,Express,126,Product_126,Electronics,592.31,268.03,1,0.0,386,6,592.31,324.28
2099,Customer_4296,45,Cairo,2020-03-07,0,10206,2020-03-07,Same Day,140,Product_140,Sports,978.8,664.34,3,0.0,909,4,2936.4,943.38
1174,Customer_4297,51,Alexandria,2020-04-25,1,12388,2020-04-25,Express,102,Product_102,Clothing,756.36,439.95,1,0.0,626,4,756.36,316.41
1108,Customer_4298,19,Aswan,2021-04-21,0,11643,2021-04-21,Express,104,Product_104,Home Appliances,56.68,29.92,3,0.0,407,5,170.04,80.28
1182,Customer_4299,35,Alexandria,2023-05-17,0,12768,2023-05-17,Express,128,Product_128,Home Appliances,992.04,549.4,3,0.0,530,7,2976.12,1327.92
1191,Customer_4300,62,Giza,2021-03-24,0,10310,2021-03-24,Standard,128,Product_128,Electronics,662.08,429.61,5,0.0,692,4,3310.4,1162.35
1064,Customer_4301,49,Aswan,2020-10-02,0,11331,2020-10-02,Standard,125,Product_125,Sports,545.46,370.22,3,0.0,471,3,1636.38,525.72
1962,Customer_4302,46,Giza,2022-12-14,0,13364,2022-12-14,Same Day,126,Product_126,Electronics,186.51,115.43,4,0.0,581,4,746.04,284.32
2497,Customer_4303,54,Alexandria,2022-09-05,0,12672,2022-09-05,Express,145,Product_145,Clothing,369.54,232.05,1,0.0,644,5,369.54,137.49
2123,Customer_4304,67,Giza,2020-02-01,1,11399,2020-02-01,Standard,147,Product_147,Sports,374.47,185.78,2,0.0,1257,5,748.94,377.38
1863,Customer_4305,40,Giza,2021-10-11,0,11550,2021-10-11,Express,102,Product_102,Clothing,1406.29,759.55,1,0.2,355,4,1125.03,365.48
2151,Customer_4306,41,Giza,2023-06-11,0,13411,2023-06-11,Express,142,Product_142,Electronics,677.14,429.515,5,0.2,530,3,2708.56,560.99
2475,Customer_4307,54,Mansoura,2021-02-16,0,10082,2021-02-16,Standard,134,Product_134,Home Appliances,111.0,70.57,5,0.0,1041,5,555.0,202.15
1368,Customer_4308,37,Aswan,2020-09-24,1,11600,2020-09-24,Express,130,Product_130,Clothing,251.28,152.1,3,0.0,1560,3,753.84,297.54
1850,Customer_4309,26,Aswan,2021-11-28,1,11475,2021-11-28,Same Day,121,Product_121,Sports,164.6,69.06,5,0.0,629,4,823.0,477.7
1042,Customer_4310,31,Aswan,2024-01-08,0,11026,2024-01-08,Same Day,144,Product_144,Electronics,903.86,372.26,5,0.0,359,7,4519.3,2658.0
2442,Customer_4311,44,Alexandria,2020-12-29,0,11479,2020-12-29,Same Day,137,Product_137,Electronics,320.6,140.78,1,0.0,615,5,320.6,179.82
1487,Customer_4312,33,Luxor,2021-10-24,0,12920,2021-10-24,Same Day,144,Product_144,Electronics,772.91,443.97,4,0.0,330,5,3091.64,1315.76
1077,Customer_4313,34,Alexandria,2020-01-05,0,12283,2020-01-05,Standard,123,Product_123,Home Appliances,586.59,329.03,4,0.0,527,4,2346.36,1030.24
1825,Customer_4314,24,Aswan,2020-02-14,1,12436,2020-02-14,Standard,133,Product_133,Electronics,1215.62,830.03,3,0.0,1185,3,3646.86,1156.77
2293,Customer_4315,61,Cairo,2020-10-29,1,12440,2020-10-29,Same Day,102,Product_102,Electronics,514.71,313.16,5,0.0,1525,2,2573.55,1007.75
1673,Customer_4316,34,Giza,2023-04-16,0,11664,2023-04-16,Standard,127,Product_127,Home Appliances,714.48,348.8,5,0.0,626,4,3572.4,1828.4
1700,Customer_4317,29,Giza,2023-12-14,0,11782,2023-12-14,Same Day,148,Product_148,Electronics,1095.86,491.44,4,0.1,384,3,3945.1,1979.34
1758,Customer_4318,30,Luxor,2020-10-17,0,12794,2020-10-17,Standard,122,Product_122,Electronics,678.36,444.23,3,0.1,475,7,1831.57,498.88
1727,Customer_4319,52,Cairo,2020-08-15,1,12077,2020-08-15,Standard,134,Product_134,Clothing,1200.16,645.55,5,0.1,1480,2,5400.72,2172.97
2338,Customer_4320,48,Mansoura,2022-12-13,0,11606,2022-12-13,Express,116,Product_116,Electronics,1009.44,601.67,3,0.0,750,2,3028.32,1223.31
1924,Customer_4321,32,Alexandria,2022-01-17,0,10981,2022-01-17,Same Day,120,Product_120,Home Appliances,645.27,367.51,1,0.0,375,6,645.27,277.76
1901,Customer_4322,40,Mansoura,2020-05-28,0,13219,2020-05-28,Express,126,Product_126,Clothing,780.77,337.48,5,0.0,366,5,3903.85,2216.45
1888,Customer_4323,44,Cairo,2022-04-02,1,10604,2022-04-02,Same Day,116,Product_116,Electronics,1452.45,605.84,5,0.0,1062,4,7262.25,4233.05
1992,Customer_4324,29,Luxor,2023-12-13,0,12330,2023-12-13,Standard,106,Product_106,Home Appliances,1009.34,517.9,5,0.0,385,6,5046.7,2457.2
2191,Customer_4325,16,Cairo,2023-09-18,0,13800,2023-09-18,Same Day,145,Product_145,Sports,1362.24,692.65,4,0.1,402,6,4904.06,2133.46
1338,Customer_4326,47,Luxor,2022-03-21,0,10237,2022-03-21,Express,144,Product_144,Electronics,309.2,186.18,4,0.2,460,5,989.44,244.72
1192,Customer_4327,30,Mansoura,2023-04-15,0,13810,2023-04-15,Express,123,Product_123,Sports,750.69,442.65,5,0.1,627,2,3378.11,1164.86
2476,Customer_4328,46,Mansoura,2020-07-25,0,10730,2020-07-25,Standard,142,Product_142,Clothing,1367.56,944.55,5,0.05,728,3,6495.91,1773.16
1282,Customer_4329,44,Cairo,2021-11-20,0,11342,2021-11-20,Express,137,Product_137,Home Appliances,517.79,340.41,1,0.0,404,5,517.79,177.38
2359,Customer_4330,40,Cairo,2021-10-09,1,11994,2021-10-09,Standard,108,Product_108,Clothing,1453.11,797.72,1,0.05,1209,3,1380.45,582.73
1389,Customer_4331,33,Giza,2021-10-22,0,11360,2021-10-22,Standard,106,Product_106,Sports,190.76,104.92,3,0.2,789,5,457.82,143.06
1999,Customer_4332,30,Luxor,2020-10-06,1,12078,2020-10-06,Standard,137,Product_137,Sports,1358.87,818.36,3,0.0,1548,1,4076.61,1621.53
1524,Customer_4333,22,Giza,2020-11-18,0,10977,2020-11-18,Standard,122,Product_122,Sports,695.56,302.03,4,0.0,1226,3,2782.24,1574.12
2263,Customer_4334,30,Alexandria,2024-02-08,1,10914,2024-02-08,Standard,106,Product_106,Home Appliances,156.93,109.85,2,0.0,328,2,313.86,94.16
1658,Customer_4335,48,Alexandria,2022-06-13,0,13697,2022-06-13,Express,132,Product_132,Sports,1325.31,736.4,1,0.0,768,4,1325.31,588.91
1715,Customer_4336,60,Cairo,2023-08-02,0,11637,2023-08-02,Express,117,Product_117,Sports,415.31,279.49,3,0.0,518,5,1245.93,407.46
1890,Customer_4337,58,Mansoura,2022-09-24,0,11628,2022-09-24,Express,138,Product_138,Home Appliances,82.26,56.78,1,0.2,830,6,65.81,9.03
2481,Customer_4338,42,Alexandria,2023-08-22,1,12254,2023-08-22,Express,117,Product_117,Sports,246.92,141.85,1,0.0,498,3,246.92,105.07
2112,Customer_4339,60,Alexandria,2021-11-10,0,11981,2021-11-10,Standard,137,Product_137,Electronics,1005.72,433.47,2,0.0,721,4,2011.44,1144.5
2118,Customer_4340,35,Giza,2020-12-22,1,12950,2020-12-22,Same Day,123,Product_123,Sports,1467.83,839.6,1,0.0,1167,2,1467.83,628.23
1451,Customer_4341,20,Giza,2023-12-19,0,13300,2023-12-19,Same Day,149,Product_149,Home Appliances,211.62,122.59,2,0.0,334,3,423.24,178.06
1427,Customer_4342,68,Alexandria,2023-02-24,0,10582,2023-02-24,Same Day,149,Product_149,Sports,719.82,458.35,2,0.0,441,4,1439.64,522.94
2174,Customer_4343,47,Cairo,2023-11-21,0,13413,2023-11-21,Same Day,113,Product_113,Home Appliances,311.92,129.28,1,0.05,407,2,296.32,167.04
2399,Customer_4344,16,Giza,2023-06-10,0,10459,2023-06-10,Express,132,Product_132,Sports,1130.3,610.24,1,0.0,353,5,1130.3,520.06
2045,Customer_4345,63,Alexandria,2021-12-31,0,10135,2021-12-31,Standard,122,Product_122,Electronics,221.19,149.71,3,0.2,331,5,530.86,81.73
1882,Customer_4346,28,Mansoura,2021-04-02,0,11976,2021-04-02,Express,107,Product_107,Home Appliances,397.77,277.4,1,0.0,350,7,397.77,120.37
1312,Customer_4347,32,Giza,2023-09-25,0,10977,2023-09-25,Express,122,Product_122,Home Appliances,334.79,153.14,1,0.0,387,5,334.79,181.65
1839,Customer_4348,55,Alexandria,2023-04-21,0,10283,2023-04-21,Express,121,Product_121,Home Appliances,851.15,562.76,1,0.2,608,3,680.92,118.16
1518,Customer_4349,60,Luxor,2020-12-25,1,12897,2020-12-25,Standard,106,Product_106,Home Appliances,1316.12,584.19,3,0.2,932,3,3158.69,1406.12
2229,Customer_4350,24,Giza,2022-02-13,1,12398,2022-02-13,Express,114,Product_114,Sports,791.08,516.06,2,0.0,1053,3,1582.16,550.04
1374,Customer_4351,62,Luxor,2021-09-20,1,10016,2021-09-20,Standard,116,Product_116,Sports,134.45,64.96,3,0.1,814,5,363.02,168.14
1450,Customer_4352,53,Giza,2023-11-11,0,11238,2023-11-11,Same Day,103,Product_103,Electronics,866.91,596.34,1,0.0,417,1,866.91,270.57
2014,Customer_4353,28,Giza,2021-08-26,0,13466,2021-08-26,Express,109,Product_109,Electronics,1206.41,734.28,5,0.0,434,8,6032.05,2360.65
1594,Customer_4354,36,Aswan,2020-09-17,0,11422,2020-09-17,Standard,147,Product_147,Sports,241.63,125.58,1,0.0,975,3,241.63,116.05
2202,Customer_4355,62,Aswan,2020-12-29,1,12461,2020-12-29,Express,121,Product_121,Clothing,155.43,75.27,3,0.0,551,3,466.29,240.48
2233,Customer_4356,16,Luxor,2024-01-02,0,11267,2024-01-02,Same Day,130,Product_130,Home Appliances,322.32,151.67,3,0.0,335,4,966.96,511.95
1499,Customer_4357,60,Cairo,2020-04-01,0,13166,2020-04-01,Standard,130,Product_130,Sports,1131.83,683.89,4,0.0,608,5,4527.32,1791.76
1463,Customer_4358,52,Alexandria,2023-12-08,0,13704,2023-12-08,Same Day,142,Product_142,Electronics,907.94,607.17,5,0.0,390,2,4539.7,1503.85
2147,Customer_4359,47,Cairo,2023-03-19,0,12053,2023-03-19,Same Day,142,Product_142,Home Appliances,833.86,522.4,3,0.0,654,6,2501.58,934.38
1112,Customer_4360,41,Cairo,2022-03-12,0,10779,2022-03-12,Standard,132,Product_132,Electronics,411.75,267.82,2,0.0,446,6,823.5,287.86
2035,Customer_4361,69,Aswan,2023-03-08,0,12134,2023-03-08,Express,123,Product_123,Clothing,531.74,337.34,1,0.1,548,8,478.57,141.23
2149,Customer_4362,71,Alexandria,2020-03-07,0,12236,2020-03-07,Standard,103,Product_103,Home Appliances,1450.53,1006.3,2,0.0,760,2,2901.06,888.46
1330,Customer_4363,30,Aswan,2021-07-01,0,13686,2021-07-01,Same Day,101,Product_101,Clothing,398.91,429.515,3,0.0,463,6,1196.73,-91.82
2306,Customer_4364,49,Aswan,2023-05-18,0,11639,2023-05-18,Standard,103,Product_103,Clothing,1357.39,628.56,3,0.2,594,6,3257.74,1372.06
1139,Customer_4365,68,Aswan,2021-10-13,1,10419,2021-10-13,Express,137,Product_137,Clothing,891.77,568.49,2,0.0,1176,3,1783.54,646.56
2424,Customer_4366,41,Mansoura,2023-06-06,0,11826,2023-06-06,Standard,107,Product_107,Sports,228.78,113.62,2,0.0,575,6,457.56,230.32
1901,Customer_4367,43,Cairo,2021-03-28,0,13138,2021-03-28,Same Day,103,Product_103,Electronics,727.6,508.4,4,0.0,366,5,2910.4,876.8
2120,Customer_4368,55,Cairo,2023-02-08,1,13689,2023-02-08,Express,136,Product_136,Home Appliances,1425.4,731.23,1,0.0,518,4,1425.4,694.17
1516,Customer_4369,9,Cairo,2023-03-04,0,12295,2023-03-04,Express,149,Product_149,Sports,656.92,320.47,2,0.0,669,5,1313.84,672.9
1568,Customer_4370,52,Mansoura,2020-01-08,0,10859,2020-01-08,Standard,103,Product_103,Electronics,1301.91,614.2,1,0.1,930,3,1171.72,557.52
1845,Customer_4371,23,Giza,2022-10-13,1,10206,2022-10-13,Standard,104,Product_104,Sports,421.82,252.06,5,0.0,811,3,2109.1,848.8
2092,Customer_4372,42,Luxor,2020-10-15,0,13276,2020-10-15,Standard,131,Product_131,Electronics,877.84,379.9,3,0.0,410,5,2633.52,1493.82
1117,Customer_4373,57,Luxor,2021-09-11,0,13390,2021-09-11,Same Day,102,Product_102,Home Appliances,1273.59,873.77,2,0.0,736,5,2547.18,799.64
1887,Customer_4374,4,Mansoura,2020-06-08,1,13154,2020-06-08,Express,114,Product_114,Home Appliances,1385.0,676.29,5,0.0,825,4,6925.0,3543.55
2082,Customer_4375,51,Cairo,2021-02-05,0,12471,2021-02-05,Express,137,Product_137,Home Appliances,754.44,368.63,3,0.05,398,8,2150.15,1044.26
2056,Customer_4376,70,Luxor,2021-11-12,0,13153,2021-11-12,Express,131,Product_131,Home Appliances,977.55,404.53,4,0.1,1028,4,3519.18,1901.06
2341,Customer_4377,32,Mansoura,2021-10-16,0,13870,2021-10-16,Express,102,Product_102,Electronics,54.32,25.74,3,0.0,627,7,162.96,85.74
1049,Customer_4378,48,Aswan,2020-12-09,0,12596,2020-12-09,Express,131,Product_131,Sports,417.17,219.3,2,0.05,1417,4,792.62,354.02
1018,Customer_4379,60,Alexandria,2023-07-26,0,13796,2023-07-26,Same Day,147,Product_147,Home Appliances,454.13,232.01,5,0.05,355,8,2157.12,997.07
1725,Customer_4380,16,Luxor,2020-06-30,0,12534,2020-06-30,Express,143,Product_143,Home Appliances,185.56,89.42,5,0.0,504,9,927.8,480.7
1196,Customer_4381,51,Alexandria,2023-12-22,1,12180,2023-12-22,Standard,122,Product_122,Home Appliances,455.56,187.79,5,0.2,376,1,1822.24,883.29
2473,Customer_4382,55,Cairo,2023-10-04,0,12040,2023-10-04,Same Day,110,Product_110,Clothing,515.63,252.75,3,0.1,391,7,1392.2,633.95
1558,Customer_4383,49,Luxor,2023-08-01,0,10114,2023-08-01,Same Day,130,Product_130,Home Appliances,1454.71,921.56,1,0.0,519,7,1454.71,533.15
1451,Customer_4384,41,Mansoura,2024-02-02,0,12424,2024-02-02,Express,133,Product_133,Home Appliances,1019.47,541.99,1,0.0,334,3,1019.47,477.48
1288,Customer_4385,24,Giza,2021-11-18,0,13024,2021-11-18,Standard,119,Product_119,Electronics,667.71,325.33,3,0.05,593,6,1902.97,926.98
2164,Customer_4386,60,Luxor,2022-03-07,0,10210,2022-03-07,Standard,146,Product_146,Clothing,1482.68,728.64,2,0.0,674,5,2965.36,1508.08
2107,Customer_4387,40,Luxor,2020-01-24,0,10131,2020-01-24,Express,125,Product_125,Electronics,272.19,154.15,3,0.1,351,10,734.91,272.46
1390,Customer_4388,26,Luxor,2021-06-27,0,11397,2021-06-27,Same Day,146,Product_146,Sports,740.27,429.515,1,0.0,559,5,740.27,310.76
1214,Customer_4389,35,Luxor,2021-03-05,1,10153,2021-03-05,Express,101,Product_101,Clothing,988.24,582.31,3,0.0,406,3,2964.72,1217.79
1214,Customer_4390,45,Mansoura,2021-05-26,1,10919,2021-05-26,Same Day,132,Product_132,Electronics,130.59,91.0,5,0.0,406,3,652.95,197.95
2426,Customer_4391,16,Mansoura,2023-11-20,0,11446,2023-11-20,Express,125,Product_125,Electronics,1089.65,449.32,2,0.0,408,4,2179.3,1280.66
1127,Customer_4392,40,Giza,2020-05-18,1,10951,2020-05-18,Standard,141,Product_141,Sports,194.81,87.79,2,0.0,740,5,389.62,214.04
1759,Customer_4393,33,Mansoura,2021-12-18,1,12853,2021-12-18,Express,117,Product_117,Sports,253.41,429.515,4,0.05,1110,1,962.96,-755.1
1403,Customer_4394,60,Mansoura,2021-09-06,1,11389,2021-09-06,Standard,114,Product_114,Home Appliances,281.55,150.38,3,0.0,1302,5,844.65,393.51
2052,Customer_4395,11,Cairo,2020-09-08,1,11717,2020-09-08,Express,145,Product_145,Home Appliances,1396.89,576.11,5,0.0,715,2,6984.45,4103.9
1337,Customer_4396,54,Cairo,2024-01-15,0,10146,2024-01-15,Standard,113,Product_113,Clothing,1040.69,565.36,3,0.0,352,8,3122.07,1425.99
1830,Customer_4397,61,Alexandria,2020-03-01,0,13805,2020-03-01,Standard,138,Product_138,Clothing,1000.37,678.93,4,0.0,337,5,4001.48,1285.76
1713,Customer_4398,12,Giza,2020-04-08,0,11817,2020-04-08,Standard,139,Product_139,Sports,855.47,345.16,4,0.05,522,8,3250.79,1870.15
1360,Customer_4399,14,Cairo,2022-03-01,1,13198,2022-03-01,Standard,102,Product_102,Clothing,474.57,241.78,3,0.05,809,4,1352.52,627.18
1568,Customer_4400,66,Giza,2022-06-16,0,13379,2022-06-16,Standard,132,Product_132,Home Appliances,950.29,597.04,3,0.0,930,3,2850.87,1059.75
2415,Customer_4401,26,Giza,2024-02-09,0,10714,2024-02-09,Express,132,Product_132,Sports,644.72,287.77,3,0.0,327,6,1934.16,1070.85
1217,Customer_4402,86,Luxor,2022-05-09,0,13189,2022-05-09,Express,140,Product_140,Electronics,260.85,110.41,1,0.0,483,5,260.85,150.44
1201,Customer_4403,12,Aswan,2020-12-06,0,11596,2020-12-06,Express,106,Product_106,Sports,1049.92,618.65,4,0.0,765,5,4199.68,1725.08
1016,Customer_4404,42,Aswan,2022-04-27,1,12278,2022-04-27,Same Day,125,Product_125,Clothing,237.89,95.87,2,0.05,683,6,451.99,260.25
1321,Customer_4405,39,Aswan,2022-06-10,0,12498,2022-06-10,Standard,103,Product_103,Home Appliances,326.47,209.11,1,0.0,665,3,326.47,117.36
1517,Customer_4406,36,Giza,2022-02-14,0,11523,2022-02-14,Same Day,118,Product_118,Home Appliances,1235.66,519.05,5,0.0,970,4,6178.3,3583.05
2348,Customer_4407,46,Luxor,2021-12-20,1,13733,2021-12-20,Standard,138,Product_138,Electronics,1007.17,561.3,2,0.0,729,4,2014.34,891.74
2435,Customer_4408,47,Alexandria,2023-01-23,0,13216,2023-01-23,Standard,143,Product_143,Electronics,964.94,600.23,2,0.2,709,3,1543.9,343.44
2341,Customer_4409,37,Alexandria,2022-07-02,0,10906,2022-07-02,Express,103,Product_103,Sports,656.39,310.21,2,0.2,627,7,1050.22,429.8
1680,Customer_4410,41,Aswan,2020-07-26,0,11646,2020-07-26,Same Day,148,Product_148,Home Appliances,624.61,269.25,4,0.2,665,3,1998.75,921.75
2105,Customer_4411,55,Alexandria,2022-09-08,1,13750,2022-09-08,Standard,105,Product_105,Electronics,1050.88,475.72,5,0.05,846,3,4991.68,2613.08
2497,Customer_4412,49,Luxor,2023-03-29,0,11724,2023-03-29,Express,124,Product_124,Electronics,1123.01,737.15,1,0.05,644,5,1066.86,329.71
2491,Customer_4413,41,Aswan,2023-08-26,0,12030,2023-08-26,Same Day,134,Product_134,Sports,789.81,483.15,5,0.05,494,1,3751.6,1335.85
1424,Customer_4414,48,Luxor,2023-11-08,0,13120,2023-11-08,Same Day,147,Product_147,Sports,1455.44,429.515,1,0.1,420,7,1309.9,880.39
2227,Customer_4415,51,Alexandria,2021-04-06,0,12154,2021-04-06,Standard,148,Product_148,Home Appliances,1435.76,882.76,4,0.2,568,5,4594.43,1063.39
2018,Customer_4416,28,Aswan,2020-11-29,1,12140,2020-11-29,Standard,139,Product_139,Clothing,648.02,429.515,5,0.0,1494,1,3240.1,1092.53
1386,Customer_4417,48,Luxor,2022-07-13,0,11659,2022-07-13,Express,148,Product_148,Clothing,1239.9,867.08,2,0.0,721,7,2479.8,745.64
1777,Customer_4418,31,Mansoura,2020-05-30,0,10828,2020-05-30,Same Day,124,Product_124,Home Appliances,837.74,433.5,5,0.0,448,4,4188.7,2021.2
1097,Customer_4419,52,Mansoura,2020-03-09,0,12187,2020-03-09,Same Day,136,Product_136,Clothing,792.05,522.32,4,0.0,590,4,3168.2,1078.92
2368,Customer_4420,37,Luxor,2021-08-26,0,13980,2021-08-26,Standard,128,Product_128,Home Appliances,129.7,69.25,4,0.05,748,4,492.86,215.86
1207,Customer_4421,49,Luxor,2020-11-02,0,11337,2020-11-02,Express,148,Product_148,Home Appliances,882.26,590.52,4,0.1,336,5,3176.14,814.06
1585,Customer_4422,33,Cairo,2021-10-14,1,10010,2021-10-14,Same Day,149,Product_149,Electronics,1355.84,579.59,1,0.0,999,2,1355.84,776.25
1165,Customer_4423,49,Cairo,2021-06-18,0,12495,2021-06-18,Standard,134,Product_134,Clothing,1181.19,534.6,5,0.0,390,4,5905.95,3232.95
1021,Customer_4424,25,Giza,2020-08-02,0,12974,2020-08-02,Same Day,116,Product_116,Home Appliances,1190.16,779.54,2,0.2,908,6,1904.26,345.18
1153,Customer_4425,40,Aswan,2020-05-31,0,12442,2020-05-31,Same Day,136,Product_136,Clothing,281.9,182.05,2,0.0,423,8,563.8,199.7
2462,Customer_4426,54,Giza,2021-12-01,1,11528,2021-12-01,Same Day,107,Product_107,Clothing,569.75,280.11,3,0.0,930,3,1709.25,868.92
2318,Customer_4427,47,Giza,2020-12-14,1,10377,2020-12-14,Express,118,Product_118,Sports,388.15,224.75,4,0.05,796,3,1474.97,575.97
1218,Customer_4428,42,Alexandria,2022-02-07,1,10360,2022-02-07,Express,106,Product_106,Clothing,508.08,261.56,2,0.0,802,2,1016.16,493.04
1668,Customer_4429,67,Mansoura,2020-11-25,1,12730,2020-11-25,Express,128,Product_128,Home Appliances,890.33,358.89,4,0.0,1498,2,3561.32,2125.76
1229,Customer_4430,55,Alexandria,2024-02-08,0,13064,2024-02-08,Express,139,Product_139,Electronics,578.94,429.515,2,0.0,328,4,1157.88,298.85
1019,Customer_4431,52,Aswan,2020-02-06,1,11571,2020-02-06,Same Day,134,Product_134,Clothing,863.01,429.515,5,0.0,930,2,4315.05,2167.48
1552,Customer_4432,49,Luxor,2023-01-25,0,10641,2023-01-25,Express,141,Product_141,Home Appliances,685.83,396.56,3,0.0,402,5,2057.49,867.81
1949,Customer_4433,51,Cairo,2020-07-09,1,13926,2020-07-09,Standard,129,Product_129,Sports,465.59,225.24,4,0.0,918,2,1862.36,961.4
1147,Customer_4434,64,Aswan,2021-11-23,0,10572,2021-11-23,Standard,104,Product_104,Clothing,188.33,83.46,1,0.0,1135,3,188.33,104.87
2131,Customer_4435,33,Luxor,2023-05-01,0,11955,2023-05-01,Standard,114,Product_114,Electronics,1343.17,916.5,1,0.0,611,4,1343.17,426.67
1402,Customer_4436,55,Aswan,2023-06-10,0,13917,2023-06-10,Standard,105,Product_105,Clothing,66.49,29.02,2,0.05,571,3,126.33,68.29
1595,Customer_4437,45,Luxor,2022-09-15,1,13044,2022-09-15,Standard,125,Product_125,Home Appliances,52.4,31.55,5,0.0,839,4,262.0,104.25
1366,Customer_4438,34,Cairo,2023-12-13,0,11584,2023-12-13,Standard,139,Product_139,Clothing,1248.86,834.55,4,0.0,385,2,4995.44,1657.24
2437,Customer_4439,38,Luxor,2020-03-04,0,10922,2020-03-04,Same Day,108,Product_108,Clothing,1495.38,671.65,3,0.0,432,5,4486.14,2471.19
2332,Customer_4440,43,Giza,2022-06-02,0,12443,2022-06-02,Express,115,Product_115,Sports,1104.3,512.86,5,0.0,789,4,5521.5,2957.2
1801,Customer_4441,27,Aswan,2023-08-31,0,12233,2023-08-31,Standard,119,Product_119,Clothing,72.15,41.28,2,0.0,365,6,144.3,61.74
1917,Customer_4442,52,Cairo,2020-12-03,0,13292,2020-12-03,Standard,111,Product_111,Electronics,378.7,209.24,5,0.0,1007,4,1893.5,847.3
2157,Customer_4443,38,Luxor,2023-05-28,0,11541,2023-05-28,Express,120,Product_120,Clothing,1459.14,811.73,3,0.2,433,3,3501.94,1066.75
2306,Customer_4444,41,Giza,2022-08-06,0,13371,2022-08-06,Express,136,Product_136,Sports,1222.48,429.515,5,0.2,594,6,4889.92,2742.34
1072,Customer_4445,60,Giza,2020-11-17,0,13246,2020-11-17,Same Day,118,Product_118,Home Appliances,871.86,597.2,4,0.0,514,7,3487.44,1098.64
1480,Customer_4446,41,Mansoura,2020-04-19,0,11814,2020-04-19,Standard,114,Product_114,Clothing,393.45,163.73,2,0.0,744,3,786.9,459.44
2375,Customer_4447,63,Giza,2020-07-26,0,12418,2020-07-26,Standard,138,Product_138,Clothing,70.84,44.5,3,0.0,370,5,212.52,79.02
1559,Customer_4448,32,Alexandria,2021-11-09,0,11889,2021-11-09,Standard,125,Product_125,Sports,80.25,37.7,2,0.0,809,7,160.5,85.1
2349,Customer_4449,23,Cairo,2021-02-24,1,13580,2021-02-24,Same Day,116,Product_116,Sports,937.37,480.03,4,0.05,535,5,3562.01,1641.89
1744,Customer_4450,35,Cairo,2021-01-24,0,11899,2021-01-24,Express,118,Product_118,Sports,81.66,34.85,3,0.0,528,2,244.98,140.43
2466,Customer_4451,41,Cairo,2022-04-18,0,11227,2022-04-18,Same Day,101,Product_101,Clothing,1490.76,795.6,3,0.1,657,5,4025.05,1638.25
1099,Customer_4452,53,Luxor,2023-11-28,0,12655,2023-11-28,Same Day,140,Product_140,Electronics,315.91,202.58,2,0.2,400,2,505.46,100.3
2082,Customer_4453,24,Aswan,2023-08-02,0,12329,2023-08-02,Standard,101,Product_101,Sports,1080.53,464.22,5,0.0,398,8,5402.65,3081.55
1507,Customer_4454,30,Luxor,2024-01-18,0,13718,2024-01-18,Express,101,Product_101,Home Appliances,274.84,132.66,5,0.0,349,4,1374.2,710.9
1257,Customer_4455,50,Alexandria,2024-02-03,0,11439,2024-02-03,Standard,121,Product_121,Clothing,833.14,426.5,1,0.0,333,3,833.14,406.64
1412,Customer_4456,41,Aswan,2023-01-11,0,11056,2023-01-11,Same Day,125,Product_125,Home Appliances,166.89,71.96,1,0.0,721,3,166.89,94.93
2475,Customer_4457,33,Giza,2021-06-27,0,12129,2021-06-27,Same Day,127,Product_127,Home Appliances,1161.83,730.44,3,0.2,1041,5,2788.39,597.07
2088,Customer_4458,9,Luxor,2023-09-14,0,11506,2023-09-14,Express,110,Product_110,Electronics,898.14,571.29,2,0.0,339,6,1796.28,653.7
1594,Customer_4459,59,Aswan,2021-07-30,0,12195,2021-07-30,Express,112,Product_112,Home Appliances,174.94,113.85,3,0.0,975,3,524.82,183.27
2177,Customer_4460,50,Giza,2021-01-09,0,11630,2021-01-09,Express,128,Product_128,Sports,1280.45,736.47,2,0.05,666,6,2432.86,959.92
1265,Customer_4461,70,Aswan,2021-05-01,1,10964,2021-05-01,Standard,149,Product_149,Sports,843.18,465.58,4,0.0,980,3,3372.72,1510.4
1820,Customer_4462,31,Giza,2020-07-15,0,10991,2020-07-15,Same Day,132,Product_132,Clothing,1386.31,663.72,1,0.0,501,6,1386.31,722.59
2102,Customer_4463,18,Aswan,2020-11-04,1,12995,2020-11-04,Express,133,Product_133,Electronics,1379.1,822.7,3,0.0,1156,3,4137.3,1669.2
2338,Customer_4464,54,Luxor,2022-03-15,0,10494,2022-03-15,Express,108,Product_108,Electronics,1384.74,738.58,4,0.0,750,2,5538.96,2584.64
1661,Customer_4465,41,Luxor,2023-03-16,0,11193,2023-03-16,Express,142,Product_142,Home Appliances,162.79,112.53,5,0.0,356,10,813.95,251.3
1946,Customer_4466,49,Alexandria,2023-01-30,0,12770,2023-01-30,Standard,126,Product_126,Electronics,225.39,155.62,1,0.0,380,9,225.39,69.77
1559,Customer_4467,64,Mansoura,2022-10-02,0,13968,2022-10-02,Standard,142,Product_142,Home Appliances,1482.17,995.37,2,0.0,809,7,2964.34,973.6
1916,Customer_4468,45,Cairo,2020-11-10,0,10702,2020-11-10,Standard,141,Product_141,Home Appliances,757.02,384.59,5,0.0,1265,6,3785.1,1862.15
1890,Customer_4469,42,Luxor,2020-04-21,0,11030,2020-04-21,Standard,102,Product_102,Electronics,395.41,201.81,5,0.0,830,6,1977.05,968.0
2271,Customer_4470,43,Luxor,2022-01-08,0,11403,2022-01-08,Express,135,Product_135,Clothing,1166.01,764.67,4,0.2,811,4,3731.23,672.55
1867,Customer_4471,15,Giza,2020-08-01,1,10825,2020-08-01,Same Day,134,Product_134,Home Appliances,433.21,268.04,3,0.0,723,4,1299.63,495.51
1609,Customer_4472,56,Mansoura,2022-05-25,0,13925,2022-05-25,Same Day,106,Product_106,Sports,1104.46,675.17,3,0.0,351,5,3313.38,1287.87
1413,Customer_4473,57,Luxor,2020-06-28,0,12481,2020-06-28,Express,131,Product_131,Sports,1264.06,611.66,4,0.2,948,7,4044.99,1598.35
1024,Customer_4474,47,Aswan,2021-08-26,0,11057,2021-08-26,Same Day,123,Product_123,Electronics,1187.18,771.67,5,0.2,426,6,4748.72,890.37
1283,Customer_4475,17,Mansoura,2023-09-17,1,10562,2023-09-17,Standard,112,Product_112,Electronics,447.37,256.71,1,0.1,472,3,402.63,145.92
2472,Customer_4476,38,Cairo,2023-04-07,1,13703,2023-04-07,Standard,128,Product_128,Home Appliances,632.35,337.71,5,0.0,547,3,3161.75,1473.2
1880,Customer_4477,61,Aswan,2023-05-14,0,12185,2023-05-14,Standard,115,Product_115,Home Appliances,649.21,428.24,4,0.0,598,10,2596.84,883.88
1300,Customer_4478,31,Giza,2022-09-10,1,10366,2022-09-10,Express,119,Product_119,Sports,762.35,395.1,5,0.0,844,2,3811.75,1836.25
2091,Customer_4479,57,Alexandria,2021-02-12,1,12153,2021-02-12,Standard,112,Product_112,Home Appliances,292.69,174.5,5,0.1,1360,3,1317.1,444.6
2030,Customer_4480,40,Aswan,2020-07-17,0,10793,2020-07-17,Standard,148,Product_148,Sports,706.08,381.12,5,0.0,441,5,3530.4,1624.8
1816,Customer_4481,50,Cairo,2020-02-22,0,13103,2020-02-22,Standard,102,Product_102,Home Appliances,790.64,456.85,5,0.0,550,6,3953.2,1668.95
2160,Customer_4482,33,Aswan,2021-02-27,0,10635,2021-02-27,Same Day,111,Product_111,Clothing,820.98,338.38,1,0.0,447,4,820.98,482.6
2187,Customer_4483,41,Mansoura,2020-12-15,1,11705,2020-12-15,Express,144,Product_144,Clothing,1238.86,666.92,2,0.0,769,3,2477.72,1143.88
1082,Customer_4484,46,Mansoura,2023-07-31,0,10986,2023-07-31,Express,137,Product_137,Sports,800.14,453.64,2,0.0,520,5,1600.28,693.0
2443,Customer_4485,23,Cairo,2021-08-20,1,10957,2021-08-20,Express,138,Product_138,Clothing,384.64,210.71,3,0.1,1212,4,1038.53,406.4
2096,Customer_4486,44,Mansoura,2020-06-16,0,13595,2020-06-16,Same Day,125,Product_125,Clothing,1011.54,661.77,2,0.05,454,6,1921.93,598.39
2260,Customer_4487,0,Aswan,2022-08-27,1,13239,2022-08-27,Standard,143,Product_143,Electronics,1206.11,595.02,2,0.0,799,4,2412.22,1222.18
1045,Customer_4488,30,Alexandria,2020-08-24,1,10854,2020-08-24,Express,121,Product_121,Home Appliances,513.09,341.32,2,0.1,1591,1,923.56,240.92
1617,Customer_4489,48,Aswan,2021-09-23,0,12125,2021-09-23,Express,142,Product_142,Electronics,985.69,513.58,5,0.0,1069,4,4928.45,2360.55
1927,Customer_4490,56,Alexandria,2022-03-25,1,11569,2022-03-25,Standard,136,Product_136,Sports,263.06,160.03,5,0.0,1013,3,1315.3,515.15
1261,Customer_4491,47,Mansoura,2022-08-22,0,12256,2022-08-22,Standard,109,Product_109,Electronics,545.79,232.52,1,0.0,819,5,545.79,313.27
1175,Customer_4492,19,Aswan,2022-09-28,1,13909,2022-09-28,Same Day,112,Product_112,Sports,1368.37,629.51,5,0.0,826,1,6841.85,3694.3
2189,Customer_4493,55,Mansoura,2023-09-15,0,11434,2023-09-15,Express,110,Product_110,Clothing,1371.4,861.72,5,0.0,376,3,6857.0,2548.4
1656,Customer_4494,22,Alexandria,2021-06-26,1,10007,2021-06-26,Express,146,Product_146,Electronics,884.22,356.96,2,0.0,1285,4,1768.44,1054.52
1841,Customer_4495,49,Mansoura,2020-05-07,0,10736,2020-05-07,Express,105,Product_105,Clothing,1068.41,737.8,1,0.2,403,4,854.73,116.93
1369,Customer_4496,23,Luxor,2023-08-07,0,12274,2023-08-07,Same Day,133,Product_133,Home Appliances,1288.32,589.01,1,0.2,382,3,1030.66,441.65
1053,Customer_4497,28,Giza,2023-01-19,0,12222,2023-01-19,Express,105,Product_105,Clothing,1439.9,965.3,2,0.0,535,5,2879.8,949.2
1689,Customer_4498,25,Aswan,2022-04-03,0,10080,2022-04-03,Express,116,Product_116,Home Appliances,760.34,421.82,2,0.0,679,7,1520.68,677.04
2442,Customer_4499,42,Luxor,2021-01-13,0,13865,2021-01-13,Express,137,Product_137,Clothing,864.28,492.1,1,0.0,615,5,864.28,372.18
2364,Customer_4500,37,Mansoura,2022-01-29,1,13128,2022-01-29,Same Day,137,Product_137,Electronics,652.68,277.55,4,0.0,656,3,2610.72,1500.52
2150,Customer_4501,47,Mansoura,2022-02-20,0,11158,2022-02-20,Express,129,Product_129,Electronics,154.37,78.66,2,0.0,696,7,308.74,151.42
2432,Customer_4502,39,Giza,2022-01-26,0,10237,2022-01-26,Express,118,Product_118,Clothing,663.07,296.3,2,0.0,406,3,1326.14,733.54
1366,Customer_4503,17,Mansoura,2021-01-17,0,11495,2021-01-17,Same Day,129,Product_129,Sports,1196.41,667.33,1,0.0,385,2,1196.41,529.08
2294,Customer_4504,44,Giza,2022-07-01,0,13288,2022-07-01,Express,106,Product_106,Sports,1217.08,687.92,4,0.0,673,5,4868.32,2116.64
1643,Customer_4505,13,Aswan,2020-01-04,1,13810,2020-01-04,Standard,118,Product_118,Home Appliances,1343.95,823.71,4,0.0,863,4,5375.8,2080.96
1378,Customer_4506,26,Alexandria,2021-06-23,1,11049,2021-06-23,Same Day,132,Product_132,Home Appliances,124.63,82.69,3,0.05,805,3,355.2,107.13
1072,Customer_4507,34,Giza,2022-06-19,0,10186,2022-06-19,Standard,142,Product_142,Clothing,814.37,440.13,4,0.05,514,7,3094.61,1334.09
1914,Customer_4508,41,Giza,2022-10-08,1,11905,2022-10-08,Standard,147,Product_147,Electronics,205.77,96.71,2,0.0,514,4,411.54,218.12
2271,Customer_4509,15,Luxor,2021-06-23,0,10629,2021-06-23,Express,131,Product_131,Home Appliances,341.08,170.56,5,0.0,811,4,1705.4,852.6
1859,Customer_4510,60,Mansoura,2021-08-04,1,11732,2021-08-04,Express,111,Product_111,Clothing,1355.31,886.54,1,0.2,635,3,1084.25,197.71
1042,Customer_4511,64,Aswan,2021-04-07,0,13187,2021-04-07,Express,126,Product_126,Home Appliances,770.35,341.85,2,0.0,359,7,1540.7,857.0
1376,Customer_4512,73,Alexandria,2023-03-01,1,13061,2023-03-01,Same Day,128,Product_128,Electronics,1149.89,676.34,1,0.0,672,2,1149.89,473.55
2064,Customer_4513,57,Cairo,2020-06-05,0,10814,2020-06-05,Same Day,127,Product_127,Home Appliances,143.36,57.91,4,0.0,400,5,573.44,341.8
1169,Customer_4514,34,Giza,2020-05-11,0,10613,2020-05-11,Same Day,119,Product_119,Clothing,654.4,309.99,1,0.0,767,5,654.4,344.41
1211,Customer_4515,33,Cairo,2023-11-27,0,12939,2023-11-27,Standard,145,Product_145,Home Appliances,1027.65,593.39,2,0.0,401,2,2055.3,868.52
1038,Customer_4516,32,Mansoura,2023-09-28,0,11186,2023-09-28,Same Day,127,Product_127,Sports,243.44,130.71,5,0.0,461,5,1217.2,563.65
1368,Customer_4517,69,Giza,2020-07-17,1,13485,2020-07-17,Same Day,120,Product_120,Home Appliances,522.44,286.33,2,0.0,1560,3,1044.88,472.22
1756,Customer_4518,38,Cairo,2020-06-24,0,12225,2020-06-24,Express,103,Product_103,Electronics,143.59,85.89,3,0.05,611,2,409.23,151.56
1150,Customer_4519,59,Luxor,2023-09-30,0,10984,2023-09-30,Standard,116,Product_116,Electronics,994.44,467.76,1,0.0,459,4,994.44,526.68
2134,Customer_4520,57,Cairo,2021-05-12,0,12327,2021-05-12,Same Day,139,Product_139,Electronics,1457.79,705.92,2,0.0,631,4,2915.58,1503.74
2459,Customer_4521,41,Luxor,2023-01-13,0,10797,2023-01-13,Express,144,Product_144,Electronics,1249.22,756.2,4,0.0,661,6,4996.88,1972.08
2070,Customer_4522,18,Alexandria,2022-04-27,0,13283,2022-04-27,Express,129,Product_129,Clothing,1463.2,821.57,4,0.0,367,6,5852.8,2566.52
2023,Customer_4523,38,Mansoura,2023-04-22,0,11077,2023-04-22,Same Day,115,Product_115,Home Appliances,1276.13,516.04,2,0.0,599,3,2552.26,1520.18
1736,Customer_4524,42,Aswan,2021-04-10,1,10066,2021-04-10,Standard,130,Product_130,Home Appliances,1290.03,775.43,3,0.0,1362,2,3870.09,1543.8
2389,Customer_4525,59,Cairo,2023-07-02,0,10543,2023-07-02,Standard,140,Product_140,Home Appliances,886.91,519.75,1,0.0,694,3,886.91,367.16
1068,Customer_4526,40,Giza,2020-04-05,0,11786,2020-04-05,Same Day,149,Product_149,Home Appliances,801.47,339.49,3,0.0,383,5,2404.41,1385.94
1298,Customer_4527,21,Mansoura,2022-03-03,1,10519,2022-03-03,Same Day,101,Product_101,Clothing,639.07,398.94,5,0.05,371,2,3035.58,1040.88
1943,Customer_4528,54,Cairo,2022-12-06,0,12546,2022-12-06,Same Day,129,Product_129,Electronics,1236.24,688.13,2,0.05,378,5,2348.86,972.6
1801,Customer_4529,36,Giza,2022-07-05,0,10945,2022-07-05,Standard,130,Product_130,Home Appliances,314.0,144.89,3,0.0,365,6,942.0,507.33
1295,Customer_4530,1,Giza,2023-01-01,0,11454,2023-01-01,Standard,140,Product_140,Home Appliances,131.53,74.68,5,0.0,334,5,657.65,284.25
1202,Customer_4531,44,Aswan,2023-08-11,0,12774,2023-08-11,Express,146,Product_146,Electronics,1424.45,824.24,3,0.2,420,4,3418.68,945.96
1060,Customer_4532,47,Aswan,2022-08-30,0,13117,2022-08-30,Express,132,Product_132,Sports,55.48,429.515,5,0.0,688,6,277.4,-1870.17
1945,Customer_4533,27,Giza,2023-03-18,0,13663,2023-03-18,Standard,110,Product_110,Sports,1466.4,913.04,4,0.2,430,5,4692.48,1040.32
1962,Customer_4534,37,Aswan,2021-04-27,0,11058,2021-04-27,Express,127,Product_127,Electronics,1106.84,429.515,4,0.0,581,4,4427.36,2709.3
2337,Customer_4535,49,Giza,2022-09-02,0,12236,2022-09-02,Standard,108,Product_108,Home Appliances,526.32,229.18,2,0.0,388,7,1052.64,594.28
2184,Customer_4536,44,Cairo,2021-09-04,0,11112,2021-09-04,Express,136,Product_136,Electronics,1061.84,696.52,3,0.0,338,9,3185.52,1095.96
1330,Customer_4537,16,Alexandria,2020-06-10,0,13406,2020-06-10,Same Day,142,Product_142,Home Appliances,1235.92,808.07,4,0.05,463,6,4696.5,1464.22
1337,Customer_4538,58,Aswan,2022-03-19,0,10946,2022-03-19,Standard,135,Product_135,Home Appliances,405.77,183.65,1,0.0,352,8,405.77,222.12
2327,Customer_4539,65,Luxor,2024-01-02,0,10135,2024-01-02,Express,136,Product_136,Sports,1167.8,488.89,4,0.05,365,7,4437.64,2482.08
2361,Customer_4540,32,Luxor,2020-03-12,1,12593,2020-03-12,Same Day,148,Product_148,Sports,1216.34,746.3,4,0.1,1756,1,4378.82,1393.62
1638,Customer_4541,11,Luxor,2022-10-25,0,10792,2022-10-25,Express,136,Product_136,Home Appliances,411.56,253.84,3,0.0,753,4,1234.68,473.16
1274,Customer_4542,51,Alexandria,2023-03-15,1,11136,2023-03-15,Express,125,Product_125,Home Appliances,110.79,50.2,5,0.0,658,2,553.95,302.95
2187,Customer_4543,29,Giza,2022-11-24,1,13243,2022-11-24,Same Day,120,Product_120,Home Appliances,345.98,207.75,1,0.0,769,3,345.98,138.23
2466,Customer_4544,48,Giza,2023-03-16,0,11362,2023-03-16,Same Day,145,Product_145,Sports,340.94,429.515,1,0.0,657,5,340.94,-88.57
1318,Customer_4545,73,Mansoura,2023-10-19,0,10554,2023-10-19,Standard,117,Product_117,Home Appliances,144.6,69.15,5,0.1,440,1,650.7,304.95
1588,Customer_4546,16,Luxor,2023-06-24,0,12941,2023-06-24,Express,123,Product_123,Electronics,1102.71,548.44,3,0.0,397,5,3308.13,1662.81
1503,Customer_4547,28,Luxor,2020-10-28,1,10945,2020-10-28,Same Day,125,Product_125,Clothing,600.96,334.21,4,0.0,827,5,2403.84,1067.0
1386,Customer_4548,37,Giza,2020-03-09,0,12572,2020-03-09,Express,148,Product_148,Clothing,1332.36,429.515,5,0.0,721,7,6661.8,4514.23
1869,Customer_4549,59,Luxor,2022-08-07,1,12221,2022-08-07,Same Day,149,Product_149,Home Appliances,415.65,228.44,1,0.1,908,2,374.08,145.64
1832,Customer_4550,93,Giza,2020-12-20,0,12684,2020-12-20,Standard,131,Product_131,Electronics,707.19,346.11,1,0.0,481,6,707.19,361.08
2014,Customer_4551,43,Giza,2020-08-12,0,13403,2020-08-12,Same Day,106,Product_106,Home Appliances,976.58,649.61,4,0.2,434,8,3125.06,526.62
1602,Customer_4552,15,Aswan,2021-03-09,1,12254,2021-03-09,Express,135,Product_135,Electronics,1322.32,550.78,4,0.05,1394,1,5024.82,2821.7
1690,Customer_4553,34,Giza,2021-01-29,1,11366,2021-01-29,Express,104,Product_104,Sports,810.7,518.14,2,0.1,1108,4,1459.26,422.98
1493,Customer_4554,28,Cairo,2020-09-15,0,10948,2020-09-15,Standard,140,Product_140,Sports,591.61,375.86,5,0.0,344,5,2958.05,1078.75
1489,Customer_4555,50,Cairo,2020-03-28,0,10103,2020-03-28,Standard,120,Product_120,Home Appliances,1307.17,429.515,4,0.0,338,6,5228.68,3510.62
1720,Customer_4556,45,Cairo,2022-05-17,0,13713,2022-05-17,Same Day,141,Product_141,Sports,499.86,229.68,2,0.0,579,4,999.72,540.36
2096,Customer_4557,24,Cairo,2020-09-06,0,13111,2020-09-06,Same Day,101,Product_101,Home Appliances,165.16,109.4,3,0.0,454,6,495.48,167.28
1508,Customer_4558,27,Alexandria,2023-10-31,0,11046,2023-10-31,Express,145,Product_145,Clothing,695.31,394.7,1,0.05,428,6,660.54,265.84
1389,Customer_4559,34,Mansoura,2022-10-06,0,13323,2022-10-06,Same Day,126,Product_126,Electronics,1188.39,491.76,5,0.0,789,5,5941.95,3483.15
1294,Customer_4560,36,Mansoura,2021-02-17,0,11860,2021-02-17,Standard,134,Product_134,Electronics,94.63,63.14,3,0.0,511,5,283.89,94.47
2392,Customer_4561,39,Giza,2023-08-07,0,12337,2023-08-07,Same Day,110,Product_110,Clothing,899.53,453.99,5,0.0,543,5,4497.65,2227.7
1795,Customer_4562,40,Luxor,2020-10-29,1,13273,2020-10-29,Standard,123,Product_123,Clothing,911.97,458.4,5,0.0,1462,3,4559.85,2267.85
1864,Customer_4563,58,Cairo,2023-05-03,0,13226,2023-05-03,Express,149,Product_149,Clothing,1396.39,828.04,4,0.0,609,3,5585.56,2273.4
1548,Customer_4564,34,Mansoura,2021-06-12,1,12614,2021-06-12,Same Day,124,Product_124,Clothing,465.37,429.515,2,0.0,1299,2,930.74,71.71
1648,Customer_4565,31,Mansoura,2021-10-16,0,13177,2021-10-16,Standard,113,Product_113,Sports,454.31,229.88,5,0.0,504,4,2271.55,1122.15
1567,Customer_4566,19,Cairo,2024-01-29,0,13331,2024-01-29,Same Day,129,Product_129,Electronics,688.7,429.515,3,0.0,338,1,2066.1,777.55
2210,Customer_4567,36,Alexandria,2020-05-17,1,10963,2020-05-17,Standard,146,Product_146,Electronics,567.53,321.04,5,0.0,1690,1,2837.65,1232.45
1852,Customer_4568,43,Alexandria,2020-06-27,1,13271,2020-06-27,Standard,127,Product_127,Clothing,1117.7,656.71,2,0.0,379,5,2235.4,921.98
1769,Customer_4569,14,Mansoura,2022-05-03,0,10837,2022-05-03,Standard,131,Product_131,Home Appliances,980.54,645.26,1,0.0,654,7,980.54,335.28
1444,Customer_4570,34,Alexandria,2023-02-13,0,13288,2023-02-13,Same Day,143,Product_143,Home Appliances,1150.44,627.37,5,0.1,688,7,5176.98,2040.13
1362,Customer_4571,57,Aswan,2022-03-24,1,12458,2022-03-24,Standard,110,Product_110,Home Appliances,1239.06,735.64,3,0.05,399,7,3531.32,1324.4
1122,Customer_4572,49,Cairo,2023-02-04,1,11582,2023-02-04,Same Day,131,Product_131,Home Appliances,1388.32,577.99,1,0.0,697,2,1388.32,810.33
2211,Customer_4573,45,Mansoura,2021-10-29,0,10881,2021-10-29,Standard,139,Product_139,Sports,674.86,451.05,1,0.0,372,5,674.86,223.81
1741,Customer_4574,49,Cairo,2021-07-19,0,13188,2021-07-19,Standard,110,Product_110,Electronics,1477.81,736.19,4,0.0,382,2,5911.24,2966.48
1679,Customer_4575,31,Alexandria,2022-11-30,1,12933,2022-11-30,Same Day,124,Product_124,Electronics,362.71,213.88,4,0.1,570,3,1305.76,450.24
1419,Customer_4576,29,Cairo,2022-07-27,0,10423,2022-07-27,Same Day,133,Product_133,Electronics,1085.83,732.73,5,0.05,401,8,5157.69,1494.04
2275,Customer_4577,59,Alexandria,2020-01-26,0,13283,2020-01-26,Same Day,114,Product_114,Home Appliances,824.31,530.16,3,0.0,552,5,2472.93,882.45
2358,Customer_4578,52,Alexandria,2023-12-05,0,12202,2023-12-05,Express,135,Product_135,Clothing,1234.51,729.98,4,0.2,330,4,3950.43,1030.51
1091,Customer_4579,28,Cairo,2023-06-30,0,13334,2023-06-30,Express,145,Product_145,Home Appliances,741.32,453.01,2,0.0,551,6,1482.64,576.62
1062,Customer_4580,11,Alexandria,2023-04-18,1,13578,2023-04-18,Express,134,Product_134,Electronics,1186.71,802.54,2,0.0,624,3,2373.42,768.34
1511,Customer_4581,29,Aswan,2022-06-12,0,12198,2022-06-12,Standard,117,Product_117,Home Appliances,1398.74,900.27,1,0.2,387,2,1118.99,218.72
2162,Customer_4582,48,Giza,2022-05-09,1,10211,2022-05-09,Standard,121,Product_121,Clothing,1111.83,648.15,1,0.0,327,3,1111.83,463.68
2208,Customer_4583,30,Cairo,2020-08-18,0,11215,2020-08-18,Standard,132,Product_132,Clothing,1175.34,702.4,1,0.0,536,3,1175.34,472.94
2228,Customer_4584,44,Giza,2022-04-28,0,10880,2022-04-28,Same Day,103,Product_103,Home Appliances,147.4,65.47,2,0.05,851,3,280.06,149.12
1771,Customer_4585,61,Cairo,2020-11-02,0,10754,2020-11-02,Express,115,Product_115,Electronics,347.19,187.85,4,0.0,623,4,1388.76,637.36
2237,Customer_4586,38,Alexandria,2020-10-30,0,11121,2020-10-30,Standard,108,Product_108,Sports,1462.74,717.18,4,0.1,391,3,5265.86,2397.14
1255,Customer_4587,43,Alexandria,2023-06-03,1,12588,2023-06-03,Same Day,132,Product_132,Electronics,1055.12,558.78,5,0.0,667,3,5275.6,2481.7
1134,Customer_4588,50,Mansoura,2023-04-19,0,10700,2023-04-19,Express,138,Product_138,Sports,864.1,517.31,3,0.0,623,2,2592.3,1040.37
1874,Customer_4589,23,Aswan,2023-04-08,0,12219,2023-04-08,Express,126,Product_126,Electronics,582.12,258.9,2,0.0,634,2,1164.24,646.44
1821,Customer_4590,28,Mansoura,2020-07-24,0,10370,2020-07-24,Same Day,130,Product_130,Home Appliances,114.36,46.34,1,0.0,673,7,114.36,68.02
1087,Customer_4591,50,Giza,2020-08-04,0,11732,2020-08-04,Standard,109,Product_109,Sports,585.25,303.79,3,0.1,460,3,1580.18,668.81
1987,Customer_4592,40,Alexandria,2023-02-26,0,13226,2023-02-26,Express,132,Product_132,Electronics,773.42,384.12,1,0.05,558,6,734.75,350.63
2230,Customer_4593,41,Mansoura,2020-07-25,0,11163,2020-07-25,Standard,111,Product_111,Home Appliances,356.62,187.63,3,0.0,526,7,1069.86,506.97
2152,Customer_4594,40,Alexandria,2021-08-08,0,10912,2021-08-08,Standard,122,Product_122,Electronics,301.05,204.52,3,0.0,442,6,903.15,289.59
1822,Customer_4595,54,Cairo,2023-01-01,1,11828,2023-01-01,Standard,134,Product_134,Clothing,787.2,481.86,4,0.05,423,5,2991.36,1063.92
2026,Customer_4596,46,Mansoura,2021-05-12,1,10801,2021-05-12,Standard,141,Product_141,Clothing,899.56,448.19,5,0.1,1123,4,4048.02,1807.07
1973,Customer_4597,46,Giza,2022-04-21,0,12303,2022-04-21,Standard,118,Product_118,Electronics,397.88,180.55,5,0.05,548,6,1889.93,987.18
1933,Customer_4598,58,Mansoura,2021-06-24,0,10989,2021-06-24,Standard,119,Product_119,Home Appliances,901.71,429.515,1,0.0,529,6,901.71,472.2
1120,Customer_4599,64,Alexandria,2022-02-23,1,10675,2022-02-23,Standard,118,Product_118,Electronics,1355.49,809.6,2,0.0,1043,1,2710.98,1091.78
2408,Customer_4600,73,Luxor,2023-03-09,0,13717,2023-03-09,Same Day,137,Product_137,Home Appliances,736.1,401.24,5,0.1,456,5,3312.45,1306.25
2061,Customer_4601,31,Luxor,2022-09-21,1,12911,2022-09-21,Standard,118,Product_118,Sports,1293.22,599.83,2,0.05,700,2,2457.12,1257.46
2364,Customer_4602,77,Aswan,2023-03-17,1,10415,2023-03-17,Standard,112,Product_112,Clothing,1394.54,569.76,1,0.0,656,3,1394.54,824.78
2007,Customer_4603,23,Alexandria,2023-06-01,0,12376,2023-06-01,Express,104,Product_104,Sports,183.97,88.25,2,0.0,580,5,367.94,191.44
1924,Customer_4604,69,Cairo,2022-08-26,0,13449,2022-08-26,Express,147,Product_147,Home Appliances,188.93,101.48,3,0.0,375,6,566.79,262.35
1644,Customer_4605,30,Mansoura,2020-03-17,0,12965,2020-03-17,Standard,143,Product_143,Electronics,740.26,471.09,3,0.1,754,3,1998.7,585.43
1713,Customer_4606,38,Luxor,2020-12-18,0,13337,2020-12-18,Express,127,Product_127,Clothing,902.75,592.32,1,0.05,522,8,857.61,265.29
1859,Customer_4607,40,Cairo,2021-07-18,1,13612,2021-07-18,Same Day,105,Product_105,Home Appliances,667.53,349.71,2,0.1,635,3,1201.55,502.13
1020,Customer_4608,26,Alexandria,2022-05-04,0,11162,2022-05-04,Same Day,106,Product_106,Home Appliances,523.35,334.34,2,0.0,534,7,1046.7,378.02
1241,Customer_4609,41,Cairo,2020-10-21,0,13931,2020-10-21,Same Day,113,Product_113,Clothing,979.44,683.65,1,0.0,482,7,979.44,295.79
1454,Customer_4610,27,Alexandria,2023-06-20,0,10961,2023-06-20,Express,123,Product_123,Electronics,53.02,32.61,5,0.1,561,7,238.59,75.54
1962,Customer_4611,21,Aswan,2023-05-31,0,12871,2023-05-31,Same Day,142,Product_142,Clothing,1453.71,899.24,4,0.0,581,4,5814.84,2217.88
1620,Customer_4612,41,Mansoura,2023-10-26,0,11620,2023-10-26,Same Day,125,Product_125,Electronics,386.51,260.07,5,0.0,433,3,1932.55,632.2
1302,Customer_4613,63,Cairo,2023-11-21,0,11535,2023-11-21,Express,146,Product_146,Electronics,1379.79,691.89,4,0.0,407,4,5519.16,2751.6
1802,Customer_4614,36,Mansoura,2022-04-02,1,10248,2022-04-02,Standard,104,Product_104,Home Appliances,208.07,83.93,2,0.2,1005,3,332.91,165.05
1963,Customer_4615,54,Cairo,2020-03-20,0,11886,2020-03-20,Standard,132,Product_132,Electronics,395.23,275.12,4,0.0,772,4,1580.92,480.44
1068,Customer_4616,27,Alexandria,2022-03-21,0,13897,2022-03-21,Standard,144,Product_144,Electronics,390.57,213.7,4,0.0,383,5,1562.28,707.48
2152,Customer_4617,41,Alexandria,2021-11-09,0,12792,2021-11-09,Express,115,Product_115,Clothing,1494.42,950.01,2,0.0,442,6,2988.84,1088.82
1195,Customer_4618,46,Cairo,2023-11-15,0,12355,2023-11-15,Standard,126,Product_126,Clothing,56.67,36.48,3,0.0,413,4,170.01,60.57
1139,Customer_4619,66,Aswan,2021-01-05,1,10572,2021-01-05,Same Day,142,Product_142,Electronics,977.48,507.56,4,0.0,1176,3,3909.92,1879.68
2467,Customer_4620,43,Alexandria,2020-10-04,1,11808,2020-10-04,Standard,111,Product_111,Home Appliances,1311.05,737.31,1,0.0,1423,2,1311.05,573.74
1282,Customer_4621,52,Giza,2022-08-31,0,13290,2022-08-31,Same Day,109,Product_109,Clothing,1024.8,575.91,5,0.1,404,5,4611.6,1732.05
1311,Customer_4622,62,Giza,2021-04-07,0,10797,2021-04-07,Standard,111,Product_111,Sports,575.96,268.43,2,0.0,867,3,1151.92,615.06
1745,Customer_4623,39,Mansoura,2022-01-02,0,11000,2022-01-02,Standard,102,Product_102,Home Appliances,1439.55,626.62,2,0.0,361,3,2879.1,1625.86
1276,Customer_4624,37,Giza,2020-02-11,0,10760,2020-02-11,Standard,145,Product_145,Clothing,1345.61,757.67,4,0.1,391,8,4844.2,1813.52
1060,Customer_4625,47,Giza,2021-11-22,0,13655,2021-11-22,Express,127,Product_127,Clothing,679.23,296.17,3,0.0,688,6,2037.69,1149.18
2342,Customer_4626,49,Aswan,2021-12-09,0,10292,2021-12-09,Standard,126,Product_126,Sports,881.33,444.04,3,0.0,334,4,2643.99,1311.87
1051,Customer_4627,19,Aswan,2021-09-28,1,13972,2021-09-28,Same Day,108,Product_108,Electronics,1452.9,662.27,5,0.0,1191,1,7264.5,3953.15
1152,Customer_4628,44,Luxor,2021-07-28,1,12457,2021-07-28,Same Day,121,Product_121,Clothing,1474.71,902.63,5,0.05,1253,3,7004.87,2491.72
2334,Customer_4629,39,Luxor,2022-10-03,0,10197,2022-10-03,Standard,121,Product_121,Sports,702.24,464.6,3,0.05,821,2,2001.38,607.58
1543,Customer_4630,28,Aswan,2023-11-26,0,10079,2023-11-26,Express,108,Product_108,Sports,1278.66,733.15,3,0.0,402,3,3835.98,1636.53
1566,Customer_4631,38,Luxor,2023-11-03,0,11408,2023-11-03,Standard,101,Product_101,Clothing,487.87,255.18,3,0.0,383,3,1463.61,698.07
2412,Customer_4632,22,Aswan,2020-07-20,1,10136,2020-07-20,Standard,138,Product_138,Home Appliances,589.13,429.515,4,0.1,1626,1,2120.87,402.81
1621,Customer_4633,17,Luxor,2021-11-04,1,10212,2021-11-04,Same Day,113,Product_113,Clothing,288.99,117.43,1,0.0,1361,1,288.99,171.56
2200,Customer_4634,41,Alexandria,2020-02-10,1,11862,2020-02-10,Express,109,Product_109,Sports,353.32,173.59,5,0.05,1552,1,1678.27,810.32
2385,Customer_4635,53,Aswan,2021-07-09,0,10618,2021-07-09,Same Day,128,Product_128,Clothing,1002.47,484.8,2,0.0,693,2,2004.94,1035.34
1313,Customer_4636,34,Mansoura,2022-06-26,0,10959,2022-06-26,Express,106,Product_106,Home Appliances,790.63,400.74,3,0.0,742,5,2371.89,1169.67
1806,Customer_4637,25,Mansoura,2021-10-19,0,13278,2021-10-19,Standard,147,Product_147,Electronics,385.14,180.7,3,0.0,632,4,1155.42,613.32
1847,Customer_4638,27,Aswan,2021-07-05,0,13735,2021-07-05,Same Day,123,Product_123,Electronics,634.22,303.97,1,0.0,1198,4,634.22,330.25
1096,Customer_4639,48,Giza,2024-01-02,0,13204,2024-01-02,Standard,148,Product_148,Clothing,591.12,282.14,3,0.0,335,1,1773.36,926.94
1880,Customer_4640,65,Mansoura,2022-03-05,0,12213,2022-03-05,Standard,136,Product_136,Clothing,1481.67,429.515,5,0.0,598,10,7408.35,5260.78
2236,Customer_4641,51,Giza,2023-05-23,0,13574,2023-05-23,Same Day,117,Product_117,Sports,1287.67,666.13,3,0.0,589,4,3863.01,1864.62
1828,Customer_4642,59,Mansoura,2023-08-15,1,13996,2023-08-15,Standard,109,Product_109,Home Appliances,612.55,429.515,1,0.0,505,2,612.55,183.03
1136,Customer_4643,24,Cairo,2020-01-07,0,12477,2020-01-07,Express,112,Product_112,Sports,1375.18,762.29,4,0.0,343,6,5500.72,2451.56
2029,Customer_4644,38,Cairo,2021-01-19,1,13251,2021-01-19,Standard,122,Product_122,Sports,546.82,248.82,5,0.0,1443,1,2734.1,1490.0
2010,Customer_4645,55,Aswan,2022-06-23,1,12168,2022-06-23,Express,112,Product_112,Electronics,1018.46,654.88,4,0.1,923,2,3666.46,1046.94
1108,Customer_4646,41,Mansoura,2021-08-03,0,13245,2021-08-03,Standard,106,Product_106,Sports,1451.64,786.29,2,0.2,407,5,2322.62,750.04
1546,Customer_4647,30,Alexandria,2022-04-13,1,12378,2022-04-13,Express,144,Product_144,Sports,615.9,274.67,1,0.0,740,4,615.9,341.23
2062,Customer_4648,54,Giza,2022-09-19,0,13139,2022-09-19,Same Day,109,Product_109,Electronics,1035.83,466.19,2,0.0,370,10,2071.66,1139.28
1661,Customer_4649,43,Mansoura,2022-11-23,0,11722,2022-11-23,Standard,137,Product_137,Electronics,479.09,306.18,2,0.0,356,10,958.18,345.82
1424,Customer_4650,25,Aswan,2022-02-04,0,11161,2022-02-04,Same Day,103,Product_103,Home Appliances,436.15,266.44,2,0.0,420,7,872.3,339.42
1629,Customer_4651,15,Giza,2020-04-25,0,11889,2020-04-25,Same Day,134,Product_134,Home Appliances,882.53,487.12,2,0.0,371,4,1765.06,790.82
1260,Customer_4652,60,Luxor,2022-11-21,1,12040,2022-11-21,Express,108,Product_108,Home Appliances,1469.93,722.95,1,0.0,747,5,1469.93,746.98
2449,Customer_4653,9,Aswan,2020-11-21,1,13971,2020-11-21,Standard,110,Product_110,Clothing,707.04,380.5,4,0.05,879,5,2686.75,1164.75
1086,Customer_4654,49,Mansoura,2020-05-14,0,13379,2020-05-14,Same Day,147,Product_147,Electronics,1409.57,832.98,3,0.0,875,5,4228.71,1729.77
1464,Customer_4655,32,Alexandria,2021-09-29,1,13401,2021-09-29,Standard,141,Product_141,Clothing,1375.83,913.25,2,0.0,729,4,2751.66,925.16
1075,Customer_4656,55,Luxor,2023-12-24,0,13309,2023-12-24,Express,142,Product_142,Clothing,417.96,236.88,3,0.1,374,3,1128.49,417.85
1470,Customer_4657,24,Aswan,2022-11-03,0,11553,2022-11-03,Same Day,143,Product_143,Home Appliances,632.64,305.58,3,0.0,344,7,1897.92,981.18
1413,Customer_4658,79,Mansoura,2022-04-06,0,11099,2022-04-06,Express,109,Product_109,Electronics,982.79,405.72,2,0.0,948,7,1965.58,1154.14
1824,Customer_4659,46,Cairo,2020-10-04,1,13222,2020-10-04,Same Day,114,Product_114,Clothing,801.17,362.64,5,0.0,1125,5,4005.85,2192.65
1894,Customer_4660,48,Mansoura,2022-12-09,0,12667,2022-12-09,Express,137,Product_137,Sports,189.14,112.55,3,0.2,742,6,453.94,116.29
1725,Customer_4661,28,Cairo,2023-10-03,0,11688,2023-10-03,Standard,127,Product_127,Sports,1490.86,668.1,5,0.0,504,9,7454.3,4113.8
1456,Customer_4662,37,Cairo,2020-02-29,0,13387,2020-02-29,Same Day,141,Product_141,Electronics,1141.35,621.42,4,0.0,400,6,4565.4,2079.72
2308,Customer_4663,38,Aswan,2020-12-21,1,10036,2020-12-21,Same Day,132,Product_132,Clothing,684.66,429.515,3,0.05,456,4,1951.28,662.73
2262,Customer_4664,66,Mansoura,2021-01-29,1,13011,2021-01-29,Standard,104,Product_104,Home Appliances,946.34,466.04,1,0.0,892,5,946.34,480.3
1652,Customer_4665,46,Mansoura,2021-02-15,1,10844,2021-02-15,Same Day,102,Product_102,Clothing,176.98,106.32,4,0.1,1057,3,637.13,211.85
1671,Customer_4666,48,Cairo,2020-04-28,0,11681,2020-04-28,Express,133,Product_133,Sports,768.19,441.19,4,0.0,716,8,3072.76,1308.0
2395,Customer_4667,47,Giza,2021-05-25,0,13197,2021-05-25,Same Day,121,Product_121,Sports,1399.71,744.2,5,0.2,749,2,5598.84,1877.84
1494,Customer_4668,49,Luxor,2020-08-03,0,12844,2020-08-03,Same Day,101,Product_101,Home Appliances,1350.07,903.43,2,0.05,511,3,2565.13,758.27
2068,Customer_4669,19,Alexandria,2022-07-23,1,11643,2022-07-23,Same Day,144,Product_144,Electronics,539.2,327.63,1,0.0,893,2,539.2,211.57
2424,Customer_4670,70,Mansoura,2020-04-13,0,12333,2020-04-13,Express,111,Product_111,Clothing,820.48,416.95,1,0.0,575,6,820.48,403.53
2270,Customer_4671,26,Luxor,2022-08-01,1,11263,2022-08-01,Standard,101,Product_101,Sports,1061.21,680.53,5,0.2,742,3,4244.84,842.19
1596,Customer_4672,39,Luxor,2023-12-14,1,12934,2023-12-14,Express,146,Product_146,Clothing,543.01,337.44,5,0.0,384,1,2715.05,1027.85
1449,Customer_4673,62,Giza,2021-02-11,0,13685,2021-02-11,Express,111,Product_111,Home Appliances,144.07,91.85,4,0.0,644,5,576.28,208.88
1484,Customer_4674,69,Luxor,2021-07-15,0,12267,2021-07-15,Same Day,107,Product_107,Home Appliances,782.89,463.7,5,0.05,440,8,3718.73,1400.23
1645,Customer_4675,52,Mansoura,2022-01-24,0,12043,2022-01-24,Same Day,102,Product_102,Electronics,922.37,473.92,2,0.0,344,7,1844.74,896.9
1619,Customer_4676,32,Aswan,2022-08-08,0,13078,2022-08-08,Standard,115,Product_115,Home Appliances,58.47,29.5,4,0.0,478,7,233.88,115.88
2041,Customer_4677,41,Aswan,2022-10-31,1,10215,2022-10-31,Same Day,108,Product_108,Electronics,188.58,112.44,4,0.0,793,1,754.32,304.56
1661,Customer_4678,42,Luxor,2022-03-23,0,10680,2022-03-23,Express,147,Product_147,Clothing,350.57,153.99,4,0.0,356,10,1402.28,786.32
1757,Customer_4679,43,Mansoura,2023-07-25,1,13657,2023-07-25,Same Day,126,Product_126,Sports,554.68,358.31,1,0.0,526,4,554.68,196.37
1288,Customer_4680,21,Mansoura,2020-09-10,0,12340,2020-09-10,Same Day,140,Product_140,Sports,834.52,426.52,1,0.0,593,6,834.52,408.0
2437,Customer_4681,58,Cairo,2023-10-27,0,13610,2023-10-27,Standard,142,Product_142,Electronics,476.07,280.46,4,0.05,432,5,1809.07,687.23
1720,Customer_4682,42,Giza,2020-03-03,0,11812,2020-03-03,Express,135,Product_135,Sports,450.47,247.63,2,0.0,579,4,900.94,405.68
1637,Customer_4683,29,Alexandria,2021-05-10,1,11507,2021-05-10,Express,146,Product_146,Electronics,1310.56,728.41,3,0.0,1063,3,3931.68,1746.45
1234,Customer_4684,32,Cairo,2022-02-01,1,12090,2022-02-01,Standard,141,Product_141,Electronics,260.32,429.515,4,0.1,1041,6,937.15,-780.91
1415,Customer_4685,44,Alexandria,2022-09-28,1,13378,2022-09-28,Express,141,Product_141,Clothing,768.42,451.83,5,0.0,611,2,3842.1,1582.95
1937,Customer_4686,18,Mansoura,2023-01-05,0,11116,2023-01-05,Express,121,Product_121,Clothing,1431.6,680.14,3,0.0,362,3,4294.8,2254.38
1498,Customer_4687,53,Aswan,2022-02-07,0,13654,2022-02-07,Same Day,138,Product_138,Home Appliances,956.27,403.8,1,0.1,914,6,860.64,456.84
1973,Customer_4688,43,Cairo,2020-12-29,0,11292,2020-12-29,Standard,108,Product_108,Electronics,1089.95,710.72,1,0.0,548,6,1089.95,379.23
1633,Customer_4689,63,Luxor,2022-08-29,0,11644,2022-08-29,Standard,143,Product_143,Clothing,675.29,449.38,3,0.0,538,6,2025.87,677.73
2019,Customer_4690,41,Luxor,2023-04-16,1,12740,2023-04-16,Same Day,132,Product_132,Electronics,78.9,35.45,5,0.0,355,5,394.5,217.25
1114,Customer_4691,23,Alexandria,2023-02-03,0,11238,2023-02-03,Standard,108,Product_108,Electronics,986.89,486.38,1,0.0,467,3,986.89,500.51
1931,Customer_4692,22,Mansoura,2021-12-17,0,10958,2021-12-17,Standard,144,Product_144,Electronics,966.29,468.36,1,0.1,672,3,869.66,401.3
1673,Customer_4693,34,Aswan,2021-12-06,0,12161,2021-12-06,Same Day,110,Product_110,Clothing,210.12,143.14,4,0.0,626,4,840.48,267.92
2257,Customer_4694,35,Alexandria,2020-11-30,1,13256,2020-11-30,Same Day,123,Product_123,Electronics,720.13,332.29,2,0.0,625,3,1440.26,775.68
2034,Customer_4695,31,Aswan,2021-06-13,1,12968,2021-06-13,Express,104,Product_104,Electronics,1377.23,619.7,5,0.1,1298,1,6197.54,3099.04
1205,Customer_4696,41,Giza,2023-11-11,0,11148,2023-11-11,Express,148,Product_148,Home Appliances,347.37,157.9,4,0.0,417,5,1389.48,757.88
1246,Customer_4697,31,Aswan,2020-04-07,1,13176,2020-04-07,Same Day,138,Product_138,Electronics,718.59,444.78,2,0.0,497,4,1437.18,547.62
1757,Customer_4698,43,Luxor,2021-06-08,1,12284,2021-06-08,Standard,130,Product_130,Home Appliances,718.6,478.88,1,0.0,526,4,718.6,239.72
2150,Customer_4699,32,Cairo,2020-02-26,0,12700,2020-02-26,Same Day,141,Product_141,Electronics,1225.6,634.87,2,0.0,696,7,2451.2,1181.46
1146,Customer_4700,49,Cairo,2022-02-03,0,11828,2022-02-03,Same Day,123,Product_123,Home Appliances,1245.64,549.11,1,0.0,660,5,1245.64,696.53
1117,Customer_4701,35,Cairo,2020-11-04,0,10157,2020-11-04,Same Day,105,Product_105,Clothing,1150.94,662.62,4,0.0,736,5,4603.76,1953.28
2405,Customer_4702,58,Aswan,2020-11-29,0,13545,2020-11-29,Express,121,Product_121,Clothing,579.91,268.49,1,0.0,692,6,579.91,311.42
1411,Customer_4703,49,Luxor,2023-03-17,0,10907,2023-03-17,Same Day,106,Product_106,Sports,154.45,64.75,2,0.0,395,4,308.9,179.4
1362,Customer_4704,42,Aswan,2021-03-14,1,11528,2021-03-14,Standard,149,Product_149,Electronics,556.75,370.72,4,0.0,399,7,2227.0,744.12
1136,Customer_4705,36,Mansoura,2021-03-29,0,13008,2021-03-29,Same Day,117,Product_117,Sports,1035.7,684.86,2,0.2,343,6,1657.12,287.4
2198,Customer_4706,17,Luxor,2023-08-18,0,13345,2023-08-18,Same Day,125,Product_125,Sports,1068.98,740.56,2,0.0,502,3,2137.96,656.84
2312,Customer_4707,61,Luxor,2021-06-04,0,13961,2021-06-04,Same Day,124,Product_124,Home Appliances,1449.25,785.79,3,0.0,622,7,4347.75,1990.38
1957,Customer_4708,29,Aswan,2023-10-19,0,12900,2023-10-19,Express,122,Product_122,Clothing,707.78,345.54,1,0.0,390,7,707.78,362.24
1018,Customer_4709,41,Aswan,2021-02-27,0,11140,2021-02-27,Standard,113,Product_113,Electronics,967.03,610.13,1,0.0,355,8,967.03,356.9
1194,Customer_4710,45,Cairo,2021-05-07,1,12933,2021-05-07,Standard,117,Product_117,Electronics,831.83,377.77,2,0.0,1117,4,1663.66,908.12
1329,Customer_4711,37,Luxor,2023-08-27,0,13645,2023-08-27,Express,114,Product_114,Home Appliances,268.4,429.515,1,0.2,493,3,214.72,-214.8
1174,Customer_4712,60,Cairo,2022-04-18,1,11559,2022-04-18,Express,134,Product_134,Sports,718.74,342.63,5,0.05,626,4,3414.02,1700.87
2001,Customer_4713,21,Mansoura,2022-11-17,0,12107,2022-11-17,Express,126,Product_126,Home Appliances,840.01,575.81,1,0.0,776,1,840.01,264.2
1448,Customer_4714,66,Giza,2020-02-11,0,12448,2020-02-11,Standard,119,Product_119,Sports,1428.59,884.22,4,0.0,390,5,5714.36,2177.48
1945,Customer_4715,50,Cairo,2023-10-29,0,11897,2023-10-29,Standard,126,Product_126,Electronics,581.48,255.91,1,0.0,430,5,581.48,325.57
2377,Customer_4716,36,Aswan,2020-01-19,0,10827,2020-01-19,Same Day,103,Product_103,Home Appliances,1471.14,629.43,5,0.0,407,6,7355.7,4208.55
1140,Customer_4717,36,Alexandria,2022-08-28,0,11800,2022-08-28,Standard,102,Product_102,Sports,836.34,546.0,2,0.0,857,6,1672.68,580.68
1757,Customer_4718,6,Giza,2020-09-27,1,11203,2020-09-27,Express,128,Product_128,Home Appliances,401.58,257.29,1,0.0,526,4,401.58,144.29
1929,Customer_4719,27,Mansoura,2023-08-18,0,13303,2023-08-18,Standard,102,Product_102,Clothing,327.91,197.17,4,0.0,502,5,1311.64,522.96
1092,Customer_4720,34,Aswan,2020-12-20,1,12523,2020-12-20,Standard,122,Product_122,Home Appliances,255.46,117.21,5,0.0,822,5,1277.3,691.25
1238,Customer_4721,42,Giza,2023-05-16,0,12702,2023-05-16,Standard,107,Product_107,Electronics,706.75,384.53,3,0.0,596,3,2120.25,966.66
1204,Customer_4722,58,Aswan,2020-01-18,0,10844,2020-01-18,Standard,104,Product_104,Home Appliances,81.79,47.51,2,0.2,510,3,130.86,35.84
1559,Customer_4723,70,Cairo,2021-04-03,0,12971,2021-04-03,Same Day,149,Product_149,Electronics,695.32,472.57,2,0.2,809,7,1112.51,167.37
2456,Customer_4724,44,Aswan,2021-05-31,0,11268,2021-05-31,Express,138,Product_138,Electronics,1483.19,668.66,2,0.0,537,2,2966.38,1629.06
1244,Customer_4725,43,Mansoura,2023-05-30,0,13664,2023-05-30,Standard,139,Product_139,Home Appliances,1021.65,566.64,5,0.0,338,5,5108.25,2275.05
1831,Customer_4726,32,Alexandria,2021-09-17,1,10637,2021-09-17,Express,120,Product_120,Home Appliances,1151.69,515.18,1,0.0,1092,2,1151.69,636.51
2340,Customer_4727,14,Cairo,2023-12-30,0,10648,2023-12-30,Express,106,Product_106,Home Appliances,222.56,429.515,1,0.1,368,2,200.3,-229.21
1924,Customer_4728,30,Cairo,2023-12-23,0,13639,2023-12-23,Standard,109,Product_109,Clothing,736.0,338.59,1,0.2,375,6,588.8,250.21
1294,Customer_4729,36,Mansoura,2023-09-08,0,12260,2023-09-08,Same Day,131,Product_131,Clothing,465.02,302.66,1,0.1,511,5,418.52,115.86
1639,Customer_4730,54,Mansoura,2021-07-17,1,11629,2021-07-17,Same Day,126,Product_126,Sports,1346.44,641.47,2,0.0,1264,4,2692.88,1409.94
1855,Customer_4731,47,Giza,2022-05-17,0,13966,2022-05-17,Same Day,136,Product_136,Home Appliances,312.87,164.3,3,0.0,805,5,938.61,445.71
2305,Customer_4732,43,Alexandria,2022-10-02,1,13530,2022-10-02,Standard,126,Product_126,Sports,715.16,373.55,2,0.0,555,3,1430.32,683.22
1016,Customer_4733,31,Aswan,2021-12-15,1,10989,2021-12-15,Standard,128,Product_128,Sports,902.67,595.66,3,0.0,683,6,2708.01,921.03
1070,Customer_4734,10,Giza,2022-07-29,1,10803,2022-07-29,Standard,105,Product_105,Electronics,795.36,498.96,3,0.0,887,1,2386.08,889.2
2292,Customer_4735,11,Aswan,2021-05-31,1,10127,2021-05-31,Standard,110,Product_110,Sports,1253.85,523.2,1,0.0,829,2,1253.85,730.65
2348,Customer_4736,15,Aswan,2021-03-22,1,10951,2021-03-22,Standard,118,Product_118,Home Appliances,385.61,162.0,4,0.05,729,4,1465.32,817.32
1304,Customer_4737,35,Aswan,2022-08-13,0,12264,2022-08-13,Express,115,Product_115,Clothing,597.22,337.64,5,0.05,522,6,2836.8,1148.6
2474,Customer_4738,54,Giza,2021-09-10,0,12758,2021-09-10,Express,133,Product_133,Sports,1198.52,633.2,4,0.0,551,6,4794.08,2261.28
2030,Customer_4739,54,Cairo,2023-10-18,0,10019,2023-10-18,Standard,105,Product_105,Sports,815.7,393.72,3,0.2,441,5,1957.68,776.52
2337,Customer_4740,51,Mansoura,2022-02-12,0,13638,2022-02-12,Same Day,137,Product_137,Clothing,633.07,403.76,4,0.0,388,7,2532.28,917.24
1816,Customer_4741,32,Cairo,2023-01-07,0,11781,2023-01-07,Express,140,Product_140,Sports,92.69,40.65,3,0.2,550,6,222.46,100.51
2126,Customer_4742,57,Alexandria,2022-03-24,0,13834,2022-03-24,Standard,122,Product_122,Home Appliances,1142.41,790.8,2,0.2,518,4,1827.86,246.26
1820,Customer_4743,26,Giza,2023-12-04,0,13131,2023-12-04,Standard,122,Product_122,Sports,1459.66,594.42,2,0.0,501,6,2919.32,1730.48
1192,Customer_4744,52,Alexandria,2020-07-28,0,10674,2020-07-28,Express,122,Product_122,Electronics,949.42,413.44,1,0.0,627,2,949.42,535.98
1528,Customer_4745,14,Mansoura,2020-01-16,1,12761,2020-01-16,Express,115,Product_115,Sports,1291.98,637.46,5,0.0,846,2,6459.9,3272.6
1170,Customer_4746,22,Mansoura,2022-11-13,1,10738,2022-11-13,Standard,117,Product_117,Electronics,799.47,441.9,2,0.05,726,3,1518.99,635.19
1250,Customer_4747,64,Luxor,2023-09-18,0,13200,2023-09-18,Same Day,145,Product_145,Clothing,385.94,179.4,5,0.0,471,3,1929.7,1032.7
2410,Customer_4748,36,Alexandria,2022-02-05,1,10556,2022-02-05,Standard,128,Product_128,Clothing,70.94,44.04,1,0.2,476,3,56.75,12.71
2230,Customer_4749,29,Cairo,2023-02-23,0,12244,2023-02-23,Express,122,Product_122,Sports,997.43,505.96,5,0.0,526,7,4987.15,2457.35
1540,Customer_4750,56,Alexandria,2023-08-18,0,12983,2023-08-18,Express,121,Product_121,Sports,765.01,314.85,2,0.0,502,4,1530.02,900.32
1415,Customer_4751,58,Giza,2023-05-01,1,13563,2023-05-01,Standard,142,Product_142,Clothing,1184.04,785.39,2,0.2,611,2,1894.46,323.68
1793,Customer_4752,33,Mansoura,2023-01-06,0,12725,2023-01-06,Express,117,Product_117,Electronics,1057.29,722.3,4,0.0,388,7,4229.16,1339.96
2403,Customer_4753,44,Mansoura,2021-01-08,0,10503,2021-01-08,Standard,105,Product_105,Clothing,1482.53,868.12,4,0.0,626,7,5930.12,2457.64
2167,Customer_4754,42,Alexandria,2021-03-09,0,11270,2021-03-09,Same Day,118,Product_118,Clothing,789.95,507.12,4,0.0,367,5,3159.8,1131.32
1024,Customer_4755,41,Alexandria,2023-11-02,0,10737,2023-11-02,Same Day,117,Product_117,Electronics,669.4,292.08,5,0.0,426,6,3347.0,1886.6
1667,Customer_4756,19,Aswan,2020-09-08,1,10791,2020-09-08,Standard,104,Product_104,Clothing,465.77,223.87,2,0.0,437,3,931.54,483.8
2096,Customer_4757,54,Alexandria,2022-09-13,0,13331,2022-09-13,Express,107,Product_107,Sports,741.45,368.92,1,0.0,454,6,741.45,372.53
1631,Customer_4758,27,Aswan,2020-10-05,0,11370,2020-10-05,Express,125,Product_125,Sports,1315.66,905.47,3,0.0,566,5,3946.98,1230.57
2116,Customer_4759,47,Giza,2021-11-19,1,10196,2021-11-19,Same Day,137,Product_137,Clothing,111.54,61.76,2,0.05,875,2,211.93,88.41
1504,Customer_4760,43,Giza,2021-07-20,0,11130,2021-07-20,Express,140,Product_140,Sports,1467.96,590.45,4,0.0,812,5,5871.84,3510.04
1335,Customer_4761,58,Cairo,2023-04-08,0,12828,2023-04-08,Express,140,Product_140,Home Appliances,1490.3,766.1,4,0.05,516,6,5663.14,2598.74
1424,Customer_4762,19,Alexandria,2021-10-27,0,10743,2021-10-27,Standard,143,Product_143,Clothing,916.84,368.87,5,0.0,420,7,4584.2,2739.85
1498,Customer_4763,45,Cairo,2021-07-21,0,13988,2021-07-21,Same Day,109,Product_109,Home Appliances,530.74,250.16,4,0.0,914,6,2122.96,1122.32
2387,Customer_4764,39,Luxor,2021-06-18,1,11636,2021-06-18,Same Day,119,Product_119,Clothing,373.42,200.31,5,0.0,887,6,1867.1,865.55
1946,Customer_4765,28,Giza,2023-05-09,0,11183,2023-05-09,Standard,109,Product_109,Clothing,450.91,224.11,1,0.0,380,9,450.91,226.8
1629,Customer_4766,28,Mansoura,2023-12-27,0,12469,2023-12-27,Standard,123,Product_123,Home Appliances,122.65,50.26,4,0.0,371,4,490.6,289.56
2222,Customer_4767,43,Aswan,2023-08-27,1,11630,2023-08-27,Same Day,131,Product_131,Clothing,738.91,321.35,5,0.0,493,2,3694.55,2087.8
1717,Customer_4768,49,Luxor,2021-09-03,1,11951,2021-09-03,Same Day,132,Product_132,Sports,133.12,75.25,4,0.2,873,3,425.98,124.98
2436,Customer_4769,40,Mansoura,2021-01-20,0,13278,2021-01-20,Standard,131,Product_131,Home Appliances,1091.79,664.55,5,0.0,1442,1,5458.95,2136.2
1338,Customer_4770,41,Luxor,2020-11-03,0,12038,2020-11-03,Same Day,117,Product_117,Clothing,589.3,307.24,2,0.0,460,5,1178.6,564.12
1658,Customer_4771,32,Cairo,2022-11-25,0,11336,2022-11-25,Same Day,148,Product_148,Sports,339.08,210.04,5,0.0,768,4,1695.4,645.2
1961,Customer_4772,33,Cairo,2021-07-05,0,12479,2021-07-05,Express,139,Product_139,Home Appliances,840.04,377.18,3,0.1,347,4,2268.11,1136.57
1428,Customer_4773,28,Aswan,2020-04-26,0,10925,2020-04-26,Same Day,122,Product_122,Home Appliances,1461.95,638.31,1,0.0,945,2,1461.95,823.64
1898,Customer_4774,32,Giza,2023-05-13,0,10234,2023-05-13,Standard,135,Product_135,Sports,1057.94,689.6,2,0.05,599,7,2010.09,630.89
1138,Customer_4775,48,Aswan,2022-07-04,0,12374,2022-07-04,Express,130,Product_130,Clothing,763.03,382.86,1,0.0,662,4,763.03,380.17
1941,Customer_4776,50,Mansoura,2023-09-14,0,12981,2023-09-14,Express,140,Product_140,Clothing,1176.53,623.18,2,0.0,475,5,2353.06,1106.7
1541,Customer_4777,20,Luxor,2021-10-16,0,10478,2021-10-16,Same Day,137,Product_137,Home Appliances,1119.34,765.94,4,0.0,563,5,4477.36,1413.6
1056,Customer_4778,26,Aswan,2023-10-26,0,12475,2023-10-26,Express,126,Product_126,Electronics,1343.02,708.09,5,0.1,433,2,6043.59,2503.14
2255,Customer_4779,29,Alexandria,2020-10-13,1,10665,2020-10-13,Standard,106,Product_106,Clothing,346.77,139.07,4,0.0,1541,1,1387.08,830.8
1657,Customer_4780,39,Alexandria,2024-01-17,0,11123,2024-01-17,Standard,134,Product_134,Clothing,1295.37,882.65,1,0.0,350,3,1295.37,412.72
1434,Customer_4781,14,Giza,2020-02-22,0,13309,2020-02-22,Same Day,132,Product_132,Sports,486.49,196.66,1,0.0,792,6,486.49,289.83
1383,Customer_4782,26,Aswan,2023-04-09,1,13178,2023-04-09,Same Day,125,Product_125,Electronics,1414.45,846.81,2,0.0,485,5,2828.9,1135.28
1559,Customer_4783,19,Mansoura,2022-10-15,0,12905,2022-10-15,Standard,113,Product_113,Electronics,457.54,227.34,1,0.0,809,7,457.54,230.2
1193,Customer_4784,46,Alexandria,2021-08-28,0,11387,2021-08-28,Standard,138,Product_138,Home Appliances,1393.93,754.28,5,0.0,405,7,6969.65,3198.25
1533,Customer_4785,39,Giza,2021-06-15,0,10641,2021-06-15,Same Day,138,Product_138,Sports,1447.5,816.66,1,0.0,468,4,1447.5,630.84
1517,Customer_4786,33,Aswan,2022-07-05,0,12858,2022-07-05,Standard,102,Product_102,Sports,260.96,136.36,4,0.2,970,4,835.07,289.63
1715,Customer_4787,24,Giza,2022-08-04,0,11516,2022-08-04,Same Day,105,Product_105,Clothing,1463.02,925.08,5,0.0,518,5,7315.1,2689.7
1750,Customer_4788,33,Mansoura,2022-06-03,0,13114,2022-06-03,Express,111,Product_111,Home Appliances,174.3,118.39,1,0.0,414,5,174.3,55.91
1184,Customer_4789,31,Alexandria,2020-03-13,1,10574,2020-03-13,Express,111,Product_111,Clothing,366.92,156.28,3,0.0,1755,1,1100.76,631.92
1291,Customer_4790,64,Alexandria,2023-09-04,1,13144,2023-09-04,Same Day,124,Product_124,Electronics,694.04,444.24,3,0.1,633,1,1873.91,541.19
2358,Customer_4791,54,Alexandria,2023-12-21,0,11721,2023-12-21,Same Day,114,Product_114,Sports,1490.72,653.83,4,0.0,330,4,5962.88,3347.56
1731,Customer_4792,29,Cairo,2023-03-17,0,11018,2023-03-17,Same Day,145,Product_145,Home Appliances,758.42,321.63,2,0.0,656,4,1516.84,873.58
1115,Customer_4793,42,Alexandria,2021-01-23,0,13700,2021-01-23,Standard,130,Product_130,Clothing,848.09,582.43,2,0.0,471,5,1696.18,531.32
1824,Customer_4794,54,Luxor,2021-03-12,1,11327,2021-03-12,Same Day,140,Product_140,Clothing,1056.92,577.91,1,0.0,1125,5,1056.92,479.01
2072,Customer_4795,29,Cairo,2024-01-27,0,13076,2024-01-27,Same Day,147,Product_147,Electronics,1454.03,429.515,5,0.0,340,5,7270.15,5122.58
1684,Customer_4796,18,Aswan,2023-12-31,0,13659,2023-12-31,Express,144,Product_144,Sports,1185.86,677.11,2,0.0,367,7,2371.72,1017.5
1081,Customer_4797,13,Cairo,2021-03-31,1,12850,2021-03-31,Same Day,135,Product_135,Electronics,375.02,179.62,3,0.0,809,4,1125.06,586.2
1833,Customer_4798,59,Cairo,2023-06-11,0,13420,2023-06-11,Same Day,121,Product_121,Clothing,489.34,263.9,2,0.05,422,2,929.75,401.95
1332,Customer_4799,37,Cairo,2022-12-30,0,10399,2022-12-30,Express,105,Product_105,Sports,191.56,112.52,3,0.1,733,2,517.21,179.65
1556,Customer_4800,44,Giza,2023-07-31,0,10594,2023-07-31,Standard,138,Product_138,Sports,984.46,650.51,2,0.0,354,5,1968.92,667.9
1334,Customer_4801,31,Luxor,2022-01-09,0,11456,2022-01-09,Same Day,102,Product_102,Electronics,312.07,125.12,4,0.0,853,4,1248.28,747.8
1531,Customer_4802,20,Mansoura,2023-10-07,0,11595,2023-10-07,Same Day,140,Product_140,Sports,423.24,196.49,5,0.2,452,4,1692.96,710.51
1220,Customer_4803,23,Alexandria,2022-01-04,0,13178,2022-01-04,Same Day,137,Product_137,Electronics,1337.76,573.74,1,0.05,422,2,1270.87,697.13
1634,Customer_4804,19,Cairo,2022-04-11,0,10116,2022-04-11,Same Day,149,Product_149,Sports,523.8,429.515,3,0.0,749,3,1571.4,282.86
1322,Customer_4805,52,Mansoura,2021-09-06,1,13890,2021-09-06,Express,134,Product_134,Sports,871.64,595.97,2,0.0,1213,1,1743.28,551.34
1002,Customer_4806,62,Giza,2020-12-14,1,10382,2020-12-14,Express,111,Product_111,Home Appliances,626.47,426.52,1,0.2,687,4,501.18,74.66
1205,Customer_4807,40,Mansoura,2023-08-09,0,10858,2023-08-09,Express,136,Product_136,Sports,157.35,98.31,3,0.0,417,5,472.05,177.12
1039,Customer_4808,17,Cairo,2023-02-17,0,12129,2023-02-17,Same Day,111,Product_111,Clothing,576.15,341.61,3,0.1,531,5,1555.6,530.77
1058,Customer_4809,47,Aswan,2021-01-05,1,11850,2021-01-05,Standard,109,Product_109,Home Appliances,641.7,419.92,4,0.0,1078,3,2566.8,887.12
1950,Customer_4810,58,Luxor,2021-08-24,0,10831,2021-08-24,Same Day,106,Product_106,Electronics,1348.77,563.14,2,0.0,421,4,2697.54,1571.26
1573,Customer_4811,54,Mansoura,2020-07-18,1,10872,2020-07-18,Same Day,134,Product_134,Clothing,520.45,226.84,1,0.0,1189,4,520.45,293.61
1643,Customer_4812,39,Cairo,2022-08-22,1,12700,2022-08-22,Standard,147,Product_147,Electronics,599.9,297.03,2,0.0,863,4,1199.8,605.74
1842,Customer_4813,36,Cairo,2020-09-19,1,12781,2020-09-19,Same Day,137,Product_137,Electronics,1185.2,770.08,2,0.0,1565,2,2370.4,830.24
2145,Customer_4814,39,Alexandria,2021-06-13,1,13481,2021-06-13,Express,132,Product_132,Clothing,1150.49,623.19,5,0.1,1298,3,5177.2,2061.25
1618,Customer_4815,58,Aswan,2024-01-25,0,12117,2024-01-25,Express,112,Product_112,Electronics,1207.51,665.43,3,0.0,342,3,3622.53,1626.24
1095,Customer_4816,51,Alexandria,2023-02-18,1,10386,2023-02-18,Standard,145,Product_145,Home Appliances,1432.97,671.75,3,0.05,351,4,4083.96,2068.71
2437,Customer_4817,34,Aswan,2021-09-01,0,12006,2021-09-01,Express,132,Product_132,Clothing,1203.56,715.54,5,0.0,432,5,6017.8,2440.1
2258,Customer_4818,33,Luxor,2023-10-24,1,12571,2023-10-24,Standard,117,Product_117,Electronics,641.03,427.15,5,0.0,435,4,3205.15,1069.4
1897,Customer_4819,32,Alexandria,2021-11-18,1,10296,2021-11-18,Standard,104,Product_104,Electronics,1241.19,619.17,2,0.0,1003,4,2482.38,1244.04
2085,Customer_4820,24,Luxor,2023-02-09,0,12664,2023-02-09,Same Day,142,Product_142,Sports,787.58,461.33,3,0.2,465,3,1890.19,506.2
2279,Customer_4821,60,Giza,2020-01-07,0,10718,2020-01-07,Express,133,Product_133,Sports,452.69,226.16,1,0.0,456,4,452.69,226.53
1560,Customer_4822,28,Giza,2021-03-31,0,13136,2021-03-31,Standard,143,Product_143,Electronics,489.23,312.04,4,0.0,386,6,1956.92,708.76
1904,Customer_4823,47,Aswan,2021-12-28,0,11598,2021-12-28,Same Day,148,Product_148,Clothing,374.57,203.2,5,0.2,352,3,1498.28,482.28
1347,Customer_4824,30,Aswan,2021-04-02,0,12225,2021-04-02,Standard,143,Product_143,Home Appliances,260.24,130.6,1,0.0,890,4,260.24,129.64
1670,Customer_4825,32,Alexandria,2021-09-20,1,11966,2021-09-20,Express,109,Product_109,Electronics,317.51,167.01,1,0.1,1199,1,285.76,118.75
2147,Customer_4826,38,Giza,2022-05-11,0,13079,2022-05-11,Express,134,Product_134,Electronics,141.61,60.52,2,0.1,654,6,254.9,133.86
1316,Customer_4827,48,Mansoura,2021-11-09,1,11182,2021-11-09,Same Day,139,Product_139,Electronics,1338.25,429.515,5,0.0,424,2,6691.25,4543.68
1718,Customer_4828,36,Mansoura,2022-01-31,0,10010,2022-01-31,Standard,130,Product_130,Sports,1399.96,962.36,1,0.0,344,2,1399.96,437.6
2071,Customer_4829,22,Mansoura,2021-06-17,0,10784,2021-06-17,Express,120,Product_120,Clothing,900.82,489.35,4,0.2,578,4,2882.62,925.22
2432,Customer_4830,40,Giza,2023-04-14,0,10410,2023-04-14,Express,139,Product_139,Electronics,1268.71,429.515,1,0.0,406,3,1268.71,839.2
2159,Customer_4831,28,Mansoura,2021-08-25,0,12939,2021-08-25,Express,123,Product_123,Sports,316.18,189.52,4,0.0,615,2,1264.72,506.64
2224,Customer_4832,41,Luxor,2022-08-07,0,12654,2022-08-07,Express,141,Product_141,Electronics,1357.43,727.19,4,0.0,878,5,5429.72,2520.96
1249,Customer_4833,36,Cairo,2020-08-29,0,12202,2020-08-29,Express,144,Product_144,Electronics,784.22,373.05,4,0.0,401,4,3136.88,1644.68
1313,Customer_4834,29,Aswan,2022-08-21,0,11229,2022-08-21,Standard,135,Product_135,Clothing,147.39,60.66,5,0.05,742,5,700.1,396.8
2391,Customer_4835,69,Alexandria,2020-04-19,0,13186,2020-04-19,Standard,123,Product_123,Sports,254.9,170.0,4,0.2,507,2,815.68,135.68
2452,Customer_4836,51,Luxor,2023-07-23,1,13450,2023-07-23,Same Day,148,Product_148,Home Appliances,498.02,318.24,5,0.2,528,4,1992.08,400.88
1806,Customer_4837,26,Mansoura,2023-04-10,0,10598,2023-04-10,Express,139,Product_139,Clothing,113.16,73.41,1,0.2,632,4,90.53,17.12
2337,Customer_4838,28,Cairo,2023-04-03,0,10823,2023-04-03,Same Day,123,Product_123,Home Appliances,498.48,265.17,4,0.0,388,7,1993.92,933.24
2378,Customer_4839,47,Alexandria,2023-06-25,0,13780,2023-06-25,Standard,137,Product_137,Sports,136.9,85.7,3,0.05,351,4,390.16,133.06
1484,Customer_4840,40,Luxor,2020-05-25,0,12397,2020-05-25,Standard,123,Product_123,Sports,392.24,225.29,1,0.0,440,8,392.24,166.95
2234,Customer_4841,53,Alexandria,2022-08-25,1,11121,2022-08-25,Same Day,139,Product_139,Home Appliances,435.22,223.02,3,0.0,359,3,1305.66,636.6
1043,Customer_4842,30,Aswan,2021-02-02,1,12990,2021-02-02,Standard,128,Product_128,Sports,1491.84,973.91,3,0.1,1429,1,4027.97,1106.24
1570,Customer_4843,50,Giza,2022-10-21,0,10018,2022-10-21,Express,119,Product_119,Clothing,391.54,273.93,2,0.0,803,3,783.08,235.22
1582,Customer_4844,6,Mansoura,2020-09-02,0,10312,2020-09-02,Express,149,Product_149,Electronics,396.82,265.78,5,0.2,643,2,1587.28,258.38
2115,Customer_4845,37,Luxor,2023-10-26,0,12974,2023-10-26,Standard,148,Product_148,Home Appliances,1045.84,661.87,2,0.0,433,2,2091.68,767.94
2288,Customer_4846,30,Luxor,2022-02-20,1,12575,2022-02-20,Express,130,Product_130,Electronics,1296.07,809.07,5,0.1,828,3,5832.32,1786.97
1894,Customer_4847,33,Cairo,2022-12-21,0,12604,2022-12-21,Same Day,121,Product_121,Home Appliances,611.23,363.73,2,0.0,742,6,1222.46,495.0
1219,Customer_4848,38,Cairo,2021-03-09,1,13738,2021-03-09,Standard,124,Product_124,Electronics,1319.65,865.8,1,0.0,1216,3,1319.65,453.85
1924,Customer_4849,57,Cairo,2022-04-26,0,12492,2022-04-26,Same Day,121,Product_121,Electronics,543.21,297.64,3,0.0,375,6,1629.63,736.71
2465,Customer_4850,22,Alexandria,2020-04-20,1,11945,2020-04-20,Standard,126,Product_126,Clothing,335.67,152.57,1,0.0,1533,3,335.67,183.1
1400,Customer_4851,7,Mansoura,2020-11-04,0,10230,2020-11-04,Express,136,Product_136,Electronics,527.98,332.85,5,0.0,438,9,2639.9,975.65
2423,Customer_4852,24,Alexandria,2020-10-08,0,13740,2020-10-08,Express,126,Product_126,Home Appliances,933.57,630.96,3,0.2,472,5,2240.57,347.69
1726,Customer_4853,55,Mansoura,2021-02-14,0,12672,2021-02-14,Express,133,Product_133,Electronics,582.36,292.58,3,0.0,417,7,1747.08,869.34
1990,Customer_4854,15,Luxor,2021-12-02,1,13058,2021-12-02,Express,136,Product_136,Sports,1025.7,651.21,5,0.0,1126,2,5128.5,1872.45
1898,Customer_4855,31,Alexandria,2022-04-18,0,12936,2022-04-18,Same Day,104,Product_104,Electronics,393.56,189.74,1,0.0,599,7,393.56,203.82
1857,Customer_4856,52,Alexandria,2023-12-03,0,12406,2023-12-03,Same Day,109,Product_109,Electronics,1066.44,728.14,3,0.0,661,3,3199.32,1014.9
1803,Customer_4857,39,Alexandria,2022-07-26,1,13454,2022-07-26,Standard,108,Product_108,Sports,553.79,335.06,1,0.0,890,2,553.79,218.73
1489,Customer_4858,56,Giza,2020-10-20,0,13583,2020-10-20,Express,102,Product_102,Sports,711.01,405.83,1,0.0,338,6,711.01,305.18
2493,Customer_4859,9,Aswan,2021-09-10,0,10043,2021-09-10,Express,129,Product_129,Home Appliances,858.73,544.4,1,0.0,1180,2,858.73,314.33
1937,Customer_4860,35,Mansoura,2024-01-05,0,13436,2024-01-05,Same Day,123,Product_123,Sports,1045.03,672.97,3,0.05,362,3,2978.34,959.43
1843,Customer_4861,60,Mansoura,2021-04-01,1,13996,2021-04-01,Express,106,Product_106,Sports,396.13,264.5,4,0.0,984,4,1584.52,526.52
2468,Customer_4862,23,Alexandria,2020-06-14,1,12924,2020-06-14,Express,143,Product_143,Home Appliances,1262.12,846.04,2,0.0,656,2,2524.24,832.16
2292,Customer_4863,55,Giza,2022-09-25,1,13693,2022-09-25,Express,136,Product_136,Home Appliances,1096.67,456.0,5,0.0,829,2,5483.35,3203.35
1266,Customer_4864,36,Alexandria,2021-12-11,0,13182,2021-12-11,Same Day,146,Product_146,Electronics,389.44,170.14,1,0.0,652,3,389.44,219.3
1053,Customer_4865,46,Mansoura,2023-07-16,0,12270,2023-07-16,Same Day,121,Product_121,Clothing,1463.71,948.22,3,0.1,535,5,3952.02,1107.36
1527,Customer_4866,58,Aswan,2020-12-28,1,13457,2020-12-28,Express,122,Product_122,Home Appliances,1013.96,693.36,5,0.0,1465,1,5069.8,1603.0
1615,Customer_4867,46,Aswan,2021-10-03,1,12949,2021-10-03,Same Day,109,Product_109,Sports,706.02,347.57,4,0.0,811,3,2824.08,1433.8
2082,Customer_4868,31,Luxor,2023-07-23,0,11288,2023-07-23,Express,134,Product_134,Electronics,278.41,112.08,4,0.0,398,8,1113.64,665.32
2063,Customer_4869,48,Giza,2020-04-28,0,12318,2020-04-28,Standard,126,Product_126,Sports,823.17,408.96,3,0.2,584,4,1975.61,748.73
2260,Customer_4870,30,Aswan,2020-01-10,1,12259,2020-01-10,Express,101,Product_101,Home Appliances,288.93,148.76,1,0.0,799,4,288.93,140.17
1954,Customer_4871,44,Giza,2022-07-14,0,11519,2022-07-14,Express,136,Product_136,Clothing,672.76,422.7,4,0.0,741,5,2691.04,1000.24
1385,Customer_4872,21,Alexandria,2021-07-14,0,13385,2021-07-14,Standard,144,Product_144,Electronics,642.63,266.23,4,0.0,378,6,2570.52,1505.6
1733,Customer_4873,40,Luxor,2021-04-03,1,13841,2021-04-03,Express,105,Product_105,Home Appliances,1093.91,507.35,4,0.0,1399,2,4375.64,2346.24
1715,Customer_4874,57,Mansoura,2020-11-12,0,11410,2020-11-12,Express,141,Product_141,Home Appliances,328.96,219.81,3,0.0,518,5,986.88,327.45
1649,Customer_4875,35,Aswan,2023-03-26,0,12294,2023-03-26,Standard,122,Product_122,Sports,1241.71,554.36,5,0.2,647,3,4966.84,2195.04
1299,Customer_4876,56,Aswan,2020-11-20,1,12995,2020-11-20,Express,104,Product_104,Clothing,522.89,328.26,2,0.0,1444,2,1045.78,389.26
1394,Customer_4877,86,Cairo,2022-09-29,0,13638,2022-09-29,Standard,148,Product_148,Home Appliances,693.78,352.71,3,0.1,510,5,1873.21,815.08
2230,Customer_4878,39,Mansoura,2020-06-29,0,10820,2020-06-29,Standard,102,Product_102,Sports,1169.89,700.53,1,0.0,526,7,1169.89,469.36
2359,Customer_4879,49,Aswan,2020-09-22,1,13421,2020-09-22,Express,116,Product_116,Electronics,956.82,403.93,3,0.0,1209,3,2870.46,1658.67
1592,Customer_4880,47,Aswan,2023-06-12,0,12119,2023-06-12,Express,116,Product_116,Sports,496.64,241.35,3,0.2,569,6,1191.94,467.89
1513,Customer_4881,43,Mansoura,2022-06-07,0,13367,2022-06-07,Express,122,Product_122,Electronics,609.99,429.515,2,0.0,439,3,1219.98,360.95
2201,Customer_4882,51,Luxor,2023-07-21,0,13284,2023-07-21,Standard,143,Product_143,Sports,493.39,324.24,2,0.0,341,7,986.78,338.3
1395,Customer_4883,36,Giza,2022-05-29,0,12342,2022-05-29,Standard,101,Product_101,Clothing,912.42,519.21,2,0.2,787,5,1459.87,421.45
1370,Customer_4884,30,Mansoura,2022-04-06,0,10170,2022-04-06,Same Day,115,Product_115,Sports,532.31,220.15,5,0.2,1001,3,2129.24,1028.49
1857,Customer_4885,17,Giza,2022-05-28,0,10245,2022-05-28,Standard,124,Product_124,Clothing,1102.26,706.06,3,0.1,661,3,2976.1,857.92
1790,Customer_4886,34,Luxor,2022-09-04,0,11164,2022-09-04,Same Day,104,Product_104,Clothing,890.69,370.84,1,0.1,635,3,801.62,430.78
1657,Customer_4887,53,Luxor,2022-02-24,0,11639,2022-02-24,Standard,118,Product_118,Electronics,261.27,177.74,2,0.0,350,3,522.54,167.06
2341,Customer_4888,25,Alexandria,2020-10-01,0,10616,2020-10-01,Express,117,Product_117,Sports,499.89,231.71,2,0.0,627,7,999.78,536.36
1735,Customer_4889,43,Cairo,2020-03-18,0,10239,2020-03-18,Express,107,Product_107,Sports,371.1,202.76,3,0.05,800,5,1057.64,449.36
2392,Customer_4890,38,Luxor,2022-12-29,0,11956,2022-12-29,Express,145,Product_145,Sports,615.95,259.74,1,0.2,543,5,492.76,233.02
1383,Customer_4891,30,Luxor,2021-02-12,1,12358,2021-02-12,Same Day,110,Product_110,Clothing,798.18,453.78,2,0.0,485,5,1596.36,688.8
1061,Customer_4892,12,Giza,2024-05-02,0,11439,2024-05-02,Express,101,Product_101,Home Appliances,784.81,430.99,3,0.0,331,3,2354.43,1061.46
1504,Customer_4893,60,Luxor,2022-02-03,0,10397,2022-02-03,Standard,102,Product_102,Sports,1144.06,598.43,4,0.0,812,5,4576.24,2182.52
1238,Customer_4894,47,Mansoura,2020-01-29,0,11856,2020-01-29,Express,149,Product_149,Sports,324.3,429.515,5,0.0,596,3,1621.5,-526.07
1194,Customer_4895,79,Alexandria,2021-10-21,1,10922,2021-10-21,Express,122,Product_122,Home Appliances,1422.39,944.01,3,0.0,1117,4,4267.17,1435.14
1677,Customer_4896,56,Alexandria,2022-12-23,0,10791,2022-12-23,Standard,132,Product_132,Electronics,547.13,350.6,2,0.05,740,2,1039.55,338.35
2245,Customer_4897,60,Mansoura,2021-01-25,1,11906,2021-01-25,Same Day,129,Product_129,Sports,485.36,286.32,1,0.0,576,4,485.36,199.04
1060,Customer_4898,13,Aswan,2020-02-06,0,11904,2020-02-06,Express,135,Product_135,Home Appliances,1043.51,596.54,4,0.0,688,6,4174.04,1787.88
2152,Customer_4899,13,Luxor,2023-10-17,0,12069,2023-10-17,Same Day,117,Product_117,Sports,1218.0,741.13,1,0.0,442,6,1218.0,476.87
1989,Customer_4900,40,Cairo,2020-09-01,0,13149,2020-09-01,Same Day,112,Product_112,Clothing,598.78,265.38,1,0.0,565,7,598.78,333.4
1684,Customer_4901,22,Luxor,2023-07-07,0,10812,2023-07-07,Express,124,Product_124,Home Appliances,1132.93,429.515,1,0.0,367,7,1132.93,703.42
1155,Customer_4902,29,Alexandria,2021-05-24,0,10903,2021-05-24,Standard,130,Product_130,Clothing,1331.42,646.27,3,0.0,426,5,3994.26,2055.45
2401,Customer_4903,77,Cairo,2021-04-08,1,13546,2021-04-08,Same Day,144,Product_144,Home Appliances,1161.87,693.57,3,0.0,1093,6,3485.61,1404.9
1922,Customer_4904,57,Aswan,2023-11-21,0,11730,2023-11-21,Standard,130,Product_130,Electronics,99.58,57.96,5,0.0,407,3,497.9,208.1
1867,Customer_4905,25,Giza,2021-12-06,1,10831,2021-12-06,Same Day,120,Product_120,Clothing,1249.68,738.54,4,0.0,723,4,4998.72,2044.56
1902,Customer_4906,4,Giza,2021-10-01,0,13424,2021-10-01,Express,142,Product_142,Sports,1173.0,778.5,1,0.0,416,5,1173.0,394.5
1998,Customer_4907,24,Luxor,2020-09-21,0,11394,2020-09-21,Standard,107,Product_107,Home Appliances,1020.47,498.78,2,0.2,615,4,1632.75,635.19
2460,Customer_4908,41,Luxor,2020-07-29,0,11966,2020-07-29,Standard,142,Product_142,Sports,1152.03,719.66,1,0.05,949,6,1094.43,374.77
1974,Customer_4909,35,Cairo,2022-02-24,0,11044,2022-02-24,Same Day,138,Product_138,Electronics,1470.17,851.99,4,0.1,898,3,5292.61,1884.65
2230,Customer_4910,20,Cairo,2022-10-27,0,12554,2022-10-27,Standard,107,Product_107,Home Appliances,675.11,285.45,1,0.0,526,7,675.11,389.66
1387,Customer_4911,56,Aswan,2023-04-20,1,12207,2023-04-20,Express,149,Product_149,Electronics,147.47,77.31,3,0.0,622,2,442.41,210.48
1886,Customer_4912,29,Luxor,2021-09-18,1,10743,2021-09-18,Standard,130,Product_130,Home Appliances,718.29,429.515,3,0.0,641,4,2154.87,866.32
1837,Customer_4913,49,Alexandria,2020-08-12,0,13432,2020-08-12,Standard,112,Product_112,Clothing,117.33,58.03,4,0.05,358,5,445.85,213.73
2363,Customer_4914,40,Giza,2020-05-13,0,10812,2020-05-13,Same Day,149,Product_149,Sports,476.66,259.63,5,0.0,645,4,2383.3,1085.15
1339,Customer_4915,54,Aswan,2020-03-04,0,11579,2020-03-04,Standard,131,Product_131,Clothing,900.98,492.47,1,0.05,976,2,855.93,363.46
1203,Customer_4916,36,Cairo,2021-02-09,1,13368,2021-02-09,Standard,118,Product_118,Clothing,498.95,292.09,4,0.0,1217,1,1995.8,827.44
1160,Customer_4917,41,Alexandria,2021-08-18,0,11375,2021-08-18,Express,146,Product_146,Clothing,1043.82,694.35,2,0.0,959,4,2087.64,698.94
1391,Customer_4918,31,Luxor,2022-07-22,1,12227,2022-07-22,Standard,143,Product_143,Clothing,1241.88,561.41,2,0.0,894,2,2483.76,1360.94
1768,Customer_4919,31,Mansoura,2024-01-30,1,13543,2024-01-30,Express,102,Product_102,Home Appliances,659.64,363.72,5,0.1,337,3,2968.38,1149.78
1574,Customer_4920,70,Cairo,2022-01-12,0,13466,2022-01-12,Standard,133,Product_133,Sports,1355.2,714.57,3,0.0,762,6,4065.6,1921.89
1533,Customer_4921,41,Aswan,2023-06-05,0,13684,2023-06-05,Standard,111,Product_111,Home Appliances,165.77,81.02,4,0.0,468,4,663.08,339.0
2093,Customer_4922,40,Mansoura,2022-12-09,0,11650,2022-12-09,Express,134,Product_134,Home Appliances,1268.16,857.13,1,0.2,494,5,1014.53,157.4
1892,Customer_4923,53,Alexandria,2021-11-22,0,12260,2021-11-22,Standard,116,Product_116,Home Appliances,1251.43,503.64,4,0.0,407,4,5005.72,2991.16
1404,Customer_4924,39,Giza,2022-07-06,0,10529,2022-07-06,Standard,135,Product_135,Clothing,516.89,225.69,5,0.0,338,5,2584.45,1456.0
1607,Customer_4925,56,Alexandria,2023-07-11,0,11418,2023-07-11,Same Day,133,Product_133,Electronics,483.14,299.55,4,0.0,421,3,1932.56,734.36
1827,Customer_4926,34,Giza,2020-10-01,0,12074,2020-10-01,Same Day,121,Product_121,Clothing,492.39,235.87,5,0.0,518,6,2461.95,1282.6
2143,Customer_4927,32,Alexandria,2021-12-02,0,10938,2021-12-02,Standard,120,Product_120,Home Appliances,1226.52,756.71,5,0.0,370,7,6132.6,2349.05
1689,Customer_4928,25,Cairo,2022-09-30,0,12917,2022-09-30,Express,108,Product_108,Clothing,1255.9,815.93,5,0.05,679,7,5965.52,1885.87
1901,Customer_4929,67,Cairo,2022-05-01,0,13520,2022-05-01,Same Day,126,Product_126,Sports,528.1,251.58,4,0.0,366,5,2112.4,1106.08
2240,Customer_4930,38,Aswan,2021-01-20,1,12485,2021-01-20,Standard,133,Product_133,Sports,909.26,416.06,2,0.1,1012,3,1636.67,804.55
1055,Customer_4931,22,Mansoura,2020-12-03,0,10284,2020-12-03,Same Day,126,Product_126,Clothing,251.45,111.54,1,0.0,605,2,251.45,139.91
1365,Customer_4932,42,Alexandria,2022-04-06,0,12708,2022-04-06,Standard,137,Product_137,Clothing,729.73,335.7,5,0.0,477,3,3648.65,1970.15
1454,Customer_4933,30,Alexandria,2020-09-02,0,11820,2020-09-02,Express,130,Product_130,Electronics,1498.25,719.39,3,0.2,561,7,3595.8,1437.63
1103,Customer_4934,34,Mansoura,2021-04-12,0,10648,2021-04-12,Same Day,131,Product_131,Clothing,280.32,185.19,5,0.0,425,6,1401.6,475.65
1076,Customer_4935,44,Luxor,2021-04-04,1,10188,2021-04-04,Same Day,133,Product_133,Clothing,1423.97,898.53,4,0.1,1202,2,5126.29,1532.17
1229,Customer_4936,62,Aswan,2024-01-29,0,11725,2024-01-29,Standard,111,Product_111,Electronics,1245.17,498.76,5,0.05,328,4,5914.56,3420.76
2281,Customer_4937,41,Alexandria,2020-09-25,1,11222,2020-09-25,Express,141,Product_141,Clothing,1459.71,429.515,3,0.0,1468,2,4379.13,3090.58
2287,Customer_4938,29,Aswan,2021-03-08,1,11125,2021-03-08,Express,105,Product_105,Clothing,310.39,131.49,2,0.0,1131,5,620.78,357.8
1330,Customer_4939,32,Alexandria,2020-02-14,0,10478,2020-02-14,Express,102,Product_102,Clothing,359.6,214.53,4,0.0,463,6,1438.4,580.28
2205,Customer_4940,49,Alexandria,2023-04-22,0,12650,2023-04-22,Standard,113,Product_113,Clothing,74.46,33.17,4,0.2,409,7,238.27,105.59
1892,Customer_4941,10,Luxor,2022-10-30,0,12043,2022-10-30,Express,118,Product_118,Clothing,1100.82,460.89,4,0.0,407,4,4403.28,2559.72
1687,Customer_4942,24,Cairo,2020-12-12,0,13062,2020-12-12,Express,126,Product_126,Home Appliances,983.94,617.85,3,0.0,562,5,2951.82,1098.27
1026,Customer_4943,43,Aswan,2020-09-09,1,12025,2020-09-09,Standard,125,Product_125,Clothing,308.19,429.515,4,0.0,862,3,1232.76,-485.3
2299,Customer_4944,14,Mansoura,2022-01-20,0,13295,2022-01-20,Express,144,Product_144,Electronics,1197.16,694.02,2,0.0,343,4,2394.32,1006.28
1298,Customer_4945,41,Aswan,2023-12-27,1,10516,2023-12-27,Express,114,Product_114,Clothing,483.83,429.515,1,0.0,371,2,483.83,54.32
1956,Customer_4946,41,Luxor,2023-08-25,0,11888,2023-08-25,Same Day,105,Product_105,Home Appliances,245.74,103.25,1,0.0,335,7,245.74,142.49
1798,Customer_4947,53,Giza,2020-03-17,1,11550,2020-03-17,Express,142,Product_142,Electronics,662.72,412.14,5,0.2,1751,1,2650.88,590.18
2114,Customer_4948,36,Giza,2022-07-02,1,13512,2022-07-02,Same Day,102,Product_102,Electronics,181.91,117.53,1,0.0,902,3,181.91,64.38
1479,Customer_4949,57,Luxor,2023-04-08,0,11540,2023-04-08,Same Day,104,Product_104,Clothing,431.7,178.04,3,0.0,516,3,1295.1,760.98
1572,Customer_4950,41,Luxor,2021-07-06,1,12963,2021-07-06,Same Day,112,Product_112,Sports,588.43,301.7,1,0.0,1304,4,588.43,286.73
1457,Customer_4951,66,Cairo,2022-12-31,1,12277,2022-12-31,Same Day,111,Product_111,Home Appliances,1285.2,728.96,3,0.1,732,1,3470.04,1283.16
2474,Customer_4952,19,Aswan,2023-06-30,0,12916,2023-06-30,Express,104,Product_104,Sports,1199.2,697.4,3,0.0,551,6,3597.6,1505.4
1364,Customer_4953,64,Aswan,2020-09-04,0,13920,2020-09-04,Same Day,143,Product_143,Clothing,691.99,396.82,5,0.0,1042,6,3459.95,1475.85
1858,Customer_4954,33,Giza,2023-01-05,0,11137,2023-01-05,Same Day,109,Product_109,Home Appliances,1100.63,669.05,1,0.0,551,5,1100.63,431.58
1350,Customer_4955,62,Mansoura,2020-04-08,1,11539,2020-04-08,Same Day,110,Product_110,Sports,874.54,603.47,5,0.0,514,2,4372.7,1355.35
2423,Customer_4956,57,Aswan,2023-09-17,0,13255,2023-09-17,Express,127,Product_127,Home Appliances,544.22,281.46,4,0.0,472,5,2176.88,1051.04
1252,Customer_4957,41,Alexandria,2020-08-09,0,11748,2020-08-09,Standard,106,Product_106,Clothing,1102.52,625.11,2,0.0,621,4,2205.04,954.82
1780,Customer_4958,47,Alexandria,2023-08-31,0,12806,2023-08-31,Same Day,115,Product_115,Home Appliances,1041.07,634.76,1,0.0,438,6,1041.07,406.31
1802,Customer_4959,54,Cairo,2020-02-10,1,10033,2020-02-10,Same Day,142,Product_142,Clothing,947.69,547.51,4,0.0,1005,3,3790.76,1600.72
2011,Customer_4960,59,Cairo,2020-08-04,1,10295,2020-08-04,Standard,131,Product_131,Sports,946.04,488.18,4,0.1,1348,5,3405.74,1453.02
1458,Customer_4961,22,Giza,2023-11-13,1,12500,2023-11-13,Express,122,Product_122,Home Appliances,1040.32,610.9,5,0.0,415,5,5201.6,2147.1
1916,Customer_4962,48,Mansoura,2020-08-25,0,13779,2020-08-25,Same Day,106,Product_106,Electronics,607.59,361.54,5,0.2,1265,6,2430.36,622.66
1498,Customer_4963,42,Mansoura,2022-03-05,0,13576,2022-03-05,Express,133,Product_133,Clothing,1310.16,753.98,2,0.0,914,6,2620.32,1112.36
1949,Customer_4964,46,Luxor,2022-06-28,1,11429,2022-06-28,Same Day,129,Product_129,Home Appliances,285.35,131.7,2,0.05,918,2,542.16,278.76
1507,Customer_4965,54,Cairo,2022-02-17,0,11150,2022-02-17,Express,121,Product_121,Electronics,1331.63,734.79,2,0.0,349,4,2663.26,1193.68
2327,Customer_4966,57,Aswan,2020-09-10,0,12189,2020-09-10,Express,130,Product_130,Electronics,546.31,363.46,2,0.0,365,7,1092.62,365.7
1500,Customer_4967,30,Alexandria,2023-01-25,0,11987,2023-01-25,Same Day,121,Product_121,Electronics,231.3,152.79,5,0.1,570,3,1040.85,276.9
1802,Customer_4968,43,Aswan,2021-06-01,1,10647,2021-06-01,Same Day,136,Product_136,Electronics,920.04,575.24,3,0.0,1005,3,2760.12,1034.4
1597,Customer_4969,40,Alexandria,2022-08-29,0,12175,2022-08-29,Express,122,Product_122,Clothing,595.18,362.56,5,0.0,397,7,2975.9,1163.1
1165,Customer_4970,36,Giza,2023-08-12,0,12882,2023-08-12,Same Day,146,Product_146,Home Appliances,1232.47,549.66,3,0.05,390,4,3512.54,1863.56
2438,Customer_4971,37,Alexandria,2020-11-09,0,11709,2020-11-09,Standard,120,Product_120,Electronics,674.64,362.85,5,0.05,914,4,3204.54,1390.29
1461,Customer_4972,42,Aswan,2021-02-24,1,12972,2021-02-24,Express,122,Product_122,Home Appliances,1019.42,441.7,5,0.0,1407,2,5097.1,2888.6
1919,Customer_4973,30,Aswan,2023-11-24,0,12777,2023-11-24,Standard,140,Product_140,Home Appliances,496.97,320.64,2,0.0,404,3,993.94,352.66
1113,Customer_4974,53,Mansoura,2023-11-05,0,13697,2023-11-05,Same Day,111,Product_111,Sports,353.71,172.37,3,0.0,423,5,1061.13,544.02
2456,Customer_4975,59,Mansoura,2023-07-14,0,13958,2023-07-14,Standard,147,Product_147,Home Appliances,612.67,386.02,4,0.2,537,2,1960.54,416.46
1991,Customer_4976,27,Cairo,2020-01-20,1,13421,2020-01-20,Standard,131,Product_131,Clothing,929.87,599.18,4,0.0,1243,3,3719.48,1322.76
2379,Customer_4977,59,Aswan,2021-08-09,0,11547,2021-08-09,Express,140,Product_140,Clothing,1002.57,669.46,4,0.05,354,3,3809.77,1131.93
1206,Customer_4978,27,Giza,2022-11-05,1,10462,2022-11-05,Standard,113,Product_113,Electronics,888.4,556.27,2,0.0,966,2,1776.8,664.26
2258,Customer_4979,53,Alexandria,2023-09-17,1,13315,2023-09-17,Same Day,118,Product_118,Home Appliances,1482.68,844.27,4,0.0,435,4,5930.72,2553.64
2465,Customer_4980,59,Cairo,2020-07-25,1,12611,2020-07-25,Express,122,Product_122,Clothing,1052.08,609.63,5,0.0,1533,3,5260.4,2212.25
2378,Customer_4981,38,Luxor,2023-09-18,0,11209,2023-09-18,Same Day,117,Product_117,Clothing,1400.7,694.99,2,0.0,351,4,2801.4,1411.42
1514,Customer_4982,27,Luxor,2022-12-01,0,13304,2022-12-01,Same Day,138,Product_138,Clothing,221.0,100.13,4,0.0,562,5,884.0,483.48
2231,Customer_4983,31,Alexandria,2021-07-06,1,10513,2021-07-06,Standard,125,Product_125,Electronics,138.99,61.04,2,0.0,1275,1,277.98,155.9
1708,Customer_4984,45,Alexandria,2023-06-29,0,10000,2023-06-29,Same Day,132,Product_132,Clothing,500.94,227.73,5,0.0,425,6,2504.7,1366.05
2148,Customer_4985,69,Alexandria,2023-05-25,0,11262,2023-05-25,Standard,115,Product_115,Home Appliances,248.05,168.72,2,0.0,587,2,496.1,158.66
1137,Customer_4986,14,Mansoura,2023-06-12,0,11078,2023-06-12,Express,113,Product_113,Clothing,812.51,365.09,4,0.0,392,4,3250.04,1789.68
1338,Customer_4987,41,Alexandria,2020-07-10,0,13566,2020-07-10,Express,126,Product_126,Clothing,802.52,495.25,2,0.0,460,5,1605.04,614.54
1536,Customer_4988,38,Luxor,2022-05-07,1,13803,2022-05-07,Standard,111,Product_111,Electronics,883.82,402.48,1,0.05,750,5,839.63,437.15
1067,Customer_4989,33,Alexandria,2020-08-02,0,13687,2020-08-02,Express,113,Product_113,Home Appliances,1130.58,783.02,4,0.0,687,3,4522.32,1390.24
1382,Customer_4990,38,Aswan,2022-11-13,0,13938,2022-11-13,Express,133,Product_133,Clothing,1458.43,743.76,5,0.0,780,4,7292.15,3573.35
1018,Customer_4991,31,Giza,2024-12-01,0,13489,2024-12-01,Express,137,Product_137,Home Appliances,1323.48,693.03,3,0.2,355,8,3176.35,1097.26
1682,Customer_4992,58,Luxor,2023-06-19,0,11471,2023-06-19,Express,138,Product_138,Home Appliances,221.63,115.55,2,0.0,562,3,443.26,212.16
2473,Customer_4993,60,Giza,2020-08-29,0,13907,2020-08-29,Standard,101,Product_101,Clothing,540.84,348.81,2,0.2,391,7,865.34,167.72
1073,Customer_4994,41,Luxor,2021-01-08,1,10337,2021-01-08,Standard,139,Product_139,Electronics,420.94,195.94,4,0.0,792,2,1683.76,900.0
1572,Customer_4995,37,Cairo,2020-08-21,1,12955,2020-08-21,Same Day,127,Product_127,Home Appliances,306.39,198.94,4,0.0,1304,4,1225.56,429.8
1938,Customer_4996,32,Aswan,2020-08-05,1,12865,2020-08-05,Same Day,136,Product_136,Sports,839.85,501.49,1,0.0,1439,4,839.85,338.36
2299,Customer_4997,41,Luxor,2022-10-16,0,13348,2022-10-16,Express,132,Product_132,Clothing,852.23,397.21,5,0.0,343,4,4261.15,2275.1
2071,Customer_4998,67,Aswan,2021-10-02,0,13081,2021-10-02,Standard,141,Product_141,Home Appliances,379.51,159.25,2,0.0,578,4,759.02,440.52
1210,Customer_4999,38,Luxor,2023-06-01,0,13412,2023-06-01,Standard,115,Product_115,Home Appliances,1082.25,684.52,2,0.0,505,3,2164.5,795.46
